cow_id,parity,blood_calcium_mg_dl,blood_phosphorus_mg_dl,body_condition_score,days_to_calving,milk_yield_day1_kg,activity_level_score,dietary_cation_anion_difference,feed_intake_kg_day,rumination_minutes_day,behavioral_pattern,emergency_vet_required,stage
COW-1000,1,6.67,6.7,3.6,22,11.1,3.5,-9.8,12.8,265.4,Reduced movement,No,Mild
COW-1001,1,7.79,5.25,2.8,-5,36.6,6.4,-6.2,18.5,412.9,Muscle tremors,No,Subclinical
COW-1002,3,8.93,4.79,3.0,11,38.2,9.3,25.1,18.7,507.0,Unable to stand,No,Normal
COW-1003,7,8.66,4.81,2.6,-1,11.6,7.9,-2.5,22.4,582.8,Lethargic,No,Normal
COW-1004,4,4.71,3.81,3.1,12,34.6,1.1,22.6,6.7,180.1,Normal movement,Yes,Critical
COW-1005,3,6.48,7.63,4.1,9,34.0,3.5,31.4,14.8,290.5,Normal movement,No,Mild
COW-1006,1,10.11,5.84,4.2,8,32.9,8.2,6.8,18.5,587.0,Muscle tremors,No,Normal
COW-1007,3,8.99,7.49,3.2,9,44.9,8.7,-7.4,19.8,537.7,Muscle tremors,No,Normal
COW-1008,1,10.22,5.98,3.2,24,28.5,7.5,38.4,19.1,552.1,Normal movement,No,Normal
COW-1009,2,6.61,3.56,3.3,24,10.1,4.1,24.7,13.6,346.1,Lethargic,No,Mild
COW-1010,3,4.21,5.54,2.6,18,36.7,0.7,14.7,7.8,181.0,Unable to stand,Yes,Critical
COW-1011,6,5.44,7.03,2.7,10,40.7,2.2,37.1,10.5,298.2,Normal movement,Yes,Moderate
COW-1012,2,6.88,7.73,2.5,28,40.5,4.1,8.3,12.8,349.0,Reduced movement,No,Mild
COW-1013,4,5.64,7.5,3.4,10,17.9,2.8,3.6,12.7,224.8,Unable to stand,Yes,Moderate
COW-1014,4,7.01,3.16,3.0,27,18.3,6.4,21.8,15.3,360.1,Reduced movement,No,Subclinical
COW-1015,8,7.34,6.29,3.1,21,26.3,5.9,25.1,17.0,364.1,Normal movement,No,Subclinical
COW-1016,6,10.1,3.7,2.6,24,18.7,7.3,35.8,19.3,530.4,Muscle tremors,No,Normal
COW-1017,2,5.05,7.63,4.5,5,24.2,4.0,11.5,13.9,296.3,Muscle tremors,Yes,Moderate
COW-1018,3,5.34,5.28,3.3,30,33.2,4.0,11.8,9.9,274.1,Reduced movement,Yes,Moderate
COW-1019,1,9.66,5.92,3.5,28,15.5,8.6,37.8,23.2,458.6,Normal movement,No,Normal
COW-1020,2,5.54,7.45,2.7,-3,31.7,3.4,8.1,9.6,194.4,Unable to stand,Yes,Moderate
COW-1021,6,8.31,4.98,4.0,14,26.0,5.4,36.1,18.6,385.8,Normal movement,No,Subclinical
COW-1022,2,8.65,7.4,4.6,18,20.0,7.6,9.1,19.9,590.0,Unable to stand,No,Normal
COW-1023,1,6.6,7.39,2.8,1,36.0,4.1,-6.5,17.6,265.5,Lethargic,No,Mild
COW-1024,6,6.18,7.53,4.5,0,32.2,4.3,30.6,13.6,323.3,Normal movement,No,Mild
COW-1025,3,9.77,5.14,2.0,-1,43.1,7.8,23.0,23.2,532.8,Reduced movement,No,Normal
COW-1026,6,7.82,7.49,4.4,-3,41.5,5.3,-3.4,15.6,396.2,Reduced movement,No,Subclinical
COW-1027,6,6.7,3.77,4.8,5,44.2,4.8,29.6,14.4,343.1,Muscle tremors,No,Mild
COW-1028,6,10.06,4.24,2.5,1,23.4,8.2,-12.9,22.7,560.3,Muscle tremors,No,Normal
COW-1029,8,9.2,6.3,3.2,12,40.3,9.5,38.2,24.1,483.4,Lethargic,No,Normal
COW-1030,7,7.95,7.39,2.8,11,11.3,6.7,17.8,16.7,354.1,Lethargic,No,Subclinical
COW-1031,6,6.39,3.95,2.1,22,10.1,5.0,35.9,12.7,384.9,Unable to stand,No,Mild
COW-1032,4,6.33,4.57,4.5,14,27.7,3.1,21.7,16.0,299.5,Lethargic,No,Mild
COW-1033,5,7.78,6.74,2.5,14,24.2,5.4,30.9,18.3,406.9,Lethargic,No,Subclinical
COW-1034,7,10.07,6.38,3.5,5,33.1,8.8,0.6,20.3,516.3,Unable to stand,No,Normal
COW-1035,4,9.85,4.22,3.4,-1,25.9,7.7,33.7,19.4,453.7,Unable to stand,No,Normal
COW-1036,7,9.49,6.75,4.3,1,37.2,7.7,-3.0,22.6,450.8,Unable to stand,No,Normal
COW-1037,4,8.28,5.66,3.7,15,43.3,5.2,34.0,15.7,419.7,Unable to stand,No,Subclinical
COW-1038,7,5.75,5.37,2.8,10,39.4,3.1,0.3,14.3,269.2,Unable to stand,Yes,Moderate
COW-1039,4,7.38,4.6,3.6,3,15.3,5.2,6.1,16.4,390.8,Reduced movement,No,Subclinical
COW-1040,2,6.37,7.16,3.2,-4,40.0,3.7,27.1,14.8,259.3,Muscle tremors,No,Mild
COW-1041,6,7.42,5.69,4.2,9,27.1,5.8,0.0,19.5,475.4,Muscle tremors,No,Subclinical
COW-1042,6,9.84,7.6,4.9,29,10.9,9.4,6.7,23.1,576.1,Unable to stand,No,Normal
COW-1043,2,6.58,4.9,2.6,15,21.8,3.3,33.4,14.8,257.5,Lethargic,No,Mild
COW-1044,7,6.23,8.0,3.0,-1,37.3,3.2,20.8,12.1,330.9,Normal movement,No,Mild
COW-1045,4,4.67,3.57,4.8,24,34.5,1.4,27.2,5.4,136.8,Reduced movement,Yes,Critical
COW-1046,2,6.7,7.64,3.7,19,23.9,3.3,24.3,13.9,336.8,Normal movement,No,Mild
COW-1047,4,7.14,3.61,5.0,-3,22.2,6.5,8.6,19.3,440.1,Lethargic,No,Subclinical
COW-1048,6,8.53,4.81,4.7,24,34.8,8.3,9.0,21.4,515.0,Unable to stand,No,Normal
COW-1049,5,4.36,7.13,3.8,15,39.8,1.9,30.7,8.6,135.8,Normal movement,Yes,Critical
COW-1050,8,8.99,3.14,4.6,6,27.1,8.4,4.5,22.3,506.8,Lethargic,No,Normal
COW-1051,5,9.61,5.03,3.7,10,34.2,8.5,20.5,19.3,486.2,Muscle tremors,No,Normal
COW-1052,1,7.13,5.91,3.4,28,22.0,5.4,39.8,18.5,395.9,Unable to stand,No,Subclinical
COW-1053,8,9.04,3.6,3.6,6,16.7,7.8,25.6,18.8,478.9,Lethargic,No,Normal
COW-1054,5,6.88,4.51,4.1,3,19.6,4.7,38.6,13.8,304.1,Unable to stand,No,Mild
COW-1055,3,9.78,4.42,3.4,16,16.5,9.3,-12.2,18.7,451.8,Muscle tremors,No,Normal
COW-1056,2,9.3,3.75,3.7,14,13.0,7.2,-1.3,22.4,458.0,Unable to stand,No,Normal
COW-1057,4,6.7,5.94,3.3,-2,31.3,3.8,25.7,17.5,294.6,Reduced movement,No,Mild
COW-1058,5,6.59,3.01,3.4,25,20.2,3.3,-2.3,13.0,261.3,Lethargic,No,Mild
COW-1059,8,6.06,5.95,4.4,7,24.9,3.5,15.0,13.6,368.7,Reduced movement,No,Mild
COW-1060,3,5.06,5.85,2.9,2,26.4,2.3,1.7,10.2,269.9,Muscle tremors,Yes,Moderate
COW-1061,8,4.11,6.02,2.1,9,43.7,1.4,31.0,9.3,168.1,Unable to stand,Yes,Critical
COW-1062,1,8.4,6.78,3.4,23,42.1,6.3,-5.0,16.3,356.0,Unable to stand,No,Subclinical
COW-1063,8,8.36,3.52,2.5,21,34.3,5.9,0.9,17.0,398.2,Muscle tremors,No,Subclinical
COW-1064,1,5.41,5.02,3.5,-5,33.0,2.6,14.8,10.3,296.4,Muscle tremors,Yes,Moderate
COW-1065,6,9.75,4.34,2.4,13,25.3,8.5,23.4,21.1,457.7,Normal movement,No,Normal
COW-1066,4,9.92,4.12,4.5,2,26.2,7.9,-8.5,18.1,511.2,Reduced movement,No,Normal
COW-1067,5,7.71,4.22,3.7,19,16.7,5.5,18.0,19.2,497.0,Reduced movement,No,Subclinical
COW-1068,5,5.7,4.34,2.0,14,39.3,3.7,16.9,10.4,274.5,Muscle tremors,Yes,Moderate
COW-1069,8,5.48,5.28,3.0,7,44.3,2.7,-1.9,11.9,245.2,Muscle tremors,Yes,Moderate
COW-1070,7,8.59,4.93,4.0,4,27.3,9.2,-13.0,22.9,571.7,Unable to stand,No,Normal
COW-1071,6,4.72,5.28,4.2,21,40.5,1.8,38.3,6.6,143.1,Normal movement,Yes,Critical
COW-1072,5,7.47,7.26,4.6,19,43.4,6.4,19.5,18.2,477.8,Muscle tremors,No,Subclinical
COW-1073,1,5.56,4.14,2.3,1,36.6,2.5,23.7,12.8,214.5,Normal movement,Yes,Moderate
COW-1074,5,8.26,4.87,2.4,28,24.4,5.1,22.5,19.0,394.0,Reduced movement,No,Subclinical
COW-1075,2,9.72,5.92,2.7,11,26.1,8.1,21.7,22.8,524.7,Muscle tremors,No,Normal
COW-1076,3,5.07,7.81,4.1,24,39.6,3.9,-4.0,14.9,215.9,Muscle tremors,Yes,Moderate
COW-1077,2,5.21,4.48,4.9,20,19.6,3.1,16.1,12.0,299.1,Normal movement,Yes,Moderate
COW-1078,8,5.75,7.01,2.7,7,31.7,3.8,22.3,13.4,207.6,Reduced movement,Yes,Moderate
COW-1079,1,6.28,3.45,2.9,21,16.1,3.9,-7.7,15.5,359.9,Unable to stand,No,Mild
COW-1080,6,5.48,7.12,3.4,13,36.1,3.8,3.6,13.8,210.8,Normal movement,Yes,Moderate
COW-1081,2,7.2,7.9,4.9,30,22.8,6.9,28.5,19.3,458.6,Normal movement,No,Subclinical
COW-1082,2,9.41,7.11,4.8,1,33.6,9.0,10.9,22.7,537.7,Unable to stand,No,Normal
COW-1083,6,5.82,7.55,2.9,21,14.1,2.4,-12.5,8.4,278.9,Normal movement,Yes,Moderate
COW-1084,8,8.73,4.86,4.8,29,24.7,7.7,25.8,21.8,508.3,Reduced movement,No,Normal
COW-1085,2,5.75,6.45,2.7,23,43.3,3.2,32.0,14.6,213.6,Normal movement,Yes,Moderate
COW-1086,6,4.26,3.95,2.4,24,13.2,2.0,-3.3,6.2,127.8,Unable to stand,Yes,Critical
COW-1087,1,4.6,3.34,4.3,8,30.5,0.9,29.7,4.8,147.7,Reduced movement,Yes,Critical
COW-1088,3,10.08,7.94,3.6,6,13.8,8.8,32.7,19.9,597.6,Reduced movement,No,Normal
COW-1089,4,9.68,5.1,2.3,-1,26.7,7.0,27.8,19.9,469.0,Unable to stand,No,Normal
COW-1090,8,7.71,7.33,3.6,24,32.5,6.9,-13.3,15.2,467.5,Muscle tremors,No,Subclinical
COW-1091,7,5.62,3.4,3.8,-1,14.4,3.0,19.3,14.4,188.8,Unable to stand,Yes,Moderate
COW-1092,6,7.53,5.15,4.4,2,39.8,6.2,20.8,16.5,425.8,Unable to stand,No,Subclinical
COW-1093,4,6.39,4.99,4.2,15,24.9,4.8,21.6,14.5,374.1,Lethargic,No,Mild
COW-1094,8,3.59,6.69,4.4,30,12.1,1.7,37.6,4.6,91.6,Unable to stand,Yes,Critical
COW-1095,2,9.32,7.58,2.2,13,31.0,9.6,4.3,24.6,513.4,Unable to stand,No,Normal
COW-1096,3,7.92,4.84,4.3,9,38.3,5.4,31.5,15.5,476.8,Unable to stand,No,Subclinical
COW-1097,1,6.55,4.37,4.3,16,22.3,4.3,-5.0,16.2,254.3,Reduced movement,No,Mild
COW-1098,7,7.1,5.65,3.1,24,21.9,6.5,5.4,19.9,363.8,Lethargic,No,Subclinical
COW-1099,2,6.8,3.41,3.3,22,27.0,3.3,9.3,16.5,257.5,Lethargic,No,Mild
COW-1100,2,9.19,5.63,2.9,9,23.8,7.3,18.0,22.7,539.0,Normal movement,No,Normal
COW-1101,4,10.03,5.49,3.3,3,23.3,9.3,23.7,20.0,468.0,Unable to stand,No,Normal
COW-1102,6,7.1,7.61,4.6,22,30.1,6.7,24.0,15.2,352.8,Muscle tremors,No,Subclinical
COW-1103,7,8.54,7.16,4.8,0,25.3,8.0,-9.2,23.6,542.7,Muscle tremors,No,Normal
COW-1104,2,7.55,3.84,3.5,2,28.6,5.6,-4.3,16.7,400.0,Lethargic,No,Subclinical
COW-1105,3,7.33,6.8,4.0,6,43.3,5.3,19.5,16.0,440.4,Muscle tremors,No,Subclinical
COW-1106,8,6.61,4.62,4.9,15,15.3,4.8,-11.2,15.9,398.0,Muscle tremors,No,Mild
COW-1107,5,6.53,3.19,3.1,13,12.7,3.7,32.5,12.4,319.3,Normal movement,No,Mild
COW-1108,7,6.42,5.25,4.4,7,21.3,4.1,11.2,16.8,384.4,Reduced movement,No,Mild
COW-1109,8,3.64,5.52,2.5,10,34.8,1.8,39.5,6.1,165.7,Unable to stand,Yes,Critical
COW-1110,3,7.51,6.39,2.2,16,12.3,6.8,-9.8,16.9,466.2,Muscle tremors,No,Subclinical
COW-1111,3,9.17,7.84,4.1,20,14.5,8.7,24.0,19.0,502.5,Normal movement,No,Normal
COW-1112,7,9.79,7.74,5.0,28,13.3,8.0,21.9,18.9,555.4,Unable to stand,No,Normal
COW-1113,6,7.43,3.96,5.0,4,12.7,6.9,31.4,16.7,464.9,Normal movement,No,Subclinical
COW-1114,1,7.93,3.77,2.5,5,35.2,6.8,-12.6,18.1,439.6,Lethargic,No,Subclinical
COW-1115,4,6.87,4.17,2.7,25,41.6,4.2,-4.3,16.5,367.6,Unable to stand,No,Mild
COW-1116,8,4.58,3.81,2.6,3,40.6,1.7,-12.1,7.0,130.2,Muscle tremors,Yes,Critical
COW-1117,2,5.64,3.8,3.3,27,15.2,3.0,9.1,8.9,190.1,Reduced movement,Yes,Moderate
COW-1118,6,5.84,4.93,2.2,9,11.0,2.8,36.2,10.8,224.9,Lethargic,Yes,Moderate
COW-1119,3,5.03,6.79,3.4,-5,41.7,3.8,-14.0,11.3,279.7,Reduced movement,Yes,Moderate
COW-1120,7,5.1,5.1,4.4,24,12.2,2.6,31.0,10.1,185.7,Muscle tremors,Yes,Moderate
COW-1121,1,7.88,3.01,3.1,21,16.6,6.2,21.8,18.6,393.7,Unable to stand,No,Subclinical
COW-1122,2,4.83,3.1,4.6,-3,32.2,1.3,39.0,8.7,140.9,Lethargic,Yes,Critical
COW-1123,6,6.71,6.86,4.2,16,14.7,3.7,4.4,16.4,344.2,Lethargic,No,Mild
COW-1124,3,5.75,3.91,2.4,24,11.3,3.4,-3.9,14.9,237.4,Reduced movement,Yes,Moderate
COW-1125,6,5.84,4.27,4.3,7,20.0,3.0,32.4,14.9,245.2,Normal movement,Yes,Moderate
COW-1126,6,5.25,5.2,4.9,16,44.1,3.6,12.3,11.1,228.0,Muscle tremors,Yes,Moderate
COW-1127,5,8.12,7.11,3.6,15,13.6,6.5,3.0,15.4,440.4,Lethargic,No,Subclinical
COW-1128,7,8.83,7.56,3.8,22,19.6,8.3,38.9,21.1,559.0,Normal movement,No,Normal
COW-1129,7,9.23,3.71,3.8,23,11.2,9.4,-11.3,22.8,592.9,Lethargic,No,Normal
COW-1130,1,7.85,6.82,3.7,28,22.8,6.4,2.3,19.7,405.8,Lethargic,No,Subclinical
COW-1131,2,8.55,3.59,4.3,23,17.5,7.6,18.7,21.6,587.0,Muscle tremors,No,Normal
COW-1132,3,10.21,3.44,4.0,15,33.4,8.4,24.0,24.3,516.8,Unable to stand,No,Normal
COW-1133,5,8.19,6.97,3.5,2,44.5,6.4,28.6,19.6,445.7,Reduced movement,No,Subclinical
COW-1134,1,5.32,3.65,4.7,-1,20.8,3.1,40.0,11.3,298.0,Muscle tremors,Yes,Moderate
COW-1135,7,8.15,5.25,4.0,17,14.5,5.1,30.6,19.9,446.4,Unable to stand,No,Subclinical
COW-1136,3,6.69,7.16,3.6,14,15.8,3.3,2.7,15.0,380.2,Reduced movement,No,Mild
COW-1137,5,10.19,3.63,2.9,29,13.3,7.8,20.3,22.4,532.6,Unable to stand,No,Normal
COW-1138,3,3.74,7.62,2.1,-4,12.8,1.4,37.2,9.4,120.5,Unable to stand,Yes,Critical
COW-1139,4,10.03,6.14,2.9,14,26.9,8.2,29.3,22.5,524.7,Muscle tremors,No,Normal
COW-1140,2,9.88,4.7,2.4,15,35.7,7.5,32.3,20.9,519.7,Muscle tremors,No,Normal
COW-1141,6,9.53,5.25,2.4,-2,20.2,7.3,6.1,19.7,468.4,Unable to stand,No,Normal
COW-1142,3,8.14,3.8,5.0,24,27.5,6.9,2.0,18.6,378.5,Normal movement,No,Subclinical
COW-1143,7,9.51,3.25,3.5,25,20.0,9.9,-14.6,19.5,502.9,Normal movement,No,Normal
COW-1144,5,8.02,5.85,2.6,30,20.1,6.5,6.2,16.8,410.1,Muscle tremors,No,Subclinical
COW-1145,5,6.74,3.48,3.1,16,29.5,4.2,5.1,15.7,269.3,Reduced movement,No,Mild
COW-1146,7,9.5,5.37,3.4,27,14.9,7.1,36.2,19.0,500.0,Lethargic,No,Normal
COW-1147,5,9.69,5.81,3.4,-4,22.9,8.5,22.1,21.6,523.5,Muscle tremors,No,Normal
COW-1148,1,7.84,5.89,2.7,-2,30.4,5.5,-5.6,18.3,495.8,Unable to stand,No,Subclinical
COW-1149,7,6.13,3.55,2.1,15,24.7,4.4,7.7,12.2,392.2,Reduced movement,No,Mild
COW-1150,8,8.22,4.04,3.0,25,28.4,6.5,2.3,15.3,370.7,Reduced movement,No,Subclinical
COW-1151,6,7.76,7.02,2.8,25,16.7,6.4,-1.4,19.3,452.1,Unable to stand,No,Subclinical
COW-1152,5,10.04,5.4,3.7,12,20.1,9.1,16.5,22.8,523.4,Unable to stand,No,Normal
COW-1153,7,8.15,4.44,4.1,17,42.3,6.9,21.1,19.0,393.6,Muscle tremors,No,Subclinical
COW-1154,5,10.37,5.93,2.7,28,17.9,9.1,-2.2,19.0,542.4,Normal movement,No,Normal
COW-1155,8,7.14,7.65,3.2,25,26.7,6.5,-4.0,15.0,432.6,Lethargic,No,Subclinical
COW-1156,1,10.32,6.62,4.8,6,24.6,7.3,31.1,22.0,530.3,Normal movement,No,Normal
COW-1157,7,4.6,4.45,2.1,14,29.9,0.8,-9.1,8.5,184.7,Lethargic,Yes,Critical
COW-1158,8,10.28,7.04,3.0,24,32.7,7.4,24.5,21.5,490.9,Normal movement,No,Normal
COW-1159,5,6.51,7.49,4.5,27,21.5,4.5,7.0,13.1,378.4,Normal movement,No,Mild
COW-1160,3,9.45,5.23,2.8,16,20.6,9.8,24.8,18.0,507.5,Normal movement,No,Normal
COW-1161,6,9.89,5.03,3.5,14,34.2,7.2,20.1,18.8,496.0,Lethargic,No,Normal
COW-1162,4,7.31,6.03,3.2,30,41.9,5.3,26.7,15.8,462.2,Reduced movement,No,Subclinical
COW-1163,2,6.47,3.56,4.5,27,17.1,4.1,14.5,14.2,387.6,Reduced movement,No,Mild
COW-1164,8,8.73,5.55,4.4,24,14.6,7.6,7.8,22.1,463.6,Unable to stand,No,Normal
COW-1165,8,9.85,3.02,2.7,-1,11.6,7.9,3.9,18.2,488.2,Normal movement,No,Normal
COW-1166,1,8.31,5.04,4.3,21,23.1,5.1,34.0,19.7,354.8,Muscle tremors,No,Subclinical
COW-1167,7,5.34,6.27,3.0,6,44.7,3.4,6.6,12.6,244.7,Reduced movement,Yes,Moderate
COW-1168,4,6.75,6.6,3.3,19,38.8,4.5,-1.4,17.9,319.5,Lethargic,No,Mild
COW-1169,4,10.37,5.1,4.3,-4,18.4,9.2,-11.3,18.8,571.4,Unable to stand,No,Normal
COW-1170,1,8.99,6.77,4.3,3,27.6,7.1,0.9,21.1,531.0,Unable to stand,No,Normal
COW-1171,6,8.97,5.07,2.8,30,43.2,9.6,33.4,24.9,528.2,Reduced movement,No,Normal
COW-1172,7,6.5,4.91,3.6,21,24.3,3.1,1.5,14.1,346.5,Reduced movement,No,Mild
COW-1173,8,6.22,5.32,2.2,21,43.9,3.5,15.7,17.1,271.7,Reduced movement,No,Mild
COW-1174,5,7.28,3.46,4.2,7,11.8,6.3,5.7,19.6,477.1,Unable to stand,No,Subclinical
COW-1175,2,6.17,5.4,4.6,16,20.6,4.5,35.0,16.3,333.8,Reduced movement,No,Mild
COW-1176,2,4.55,6.52,3.2,10,29.3,1.6,27.7,9.5,163.5,Muscle tremors,Yes,Critical
COW-1177,6,7.43,7.01,4.2,15,42.0,5.7,5.4,19.4,419.9,Muscle tremors,No,Subclinical
COW-1178,4,9.98,6.6,2.9,7,21.5,7.0,5.9,21.9,537.6,Reduced movement,No,Normal
COW-1179,6,7.36,5.45,2.5,17,15.9,6.6,24.6,19.8,446.3,Muscle tremors,No,Subclinical
COW-1180,1,9.55,3.24,2.0,3,39.5,9.5,-2.3,18.5,572.7,Reduced movement,No,Normal
COW-1181,8,9.25,5.42,3.5,-5,28.6,8.9,7.6,22.7,542.5,Normal movement,No,Normal
COW-1182,5,7.75,5.15,4.8,6,13.7,5.6,-9.7,17.5,454.7,Reduced movement,No,Subclinical
COW-1183,5,10.13,5.03,3.7,9,20.5,7.8,30.5,20.8,506.0,Normal movement,No,Normal
COW-1184,1,6.08,3.05,2.5,26,39.6,3.8,20.5,15.3,258.4,Lethargic,No,Mild
COW-1185,2,8.25,6.46,3.7,12,11.6,6.8,-10.9,16.1,485.2,Lethargic,No,Subclinical
COW-1186,1,5.16,3.72,4.5,20,42.5,3.7,1.5,8.1,204.9,Unable to stand,Yes,Moderate
COW-1187,7,9.85,6.95,4.1,0,27.5,8.6,38.6,20.7,561.0,Normal movement,No,Normal
COW-1188,4,10.18,4.98,4.3,-4,32.2,8.0,28.1,23.4,593.2,Muscle tremors,No,Normal
COW-1189,6,7.77,4.9,4.3,13,37.9,5.8,24.2,15.9,437.9,Normal movement,No,Subclinical
COW-1190,7,9.92,3.53,2.0,14,25.6,8.9,26.9,23.2,497.5,Normal movement,No,Normal
COW-1191,3,9.36,3.45,3.7,15,40.2,8.7,-14.3,21.6,465.5,Muscle tremors,No,Normal
COW-1192,2,8.01,5.61,4.1,5,14.9,6.1,1.6,20.0,386.4,Muscle tremors,No,Subclinical
COW-1193,3,9.37,4.26,2.7,26,30.8,8.3,-4.2,21.4,461.5,Normal movement,No,Normal
COW-1194,1,10.4,4.65,3.0,3,20.5,8.0,18.2,22.3,570.6,Reduced movement,No,Normal
COW-1195,3,8.35,5.46,3.7,10,21.4,6.9,0.4,16.5,454.2,Muscle tremors,No,Subclinical
COW-1196,4,7.83,7.77,3.4,8,25.3,6.1,1.0,18.4,432.5,Normal movement,No,Subclinical
COW-1197,7,5.61,3.77,3.3,19,12.6,2.3,39.5,10.1,210.3,Muscle tremors,Yes,Moderate
COW-1198,7,7.76,5.68,3.9,0,13.8,6.6,-1.3,16.8,484.3,Lethargic,No,Subclinical
COW-1199,1,9.63,4.66,4.4,1,10.4,8.9,-0.8,22.5,595.0,Unable to stand,No,Normal
COW-1200,4,6.4,5.5,3.0,-4,26.9,3.8,1.2,16.6,338.3,Normal movement,No,Mild
COW-1201,3,9.2,4.74,2.3,23,21.2,8.0,1.5,23.5,528.2,Normal movement,No,Normal
COW-1202,6,9.8,4.22,2.5,5,21.6,9.0,8.5,19.2,597.6,Muscle tremors,No,Normal
COW-1203,7,9.76,6.69,4.6,23,30.7,7.6,6.4,22.6,509.3,Reduced movement,No,Normal
COW-1204,2,9.65,3.99,2.3,26,28.5,9.4,20.2,21.8,504.9,Unable to stand,No,Normal
COW-1205,7,7.82,7.07,4.1,14,42.2,5.7,17.5,19.2,442.6,Reduced movement,No,Subclinical
COW-1206,4,9.11,5.09,2.4,19,24.8,7.5,11.8,22.9,526.6,Unable to stand,No,Normal
COW-1207,3,6.5,5.26,2.2,17,43.3,4.0,11.7,12.8,297.2,Reduced movement,No,Mild
COW-1208,8,5.37,3.84,3.7,9,20.2,3.0,0.1,13.0,233.3,Unable to stand,Yes,Moderate
COW-1209,8,9.63,5.86,2.8,29,38.8,9.3,5.2,21.5,526.6,Normal movement,No,Normal
COW-1210,8,6.49,6.76,2.9,-3,25.7,5.0,4.2,12.6,374.5,Normal movement,No,Mild
COW-1211,2,8.09,4.75,4.1,22,15.8,5.5,-7.3,19.1,438.2,Reduced movement,No,Subclinical
COW-1212,1,5.51,7.9,2.9,12,43.3,3.1,13.3,12.2,200.2,Normal movement,Yes,Moderate
COW-1213,7,10.34,7.33,2.7,15,39.0,10.0,26.9,24.1,469.0,Muscle tremors,No,Normal
COW-1214,5,7.88,6.84,3.2,12,34.3,5.8,33.3,15.4,469.2,Muscle tremors,No,Subclinical
COW-1215,6,4.31,7.86,3.9,17,39.8,1.8,28.8,9.1,91.2,Muscle tremors,Yes,Critical
COW-1216,7,10.15,5.74,2.4,26,37.6,8.5,34.2,20.3,492.5,Normal movement,No,Normal
COW-1217,8,8.53,7.96,3.3,3,40.9,9.8,1.6,19.1,518.5,Lethargic,No,Normal
COW-1218,6,9.0,4.98,2.9,9,25.0,8.1,-10.0,24.3,474.8,Normal movement,No,Normal
COW-1219,8,8.66,3.04,3.0,2,44.6,8.8,8.2,21.6,516.8,Reduced movement,No,Normal
COW-1220,4,7.54,7.4,2.4,3,32.5,6.5,22.2,15.5,397.0,Normal movement,No,Subclinical
COW-1221,1,7.85,6.74,4.8,23,40.1,5.3,-10.2,16.8,382.0,Normal movement,No,Subclinical
COW-1222,2,9.68,3.7,2.8,0,18.7,8.2,18.1,24.7,497.2,Unable to stand,No,Normal
COW-1223,1,10.2,5.55,4.2,13,32.6,9.0,28.1,20.1,527.7,Reduced movement,No,Normal
COW-1224,2,7.34,3.06,3.1,15,14.6,6.3,32.3,15.4,483.3,Unable to stand,No,Subclinical
COW-1225,3,8.07,3.34,2.8,-3,42.3,6.9,37.2,18.9,352.5,Muscle tremors,No,Subclinical
COW-1226,7,7.59,3.76,2.3,0,27.9,5.8,-3.8,18.2,430.6,Reduced movement,No,Subclinical
COW-1227,7,7.82,4.55,3.3,10,12.0,6.5,-10.3,18.2,446.5,Muscle tremors,No,Subclinical
COW-1228,1,9.12,6.54,4.1,5,27.4,9.2,4.1,23.2,467.9,Unable to stand,No,Normal
COW-1229,5,5.15,7.43,4.3,-4,21.7,2.3,8.6,13.5,212.3,Unable to stand,Yes,Moderate
COW-1230,2,9.49,3.83,2.5,1,41.3,8.5,22.1,18.4,578.9,Normal movement,No,Normal
COW-1231,1,8.59,4.91,2.5,-3,29.4,9.6,35.3,19.7,520.8,Muscle tremors,No,Normal
COW-1232,4,9.33,4.86,3.5,-2,16.3,9.2,29.2,19.9,461.7,Normal movement,No,Normal
COW-1233,2,4.73,3.43,3.4,18,17.0,1.8,16.0,8.6,117.3,Lethargic,Yes,Critical
COW-1234,4,6.42,3.98,4.7,10,15.3,4.2,36.3,15.0,365.9,Normal movement,No,Mild
COW-1235,6,9.77,6.79,3.1,14,13.6,9.1,14.1,18.1,500.3,Reduced movement,No,Normal
COW-1236,1,8.36,4.16,4.5,21,34.5,5.3,5.5,16.4,356.6,Normal movement,No,Subclinical
COW-1237,3,7.89,6.31,2.4,13,19.1,5.8,2.3,18.0,359.3,Muscle tremors,No,Subclinical
COW-1238,6,6.29,6.9,3.8,4,13.7,3.5,9.7,12.4,280.4,Lethargic,No,Mild
COW-1239,6,8.35,3.6,2.5,14,38.9,5.4,23.3,16.5,389.8,Normal movement,No,Subclinical
COW-1240,6,8.8,3.24,2.9,6,11.1,9.1,7.2,24.8,509.4,Muscle tremors,No,Normal
COW-1241,4,7.13,3.31,4.3,9,14.6,5.2,30.3,19.0,368.2,Lethargic,No,Subclinical
COW-1242,2,6.52,3.32,4.7,23,38.3,3.5,-9.9,16.9,253.3,Lethargic,No,Mild
COW-1243,8,8.6,5.48,3.1,22,16.0,9.8,-3.2,21.0,558.7,Reduced movement,No,Normal
COW-1244,8,10.27,4.48,3.2,30,26.8,7.1,-10.2,22.3,486.9,Muscle tremors,No,Normal
COW-1245,4,9.79,5.72,2.1,19,37.4,9.4,4.8,19.7,599.1,Unable to stand,No,Normal
COW-1246,6,5.82,4.59,2.7,12,12.1,3.0,39.5,10.7,201.6,Unable to stand,Yes,Moderate
COW-1247,4,8.36,7.08,4.8,-2,36.7,5.2,37.1,18.3,390.0,Unable to stand,No,Subclinical
COW-1248,7,5.32,5.96,4.4,17,42.0,3.7,-13.4,13.9,201.1,Lethargic,Yes,Moderate
COW-1249,3,4.29,5.46,2.9,26,11.3,0.8,-11.9,9.9,185.8,Unable to stand,Yes,Critical
COW-1250,8,8.5,6.58,4.8,15,12.1,9.8,-6.9,19.4,469.6,Reduced movement,No,Normal
COW-1251,6,6.86,3.51,2.9,3,44.2,3.7,25.3,17.7,309.3,Muscle tremors,No,Mild
COW-1252,8,5.58,7.64,4.4,9,33.3,2.3,29.8,14.8,263.2,Muscle tremors,Yes,Moderate
COW-1253,5,8.75,4.96,5.0,-3,16.4,9.2,2.5,24.6,592.3,Unable to stand,No,Normal
COW-1254,2,10.37,7.91,2.5,0,38.8,7.4,21.9,23.2,485.7,Lethargic,No,Normal
COW-1255,5,7.29,6.6,2.1,23,35.6,6.4,38.3,16.8,468.1,Muscle tremors,No,Subclinical
COW-1256,7,7.49,5.89,4.3,9,15.7,5.8,-10.9,19.1,468.3,Normal movement,No,Subclinical
COW-1257,6,9.02,3.8,2.2,0,21.8,7.3,39.2,20.4,583.2,Muscle tremors,No,Normal
COW-1258,7,6.85,3.51,2.6,7,24.3,3.3,15.5,17.3,273.6,Unable to stand,No,Mild
COW-1259,5,9.09,5.45,2.2,-5,25.0,7.3,1.2,20.8,532.4,Unable to stand,No,Normal
COW-1260,2,7.04,7.22,2.9,20,26.5,5.3,34.2,16.5,362.3,Lethargic,No,Subclinical
COW-1261,7,8.87,4.32,3.4,9,39.3,9.7,16.0,20.6,516.9,Reduced movement,No,Normal
COW-1262,2,6.08,5.95,3.7,19,38.6,3.7,8.0,15.2,395.6,Unable to stand,No,Mild
COW-1263,8,6.52,7.27,2.1,28,38.0,3.5,22.3,13.8,309.2,Unable to stand,No,Mild
COW-1264,8,8.85,3.63,3.3,22,17.1,10.0,30.2,24.8,571.3,Reduced movement,No,Normal
COW-1265,5,5.29,5.78,3.7,12,28.2,3.5,35.4,13.7,190.4,Normal movement,Yes,Moderate
COW-1266,7,5.1,7.82,2.3,1,29.7,2.3,-9.4,12.0,249.9,Lethargic,Yes,Moderate
COW-1267,6,5.79,5.37,2.5,20,15.0,2.5,18.5,12.6,248.6,Muscle tremors,Yes,Moderate
COW-1268,6,9.88,4.86,3.0,14,20.9,7.1,31.4,21.3,490.3,Normal movement,No,Normal
COW-1269,4,3.69,4.35,3.3,0,16.6,2.0,-3.4,6.7,179.1,Muscle tremors,Yes,Critical
COW-1270,6,6.74,5.53,2.4,28,40.8,4.0,-13.4,13.0,296.7,Reduced movement,No,Mild
COW-1271,4,5.75,6.52,2.8,24,27.7,2.5,19.9,11.2,290.2,Normal movement,Yes,Moderate
COW-1272,4,6.34,5.93,3.0,5,39.3,4.2,-0.8,13.1,380.6,Normal movement,No,Mild
COW-1273,7,8.6,4.11,2.7,8,19.4,9.6,7.5,23.5,482.1,Normal movement,No,Normal
COW-1274,1,5.43,4.12,3.8,14,34.9,2.3,24.0,9.2,276.1,Lethargic,Yes,Moderate
COW-1275,7,8.19,5.6,3.9,1,10.3,5.9,40.0,16.1,395.3,Lethargic,No,Subclinical
COW-1276,5,7.42,6.2,4.6,11,33.0,5.2,37.4,15.3,498.3,Lethargic,No,Subclinical
COW-1277,4,10.3,6.3,4.0,-4,32.9,9.4,39.9,23.6,540.0,Lethargic,No,Normal
COW-1278,7,5.35,3.95,4.2,9,34.0,2.1,20.1,13.0,248.6,Muscle tremors,Yes,Moderate
COW-1279,6,5.46,3.91,2.3,3,35.9,3.7,24.9,13.9,285.2,Unable to stand,Yes,Moderate
COW-1280,3,6.85,4.12,4.6,21,37.6,4.8,3.2,15.9,283.3,Lethargic,No,Mild
COW-1281,8,8.19,7.72,2.2,7,27.5,5.9,32.7,19.3,437.5,Muscle tremors,No,Subclinical
COW-1282,7,7.08,5.05,3.7,24,15.0,6.7,32.4,15.7,380.0,Reduced movement,No,Subclinical
COW-1283,8,6.3,5.26,2.6,5,30.2,5.0,-6.3,13.9,258.7,Normal movement,No,Mild
COW-1284,7,9.77,3.19,2.6,18,43.3,8.2,34.1,24.8,507.5,Unable to stand,No,Normal
COW-1285,1,9.75,3.64,3.2,14,15.8,7.7,30.3,22.9,501.7,Lethargic,No,Normal
COW-1286,8,4.52,7.98,3.0,26,22.6,1.4,-4.6,6.0,186.6,Muscle tremors,Yes,Critical
COW-1287,4,9.95,3.84,3.1,-3,23.1,7.4,20.2,23.1,538.5,Unable to stand,No,Normal
COW-1288,1,6.6,5.08,3.1,30,18.8,4.3,23.6,12.1,353.5,Reduced movement,No,Mild
COW-1289,1,6.27,6.03,2.4,1,27.9,4.3,19.0,16.0,290.5,Lethargic,No,Mild
COW-1290,2,9.5,7.87,3.1,21,20.3,8.8,-12.8,23.4,574.7,Muscle tremors,No,Normal
COW-1291,8,5.3,7.18,4.0,4,43.2,2.0,27.9,12.7,288.8,Normal movement,Yes,Moderate
COW-1292,2,6.81,4.32,2.2,6,40.6,4.3,31.9,14.7,396.6,Lethargic,No,Mild
COW-1293,6,5.38,3.05,2.4,5,21.5,2.2,34.2,14.0,286.8,Unable to stand,Yes,Moderate
COW-1294,2,9.25,5.28,4.5,25,38.0,8.0,20.7,18.8,510.0,Reduced movement,No,Normal
COW-1295,1,10.46,5.41,3.7,23,16.3,9.5,5.9,18.7,586.7,Lethargic,No,Normal
COW-1296,3,6.43,3.32,4.0,-5,34.7,4.0,22.3,17.3,316.1,Unable to stand,No,Mild
COW-1297,4,6.88,6.5,2.3,10,26.9,4.3,21.5,14.0,328.5,Muscle tremors,No,Mild
COW-1298,1,8.52,5.48,2.5,26,21.2,9.8,3.2,21.5,520.4,Lethargic,No,Normal
COW-1299,4,9.6,5.22,3.7,0,40.0,8.1,9.6,23.7,461.8,Normal movement,No,Normal
COW-1300,1,3.64,3.45,3.8,14,41.2,1.1,15.9,7.3,80.0,Muscle tremors,Yes,Critical
COW-1301,6,4.66,6.84,3.8,18,35.1,1.7,-8.7,9.1,119.8,Reduced movement,Yes,Critical
COW-1302,6,10.16,6.51,2.1,5,27.2,9.9,30.2,20.0,528.3,Muscle tremors,No,Normal
COW-1303,4,8.88,6.91,4.2,1,36.5,9.8,-12.4,20.8,518.6,Unable to stand,No,Normal
COW-1304,8,9.41,3.02,4.2,30,42.7,8.8,31.1,21.5,594.6,Muscle tremors,No,Normal
COW-1305,3,5.62,6.29,3.8,15,27.6,2.3,6.2,13.7,192.4,Unable to stand,Yes,Moderate
COW-1306,4,5.25,3.67,3.2,27,20.5,3.9,23.6,14.8,234.3,Lethargic,Yes,Moderate
COW-1307,4,6.18,6.36,4.9,6,27.6,4.2,23.2,13.7,301.8,Lethargic,No,Mild
COW-1308,6,6.51,6.37,4.7,29,20.0,4.2,31.6,17.7,356.5,Normal movement,No,Mild
COW-1309,1,7.53,6.93,5.0,11,15.1,5.1,-11.6,15.3,390.0,Lethargic,No,Subclinical
COW-1310,1,9.22,5.81,2.7,30,23.6,8.4,13.1,22.3,551.3,Lethargic,No,Normal
COW-1311,1,6.83,4.56,3.7,-5,36.0,3.8,-3.8,17.7,396.4,Muscle tremors,No,Mild
COW-1312,6,5.68,7.82,2.9,6,44.4,3.1,-10.9,12.2,273.1,Reduced movement,Yes,Moderate
COW-1313,2,6.34,5.92,2.8,16,26.3,3.9,36.6,15.3,269.5,Normal movement,No,Mild
COW-1314,6,9.69,4.51,4.4,30,22.5,9.3,28.1,22.4,576.5,Lethargic,No,Normal
COW-1315,3,7.73,5.02,3.0,8,33.2,6.6,3.2,15.8,431.5,Lethargic,No,Subclinical
COW-1316,8,10.49,6.34,3.3,10,43.6,9.5,22.5,24.9,451.3,Lethargic,No,Normal
COW-1317,2,7.54,7.11,3.1,27,25.6,6.1,-12.6,16.4,486.7,Reduced movement,No,Subclinical
COW-1318,2,10.4,3.04,2.2,8,40.3,7.5,8.3,24.7,530.7,Normal movement,No,Normal
COW-1319,7,9.79,5.3,3.0,0,12.6,9.8,-5.2,23.2,473.1,Lethargic,No,Normal
COW-1320,4,8.28,4.58,3.2,2,28.7,5.8,20.3,17.3,410.7,Unable to stand,No,Subclinical
COW-1321,1,9.9,6.93,2.9,0,19.9,7.2,36.0,24.5,465.9,Muscle tremors,No,Normal
COW-1322,1,7.66,6.99,3.6,4,20.4,6.1,33.8,15.7,408.6,Lethargic,No,Subclinical
COW-1323,1,4.27,5.98,3.6,0,20.7,1.3,26.2,4.7,80.6,Lethargic,Yes,Critical
COW-1324,3,8.82,3.91,4.4,-2,39.8,7.7,36.3,23.8,479.1,Unable to stand,No,Normal
COW-1325,2,7.41,5.44,3.0,3,33.5,5.1,-2.1,15.5,458.8,Lethargic,No,Subclinical
COW-1326,4,6.29,5.92,3.7,18,38.3,3.9,37.7,15.7,295.9,Reduced movement,No,Mild
COW-1327,4,10.07,4.8,4.0,16,40.7,9.1,10.5,22.5,491.5,Lethargic,No,Normal
COW-1328,8,6.5,7.29,2.4,29,16.9,3.4,25.3,15.6,376.3,Normal movement,No,Mild
COW-1329,1,6.76,6.85,2.6,-3,29.3,4.3,14.9,16.9,336.8,Unable to stand,No,Mild
COW-1330,3,7.51,4.45,3.4,27,13.2,5.4,5.0,18.9,460.0,Normal movement,No,Subclinical
COW-1331,3,6.68,5.83,4.6,4,35.8,3.3,11.6,13.0,335.0,Lethargic,No,Mild
COW-1332,8,8.96,5.59,4.4,19,26.4,7.8,10.0,19.6,550.3,Normal movement,No,Normal
COW-1333,6,8.71,6.71,3.7,6,23.2,9.9,5.8,22.4,491.0,Unable to stand,No,Normal
COW-1334,2,6.46,4.76,4.6,26,37.7,3.8,33.8,17.4,327.5,Normal movement,No,Mild
COW-1335,3,7.62,3.75,2.5,2,33.1,5.5,7.8,17.6,392.1,Lethargic,No,Subclinical
COW-1336,8,6.61,5.05,2.7,3,30.1,4.0,-6.1,15.5,347.1,Unable to stand,No,Mild
COW-1337,3,8.61,6.0,3.7,-4,40.7,7.8,25.0,19.3,593.7,Lethargic,No,Normal
COW-1338,4,4.13,7.15,3.8,6,31.8,2.0,13.1,9.2,100.5,Reduced movement,Yes,Critical
COW-1339,6,6.83,3.66,2.0,28,40.1,4.2,12.7,12.4,306.7,Muscle tremors,No,Mild
COW-1340,2,5.16,5.66,4.3,0,26.9,3.8,-7.8,12.2,285.3,Unable to stand,Yes,Moderate
COW-1341,1,8.26,4.85,2.1,28,25.0,6.5,36.6,18.2,428.3,Muscle tremors,No,Subclinical
COW-1342,7,5.32,5.88,3.3,11,26.7,3.6,-2.2,14.4,280.5,Normal movement,Yes,Moderate
COW-1343,7,9.02,5.61,3.6,19,32.9,7.0,22.8,23.2,451.1,Lethargic,No,Normal
COW-1344,2,7.22,5.12,3.1,12,44.7,6.3,6.9,16.3,478.2,Reduced movement,No,Subclinical
COW-1345,8,7.25,5.89,4.3,20,35.8,6.1,32.0,17.4,498.3,Normal movement,No,Subclinical
COW-1346,8,6.7,6.93,4.4,-2,15.6,4.9,38.1,12.6,326.3,Normal movement,No,Mild
COW-1347,3,5.42,4.85,3.8,19,42.6,3.2,7.0,8.6,211.6,Unable to stand,Yes,Moderate
COW-1348,1,10.39,4.01,4.0,28,20.0,9.5,-13.2,22.5,515.8,Unable to stand,No,Normal
COW-1349,4,7.86,7.88,2.3,12,37.3,6.3,4.4,16.8,448.3,Muscle tremors,No,Subclinical
COW-1350,4,7.72,4.42,4.5,17,22.2,6.5,29.9,15.3,363.5,Reduced movement,No,Subclinical
COW-1351,4,6.41,5.53,3.7,27,20.3,3.8,37.1,12.0,276.3,Unable to stand,No,Mild
COW-1352,5,4.47,6.79,4.9,24,33.9,1.9,34.3,7.4,172.4,Normal movement,Yes,Critical
COW-1353,5,7.09,4.15,2.9,17,28.1,6.3,-14.5,20.0,451.5,Lethargic,No,Subclinical
COW-1354,2,9.3,3.89,2.9,8,41.3,9.2,-0.2,20.4,533.2,Reduced movement,No,Normal
COW-1355,4,7.33,7.17,4.5,17,15.5,5.5,-9.1,16.3,384.4,Normal movement,No,Subclinical
COW-1356,8,6.55,5.41,3.9,26,41.4,4.5,33.5,15.2,256.3,Unable to stand,No,Mild
COW-1357,8,5.16,6.75,2.4,28,38.0,3.5,11.3,11.6,227.7,Unable to stand,Yes,Moderate
COW-1358,6,9.29,6.49,3.4,-5,10.4,9.1,-3.4,19.2,596.5,Unable to stand,No,Normal
COW-1359,6,9.73,5.36,3.8,18,16.4,7.8,8.3,21.8,485.6,Muscle tremors,No,Normal
COW-1360,6,6.33,7.9,4.1,1,35.2,3.8,29.2,14.7,335.7,Unable to stand,No,Mild
COW-1361,7,7.27,3.05,3.3,3,44.8,6.6,31.7,18.7,420.9,Unable to stand,No,Subclinical
COW-1362,6,8.1,4.99,4.1,-2,17.5,5.6,-1.0,17.8,435.2,Normal movement,No,Subclinical
COW-1363,6,7.36,4.72,3.2,17,40.4,5.7,38.0,17.8,471.5,Reduced movement,No,Subclinical
COW-1364,3,8.37,6.87,3.3,0,23.3,5.6,0.8,16.6,426.6,Reduced movement,No,Subclinical
COW-1365,6,5.38,3.4,3.0,15,21.1,3.2,1.0,10.8,288.8,Lethargic,Yes,Moderate
COW-1366,7,6.24,5.93,4.9,21,15.9,3.9,32.0,17.2,304.5,Reduced movement,No,Mild
COW-1367,5,6.85,3.52,2.2,25,29.2,4.4,-13.5,12.5,275.0,Muscle tremors,No,Mild
COW-1368,2,7.15,4.95,2.7,13,25.5,6.2,-8.0,15.4,489.7,Unable to stand,No,Subclinical
COW-1369,1,5.03,5.34,4.6,12,29.2,2.7,-7.6,14.4,283.7,Unable to stand,Yes,Moderate
COW-1370,8,9.76,6.2,2.9,17,26.9,8.9,-2.5,21.9,528.5,Normal movement,No,Normal
COW-1371,6,7.58,6.79,2.4,13,26.4,5.3,-14.5,15.1,428.5,Muscle tremors,No,Subclinical
COW-1372,8,3.92,6.98,3.6,7,24.4,1.6,15.8,8.8,151.6,Muscle tremors,Yes,Critical
COW-1373,7,10.16,5.58,4.4,12,20.0,7.7,25.9,18.6,543.8,Lethargic,No,Normal
COW-1374,2,7.26,4.36,3.9,7,21.2,5.6,-6.6,18.2,442.7,Unable to stand,No,Subclinical
COW-1375,2,9.06,3.45,2.0,8,22.0,7.4,2.1,21.1,451.2,Muscle tremors,No,Normal
COW-1376,8,4.48,3.73,2.8,20,12.5,0.5,10.9,4.5,170.1,Reduced movement,Yes,Critical
COW-1377,5,5.74,4.24,4.3,23,18.7,3.7,39.7,8.9,272.2,Reduced movement,Yes,Moderate
COW-1378,2,7.73,4.56,3.0,-3,36.1,7.0,15.2,17.4,452.2,Normal movement,No,Subclinical
COW-1379,5,8.9,3.56,3.9,15,10.5,9.7,28.7,24.0,482.7,Unable to stand,No,Normal
COW-1380,4,8.52,5.98,3.1,0,18.7,7.1,12.5,23.5,521.3,Unable to stand,No,Normal
COW-1381,1,8.62,3.63,2.7,30,37.6,8.9,26.6,22.9,568.7,Muscle tremors,No,Normal
COW-1382,1,6.62,5.43,3.3,13,29.0,3.7,12.0,12.8,384.8,Unable to stand,No,Mild
COW-1383,6,9.15,7.3,2.5,28,15.4,8.4,1.3,24.1,539.8,Lethargic,No,Normal
COW-1384,8,7.0,3.09,4.6,10,21.2,6.3,-11.5,16.9,377.8,Unable to stand,No,Subclinical
COW-1385,4,5.47,4.61,3.9,2,13.4,3.0,21.2,11.9,253.6,Normal movement,Yes,Moderate
COW-1386,3,5.16,3.16,3.9,19,33.0,2.1,13.9,8.7,203.0,Unable to stand,Yes,Moderate
COW-1387,6,8.94,6.28,4.8,0,26.4,9.2,20.1,18.1,588.2,Lethargic,No,Normal
COW-1388,7,8.15,5.65,4.2,14,12.7,6.6,-3.1,15.3,442.5,Unable to stand,No,Subclinical
COW-1389,4,9.56,6.13,2.5,30,24.5,7.6,-9.2,21.7,487.3,Unable to stand,No,Normal
COW-1390,8,7.98,5.75,3.5,5,28.7,5.9,18.0,15.5,468.9,Lethargic,No,Subclinical
COW-1391,6,5.76,4.62,2.7,29,17.5,2.8,27.1,12.4,279.1,Lethargic,Yes,Moderate
COW-1392,8,7.63,5.98,3.6,14,10.2,5.8,39.1,18.6,497.4,Reduced movement,No,Subclinical
COW-1393,1,5.69,5.56,3.7,4,13.3,3.9,10.3,13.8,290.3,Reduced movement,Yes,Moderate
COW-1394,6,10.28,5.85,3.7,8,35.7,7.7,24.8,19.8,495.0,Muscle tremors,No,Normal
COW-1395,2,9.69,3.39,2.2,16,22.2,7.9,29.9,23.1,536.4,Muscle tremors,No,Normal
COW-1396,2,4.72,3.06,4.3,19,11.9,0.8,13.8,7.9,152.3,Lethargic,Yes,Critical
COW-1397,3,7.46,7.99,4.9,27,13.2,6.4,8.8,15.8,451.0,Muscle tremors,No,Subclinical
COW-1398,6,8.67,3.43,3.5,3,36.7,8.7,11.5,18.3,509.9,Reduced movement,No,Normal
COW-1399,4,7.79,4.33,3.3,0,13.9,7.0,7.7,17.6,386.3,Lethargic,No,Subclinical
COW-1400,6,9.19,4.75,4.5,23,31.8,9.0,9.2,23.4,475.4,Reduced movement,No,Normal
COW-1401,6,8.81,4.22,3.9,4,40.4,9.2,30.1,18.6,560.9,Normal movement,No,Normal
COW-1402,2,9.11,4.06,3.6,11,29.2,8.4,19.3,20.3,561.0,Reduced movement,No,Normal
COW-1403,1,6.34,3.3,2.6,12,11.9,4.8,21.0,15.2,288.3,Normal movement,No,Mild
COW-1404,5,9.83,4.46,4.7,19,18.1,9.7,5.9,20.5,466.2,Normal movement,No,Normal
COW-1405,8,5.78,5.29,4.8,-4,11.4,3.1,35.7,9.3,240.1,Lethargic,Yes,Moderate
COW-1406,7,9.99,4.51,5.0,27,19.7,7.1,-11.6,22.8,503.3,Lethargic,No,Normal
COW-1407,1,5.85,4.96,2.4,19,28.2,3.9,22.3,9.6,221.0,Reduced movement,Yes,Moderate
COW-1408,3,7.6,3.66,4.0,29,33.9,5.6,-3.9,18.0,417.4,Reduced movement,No,Subclinical
COW-1409,3,9.36,5.82,2.5,-1,29.5,9.7,37.2,23.4,548.4,Normal movement,No,Normal
COW-1410,3,9.95,5.06,3.3,12,15.3,9.3,-4.7,24.2,512.1,Reduced movement,No,Normal
COW-1411,5,9.71,3.13,2.2,25,14.7,8.8,31.5,22.2,484.6,Muscle tremors,No,Normal
COW-1412,6,6.17,4.13,3.2,-5,42.4,3.8,37.3,14.8,274.6,Reduced movement,No,Mild
COW-1413,4,6.68,7.34,3.5,15,40.3,3.1,33.8,17.6,397.8,Muscle tremors,No,Mild
COW-1414,1,7.85,7.7,3.7,29,28.4,6.6,33.2,18.6,409.1,Normal movement,No,Subclinical
COW-1415,8,7.64,5.69,5.0,-3,29.5,6.8,13.4,19.4,386.9,Normal movement,No,Subclinical
COW-1416,8,9.3,5.11,3.8,-2,34.1,7.9,34.7,23.8,519.2,Muscle tremors,No,Normal
COW-1417,8,5.08,7.47,3.6,20,24.5,3.0,9.8,9.3,250.3,Reduced movement,Yes,Moderate
COW-1418,4,8.24,6.56,2.5,2,13.2,5.2,23.8,16.6,447.3,Lethargic,No,Subclinical
COW-1419,7,9.95,5.75,2.1,5,41.9,9.9,16.1,22.3,474.0,Reduced movement,No,Normal
COW-1420,3,8.86,6.84,3.3,6,14.1,9.1,-7.8,20.9,496.4,Reduced movement,No,Normal
COW-1421,5,8.52,6.04,3.5,8,30.6,8.5,11.2,21.5,571.1,Muscle tremors,No,Normal
COW-1422,1,7.34,7.13,2.1,4,11.9,6.1,4.2,18.1,433.6,Reduced movement,No,Subclinical
COW-1423,5,5.3,3.81,2.9,30,16.2,2.2,10.0,8.8,299.2,Unable to stand,Yes,Moderate
COW-1424,1,7.13,3.34,3.3,30,12.3,5.6,10.9,16.8,406.8,Normal movement,No,Subclinical
COW-1425,5,6.3,3.29,3.7,28,44.6,3.8,11.6,13.3,281.4,Unable to stand,No,Mild
COW-1426,5,4.1,6.12,4.8,26,28.2,1.8,19.8,5.6,149.0,Muscle tremors,Yes,Critical
COW-1427,4,5.64,6.13,2.4,8,38.0,4.0,39.9,8.0,182.9,Muscle tremors,Yes,Moderate
COW-1428,6,9.62,4.41,4.4,14,20.5,8.9,15.2,18.1,480.2,Normal movement,No,Normal
COW-1429,6,9.18,3.88,3.0,16,42.3,9.2,11.4,22.3,454.4,Muscle tremors,No,Normal
COW-1430,3,5.43,4.68,4.4,21,42.5,3.3,-11.9,14.2,244.4,Unable to stand,Yes,Moderate
COW-1431,6,9.61,7.58,4.4,-1,43.9,7.1,0.4,22.0,499.8,Normal movement,No,Normal
COW-1432,7,9.75,5.98,4.6,14,34.7,9.5,2.3,22.0,508.4,Normal movement,No,Normal
COW-1433,2,9.49,4.08,2.9,2,23.1,7.7,-12.9,21.2,592.6,Reduced movement,No,Normal
COW-1434,8,5.46,4.7,3.5,28,20.9,3.6,3.0,14.3,198.5,Normal movement,Yes,Moderate
COW-1435,3,5.18,3.58,2.9,-3,34.0,2.1,17.7,10.7,283.8,Normal movement,Yes,Moderate
COW-1436,1,8.71,6.79,3.9,8,21.2,9.3,-4.4,23.2,453.4,Lethargic,No,Normal
COW-1437,8,7.94,7.79,3.7,1,17.2,5.5,4.3,15.8,367.2,Lethargic,No,Subclinical
COW-1438,5,9.65,5.7,2.2,-4,26.5,7.5,22.2,20.2,583.8,Normal movement,No,Normal
COW-1439,2,7.6,7.18,4.1,17,20.9,5.4,30.0,18.0,438.9,Unable to stand,No,Subclinical
COW-1440,8,9.64,3.49,2.9,24,26.5,7.3,37.1,23.6,554.8,Reduced movement,No,Normal
COW-1441,5,5.82,6.94,4.6,24,27.1,2.8,-11.4,12.9,259.8,Normal movement,Yes,Moderate
COW-1442,8,8.18,5.54,3.2,1,21.4,5.6,20.7,16.7,436.2,Lethargic,No,Subclinical
COW-1443,7,7.83,5.41,2.2,8,38.5,5.5,17.5,16.2,373.9,Muscle tremors,No,Subclinical
COW-1444,6,7.76,7.65,3.7,26,14.0,5.5,17.8,18.3,361.7,Lethargic,No,Subclinical
COW-1445,8,7.25,7.07,4.3,19,21.5,6.9,20.5,15.3,366.3,Normal movement,No,Subclinical
COW-1446,3,10.27,3.73,2.4,29,20.2,9.7,18.9,22.5,450.0,Muscle tremors,No,Normal
COW-1447,6,9.1,7.68,4.2,17,44.7,9.4,17.0,22.8,587.8,Unable to stand,No,Normal
COW-1448,7,4.69,7.84,2.0,30,38.7,1.8,4.8,4.4,188.1,Lethargic,Yes,Critical
COW-1449,4,5.39,5.03,3.3,8,33.2,3.2,11.1,12.4,265.4,Reduced movement,Yes,Moderate
COW-1450,6,8.18,3.67,2.2,-4,15.0,5.3,33.7,20.0,450.5,Muscle tremors,No,Subclinical
COW-1451,3,3.62,6.94,3.8,22,31.8,1.5,10.0,6.5,134.7,Muscle tremors,Yes,Critical
COW-1452,8,7.54,5.49,4.2,27,19.4,5.5,36.0,17.1,351.1,Unable to stand,No,Subclinical
COW-1453,1,7.8,6.45,2.4,28,44.4,6.4,39.1,15.6,422.2,Lethargic,No,Subclinical
COW-1454,2,7.73,6.32,4.0,29,37.9,6.2,2.2,16.2,444.6,Normal movement,No,Subclinical
COW-1455,1,5.42,5.11,4.9,13,20.1,3.0,-13.1,11.3,268.1,Unable to stand,Yes,Moderate
COW-1456,5,6.06,7.95,4.4,-4,20.0,3.9,-10.5,13.0,257.7,Unable to stand,No,Mild
COW-1457,5,9.0,6.71,3.8,4,33.1,8.8,5.3,19.9,488.5,Reduced movement,No,Normal
COW-1458,4,9.47,3.42,2.4,4,39.3,9.4,26.4,24.0,501.4,Muscle tremors,No,Normal
COW-1459,4,6.59,7.21,2.2,11,36.4,4.5,-8.6,13.0,336.7,Reduced movement,No,Mild
COW-1460,8,7.42,4.9,4.1,25,19.2,6.5,14.2,18.8,429.9,Muscle tremors,No,Subclinical
COW-1461,8,9.26,3.49,3.6,17,43.5,7.9,8.7,21.7,593.4,Lethargic,No,Normal
COW-1462,5,10.1,6.38,2.7,7,28.2,7.8,22.3,22.1,519.2,Reduced movement,No,Normal
COW-1463,1,9.85,3.52,3.3,9,35.4,9.5,-1.1,18.1,464.7,Normal movement,No,Normal
COW-1464,2,8.61,6.0,2.4,2,13.0,8.8,18.3,24.3,482.5,Muscle tremors,No,Normal
COW-1465,3,6.81,7.68,3.9,12,36.9,4.4,23.1,13.5,320.0,Lethargic,No,Mild
COW-1466,2,9.05,4.29,4.4,6,25.4,7.2,12.0,20.7,599.4,Reduced movement,No,Normal
COW-1467,3,6.58,6.07,2.3,23,35.0,3.2,-9.3,15.2,314.7,Normal movement,No,Mild
COW-1468,5,10.05,3.0,2.1,19,19.3,7.1,23.5,21.5,547.9,Muscle tremors,No,Normal
COW-1469,8,7.67,3.35,2.7,19,43.4,5.8,30.0,18.6,471.8,Muscle tremors,No,Subclinical
COW-1470,6,9.17,6.24,3.1,16,12.8,7.9,10.3,18.4,599.6,Lethargic,No,Normal
COW-1471,3,6.5,4.95,2.3,17,27.0,4.9,33.7,16.0,294.8,Muscle tremors,No,Mild
COW-1472,3,6.03,4.94,4.4,14,27.5,3.1,38.1,18.0,285.8,Muscle tremors,No,Mild
COW-1473,1,3.55,3.59,4.4,28,26.0,0.6,22.3,8.7,85.1,Unable to stand,Yes,Critical
COW-1474,4,10.35,5.36,4.8,-3,18.5,7.1,20.7,19.0,548.1,Normal movement,No,Normal
COW-1475,1,10.31,7.18,2.2,1,14.0,9.5,17.7,18.7,541.7,Unable to stand,No,Normal
COW-1476,4,9.35,4.62,4.9,29,14.8,9.4,31.0,24.9,551.8,Reduced movement,No,Normal
COW-1477,3,6.3,6.48,3.7,23,18.5,3.2,17.0,12.8,312.3,Reduced movement,No,Mild
COW-1478,7,10.06,3.9,2.3,13,24.6,7.0,29.4,21.4,451.0,Muscle tremors,No,Normal
COW-1479,4,6.13,3.87,4.1,6,35.1,3.5,18.7,14.7,285.9,Normal movement,No,Mild
COW-1480,5,6.31,5.65,2.3,18,40.2,3.0,39.3,13.4,267.6,Unable to stand,No,Mild
COW-1481,4,9.05,7.84,3.4,6,15.6,7.6,35.7,23.6,552.8,Normal movement,No,Normal
COW-1482,5,6.19,5.27,2.3,-2,42.4,3.5,-5.3,15.7,383.5,Normal movement,No,Mild
COW-1483,2,7.1,5.1,4.2,15,18.1,5.5,-8.9,17.2,437.0,Reduced movement,No,Subclinical
COW-1484,7,10.24,5.42,4.7,4,17.6,8.1,18.5,19.5,520.6,Reduced movement,No,Normal
COW-1485,3,7.64,4.68,2.1,-2,19.8,5.4,-8.9,16.8,390.5,Muscle tremors,No,Subclinical
COW-1486,3,8.06,6.97,4.9,5,30.2,5.4,15.4,16.5,373.5,Reduced movement,No,Subclinical
COW-1487,8,10.22,3.07,3.3,10,18.7,7.6,8.9,21.3,519.4,Reduced movement,No,Normal
COW-1488,3,5.82,7.96,4.2,27,11.2,3.8,14.2,10.9,185.3,Muscle tremors,Yes,Moderate
COW-1489,2,5.41,6.66,4.8,3,22.5,2.5,-1.9,11.9,181.5,Normal movement,Yes,Moderate
COW-1490,5,8.82,7.88,3.4,3,40.6,8.4,7.3,22.0,537.5,Lethargic,No,Normal
COW-1491,1,6.77,3.16,3.3,12,34.4,3.1,18.7,17.4,299.9,Unable to stand,No,Mild
COW-1492,2,5.56,7.55,3.1,-2,13.9,2.7,5.1,14.5,241.8,Unable to stand,Yes,Moderate
COW-1493,6,8.85,4.02,4.9,10,28.9,8.7,20.7,18.5,556.4,Unable to stand,No,Normal
COW-1494,4,5.68,5.52,3.3,-2,12.2,3.5,4.0,10.2,287.8,Muscle tremors,Yes,Moderate
COW-1495,2,7.66,5.26,3.1,-1,16.6,6.1,33.6,19.1,484.9,Normal movement,No,Subclinical
COW-1496,3,9.08,6.49,3.5,8,28.2,9.9,19.5,18.8,491.4,Lethargic,No,Normal
COW-1497,3,7.66,3.95,2.1,9,39.2,5.8,13.6,18.7,353.2,Lethargic,No,Subclinical
COW-1498,6,7.92,5.65,3.6,24,20.6,6.6,-7.7,17.4,449.9,Lethargic,No,Subclinical
COW-1499,5,8.95,3.74,2.9,5,31.7,8.1,-6.2,20.0,576.8,Unable to stand,No,Normal
COW-1500,3,10.18,4.19,2.1,15,30.1,9.1,9.2,22.7,473.0,Lethargic,No,Normal
COW-1501,1,9.83,7.88,3.6,2,42.2,9.9,7.3,19.0,517.3,Muscle tremors,No,Normal
COW-1502,8,6.84,5.54,3.9,13,26.6,3.3,0.9,17.8,331.9,Unable to stand,No,Mild
COW-1503,8,6.3,6.39,2.4,-4,24.1,3.2,31.2,14.9,256.0,Muscle tremors,No,Mild
COW-1504,6,7.08,7.68,2.8,-4,12.9,6.3,31.7,17.9,383.3,Normal movement,No,Subclinical
COW-1505,7,3.77,7.54,3.1,4,35.1,1.0,8.5,7.6,193.2,Muscle tremors,Yes,Critical
COW-1506,5,7.48,4.08,4.7,21,38.1,5.6,0.9,17.2,434.2,Muscle tremors,No,Subclinical
COW-1507,7,6.13,5.37,4.6,16,12.3,4.2,37.8,12.5,281.2,Muscle tremors,No,Mild
COW-1508,7,9.78,5.84,4.7,7,16.5,7.8,6.0,19.2,519.3,Unable to stand,No,Normal
COW-1509,5,8.17,3.13,2.0,11,20.5,5.6,20.2,17.8,419.5,Muscle tremors,No,Subclinical
COW-1510,5,9.33,3.6,2.8,-1,31.0,8.5,4.9,22.8,486.7,Muscle tremors,No,Normal
COW-1511,5,7.88,5.56,3.7,11,15.7,6.0,-11.8,18.5,367.9,Lethargic,No,Subclinical
COW-1512,3,7.5,7.78,2.1,13,28.5,5.1,36.5,16.8,445.4,Unable to stand,No,Subclinical
COW-1513,3,10.03,4.58,4.5,14,19.5,8.8,23.4,19.2,498.4,Lethargic,No,Normal
COW-1514,6,10.15,5.42,3.0,5,13.6,7.0,-6.5,21.6,506.0,Reduced movement,No,Normal
COW-1515,2,5.38,3.09,3.0,18,14.9,3.8,9.3,8.8,195.7,Unable to stand,Yes,Moderate
COW-1516,6,7.24,3.64,4.1,9,20.8,5.6,-3.5,18.7,367.8,Normal movement,No,Subclinical
COW-1517,2,7.11,3.54,4.4,27,30.8,6.5,10.8,18.8,356.4,Lethargic,No,Subclinical
COW-1518,5,9.84,4.03,4.7,6,33.5,9.3,-13.4,23.5,588.0,Reduced movement,No,Normal
COW-1519,5,5.85,6.64,2.7,-1,13.5,2.7,16.8,9.1,240.1,Normal movement,Yes,Moderate
COW-1520,4,8.35,6.63,4.8,27,39.8,5.3,11.1,18.8,350.6,Unable to stand,No,Subclinical
COW-1521,2,8.86,4.14,2.3,15,14.3,8.1,-8.9,20.7,482.1,Reduced movement,No,Normal
COW-1522,6,7.99,3.58,2.9,14,34.0,6.1,31.3,15.2,399.2,Reduced movement,No,Subclinical
COW-1523,5,8.38,7.01,4.8,18,16.3,5.9,39.9,19.3,484.2,Muscle tremors,No,Subclinical
COW-1524,7,6.39,5.0,3.8,1,36.0,4.3,34.1,12.5,271.5,Reduced movement,No,Mild
COW-1525,4,9.18,7.19,4.2,12,36.8,8.8,27.1,24.9,468.4,Unable to stand,No,Normal
COW-1526,7,9.21,5.56,2.4,24,13.8,9.0,-1.2,24.7,598.1,Muscle tremors,No,Normal
COW-1527,3,8.56,3.13,2.5,15,15.3,9.2,19.2,23.8,524.7,Normal movement,No,Normal
COW-1528,8,6.71,4.31,3.0,29,29.1,3.4,37.4,16.0,323.5,Normal movement,No,Mild
COW-1529,2,4.04,3.16,3.7,14,41.0,1.0,-6.0,6.3,135.2,Muscle tremors,Yes,Critical
COW-1530,7,9.47,6.43,3.7,25,29.7,7.3,-6.4,22.7,549.0,Normal movement,No,Normal
COW-1531,8,7.83,4.42,2.2,-3,14.5,5.8,5.2,18.4,465.0,Unable to stand,No,Subclinical
COW-1532,6,9.26,3.28,2.7,10,32.7,8.3,17.6,24.9,511.8,Normal movement,No,Normal
COW-1533,2,5.3,7.32,3.7,21,19.3,2.0,23.3,10.3,235.3,Unable to stand,Yes,Moderate
COW-1534,6,9.26,3.5,4.0,16,27.4,8.2,29.6,22.0,571.2,Lethargic,No,Normal
COW-1535,5,9.23,6.94,4.5,29,17.5,8.3,-0.4,21.5,577.1,Lethargic,No,Normal
COW-1536,7,4.63,5.89,3.8,12,12.4,1.4,29.1,9.7,166.1,Muscle tremors,Yes,Critical
COW-1537,6,8.11,5.16,3.6,7,24.5,6.3,-1.2,16.5,470.6,Unable to stand,No,Subclinical
COW-1538,3,8.23,5.5,4.0,24,19.4,6.3,20.1,17.6,378.0,Unable to stand,No,Subclinical
COW-1539,7,5.84,5.31,2.7,14,39.5,3.5,7.6,8.4,204.1,Normal movement,Yes,Moderate
COW-1540,7,6.24,4.18,2.7,4,16.7,3.6,-1.5,13.0,353.0,Lethargic,No,Mild
COW-1541,7,7.59,3.15,4.4,12,33.1,6.8,-5.3,16.0,390.9,Normal movement,No,Subclinical
COW-1542,8,4.6,4.49,2.2,21,41.4,0.6,21.9,9.4,117.7,Normal movement,Yes,Critical
COW-1543,3,7.33,6.32,3.7,28,18.8,6.1,33.7,17.5,368.1,Reduced movement,No,Subclinical
COW-1544,6,7.46,4.18,3.3,4,13.7,6.2,-3.2,16.9,462.3,Lethargic,No,Subclinical
COW-1545,5,8.21,3.56,3.6,25,33.9,5.1,38.0,17.7,454.9,Reduced movement,No,Subclinical
COW-1546,6,8.15,7.21,4.0,-2,34.2,5.0,28.4,19.8,440.9,Reduced movement,No,Subclinical
COW-1547,7,9.12,3.61,4.6,23,23.6,9.9,35.0,20.5,571.8,Muscle tremors,No,Normal
COW-1548,5,5.27,7.3,2.5,23,32.1,3.9,33.4,13.3,215.7,Muscle tremors,Yes,Moderate
COW-1549,5,5.78,5.06,4.5,22,40.7,3.6,30.1,14.6,236.5,Reduced movement,Yes,Moderate
COW-1550,2,6.32,5.27,2.1,-2,32.4,4.2,-4.9,16.9,360.7,Muscle tremors,No,Mild
COW-1551,3,5.0,3.55,2.7,3,39.6,2.4,22.7,10.1,249.1,Lethargic,Yes,Moderate
COW-1552,3,7.36,3.99,3.2,6,23.8,6.4,5.8,19.1,469.9,Unable to stand,No,Subclinical
COW-1553,1,10.35,7.87,2.6,5,11.7,8.9,19.0,22.4,586.0,Unable to stand,No,Normal
COW-1554,2,10.42,5.63,4.3,24,39.0,7.5,12.2,22.0,452.1,Reduced movement,No,Normal
COW-1555,4,6.85,4.91,3.3,8,31.0,4.6,39.7,13.6,362.0,Lethargic,No,Mild
COW-1556,4,6.38,4.31,3.9,10,22.9,3.8,22.6,12.9,293.5,Muscle tremors,No,Mild
COW-1557,8,8.77,6.57,4.1,11,12.6,8.0,15.6,22.9,553.0,Normal movement,No,Normal
COW-1558,4,9.44,7.01,4.1,-3,10.2,8.1,12.7,22.2,550.6,Muscle tremors,No,Normal
COW-1559,7,9.84,3.9,2.5,26,42.6,7.4,33.3,24.2,456.2,Reduced movement,No,Normal
COW-1560,7,8.78,7.36,4.5,18,42.4,7.4,0.6,18.3,469.2,Lethargic,No,Normal
COW-1561,5,6.47,5.46,4.9,30,39.9,3.9,21.2,13.0,360.5,Muscle tremors,No,Mild
COW-1562,3,8.61,5.34,2.3,26,11.4,7.5,4.6,21.3,474.5,Unable to stand,No,Normal
COW-1563,8,7.16,4.02,2.9,5,36.2,6.4,30.2,15.7,402.4,Unable to stand,No,Subclinical
COW-1564,4,5.53,5.08,2.2,26,33.7,3.9,33.8,11.7,248.5,Normal movement,Yes,Moderate
COW-1565,2,9.29,3.77,2.2,25,25.9,8.8,37.5,24.7,575.5,Unable to stand,No,Normal
COW-1566,6,6.87,6.66,4.2,3,17.4,4.3,-12.3,17.7,298.7,Lethargic,No,Mild
COW-1567,1,9.99,4.28,2.7,20,13.1,8.6,31.9,22.2,463.9,Reduced movement,No,Normal
COW-1568,7,7.4,5.45,3.3,14,41.6,6.5,18.2,18.3,368.1,Lethargic,No,Subclinical
COW-1569,6,6.46,5.82,3.3,22,38.4,4.0,18.8,17.3,321.5,Muscle tremors,No,Mild
COW-1570,2,6.04,6.43,2.5,26,28.5,3.7,20.6,14.8,283.6,Normal movement,No,Mild
COW-1571,7,8.66,6.42,2.9,10,28.3,9.4,1.3,20.1,597.6,Normal movement,No,Normal
COW-1572,1,7.72,6.6,4.4,17,18.9,6.0,-10.5,17.1,419.7,Unable to stand,No,Subclinical
COW-1573,8,8.86,7.38,2.9,24,36.5,7.5,9.7,20.8,462.5,Lethargic,No,Normal
COW-1574,3,8.92,6.37,3.3,-4,10.2,7.2,-8.6,24.9,488.9,Reduced movement,No,Normal
COW-1575,8,6.62,5.43,3.9,18,34.2,4.7,38.0,17.8,340.3,Muscle tremors,No,Mild
COW-1576,2,5.11,7.85,4.6,8,26.8,2.0,-7.0,8.8,181.9,Reduced movement,Yes,Moderate
COW-1577,4,7.12,3.58,4.7,23,43.7,6.5,10.9,15.7,413.3,Muscle tremors,No,Subclinical
COW-1578,4,7.41,3.51,4.5,22,44.3,6.7,31.7,17.0,400.1,Unable to stand,No,Subclinical
COW-1579,5,7.05,7.68,4.7,26,18.1,5.8,-11.7,17.6,458.7,Normal movement,No,Subclinical
COW-1580,6,7.77,3.58,3.9,17,25.7,5.5,9.0,18.2,483.4,Reduced movement,No,Subclinical
COW-1581,4,9.44,6.42,4.8,24,14.6,8.3,1.1,21.6,538.1,Muscle tremors,No,Normal
COW-1582,6,4.61,4.41,4.2,25,14.5,1.7,-4.0,9.1,154.6,Unable to stand,Yes,Critical
COW-1583,7,8.32,8.0,3.1,11,22.5,6.0,-6.3,16.2,433.5,Unable to stand,No,Subclinical
COW-1584,2,9.18,5.43,5.0,17,36.9,7.3,27.4,19.6,534.3,Unable to stand,No,Normal
COW-1585,3,10.21,3.25,4.8,24,43.7,9.6,26.6,22.2,465.6,Normal movement,No,Normal
COW-1586,2,5.74,7.35,4.7,5,35.5,2.1,23.9,8.7,255.6,Unable to stand,Yes,Moderate
COW-1587,2,7.22,4.01,4.9,-5,18.6,5.7,29.5,19.1,368.4,Lethargic,No,Subclinical
COW-1588,3,8.67,6.32,2.5,28,24.8,8.1,-2.4,23.3,504.1,Muscle tremors,No,Normal
COW-1589,7,8.26,7.72,3.3,-5,35.1,6.9,13.5,17.6,452.3,Normal movement,No,Subclinical
COW-1590,6,9.3,3.19,4.8,4,41.6,9.3,-11.8,21.0,509.0,Unable to stand,No,Normal
COW-1591,7,4.06,6.71,4.7,-5,38.9,1.5,34.5,7.3,116.5,Unable to stand,Yes,Critical
COW-1592,7,5.4,6.26,4.1,20,37.1,2.4,33.5,11.8,274.6,Normal movement,Yes,Moderate
COW-1593,6,9.28,5.7,2.6,27,29.3,9.2,13.7,24.2,528.1,Reduced movement,No,Normal
COW-1594,5,8.98,3.55,2.2,18,19.1,9.3,12.9,23.1,598.0,Normal movement,No,Normal
COW-1595,2,9.4,4.18,4.2,29,39.6,8.7,-2.1,18.0,500.8,Lethargic,No,Normal
COW-1596,3,9.93,5.91,4.5,18,25.9,8.6,-6.9,19.7,499.2,Muscle tremors,No,Normal
COW-1597,2,5.08,3.39,4.0,20,30.6,2.8,13.5,8.9,205.8,Muscle tremors,Yes,Moderate
COW-1598,8,5.57,6.66,3.3,5,15.1,4.0,-8.0,12.8,293.7,Muscle tremors,Yes,Moderate
COW-1599,2,9.89,5.8,4.8,2,31.1,8.4,7.5,18.2,473.5,Normal movement,No,Normal
COW-1600,5,7.06,4.52,3.5,4,15.0,5.3,17.4,16.9,498.7,Normal movement,No,Subclinical
COW-1601,5,4.74,3.61,3.0,-3,24.6,0.8,16.5,8.9,138.7,Unable to stand,Yes,Critical
COW-1602,6,8.09,6.81,3.5,24,36.7,6.0,21.7,18.6,440.9,Reduced movement,No,Subclinical
COW-1603,6,5.08,7.5,3.0,-3,43.5,3.2,34.0,12.4,226.5,Lethargic,Yes,Moderate
COW-1604,3,6.64,5.81,2.4,30,13.0,4.1,37.5,16.8,356.1,Unable to stand,No,Mild
COW-1605,1,8.34,3.09,4.0,29,16.3,6.0,-14.0,18.8,425.4,Reduced movement,No,Subclinical
COW-1606,8,8.67,5.46,4.8,16,25.3,8.6,7.8,20.2,538.3,Unable to stand,No,Normal
COW-1607,5,8.68,3.91,4.3,4,20.7,9.9,7.4,21.8,492.8,Reduced movement,No,Normal
COW-1608,6,8.86,3.71,4.7,11,23.1,9.1,30.5,20.1,464.8,Normal movement,No,Normal
COW-1609,4,10.0,4.93,2.3,-2,21.1,8.8,15.4,21.5,562.9,Normal movement,No,Normal
COW-1610,7,7.89,5.93,2.3,30,32.8,6.8,-8.1,15.1,433.1,Unable to stand,No,Subclinical
COW-1611,2,8.18,5.7,2.5,10,28.8,6.0,8.3,18.9,371.4,Unable to stand,No,Subclinical
COW-1612,1,8.14,3.84,2.2,25,19.6,6.9,-1.2,18.1,448.0,Muscle tremors,No,Subclinical
COW-1613,4,4.32,5.82,2.9,20,34.4,1.3,30.7,4.3,168.7,Unable to stand,Yes,Critical
COW-1614,7,3.8,7.73,3.9,23,19.6,1.3,21.4,8.8,186.1,Lethargic,Yes,Critical
COW-1615,8,10.42,7.61,3.8,-5,41.6,8.0,22.0,24.4,470.1,Muscle tremors,No,Normal
COW-1616,8,8.07,3.39,2.1,23,33.5,6.1,4.4,18.9,447.4,Muscle tremors,No,Subclinical
COW-1617,6,5.35,3.62,3.1,7,25.6,3.7,-2.8,13.7,298.1,Normal movement,Yes,Moderate
COW-1618,6,6.17,4.11,4.9,18,11.3,4.6,12.1,15.8,371.3,Unable to stand,No,Mild
COW-1619,4,10.47,5.5,2.5,7,33.1,8.9,16.1,18.8,491.6,Unable to stand,No,Normal
COW-1620,2,7.82,7.28,4.6,12,16.7,6.5,22.3,15.6,490.0,Unable to stand,No,Subclinical
COW-1621,8,6.0,7.27,3.0,21,19.6,3.9,22.4,16.0,347.5,Muscle tremors,No,Mild
COW-1622,1,8.24,5.24,2.0,7,21.7,5.4,33.4,16.4,413.0,Normal movement,No,Subclinical
COW-1623,4,4.87,3.82,2.9,1,11.0,1.1,8.8,4.4,110.0,Normal movement,Yes,Critical
COW-1624,6,8.18,7.16,4.5,28,37.8,5.5,36.9,17.4,493.8,Unable to stand,No,Subclinical
COW-1625,2,6.56,3.17,2.9,-1,37.4,4.2,-11.6,12.5,259.1,Muscle tremors,No,Mild
COW-1626,7,8.63,4.91,2.3,21,18.2,9.0,18.0,21.9,494.2,Unable to stand,No,Normal
COW-1627,7,9.43,6.25,4.0,-4,25.9,8.3,3.1,22.3,465.2,Reduced movement,No,Normal
COW-1628,1,9.69,5.87,3.9,11,22.4,7.2,11.5,23.5,479.0,Unable to stand,No,Normal
COW-1629,4,7.19,5.57,4.0,17,20.9,5.1,33.7,15.6,437.7,Reduced movement,No,Subclinical
COW-1630,5,9.71,6.29,2.4,10,27.7,7.9,30.9,24.8,527.7,Normal movement,No,Normal
COW-1631,4,8.37,3.95,3.4,24,31.0,6.3,3.2,16.0,360.3,Unable to stand,No,Subclinical
COW-1632,6,7.86,6.95,2.1,9,42.2,5.8,20.1,15.8,418.1,Reduced movement,No,Subclinical
COW-1633,4,7.33,6.7,2.6,6,38.9,6.5,-14.6,19.8,399.7,Normal movement,No,Subclinical
COW-1634,1,9.61,7.56,3.1,-4,17.0,7.4,0.6,21.1,544.7,Reduced movement,No,Normal
COW-1635,3,5.31,7.21,4.7,-4,39.1,3.1,-7.5,9.2,182.6,Normal movement,Yes,Moderate
COW-1636,4,9.11,7.71,4.9,22,40.7,7.7,-11.4,23.7,549.1,Reduced movement,No,Normal
COW-1637,3,5.72,6.0,4.9,10,42.2,2.4,27.0,10.6,224.9,Unable to stand,Yes,Moderate
COW-1638,5,10.08,7.36,4.6,26,17.3,8.0,-10.5,18.4,569.3,Muscle tremors,No,Normal
COW-1639,2,5.15,4.87,3.6,6,21.3,2.8,5.6,14.2,270.1,Muscle tremors,Yes,Moderate
COW-1640,8,6.43,6.25,2.6,7,25.8,4.2,-2.1,15.8,368.6,Reduced movement,No,Mild
COW-1641,7,9.64,3.67,2.3,23,28.2,9.8,-2.3,20.6,532.6,Normal movement,No,Normal
COW-1642,6,7.6,4.59,3.1,6,25.5,5.9,-0.4,17.0,470.7,Normal movement,No,Subclinical
COW-1643,2,7.41,4.38,2.7,2,12.5,6.0,-12.9,17.7,361.7,Reduced movement,No,Subclinical
COW-1644,6,9.0,3.95,3.8,3,44.9,9.2,26.4,23.4,576.8,Unable to stand,No,Normal
COW-1645,1,5.69,7.73,4.5,-5,26.5,2.6,13.2,10.4,299.6,Reduced movement,Yes,Moderate
COW-1646,4,5.2,6.93,4.3,24,21.9,3.5,-10.3,11.3,241.9,Reduced movement,Yes,Moderate
COW-1647,7,7.29,5.89,2.4,-5,27.5,5.9,21.2,17.8,406.2,Lethargic,No,Subclinical
COW-1648,7,9.35,4.5,3.8,-3,42.3,9.3,-6.5,23.3,553.6,Lethargic,No,Normal
COW-1649,7,8.37,3.94,2.3,23,32.4,5.4,1.8,17.0,430.2,Reduced movement,No,Subclinical
COW-1650,3,8.56,3.35,4.9,13,17.2,9.1,1.0,21.4,478.0,Unable to stand,No,Normal
COW-1651,1,9.24,4.96,5.0,3,28.8,7.0,11.3,20.3,586.5,Normal movement,No,Normal
COW-1652,4,7.18,5.37,3.8,14,30.6,5.4,12.6,17.2,456.5,Muscle tremors,No,Subclinical
COW-1653,1,10.48,4.23,3.0,26,26.1,8.3,16.7,23.8,540.7,Normal movement,No,Normal
COW-1654,8,9.19,7.12,4.5,21,18.7,9.5,34.5,23.5,508.7,Muscle tremors,No,Normal
COW-1655,3,7.98,7.43,2.5,29,20.2,5.2,35.4,18.5,356.5,Reduced movement,No,Subclinical
COW-1656,7,5.89,3.53,4.3,15,24.4,3.1,-5.9,15.0,189.2,Reduced movement,Yes,Moderate
COW-1657,8,7.04,4.72,3.2,7,23.9,6.3,-14.4,18.4,419.3,Normal movement,No,Subclinical
COW-1658,3,6.29,5.74,2.7,23,14.9,4.5,30.1,14.9,260.2,Reduced movement,No,Mild
COW-1659,1,9.71,3.84,4.0,-5,33.7,7.5,-6.6,18.9,561.2,Lethargic,No,Normal
COW-1660,1,10.29,6.17,3.6,1,23.7,8.6,2.0,21.1,457.2,Normal movement,No,Normal
COW-1661,1,8.08,4.19,2.3,21,11.0,6.5,-14.2,19.6,406.2,Reduced movement,No,Subclinical
COW-1662,2,6.2,3.84,2.5,21,27.9,4.8,29.9,16.8,374.6,Lethargic,No,Mild
COW-1663,4,7.87,4.16,2.3,15,16.1,6.9,7.1,17.0,414.2,Lethargic,No,Subclinical
COW-1664,4,9.42,4.84,2.2,8,24.4,7.2,27.2,23.7,547.5,Muscle tremors,No,Normal
COW-1665,2,4.5,4.26,2.3,15,44.3,1.7,23.3,9.5,148.3,Reduced movement,Yes,Critical
COW-1666,6,10.46,7.56,3.3,27,32.4,9.0,-2.2,18.5,452.6,Unable to stand,No,Normal
COW-1667,1,6.21,6.69,4.3,0,12.1,4.2,5.6,17.4,296.3,Lethargic,No,Mild
COW-1668,7,8.91,7.73,4.2,16,14.7,7.1,2.5,24.5,539.7,Normal movement,No,Normal
COW-1669,7,7.91,4.66,2.7,29,11.9,5.6,35.5,15.1,477.0,Reduced movement,No,Subclinical
COW-1670,4,5.55,3.03,4.6,-1,43.4,2.8,-12.1,10.3,233.1,Reduced movement,Yes,Moderate
COW-1671,3,3.63,4.18,2.2,24,20.9,1.4,24.7,9.0,191.8,Reduced movement,Yes,Critical
COW-1672,4,7.42,7.31,3.4,18,23.9,6.2,-5.8,19.8,380.2,Muscle tremors,No,Subclinical
COW-1673,7,8.06,4.91,4.6,14,30.8,6.6,-6.6,19.0,353.0,Reduced movement,No,Subclinical
COW-1674,8,9.11,4.67,4.1,7,15.4,7.8,-4.6,21.9,522.1,Normal movement,No,Normal
COW-1675,6,5.44,4.87,3.5,-1,24.3,3.9,-12.9,14.6,296.5,Normal movement,Yes,Moderate
COW-1676,3,7.27,6.61,3.5,26,32.2,5.9,5.2,16.3,487.0,Normal movement,No,Subclinical
COW-1677,7,6.66,6.15,4.0,4,19.1,3.5,10.1,12.2,372.0,Reduced movement,No,Mild
COW-1678,3,8.52,4.99,3.8,0,28.1,9.3,-4.6,22.5,587.5,Muscle tremors,No,Normal
COW-1679,7,9.01,4.91,2.9,21,36.3,7.9,35.8,24.8,548.8,Normal movement,No,Normal
COW-1680,6,10.13,6.5,2.0,5,38.6,7.8,-14.9,19.5,562.2,Normal movement,No,Normal
COW-1681,7,6.47,4.87,4.1,7,27.0,4.3,12.6,16.4,275.6,Normal movement,No,Mild
COW-1682,4,7.26,4.3,4.7,21,25.4,5.1,35.2,15.9,463.9,Normal movement,No,Subclinical
COW-1683,3,5.07,3.15,2.7,26,33.5,2.2,-9.5,8.9,187.7,Normal movement,Yes,Moderate
COW-1684,1,9.83,6.96,3.1,28,44.5,9.4,26.9,18.3,481.7,Muscle tremors,No,Normal
COW-1685,6,7.85,4.58,2.7,18,33.3,5.7,5.8,18.4,401.5,Normal movement,No,Subclinical
COW-1686,6,4.63,7.18,4.8,-4,31.1,0.5,32.8,9.2,128.2,Lethargic,Yes,Critical
COW-1687,4,4.02,5.07,2.6,15,10.6,1.4,4.8,8.0,137.0,Normal movement,Yes,Critical
COW-1688,6,4.45,6.97,3.0,25,44.5,0.9,32.1,6.9,168.7,Normal movement,Yes,Critical
COW-1689,5,6.55,6.92,4.1,-3,14.5,4.4,28.8,17.2,381.4,Lethargic,No,Mild
COW-1690,8,5.15,4.2,2.6,0,13.7,2.9,39.6,8.8,259.5,Normal movement,Yes,Moderate
COW-1691,6,10.31,5.38,4.7,2,33.3,9.3,35.8,19.5,488.6,Muscle tremors,No,Normal
COW-1692,6,10.24,6.22,3.1,19,32.9,9.8,28.2,23.4,540.1,Muscle tremors,No,Normal
COW-1693,4,5.23,5.96,2.6,2,30.0,2.6,-8.0,8.8,220.8,Lethargic,Yes,Moderate
COW-1694,1,3.94,5.12,4.3,3,28.2,1.4,18.1,5.1,126.6,Reduced movement,Yes,Critical
COW-1695,1,9.58,7.19,3.5,24,15.2,8.4,0.6,19.0,591.4,Normal movement,No,Normal
COW-1696,5,7.7,5.87,3.9,8,27.3,6.4,23.7,16.4,477.2,Muscle tremors,No,Subclinical
COW-1697,6,8.81,4.13,4.2,6,40.0,9.2,25.0,23.9,590.2,Lethargic,No,Normal
COW-1698,3,4.89,7.95,4.3,20,12.5,1.3,25.0,6.0,161.3,Lethargic,Yes,Critical
COW-1699,4,6.63,6.96,4.6,-2,39.7,4.1,24.0,12.6,298.5,Muscle tremors,No,Mild
COW-1700,3,6.4,7.02,2.6,-5,22.7,4.0,32.1,17.4,281.5,Normal movement,No,Mild
COW-1701,3,6.34,3.28,3.1,25,16.3,5.0,-12.1,16.1,275.2,Unable to stand,No,Mild
COW-1702,7,6.87,4.2,3.5,6,32.8,4.3,5.6,14.4,255.1,Normal movement,No,Mild
COW-1703,7,6.25,3.41,3.5,27,17.9,4.3,17.3,14.2,268.0,Unable to stand,No,Mild
COW-1704,2,8.11,5.17,3.7,1,21.4,5.4,24.3,17.4,446.7,Unable to stand,No,Subclinical
COW-1705,1,9.29,3.32,4.5,29,35.0,9.5,28.5,23.5,529.5,Normal movement,No,Normal
COW-1706,4,6.87,3.9,3.7,15,14.3,4.8,-7.9,13.1,339.9,Reduced movement,No,Mild
COW-1707,2,6.51,5.53,3.1,29,16.0,4.7,38.7,12.2,397.0,Normal movement,No,Mild
COW-1708,1,10.39,5.22,3.7,15,28.3,8.6,39.2,23.5,548.9,Lethargic,No,Normal
COW-1709,4,6.62,3.71,4.6,8,43.5,4.3,18.1,12.3,255.5,Reduced movement,No,Mild
COW-1710,5,7.18,4.91,4.7,20,26.0,6.2,37.0,15.4,388.2,Muscle tremors,No,Subclinical
COW-1711,3,4.25,6.48,2.6,18,29.7,0.6,20.6,8.4,199.4,Unable to stand,Yes,Critical
COW-1712,7,6.74,7.82,2.7,12,14.4,3.6,-9.0,16.7,306.8,Unable to stand,No,Mild
COW-1713,6,7.9,7.34,2.7,-5,13.4,5.7,38.9,16.7,391.0,Reduced movement,No,Subclinical
COW-1714,2,8.1,5.94,4.4,1,28.5,5.2,23.5,17.6,481.3,Lethargic,No,Subclinical
COW-1715,2,8.26,4.73,4.2,29,29.3,5.3,33.5,19.7,408.4,Muscle tremors,No,Subclinical
COW-1716,3,7.36,3.71,3.7,12,11.9,6.4,24.9,18.6,448.6,Lethargic,No,Subclinical
COW-1717,4,6.61,4.77,3.4,13,19.7,3.8,8.5,14.7,315.8,Reduced movement,No,Mild
COW-1718,2,10.39,3.4,4.2,0,15.8,8.2,-11.8,20.2,463.5,Lethargic,No,Normal
COW-1719,8,8.13,7.66,2.4,26,28.0,5.0,39.9,19.7,451.6,Unable to stand,No,Subclinical
COW-1720,7,6.01,5.12,3.6,17,18.5,3.4,25.6,17.0,251.1,Unable to stand,No,Mild
COW-1721,1,6.55,5.62,2.7,-1,22.8,4.9,-7.7,16.0,382.3,Lethargic,No,Mild
COW-1722,7,4.19,6.4,4.5,2,20.2,0.8,11.6,9.8,120.6,Lethargic,Yes,Critical
COW-1723,7,8.93,7.13,2.1,24,41.2,7.9,31.7,24.5,546.4,Normal movement,No,Normal
COW-1724,8,7.46,3.93,3.1,1,25.1,5.7,-4.1,15.0,483.5,Unable to stand,No,Subclinical
COW-1725,3,7.58,4.25,3.4,18,20.5,6.8,8.6,15.0,465.4,Reduced movement,No,Subclinical
COW-1726,5,7.15,4.77,3.3,17,40.9,5.9,24.0,19.2,374.3,Normal movement,No,Subclinical
COW-1727,1,8.77,6.33,4.8,12,14.2,8.3,11.9,20.3,454.7,Muscle tremors,No,Normal
COW-1728,3,5.29,7.62,4.5,19,14.6,3.5,37.7,14.2,240.2,Normal movement,Yes,Moderate
COW-1729,6,9.5,4.71,4.9,-5,25.2,9.3,0.9,19.7,551.7,Muscle tremors,No,Normal
COW-1730,7,9.0,6.83,4.6,10,33.3,7.5,8.6,21.6,487.4,Muscle tremors,No,Normal
COW-1731,2,6.63,5.96,3.9,9,14.2,4.0,7.1,13.1,398.9,Lethargic,No,Mild
COW-1732,3,4.1,5.04,2.9,9,17.8,1.4,8.4,4.5,86.1,Normal movement,Yes,Critical
COW-1733,1,7.43,5.09,3.0,-2,16.4,5.5,-15.0,16.4,402.7,Lethargic,No,Subclinical
COW-1734,8,9.06,5.46,3.0,2,13.4,8.8,-14.2,21.0,487.8,Unable to stand,No,Normal
COW-1735,3,6.3,5.64,3.1,12,17.4,4.5,6.1,14.2,366.8,Normal movement,No,Mild
COW-1736,2,8.58,3.96,3.3,1,12.6,9.9,15.1,24.2,572.6,Lethargic,No,Normal
COW-1737,8,10.48,3.96,3.7,11,41.2,7.6,26.8,23.0,456.6,Unable to stand,No,Normal
COW-1738,6,4.13,5.1,4.8,27,37.7,1.6,-5.8,9.5,88.1,Lethargic,Yes,Critical
COW-1739,3,6.26,3.95,4.4,26,34.0,4.9,32.9,12.4,395.9,Normal movement,No,Mild
COW-1740,7,9.62,3.02,3.7,-5,40.8,8.2,28.5,22.3,481.0,Muscle tremors,No,Normal
COW-1741,5,7.42,3.86,2.1,10,20.2,5.4,20.2,18.5,432.8,Lethargic,No,Subclinical
COW-1742,5,5.79,4.05,2.3,17,32.1,2.1,38.5,14.9,298.7,Lethargic,Yes,Moderate
COW-1743,5,9.94,3.29,4.4,17,17.7,8.2,38.1,22.3,498.7,Reduced movement,No,Normal
COW-1744,1,9.57,3.53,4.2,19,43.1,9.9,-0.8,23.4,567.1,Unable to stand,No,Normal
COW-1745,8,7.31,6.76,2.5,9,35.5,5.5,8.9,17.9,471.2,Reduced movement,No,Subclinical
COW-1746,2,5.45,5.85,4.8,6,32.7,2.9,-13.8,13.7,201.1,Reduced movement,Yes,Moderate
COW-1747,7,5.62,5.28,3.9,20,13.5,2.4,14.0,9.0,231.2,Normal movement,Yes,Moderate
COW-1748,7,6.35,7.67,2.4,0,19.4,3.2,36.6,12.1,374.6,Unable to stand,No,Mild
COW-1749,1,10.42,6.54,2.6,25,36.6,7.3,34.1,23.2,500.8,Reduced movement,No,Normal
COW-1750,8,8.81,3.62,4.5,1,29.1,7.2,-9.4,22.8,544.1,Muscle tremors,No,Normal
COW-1751,4,8.55,4.13,4.6,19,34.0,8.3,24.3,19.0,548.3,Normal movement,No,Normal
COW-1752,2,7.31,4.67,3.1,0,41.3,6.9,18.2,16.4,361.4,Reduced movement,No,Subclinical
COW-1753,6,7.84,4.51,4.5,17,40.6,6.4,-0.1,15.8,450.1,Muscle tremors,No,Subclinical
COW-1754,5,6.73,7.67,2.4,4,21.2,4.4,6.5,12.5,250.3,Muscle tremors,No,Mild
COW-1755,2,5.52,7.97,2.5,19,22.3,3.9,12.2,9.9,190.9,Muscle tremors,Yes,Moderate
COW-1756,7,6.54,7.61,3.1,30,27.4,4.3,14.4,12.8,391.6,Unable to stand,No,Mild
COW-1757,4,7.54,6.47,4.2,0,18.2,6.2,-14.8,17.1,436.7,Normal movement,No,Subclinical
COW-1758,8,8.34,7.24,4.6,3,20.3,6.8,-7.1,15.3,402.4,Unable to stand,No,Subclinical
COW-1759,7,3.84,7.81,4.1,19,35.7,1.7,23.3,4.3,96.5,Muscle tremors,Yes,Critical
COW-1760,2,7.93,3.15,3.1,0,18.6,5.1,-14.3,19.2,480.6,Muscle tremors,No,Subclinical
COW-1761,3,9.44,5.35,4.2,23,37.3,7.4,23.2,21.7,592.3,Lethargic,No,Normal
COW-1762,1,10.26,3.05,4.5,24,29.4,7.1,30.6,23.3,525.5,Unable to stand,No,Normal
COW-1763,4,7.59,7.89,2.4,8,24.0,5.3,-11.9,19.9,428.2,Muscle tremors,No,Subclinical
COW-1764,2,10.13,7.14,2.5,18,32.6,8.4,-4.3,20.2,546.3,Normal movement,No,Normal
COW-1765,6,9.71,5.71,2.2,-5,36.5,9.5,2.0,18.2,492.3,Unable to stand,No,Normal
COW-1766,1,8.98,7.93,3.5,-2,21.0,7.3,36.9,22.0,456.7,Normal movement,No,Normal
COW-1767,5,4.84,4.78,2.4,1,21.6,1.3,34.3,5.9,126.9,Unable to stand,Yes,Critical
COW-1768,3,8.55,3.19,2.5,24,12.8,9.4,19.4,21.3,580.3,Reduced movement,No,Normal
COW-1769,3,5.69,6.64,4.0,16,25.7,2.3,-7.8,14.7,242.0,Lethargic,Yes,Moderate
COW-1770,7,7.06,7.99,3.8,4,29.8,6.4,39.7,18.4,385.9,Normal movement,No,Subclinical
COW-1771,3,5.69,7.48,3.5,24,21.0,2.6,36.4,14.1,275.7,Reduced movement,Yes,Moderate
COW-1772,6,9.21,7.93,4.9,23,32.8,7.2,-7.3,23.0,519.1,Normal movement,No,Normal
COW-1773,8,3.56,7.59,2.4,18,27.9,1.8,19.4,6.4,182.8,Lethargic,Yes,Critical
COW-1774,7,7.71,6.1,3.9,10,34.5,5.5,15.8,19.4,452.4,Reduced movement,No,Subclinical
COW-1775,5,5.34,7.37,4.0,17,26.3,3.1,20.3,14.0,206.8,Muscle tremors,Yes,Moderate
COW-1776,3,9.96,4.0,3.0,15,22.0,9.8,18.2,24.5,565.2,Reduced movement,No,Normal
COW-1777,8,6.1,3.73,2.6,-3,44.6,3.9,27.6,15.3,392.3,Normal movement,No,Mild
COW-1778,6,4.61,3.11,4.3,22,19.4,2.0,20.0,5.3,105.4,Normal movement,Yes,Critical
COW-1779,5,9.31,5.62,4.0,11,16.4,7.9,-12.0,23.0,580.7,Muscle tremors,No,Normal
COW-1780,5,8.83,6.44,2.5,22,22.4,8.0,23.1,20.9,521.3,Muscle tremors,No,Normal
COW-1781,4,5.07,7.93,4.8,15,10.5,3.3,34.3,12.3,218.8,Reduced movement,Yes,Moderate
COW-1782,6,7.16,3.02,3.4,3,32.2,6.9,20.1,17.0,428.1,Unable to stand,No,Subclinical
COW-1783,4,9.99,6.0,2.6,8,43.3,7.6,38.4,22.9,566.2,Unable to stand,No,Normal
COW-1784,6,4.64,7.34,4.1,24,24.5,0.5,4.3,9.4,140.3,Unable to stand,Yes,Critical
COW-1785,6,7.16,5.97,3.6,19,20.0,5.4,21.3,17.1,376.5,Muscle tremors,No,Subclinical
COW-1786,2,6.9,6.08,3.2,26,36.2,4.6,19.3,12.6,347.4,Unable to stand,No,Mild
COW-1787,8,9.51,4.06,4.3,30,23.3,9.4,-4.2,22.7,577.8,Muscle tremors,No,Normal
COW-1788,6,4.85,6.52,4.2,-5,42.9,1.9,28.0,6.5,178.5,Unable to stand,Yes,Critical
COW-1789,5,9.11,3.02,4.7,-3,10.5,9.7,-6.6,24.4,551.0,Lethargic,No,Normal
COW-1790,6,5.3,7.87,2.6,20,39.0,3.9,29.1,14.9,209.0,Unable to stand,Yes,Moderate
COW-1791,7,8.37,5.19,2.3,3,27.6,5.3,19.7,19.5,427.6,Muscle tremors,No,Subclinical
COW-1792,5,5.75,3.13,2.0,4,11.0,2.3,23.9,10.3,191.2,Normal movement,Yes,Moderate
COW-1793,1,8.04,4.79,2.7,9,20.4,5.3,14.4,17.3,444.7,Reduced movement,No,Subclinical
COW-1794,7,6.69,6.14,3.9,1,13.9,4.3,36.0,13.6,390.2,Normal movement,No,Mild
COW-1795,5,9.02,7.56,2.6,1,27.2,7.5,-13.8,18.5,576.7,Normal movement,No,Normal
COW-1796,2,7.29,5.25,2.5,14,10.4,5.8,-5.2,19.4,445.0,Unable to stand,No,Subclinical
COW-1797,1,6.11,6.0,2.0,28,36.0,3.7,36.0,14.1,399.2,Reduced movement,No,Mild
COW-1798,1,6.47,7.49,2.1,3,17.7,4.5,25.0,13.3,304.7,Reduced movement,No,Mild
COW-1799,8,8.9,5.34,4.4,22,27.9,7.3,7.0,23.0,547.8,Reduced movement,No,Normal
COW-1800,4,9.87,5.92,4.3,14,15.8,9.7,-3.7,20.0,508.9,Muscle tremors,No,Normal
COW-1801,8,7.59,6.04,3.3,17,23.1,6.5,19.8,19.1,443.4,Normal movement,No,Subclinical
COW-1802,1,8.34,7.39,4.9,28,22.3,5.5,-13.4,17.0,440.6,Reduced movement,No,Subclinical
COW-1803,7,5.71,4.86,4.3,2,10.3,2.7,22.9,8.5,258.8,Lethargic,Yes,Moderate
COW-1804,6,10.3,5.64,2.3,12,35.1,8.7,37.0,20.7,540.3,Normal movement,No,Normal
COW-1805,7,7.95,3.25,3.5,-3,44.7,5.9,8.2,19.1,379.7,Normal movement,No,Subclinical
COW-1806,6,7.83,6.92,3.7,-5,41.9,5.5,0.6,15.1,352.7,Muscle tremors,No,Subclinical
COW-1807,1,9.17,5.08,2.9,15,36.4,7.0,7.0,21.3,574.5,Unable to stand,No,Normal
COW-1808,8,6.55,7.24,4.9,2,39.5,3.8,36.6,16.2,318.2,Normal movement,No,Mild
COW-1809,1,10.15,6.62,2.7,0,16.7,7.4,34.6,25.0,579.2,Lethargic,No,Normal
COW-1810,1,5.84,3.55,4.8,-1,19.2,3.7,22.8,9.8,274.2,Muscle tremors,Yes,Moderate
COW-1811,3,10.35,3.74,3.8,21,32.3,8.8,21.8,18.8,497.9,Unable to stand,No,Normal
COW-1812,8,7.93,4.13,2.8,13,34.9,7.0,4.4,16.6,459.6,Reduced movement,No,Subclinical
COW-1813,4,6.63,6.35,3.4,19,16.6,3.2,-9.3,15.0,281.9,Reduced movement,No,Mild
COW-1814,6,5.68,5.52,4.7,9,42.1,2.6,6.2,11.2,198.5,Muscle tremors,Yes,Moderate
COW-1815,4,5.7,4.54,4.6,1,15.2,2.4,33.2,9.9,199.7,Normal movement,Yes,Moderate
COW-1816,8,8.87,4.33,4.8,0,22.4,7.1,-3.3,22.6,517.9,Muscle tremors,No,Normal
COW-1817,6,7.07,6.66,3.3,13,16.6,5.5,-5.3,15.5,447.3,Lethargic,No,Subclinical
COW-1818,8,7.73,3.56,2.3,-3,30.1,5.2,-1.9,15.2,387.3,Unable to stand,No,Subclinical
COW-1819,4,10.27,4.1,4.5,12,27.3,9.1,-5.6,20.8,508.9,Reduced movement,No,Normal
COW-1820,5,9.91,7.54,3.9,14,39.8,7.9,22.8,18.0,477.8,Reduced movement,No,Normal
COW-1821,2,8.83,6.33,3.3,-4,16.2,8.0,-0.5,21.2,594.3,Normal movement,No,Normal
COW-1822,1,9.69,4.24,2.3,-4,29.9,9.9,39.5,22.1,523.2,Reduced movement,No,Normal
COW-1823,3,8.06,4.68,3.5,17,44.6,6.6,-0.8,15.5,470.6,Muscle tremors,No,Subclinical
COW-1824,8,8.53,6.87,4.6,25,13.9,8.1,22.7,23.0,583.7,Normal movement,No,Normal
COW-1825,7,10.21,4.22,4.2,22,22.6,9.0,25.9,19.0,524.7,Reduced movement,No,Normal
COW-1826,7,5.57,7.5,3.3,28,16.1,3.9,35.1,14.1,261.5,Lethargic,Yes,Moderate
COW-1827,7,5.53,5.9,4.1,2,25.2,3.9,10.0,9.9,202.9,Lethargic,Yes,Moderate
COW-1828,1,9.5,7.83,3.9,5,20.6,9.1,0.9,21.3,472.5,Lethargic,No,Normal
COW-1829,1,8.93,3.03,3.1,-5,11.7,9.5,-7.4,18.9,523.3,Lethargic,No,Normal
COW-1830,3,5.86,5.16,4.8,13,17.7,3.4,11.0,9.0,268.0,Lethargic,Yes,Moderate
COW-1831,7,9.35,4.51,2.9,22,33.8,9.9,2.7,18.7,489.2,Unable to stand,No,Normal
COW-1832,4,9.0,4.49,4.8,24,29.1,8.2,5.7,19.4,495.7,Muscle tremors,No,Normal
COW-1833,8,9.89,4.77,3.4,21,26.1,8.5,35.2,22.8,503.6,Normal movement,No,Normal
COW-1834,7,3.62,5.9,3.1,29,41.5,0.7,33.3,9.4,174.4,Normal movement,Yes,Critical
COW-1835,7,6.11,5.59,4.5,0,11.9,4.3,30.6,14.8,364.4,Normal movement,No,Mild
COW-1836,2,10.14,3.61,3.8,27,35.9,8.7,-12.1,22.8,579.6,Reduced movement,No,Normal
COW-1837,8,7.19,6.14,4.2,-5,38.2,6.8,19.3,18.2,373.2,Reduced movement,No,Subclinical
COW-1838,1,8.81,3.52,2.1,27,25.5,9.6,-11.9,21.6,487.1,Normal movement,No,Normal
COW-1839,8,10.47,7.11,4.0,2,25.1,9.5,20.0,23.9,532.0,Reduced movement,No,Normal
COW-1840,4,8.84,4.45,4.0,26,22.9,9.2,0.1,21.8,521.4,Muscle tremors,No,Normal
COW-1841,2,6.42,3.6,3.2,14,11.2,4.6,20.8,12.9,292.5,Unable to stand,No,Mild
COW-1842,6,8.35,7.91,3.1,27,17.4,5.9,34.6,18.6,391.5,Unable to stand,No,Subclinical
COW-1843,2,7.24,5.3,4.6,3,19.7,5.3,26.9,18.3,434.5,Lethargic,No,Subclinical
COW-1844,2,5.82,6.29,3.7,27,37.1,3.3,13.9,10.6,236.6,Reduced movement,Yes,Moderate
COW-1845,6,6.53,6.66,2.7,1,27.5,4.7,22.4,12.4,254.4,Lethargic,No,Mild
COW-1846,4,6.09,7.87,4.8,-2,31.4,4.8,-8.7,16.4,307.6,Normal movement,No,Mild
COW-1847,6,7.85,6.49,3.1,30,17.0,6.7,-1.1,19.6,398.2,Muscle tremors,No,Subclinical
COW-1848,4,6.18,3.96,3.7,1,17.1,3.3,29.6,16.9,371.3,Normal movement,No,Mild
COW-1849,7,7.8,7.79,4.2,28,27.4,6.7,30.8,16.7,452.4,Unable to stand,No,Subclinical
COW-1850,6,5.32,5.19,3.9,-1,29.9,3.8,-8.0,14.0,276.2,Unable to stand,Yes,Moderate
COW-1851,2,9.5,7.11,2.9,11,23.7,7.2,4.7,21.8,453.4,Reduced movement,No,Normal
COW-1852,2,4.25,4.56,3.9,29,34.4,0.9,-8.9,7.1,153.3,Muscle tremors,Yes,Critical
COW-1853,5,4.41,7.44,2.2,8,29.1,0.5,25.4,6.5,104.1,Normal movement,Yes,Critical
COW-1854,2,10.11,7.04,3.0,-1,43.2,8.7,17.9,22.3,575.3,Unable to stand,No,Normal
COW-1855,8,5.85,5.54,4.0,22,26.7,2.5,28.0,8.3,184.3,Reduced movement,Yes,Moderate
COW-1856,1,8.55,4.9,4.1,-4,29.3,9.3,-12.1,19.4,541.2,Muscle tremors,No,Normal
COW-1857,7,6.63,6.08,4.7,17,16.8,4.1,9.0,12.7,267.7,Normal movement,No,Mild
COW-1858,2,9.68,6.97,3.7,-5,40.6,7.7,-1.3,23.2,583.3,Normal movement,No,Normal
COW-1859,3,9.38,7.45,5.0,3,31.2,7.8,11.3,20.2,540.4,Normal movement,No,Normal
COW-1860,2,6.23,4.78,4.7,9,25.5,4.1,1.6,15.0,360.3,Lethargic,No,Mild
COW-1861,5,5.78,5.71,2.3,17,41.5,2.5,23.8,14.3,218.3,Unable to stand,Yes,Moderate
COW-1862,2,7.28,6.71,2.6,18,35.4,5.3,28.3,19.9,384.6,Normal movement,No,Subclinical
COW-1863,8,4.41,3.17,2.8,19,20.5,1.2,38.1,4.7,139.9,Normal movement,Yes,Critical
COW-1864,7,9.49,4.03,2.6,22,28.6,9.6,21.3,20.7,456.7,Normal movement,No,Normal
COW-1865,6,8.31,7.14,2.8,8,36.5,6.8,3.8,18.8,400.4,Unable to stand,No,Subclinical
COW-1866,7,8.1,5.77,4.9,13,40.0,6.9,36.6,18.8,471.1,Muscle tremors,No,Subclinical
COW-1867,5,7.23,3.66,2.0,12,13.0,5.8,-1.3,18.7,488.7,Unable to stand,No,Subclinical
COW-1868,7,8.58,6.27,4.3,-5,14.4,7.8,16.3,19.9,487.6,Lethargic,No,Normal
COW-1869,3,5.4,4.79,3.9,30,17.6,2.0,-11.8,8.1,184.4,Normal movement,Yes,Moderate
COW-1870,6,10.41,4.3,3.5,9,32.1,8.3,-6.9,19.8,568.0,Unable to stand,No,Normal
COW-1871,4,6.1,5.9,2.1,9,12.1,3.1,24.3,16.1,379.1,Lethargic,No,Mild
COW-1872,1,4.45,6.0,3.0,-1,27.7,1.8,-8.8,6.1,166.2,Normal movement,Yes,Critical
COW-1873,6,9.64,5.13,2.8,-4,21.4,9.5,28.3,22.8,460.7,Lethargic,No,Normal
COW-1874,6,4.16,3.22,4.8,-4,13.7,2.0,-3.4,7.7,99.2,Lethargic,Yes,Critical
COW-1875,6,8.32,3.75,4.3,0,43.4,5.8,37.7,17.9,448.6,Reduced movement,No,Subclinical
COW-1876,7,7.75,6.04,4.0,28,25.4,5.2,-0.2,19.4,469.7,Unable to stand,No,Subclinical
COW-1877,4,9.16,4.57,4.9,10,25.6,9.4,37.7,24.8,484.6,Muscle tremors,No,Normal
COW-1878,6,7.78,4.15,4.4,9,29.9,5.2,30.5,16.8,422.6,Reduced movement,No,Subclinical
COW-1879,4,5.7,4.3,2.9,15,14.1,2.8,7.5,12.1,196.6,Unable to stand,Yes,Moderate
COW-1880,8,4.39,3.08,2.4,11,36.8,1.7,24.1,9.4,185.2,Muscle tremors,Yes,Critical
COW-1881,3,6.78,3.37,3.5,28,42.2,4.7,34.7,12.1,275.0,Lethargic,No,Mild
COW-1882,4,9.92,5.96,3.8,-3,12.6,7.4,35.6,24.3,584.8,Muscle tremors,No,Normal
COW-1883,8,5.67,6.67,4.2,27,12.9,2.9,34.3,13.3,264.0,Unable to stand,Yes,Moderate
COW-1884,8,7.53,7.72,2.3,14,27.3,5.9,-12.3,17.5,438.2,Unable to stand,No,Subclinical
COW-1885,7,5.26,3.21,4.8,8,25.1,2.8,0.3,13.3,294.4,Unable to stand,Yes,Moderate
COW-1886,6,9.07,7.43,2.9,11,44.6,7.4,26.4,19.9,515.8,Reduced movement,No,Normal
COW-1887,3,6.09,5.99,2.1,29,28.8,4.1,-4.3,15.1,275.3,Muscle tremors,No,Mild
COW-1888,1,5.33,5.22,2.4,24,20.3,2.6,-9.0,14.6,231.2,Normal movement,Yes,Moderate
COW-1889,7,7.69,6.34,4.9,0,36.0,5.2,-2.8,15.7,391.8,Normal movement,No,Subclinical
COW-1890,6,9.05,6.53,2.9,-3,25.2,8.9,36.3,21.6,566.6,Unable to stand,No,Normal
COW-1891,1,10.4,7.36,2.7,7,19.3,8.9,-6.7,19.7,538.0,Reduced movement,No,Normal
COW-1892,5,6.12,6.62,2.6,22,12.4,4.3,15.7,12.5,327.4,Reduced movement,No,Mild
COW-1893,1,6.38,6.19,3.5,6,40.7,3.5,31.2,14.3,337.6,Lethargic,No,Mild
COW-1894,8,6.72,3.48,2.3,13,24.7,3.8,9.6,14.1,322.1,Reduced movement,No,Mild
COW-1895,2,6.16,4.99,2.4,25,39.4,4.9,32.5,16.0,302.1,Unable to stand,No,Mild
COW-1896,4,7.04,5.05,3.7,15,19.2,5.5,2.5,16.1,477.6,Muscle tremors,No,Subclinical
COW-1897,7,5.36,4.7,4.5,14,25.7,3.8,-2.8,9.9,267.4,Reduced movement,Yes,Moderate
COW-1898,2,8.33,3.1,4.2,19,13.2,6.2,23.8,16.6,440.7,Lethargic,No,Subclinical
COW-1899,2,6.59,3.78,3.6,9,20.2,4.0,-6.1,14.2,279.8,Lethargic,No,Mild
COW-1900,4,9.61,6.78,3.6,27,23.9,7.7,11.7,18.1,576.8,Reduced movement,No,Normal
COW-1901,1,8.96,3.62,4.4,20,14.6,9.3,25.7,19.7,490.9,Lethargic,No,Normal
COW-1902,2,5.07,3.07,4.5,4,13.3,3.4,17.4,13.3,229.8,Muscle tremors,Yes,Moderate
COW-1903,5,10.07,5.29,2.3,25,23.2,8.3,8.6,23.2,495.3,Reduced movement,No,Normal
COW-1904,5,4.18,3.09,3.5,20,43.3,1.9,26.9,7.2,109.4,Normal movement,Yes,Critical
COW-1905,1,7.56,6.21,3.0,0,13.3,5.5,-5.7,16.8,434.5,Muscle tremors,No,Subclinical
COW-1906,2,7.2,5.83,2.7,26,18.8,6.2,2.1,17.4,458.5,Lethargic,No,Subclinical
COW-1907,1,5.29,6.45,4.3,26,29.1,3.1,2.2,10.8,180.7,Reduced movement,Yes,Moderate
COW-1908,8,9.53,3.53,4.1,19,14.5,9.6,-14.3,24.9,462.2,Unable to stand,No,Normal
COW-1909,3,6.18,5.48,3.9,28,27.1,4.7,26.2,12.7,382.8,Unable to stand,No,Mild
COW-1910,1,7.42,6.38,3.6,18,29.7,5.9,-5.9,16.5,488.3,Lethargic,No,Subclinical
COW-1911,4,8.12,5.36,2.6,16,42.4,6.9,24.6,16.9,440.7,Reduced movement,No,Subclinical
COW-1912,8,8.52,7.88,2.9,7,17.0,8.2,-9.8,19.1,460.1,Muscle tremors,No,Normal
COW-1913,1,9.75,7.42,3.0,-5,42.5,8.8,0.1,18.5,545.5,Muscle tremors,No,Normal
COW-1914,5,7.51,6.21,2.6,4,13.6,6.5,-3.1,19.7,434.2,Reduced movement,No,Subclinical
COW-1915,2,8.75,5.88,4.6,12,43.8,8.6,25.5,22.5,507.4,Unable to stand,No,Normal
COW-1916,8,6.19,7.65,3.8,4,15.8,3.0,33.1,13.4,282.5,Lethargic,No,Mild
COW-1917,1,8.77,4.51,4.3,10,29.6,9.4,5.8,21.0,520.8,Muscle tremors,No,Normal
COW-1918,6,6.28,7.21,4.9,12,34.9,4.0,31.2,15.2,382.5,Unable to stand,No,Mild
COW-1919,5,7.96,3.13,3.1,24,37.0,6.1,4.0,17.2,402.2,Muscle tremors,No,Subclinical
COW-1920,4,9.26,5.21,3.6,-5,30.5,7.5,3.1,23.2,451.6,Lethargic,No,Normal
COW-1921,1,5.55,3.22,4.1,11,19.6,2.1,-11.9,9.9,237.4,Unable to stand,Yes,Moderate
COW-1922,8,5.9,7.37,4.3,1,11.3,3.3,-13.4,11.4,236.8,Reduced movement,Yes,Moderate
COW-1923,3,6.78,3.28,3.9,-2,21.0,3.3,32.2,14.5,376.9,Lethargic,No,Mild
COW-1924,4,4.42,7.5,4.7,5,41.7,1.6,17.3,6.0,160.6,Lethargic,Yes,Critical
COW-1925,7,7.58,6.81,2.4,12,12.9,6.3,9.4,15.3,378.9,Lethargic,No,Subclinical
COW-1926,7,6.16,4.37,3.1,16,26.3,4.5,31.0,17.0,250.5,Normal movement,No,Mild
COW-1927,8,7.12,4.59,3.9,-4,36.8,6.8,28.4,15.9,363.0,Reduced movement,No,Subclinical
COW-1928,8,6.07,6.21,4.7,7,36.2,4.4,25.6,13.5,375.6,Lethargic,No,Mild
COW-1929,5,8.86,3.94,4.7,6,44.3,7.4,-0.7,20.2,483.9,Muscle tremors,No,Normal
COW-1930,8,9.21,7.15,4.1,5,11.3,8.1,30.9,23.4,528.5,Muscle tremors,No,Normal
COW-1931,4,10.49,4.44,3.0,27,29.3,8.3,25.9,22.5,552.3,Lethargic,No,Normal
COW-1932,4,9.02,6.29,2.6,3,26.4,8.4,2.8,18.2,467.3,Unable to stand,No,Normal
COW-1933,1,7.45,3.79,3.4,16,32.7,5.2,-9.5,16.8,485.2,Lethargic,No,Subclinical
COW-1934,8,9.59,5.97,4.1,20,26.6,9.3,-1.6,21.1,542.5,Lethargic,No,Normal
COW-1935,8,6.61,6.82,4.7,27,13.8,3.6,8.4,17.8,381.6,Lethargic,No,Mild
COW-1936,7,4.33,5.98,4.1,28,16.9,0.7,38.5,5.0,116.1,Reduced movement,Yes,Critical
COW-1937,6,10.08,3.71,3.0,20,15.8,7.2,-15.0,18.6,568.9,Reduced movement,No,Normal
COW-1938,3,9.1,3.45,2.7,30,39.6,7.2,5.6,19.7,480.5,Muscle tremors,No,Normal
COW-1939,2,9.44,6.34,4.5,10,36.7,9.1,-9.7,22.9,586.9,Reduced movement,No,Normal
COW-1940,3,9.3,7.36,3.8,29,12.5,8.0,11.9,20.0,551.2,Unable to stand,No,Normal
COW-1941,3,10.04,6.05,4.3,-1,32.6,8.1,-7.4,20.4,573.5,Reduced movement,No,Normal
COW-1942,5,9.37,4.42,3.2,25,11.2,8.0,37.7,22.6,513.9,Muscle tremors,No,Normal
COW-1943,7,9.86,6.43,2.3,20,38.1,9.5,-14.3,21.3,462.4,Lethargic,No,Normal
COW-1944,7,9.87,5.11,2.2,22,19.1,7.0,19.9,22.6,550.5,Unable to stand,No,Normal
COW-1945,8,5.45,7.86,2.3,6,44.3,3.6,14.2,13.0,281.3,Muscle tremors,Yes,Moderate
COW-1946,2,5.14,3.99,4.4,24,25.2,2.7,10.6,14.5,250.8,Normal movement,Yes,Moderate
COW-1947,8,9.42,5.13,4.0,-4,29.0,7.2,-5.2,22.2,505.4,Lethargic,No,Normal
COW-1948,8,7.45,3.18,4.2,10,16.1,6.3,14.4,18.0,403.6,Reduced movement,No,Subclinical
COW-1949,8,6.39,4.22,4.5,28,29.9,3.5,-12.8,17.8,353.3,Lethargic,No,Mild
COW-1950,3,7.85,5.56,4.2,16,42.5,6.4,26.2,19.1,365.2,Muscle tremors,No,Subclinical
COW-1951,3,8.33,7.18,3.3,2,37.8,5.5,16.4,18.3,482.4,Lethargic,No,Subclinical
COW-1952,4,6.62,7.68,2.8,6,19.7,3.1,21.9,15.4,282.3,Unable to stand,No,Mild
COW-1953,3,7.95,5.07,2.4,12,26.2,5.5,28.5,17.0,352.8,Lethargic,No,Subclinical
COW-1954,4,8.54,6.56,4.5,21,32.2,8.0,3.1,18.4,493.2,Muscle tremors,No,Normal
COW-1955,1,7.48,7.27,3.5,29,34.4,5.6,22.0,19.1,372.8,Lethargic,No,Subclinical
COW-1956,2,7.88,7.92,3.1,13,36.3,6.1,9.8,16.7,381.1,Muscle tremors,No,Subclinical
COW-1957,3,9.75,6.76,2.9,26,44.6,8.7,5.6,20.9,564.7,Unable to stand,No,Normal
COW-1958,2,8.69,3.89,2.5,20,29.3,7.7,4.4,24.9,535.6,Reduced movement,No,Normal
COW-1959,5,7.45,7.8,4.3,15,27.6,5.7,14.3,15.5,482.7,Reduced movement,No,Subclinical
COW-1960,8,5.68,7.37,3.2,-5,28.6,2.6,3.4,14.5,198.8,Muscle tremors,Yes,Moderate
COW-1961,2,6.35,6.18,3.9,3,31.3,4.3,12.7,17.8,311.5,Normal movement,No,Mild
COW-1962,7,8.32,5.36,2.3,18,10.8,5.7,18.1,16.2,435.4,Muscle tremors,No,Subclinical
COW-1963,4,8.19,3.88,4.8,7,21.3,5.3,1.1,16.8,481.2,Normal movement,No,Subclinical
COW-1964,8,9.42,3.88,3.4,2,38.1,9.1,31.1,21.1,486.3,Reduced movement,No,Normal
COW-1965,2,8.51,7.98,4.6,-1,37.4,7.1,37.7,22.7,580.1,Unable to stand,No,Normal
COW-1966,1,9.38,7.14,4.2,-3,22.7,9.5,24.4,18.4,571.7,Unable to stand,No,Normal
COW-1967,8,6.39,7.13,4.3,2,35.3,3.2,5.2,12.9,289.4,Lethargic,No,Mild
COW-1968,4,10.09,3.37,4.7,26,36.3,7.6,26.6,18.7,546.3,Lethargic,No,Normal
COW-1969,8,9.16,3.18,2.4,28,20.1,8.4,-2.8,19.8,491.3,Lethargic,No,Normal
COW-1970,5,7.43,6.57,4.0,4,36.0,6.4,23.2,17.8,395.7,Reduced movement,No,Subclinical
COW-1971,7,6.23,3.74,2.0,18,35.2,3.5,26.0,17.1,337.5,Unable to stand,No,Mild
COW-1972,3,8.36,5.62,3.1,26,32.7,6.3,32.9,17.9,425.2,Muscle tremors,No,Subclinical
COW-1973,7,8.53,4.12,2.8,2,32.7,9.8,4.6,20.4,496.4,Muscle tremors,No,Normal
COW-1974,1,8.18,4.14,2.6,-3,23.9,6.7,-9.6,18.9,428.6,Lethargic,No,Subclinical
COW-1975,5,7.77,7.85,2.2,28,18.7,6.1,-0.9,18.7,480.9,Reduced movement,No,Subclinical
COW-1976,4,6.21,4.33,2.8,7,35.7,4.4,35.5,13.1,396.9,Reduced movement,No,Mild
COW-1977,1,7.29,3.49,4.6,-2,21.2,5.5,19.9,18.8,421.6,Reduced movement,No,Subclinical
COW-1978,8,7.12,5.44,3.7,22,40.1,5.4,-8.9,17.7,382.2,Muscle tremors,No,Subclinical
COW-1979,4,6.53,4.26,3.2,12,27.2,4.3,-5.3,16.5,398.8,Unable to stand,No,Mild
COW-1980,5,8.33,4.38,3.7,14,31.9,5.6,-8.9,19.3,387.4,Reduced movement,No,Subclinical
COW-1981,6,8.25,6.8,4.0,1,42.4,6.0,9.4,17.5,376.8,Unable to stand,No,Subclinical
COW-1982,4,5.7,4.6,3.6,1,34.0,3.5,36.0,9.5,240.2,Reduced movement,Yes,Moderate
COW-1983,3,7.45,3.79,4.0,15,43.5,5.4,39.0,17.0,375.8,Unable to stand,No,Subclinical
COW-1984,5,5.21,4.85,2.9,17,39.0,2.5,2.3,14.5,280.1,Lethargic,Yes,Moderate
COW-1985,7,8.07,5.04,3.9,3,44.1,5.0,27.2,19.7,358.3,Normal movement,No,Subclinical
COW-1986,4,5.19,4.61,4.4,15,29.5,3.4,25.6,10.1,224.8,Reduced movement,Yes,Moderate
COW-1987,8,6.77,5.4,4.2,25,43.3,3.2,37.1,13.5,298.8,Muscle tremors,No,Mild
COW-1988,8,6.22,3.28,3.0,29,22.9,5.0,35.8,15.5,258.9,Normal movement,No,Mild
COW-1989,2,7.45,3.75,2.9,7,29.7,6.6,9.1,17.1,372.8,Lethargic,No,Subclinical
COW-1990,5,7.78,6.85,4.6,15,43.5,6.6,4.9,18.4,371.1,Muscle tremors,No,Subclinical
COW-1991,4,6.17,6.39,4.1,11,31.1,3.9,36.3,14.8,300.0,Reduced movement,No,Mild
COW-1992,7,9.35,3.3,5.0,18,10.6,9.4,9.0,23.6,574.8,Normal movement,No,Normal
COW-1993,6,4.61,6.67,3.7,30,37.3,1.2,14.2,7.4,156.1,Unable to stand,Yes,Critical
COW-1994,2,5.52,3.37,4.1,12,26.3,2.9,33.9,12.6,202.9,Reduced movement,Yes,Moderate
COW-1995,2,6.16,6.7,4.8,-4,24.1,4.2,1.2,14.7,367.2,Unable to stand,No,Mild
COW-1996,1,5.01,5.92,4.3,29,26.0,2.6,21.6,9.1,282.7,Unable to stand,Yes,Moderate
COW-1997,3,5.17,5.67,4.8,-3,37.3,2.3,14.7,10.2,192.1,Normal movement,Yes,Moderate
COW-1998,6,10.36,7.96,2.7,8,37.0,9.0,-13.5,19.4,474.5,Muscle tremors,No,Normal
COW-1999,7,8.55,3.25,3.3,7,17.2,9.6,5.9,24.0,481.3,Normal movement,No,Normal
COW-2000,3,9.51,4.05,4.8,17,36.2,8.7,2.4,21.6,474.4,Reduced movement,No,Normal
COW-2001,2,10.1,5.28,2.0,21,24.0,8.1,32.2,19.8,466.8,Lethargic,No,Normal
COW-2002,5,8.17,8.0,2.3,19,40.7,5.9,-14.1,19.2,395.1,Lethargic,No,Subclinical
COW-2003,6,6.04,5.59,2.4,25,36.7,4.7,-11.6,13.1,251.4,Reduced movement,No,Mild
COW-2004,5,5.33,7.68,4.9,6,22.8,2.8,35.9,9.1,200.7,Reduced movement,Yes,Moderate
COW-2005,4,9.11,4.61,4.3,16,11.0,8.9,10.9,24.4,489.8,Reduced movement,No,Normal
COW-2006,1,5.49,3.5,3.0,9,13.2,3.5,39.4,13.1,200.4,Normal movement,Yes,Moderate
COW-2007,8,4.88,6.02,3.9,14,26.7,1.8,34.5,7.2,96.1,Lethargic,Yes,Critical
COW-2008,6,10.41,7.16,3.7,3,17.7,9.0,-7.9,18.7,523.9,Reduced movement,No,Normal
COW-2009,2,9.99,4.25,2.8,14,21.5,9.2,38.6,20.0,542.3,Unable to stand,No,Normal
COW-2010,5,8.06,5.9,4.8,-3,36.2,5.3,29.0,17.1,449.2,Normal movement,No,Subclinical
COW-2011,3,5.01,4.98,2.0,25,26.9,3.3,3.9,13.8,208.5,Unable to stand,Yes,Moderate
COW-2012,4,7.63,6.28,3.5,16,21.8,5.5,34.1,17.2,461.7,Lethargic,No,Subclinical
COW-2013,8,10.04,6.82,2.8,18,24.9,8.4,-13.6,18.7,578.4,Unable to stand,No,Normal
COW-2014,4,10.45,3.63,3.0,23,25.3,9.5,39.1,18.8,556.9,Normal movement,No,Normal
COW-2015,3,4.06,7.2,2.7,-4,17.0,1.9,26.0,10.0,103.4,Unable to stand,Yes,Critical
COW-2016,3,6.51,5.7,4.1,28,15.8,4.1,-6.3,12.3,330.0,Reduced movement,No,Mild
COW-2017,4,6.76,6.05,4.6,12,11.7,4.5,38.3,12.9,391.3,Muscle tremors,No,Mild
COW-2018,7,10.29,3.0,2.8,30,33.4,8.4,-3.5,19.0,590.7,Unable to stand,No,Normal
COW-2019,2,7.08,6.82,4.4,10,23.7,5.8,-6.2,15.7,473.4,Muscle tremors,No,Subclinical
COW-2020,4,7.35,3.7,3.2,4,17.2,5.7,-7.2,16.1,492.4,Lethargic,No,Subclinical
COW-2021,1,6.57,5.99,2.7,23,20.5,4.0,-8.1,15.1,365.7,Unable to stand,No,Mild
COW-2022,2,8.23,7.75,2.1,11,13.9,6.5,10.7,18.6,481.3,Unable to stand,No,Subclinical
COW-2023,8,10.02,6.02,3.8,18,18.4,7.7,31.7,18.7,599.6,Muscle tremors,No,Normal
COW-2024,7,5.38,6.62,2.8,11,32.4,3.3,3.1,14.1,213.6,Lethargic,Yes,Moderate
COW-2025,2,3.52,4.11,3.3,12,13.6,1.6,28.0,6.9,150.3,Muscle tremors,Yes,Critical
COW-2026,7,7.85,3.54,4.5,1,30.1,6.7,-8.5,18.3,356.3,Reduced movement,No,Subclinical
COW-2027,7,8.14,5.2,3.4,28,11.3,6.4,6.9,15.2,447.1,Muscle tremors,No,Subclinical
COW-2028,1,6.19,4.46,3.2,-4,35.5,3.4,31.7,15.8,299.3,Lethargic,No,Mild
COW-2029,6,7.49,4.62,4.1,11,36.9,6.9,-6.2,16.4,467.6,Unable to stand,No,Subclinical
COW-2030,6,6.67,5.5,2.3,17,31.6,4.5,25.7,16.7,275.8,Reduced movement,No,Mild
COW-2031,5,8.7,5.49,2.6,19,17.1,9.2,32.1,22.5,496.9,Muscle tremors,No,Normal
COW-2032,8,8.25,3.56,3.7,27,34.5,6.5,15.8,19.8,398.4,Unable to stand,No,Subclinical
COW-2033,7,7.87,7.57,4.0,11,15.1,5.2,3.7,15.5,456.7,Lethargic,No,Subclinical
COW-2034,7,7.15,4.47,3.7,0,21.3,6.9,-2.6,19.1,483.1,Normal movement,No,Subclinical
COW-2035,3,9.84,7.92,2.7,9,25.4,7.8,29.6,21.5,575.0,Reduced movement,No,Normal
COW-2036,4,10.43,5.78,5.0,7,24.4,9.6,31.6,21.4,515.8,Unable to stand,No,Normal
COW-2037,7,8.05,4.32,3.1,10,21.2,6.4,4.6,19.9,470.5,Reduced movement,No,Subclinical
COW-2038,4,10.09,7.93,4.1,29,21.0,8.7,29.4,18.7,587.6,Unable to stand,No,Normal
COW-2039,6,9.94,5.33,3.7,-2,26.1,8.9,9.1,21.9,597.8,Unable to stand,No,Normal
COW-2040,3,7.03,5.38,4.1,-1,33.9,5.9,-11.4,18.3,484.4,Lethargic,No,Subclinical
COW-2041,1,8.0,7.93,2.6,23,20.8,6.0,23.3,18.5,491.4,Lethargic,No,Subclinical
COW-2042,7,8.79,3.03,3.8,17,30.6,8.6,27.6,22.8,497.2,Normal movement,No,Normal
COW-2043,7,6.66,6.79,2.5,6,11.0,4.5,36.1,13.5,340.2,Normal movement,No,Mild
COW-2044,2,10.39,5.04,4.1,3,39.7,8.7,-4.9,24.6,508.1,Lethargic,No,Normal
COW-2045,7,8.23,4.13,5.0,0,21.9,6.0,26.3,15.9,410.2,Unable to stand,No,Subclinical
COW-2046,1,10.46,7.82,3.6,-5,21.4,7.2,1.8,20.6,475.3,Unable to stand,No,Normal
COW-2047,2,8.34,4.09,3.0,4,31.0,5.4,16.6,18.1,377.3,Muscle tremors,No,Subclinical
COW-2048,3,6.46,7.68,4.7,2,38.3,4.6,2.1,14.7,343.3,Lethargic,No,Mild
COW-2049,3,9.68,3.78,3.8,16,42.8,7.5,36.1,18.7,479.0,Unable to stand,No,Normal
COW-2050,8,5.85,3.71,4.9,26,16.6,3.3,7.2,8.5,209.5,Lethargic,Yes,Moderate
COW-2051,8,10.12,3.49,3.6,15,41.9,9.7,16.0,23.0,575.9,Unable to stand,No,Normal
COW-2052,4,7.4,6.13,3.2,19,12.9,5.3,-13.7,18.8,393.9,Normal movement,No,Subclinical
COW-2053,8,9.72,6.85,4.1,28,39.1,7.9,-4.7,24.9,565.6,Normal movement,No,Normal
COW-2054,3,9.78,4.51,2.6,29,11.8,9.2,30.4,21.7,457.1,Muscle tremors,No,Normal
COW-2055,3,6.46,5.29,2.6,9,34.9,4.4,-11.0,12.3,282.2,Reduced movement,No,Mild
COW-2056,1,7.06,4.45,4.7,16,44.5,5.8,39.3,19.5,367.4,Reduced movement,No,Subclinical
COW-2057,7,7.06,7.41,3.3,14,17.2,5.3,33.3,16.2,450.3,Lethargic,No,Subclinical
COW-2058,1,7.58,7.08,3.5,-5,31.9,5.8,6.8,16.4,485.2,Muscle tremors,No,Subclinical
COW-2059,4,8.64,3.33,3.6,5,43.0,7.3,-0.9,19.1,568.7,Muscle tremors,No,Normal
COW-2060,5,9.07,7.11,4.7,0,29.4,8.7,12.4,18.8,467.9,Reduced movement,No,Normal
COW-2061,1,7.66,3.92,4.3,-1,18.5,5.2,18.8,16.1,475.0,Muscle tremors,No,Subclinical
COW-2062,8,6.54,3.94,2.6,15,11.5,3.1,-14.2,17.6,365.0,Reduced movement,No,Mild
COW-2063,5,10.34,4.96,2.5,13,27.7,8.1,-2.6,19.4,546.6,Reduced movement,No,Normal
COW-2064,8,8.55,4.44,2.5,30,43.7,8.3,-11.9,23.9,540.2,Normal movement,No,Normal
COW-2065,1,7.87,3.72,2.3,9,10.2,5.3,-14.8,19.7,405.6,Normal movement,No,Subclinical
COW-2066,2,5.77,3.1,4.5,25,42.8,3.5,20.5,8.2,245.5,Lethargic,Yes,Moderate
COW-2067,7,6.4,4.73,5.0,24,26.8,4.5,34.4,16.1,341.9,Muscle tremors,No,Mild
COW-2068,6,7.31,4.94,2.8,5,22.9,5.6,-13.8,18.7,494.5,Lethargic,No,Subclinical
COW-2069,8,9.32,3.63,3.9,8,43.0,9.6,8.2,24.0,598.1,Muscle tremors,No,Normal
COW-2070,8,7.62,4.99,4.2,8,18.6,5.8,24.2,16.8,398.9,Unable to stand,No,Subclinical
COW-2071,6,10.3,6.22,2.6,4,26.5,8.6,14.9,23.3,511.2,Muscle tremors,No,Normal
COW-2072,7,8.6,4.92,3.6,6,43.0,7.7,-13.7,21.9,473.5,Reduced movement,No,Normal
COW-2073,3,7.38,5.01,4.3,7,15.3,6.5,2.4,17.8,373.4,Reduced movement,No,Subclinical
COW-2074,3,5.69,5.65,3.9,-3,33.7,3.0,28.3,12.3,271.6,Normal movement,Yes,Moderate
COW-2075,1,9.16,6.72,4.9,14,39.4,7.3,5.0,24.5,503.5,Lethargic,No,Normal
COW-2076,8,7.67,5.81,4.7,4,15.7,6.4,-8.5,16.4,365.2,Unable to stand,No,Subclinical
COW-2077,8,7.98,3.57,4.8,23,13.4,5.6,-12.8,19.2,387.4,Muscle tremors,No,Subclinical
COW-2078,8,7.24,7.65,3.8,6,25.7,5.0,-13.9,18.4,472.7,Muscle tremors,No,Subclinical
COW-2079,6,4.74,3.67,2.9,20,42.1,2.0,-8.9,9.3,88.3,Reduced movement,Yes,Critical
COW-2080,6,3.91,7.92,3.5,21,44.7,1.7,5.1,8.7,122.6,Lethargic,Yes,Critical
COW-2081,5,10.46,3.83,3.9,14,19.2,9.7,39.8,18.2,497.8,Lethargic,No,Normal
COW-2082,8,9.82,7.63,2.0,-4,20.6,8.0,-4.0,18.2,580.8,Muscle tremors,No,Normal
COW-2083,1,7.97,5.56,5.0,22,24.3,5.5,3.8,16.9,405.0,Lethargic,No,Subclinical
COW-2084,4,6.44,3.42,4.0,15,40.2,3.5,34.3,17.5,387.8,Normal movement,No,Mild
COW-2085,2,5.22,4.18,2.3,-1,10.3,2.4,-14.3,8.5,248.6,Lethargic,Yes,Moderate
COW-2086,2,5.14,7.37,4.4,1,31.4,3.3,-11.9,14.1,235.3,Reduced movement,Yes,Moderate
COW-2087,2,8.87,6.43,2.6,0,23.5,9.2,19.4,18.6,514.9,Reduced movement,No,Normal
COW-2088,4,7.99,6.66,3.8,-2,25.5,6.0,12.9,18.5,420.4,Normal movement,No,Subclinical
COW-2089,4,9.03,3.62,4.3,7,16.5,9.6,2.7,22.0,478.4,Reduced movement,No,Normal
COW-2090,5,9.7,7.12,4.2,28,10.2,8.5,34.0,20.0,514.0,Lethargic,No,Normal
COW-2091,3,8.63,6.1,4.5,0,33.6,7.2,34.4,20.4,559.9,Muscle tremors,No,Normal
COW-2092,2,9.14,6.03,4.9,11,35.5,9.3,2.5,24.4,554.7,Lethargic,No,Normal
COW-2093,8,6.33,6.72,2.7,5,11.5,3.6,4.4,14.9,331.9,Muscle tremors,No,Mild
COW-2094,6,5.83,7.5,3.4,4,35.8,3.7,6.2,14.8,235.6,Normal movement,Yes,Moderate
COW-2095,6,5.34,5.17,4.5,6,15.3,3.7,37.0,9.0,223.9,Reduced movement,Yes,Moderate
COW-2096,7,9.44,3.79,4.5,30,19.7,7.8,-4.6,19.4,524.6,Unable to stand,No,Normal
COW-2097,7,6.39,4.77,2.3,15,34.7,4.7,18.4,14.9,349.9,Reduced movement,No,Mild
COW-2098,8,10.11,3.79,3.9,22,31.4,8.2,18.0,18.1,496.2,Unable to stand,No,Normal
COW-2099,6,10.11,3.32,3.3,21,18.6,9.6,37.0,20.6,595.6,Reduced movement,No,Normal
COW-2100,6,5.57,4.7,4.4,7,41.6,3.8,38.1,11.3,213.7,Unable to stand,Yes,Moderate
COW-2101,4,4.49,5.82,4.7,15,27.9,1.4,-9.7,8.9,109.9,Reduced movement,Yes,Critical
COW-2102,2,6.48,6.64,2.2,19,37.2,3.9,28.5,17.4,392.1,Lethargic,No,Mild
COW-2103,6,6.76,4.64,4.5,25,29.7,3.1,28.1,13.5,345.0,Lethargic,No,Mild
COW-2104,6,7.85,7.79,3.8,2,20.3,6.1,-11.7,19.1,446.9,Reduced movement,No,Subclinical
COW-2105,5,7.35,4.49,2.6,13,10.9,5.8,20.8,18.5,477.9,Muscle tremors,No,Subclinical
COW-2106,8,10.05,3.78,3.3,15,13.8,10.0,0.0,21.1,507.3,Lethargic,No,Normal
COW-2107,8,9.07,3.26,3.0,25,22.9,8.8,2.3,20.3,452.5,Muscle tremors,No,Normal
COW-2108,7,7.9,3.17,2.8,-3,40.9,5.8,-11.9,16.6,475.4,Reduced movement,No,Subclinical
COW-2109,2,7.2,3.46,3.1,17,21.8,5.2,7.7,15.8,457.1,Normal movement,No,Subclinical
COW-2110,1,7.73,7.11,4.4,23,15.6,6.3,27.0,17.0,373.2,Lethargic,No,Subclinical
COW-2111,1,9.79,4.13,2.1,9,36.5,8.7,37.2,18.4,576.4,Reduced movement,No,Normal
COW-2112,6,7.54,4.45,2.1,21,29.3,6.3,-12.8,17.0,426.5,Unable to stand,No,Subclinical
COW-2113,4,9.67,4.84,4.7,5,23.9,7.0,-6.6,22.9,537.2,Normal movement,No,Normal
COW-2114,5,5.24,6.77,2.8,7,21.4,2.7,-0.7,10.7,280.2,Normal movement,Yes,Moderate
COW-2115,8,6.03,5.03,2.6,-3,23.6,4.2,-9.1,15.9,326.8,Reduced movement,No,Mild
COW-2116,5,10.17,4.8,2.2,9,29.8,9.0,33.6,24.2,572.7,Lethargic,No,Normal
COW-2117,1,9.12,5.5,4.2,15,26.0,7.6,6.5,19.3,500.1,Reduced movement,No,Normal
COW-2118,8,5.5,4.24,3.8,-5,39.8,2.6,19.1,14.9,282.9,Normal movement,Yes,Moderate
COW-2119,1,3.92,3.27,2.6,7,44.0,1.1,25.8,7.4,99.1,Lethargic,Yes,Critical
COW-2120,7,9.81,3.71,3.4,8,14.2,7.9,20.0,18.2,468.0,Normal movement,No,Normal
COW-2121,8,5.16,7.43,4.1,12,19.5,2.2,23.7,13.1,234.6,Muscle tremors,Yes,Moderate
COW-2122,3,8.93,5.16,3.4,6,44.1,8.2,16.7,20.6,455.6,Normal movement,No,Normal
COW-2123,5,6.64,6.36,4.9,7,18.2,4.4,9.6,13.2,290.1,Normal movement,No,Mild
COW-2124,1,4.72,5.44,2.7,-2,20.0,1.8,-10.1,6.6,194.3,Lethargic,Yes,Critical
COW-2125,8,7.76,5.7,3.0,17,24.2,5.7,16.9,19.5,458.9,Lethargic,No,Subclinical
COW-2126,6,8.07,6.38,3.2,22,13.0,5.3,-1.1,18.4,483.4,Reduced movement,No,Subclinical
COW-2127,6,9.79,7.45,3.0,4,31.0,8.4,14.7,21.8,552.1,Reduced movement,No,Normal
COW-2128,3,5.88,7.12,4.6,27,29.0,3.6,13.6,13.8,227.6,Unable to stand,Yes,Moderate
COW-2129,3,9.98,4.63,4.5,18,29.2,9.1,6.7,23.5,523.4,Muscle tremors,No,Normal
COW-2130,6,10.0,6.22,2.5,7,35.1,9.1,34.1,24.9,483.9,Unable to stand,No,Normal
COW-2131,8,5.13,5.03,4.5,29,32.3,2.1,37.3,14.7,209.0,Reduced movement,Yes,Moderate
COW-2132,1,9.09,3.34,3.4,2,24.8,7.6,4.7,23.8,552.1,Muscle tremors,No,Normal
COW-2133,5,9.19,7.6,3.9,-3,33.8,8.1,38.7,20.1,542.9,Muscle tremors,No,Normal
COW-2134,1,9.01,6.85,3.3,17,43.2,8.4,22.7,23.6,562.9,Normal movement,No,Normal
COW-2135,8,8.06,4.23,4.5,1,25.9,5.2,26.2,16.3,363.8,Reduced movement,No,Subclinical
COW-2136,8,6.03,4.08,3.2,-5,33.9,3.6,17.6,16.7,378.2,Normal movement,No,Mild
COW-2137,8,3.6,7.01,3.6,-2,18.9,0.8,-8.5,5.6,147.8,Unable to stand,Yes,Critical
COW-2138,8,7.41,3.55,2.5,-1,17.0,5.3,11.7,16.5,399.7,Normal movement,No,Subclinical
COW-2139,3,8.08,6.42,4.5,9,35.0,5.1,29.5,15.9,401.0,Normal movement,No,Subclinical
COW-2140,3,8.76,5.48,4.4,22,10.7,9.9,13.9,22.2,453.6,Lethargic,No,Normal
COW-2141,2,6.38,3.33,2.3,17,26.6,3.1,12.9,14.6,355.3,Reduced movement,No,Mild
COW-2142,3,5.11,5.23,5.0,18,29.5,2.3,11.3,12.0,259.8,Reduced movement,Yes,Moderate
COW-2143,2,7.78,6.51,2.0,-2,27.9,5.5,-14.3,15.7,370.0,Unable to stand,No,Subclinical
COW-2144,1,6.27,5.4,2.6,25,26.7,4.6,-3.2,13.9,286.6,Reduced movement,No,Mild
COW-2145,2,7.2,3.34,3.5,-1,29.8,5.3,-1.4,17.5,479.2,Muscle tremors,No,Subclinical
COW-2146,6,5.84,3.21,3.0,20,11.0,3.7,21.9,10.8,270.3,Lethargic,Yes,Moderate
COW-2147,4,8.05,7.44,3.9,5,18.4,5.3,13.7,18.1,468.6,Muscle tremors,No,Subclinical
COW-2148,7,6.54,6.89,4.3,-3,22.9,3.8,6.6,15.4,355.7,Muscle tremors,No,Mild
COW-2149,6,6.27,7.74,3.5,19,36.5,4.1,31.2,14.0,296.2,Unable to stand,No,Mild
COW-2150,3,6.42,5.58,3.9,11,32.0,3.2,36.4,14.9,301.4,Lethargic,No,Mild
COW-2151,4,7.44,4.74,2.9,16,28.1,6.8,7.6,19.5,434.9,Lethargic,No,Subclinical
COW-2152,4,8.08,4.48,4.1,18,34.9,6.8,15.4,15.7,465.5,Reduced movement,No,Subclinical
COW-2153,3,5.11,5.99,3.9,16,16.4,3.4,20.6,10.0,209.6,Muscle tremors,Yes,Moderate
COW-2154,7,7.68,3.73,3.8,11,14.4,5.5,5.7,17.8,430.6,Unable to stand,No,Subclinical
COW-2155,1,3.59,7.67,3.7,12,27.9,1.7,8.1,5.5,139.4,Lethargic,Yes,Critical
COW-2156,7,9.76,4.57,2.4,2,22.6,8.5,29.1,18.8,515.6,Normal movement,No,Normal
COW-2157,2,9.05,7.63,4.1,8,11.4,8.6,21.3,19.9,567.6,Normal movement,No,Normal
COW-2158,6,10.45,4.1,3.8,12,42.5,9.2,4.4,20.0,486.1,Reduced movement,No,Normal
COW-2159,6,10.02,5.71,2.1,5,13.2,7.5,25.7,24.8,507.5,Lethargic,No,Normal
COW-2160,2,5.09,3.83,2.5,9,19.8,3.7,-14.8,9.5,235.1,Lethargic,Yes,Moderate
COW-2161,7,7.62,5.22,2.5,19,39.8,5.5,26.3,19.2,411.3,Normal movement,No,Subclinical
COW-2162,5,7.29,4.71,2.1,27,31.5,6.3,31.1,17.2,481.3,Unable to stand,No,Subclinical
COW-2163,3,9.91,6.94,2.6,15,22.4,8.8,0.1,22.9,506.6,Lethargic,No,Normal
COW-2164,7,5.54,4.22,4.1,23,35.0,2.9,-13.8,8.2,292.2,Unable to stand,Yes,Moderate
COW-2165,7,8.54,5.19,3.0,12,22.8,8.3,39.8,21.1,513.6,Muscle tremors,No,Normal
COW-2166,4,10.21,7.23,4.9,18,11.7,8.9,-2.4,22.2,571.5,Reduced movement,No,Normal
COW-2167,1,9.0,3.71,3.3,6,18.0,8.6,2.1,19.8,472.4,Unable to stand,No,Normal
COW-2168,2,9.74,7.33,4.2,13,29.2,8.7,36.8,23.5,580.8,Reduced movement,No,Normal
COW-2169,4,9.71,6.92,3.6,24,29.4,7.2,5.3,23.4,490.4,Reduced movement,No,Normal
COW-2170,3,8.99,5.57,2.1,27,41.3,7.0,6.7,24.0,565.0,Reduced movement,No,Normal
COW-2171,3,10.19,6.92,3.4,24,16.1,7.7,-9.0,22.3,505.1,Reduced movement,No,Normal
COW-2172,1,8.63,6.99,4.0,20,29.3,8.1,24.9,18.0,519.1,Unable to stand,No,Normal
COW-2173,6,8.1,4.26,4.8,5,27.6,6.2,12.5,19.2,410.8,Normal movement,No,Subclinical
COW-2174,6,10.18,4.5,2.1,26,17.0,7.3,-14.1,24.3,507.4,Muscle tremors,No,Normal
COW-2175,3,6.4,6.97,3.2,4,10.6,4.2,-2.5,16.6,271.0,Muscle tremors,No,Mild
COW-2176,7,9.43,5.08,2.2,4,41.4,8.4,35.8,24.2,519.5,Lethargic,No,Normal
COW-2177,6,7.65,5.99,3.1,27,29.3,5.8,-12.8,18.3,415.0,Muscle tremors,No,Subclinical
COW-2178,6,8.89,3.73,4.1,12,12.1,9.8,13.0,19.2,598.8,Unable to stand,No,Normal
COW-2179,8,7.56,4.42,2.2,28,30.5,6.6,33.6,17.3,443.3,Muscle tremors,No,Subclinical
COW-2180,1,7.93,7.99,2.5,19,21.6,6.1,24.3,18.7,425.9,Lethargic,No,Subclinical
COW-2181,4,8.69,4.51,4.9,7,24.6,8.2,-4.3,20.8,456.3,Reduced movement,No,Normal
COW-2182,5,8.39,3.19,4.2,-1,17.7,5.4,35.3,20.0,374.5,Reduced movement,No,Subclinical
COW-2183,8,5.1,6.64,3.1,25,43.4,3.3,-0.8,13.7,221.1,Unable to stand,Yes,Moderate
COW-2184,6,7.88,6.58,3.6,12,38.2,5.7,27.8,15.8,452.3,Reduced movement,No,Subclinical
COW-2185,1,9.37,7.86,5.0,-2,43.3,7.8,1.5,24.6,495.1,Lethargic,No,Normal
COW-2186,3,9.61,5.32,2.5,1,34.4,9.5,12.8,19.5,593.4,Muscle tremors,No,Normal
COW-2187,7,6.51,7.74,4.0,15,42.4,3.6,-11.9,13.5,343.5,Muscle tremors,No,Mild
COW-2188,3,5.37,4.54,3.5,26,42.5,4.0,6.8,10.3,224.4,Reduced movement,Yes,Moderate
COW-2189,4,7.4,4.64,3.1,0,13.5,6.2,-10.5,15.8,373.9,Normal movement,No,Subclinical
COW-2190,7,9.49,6.24,5.0,-5,26.5,7.3,-13.2,24.8,571.2,Lethargic,No,Normal
COW-2191,6,4.45,3.44,2.5,14,21.6,1.9,-12.9,8.2,159.9,Unable to stand,Yes,Critical
COW-2192,1,9.73,4.95,5.0,1,19.4,9.5,1.0,19.3,475.5,Unable to stand,No,Normal
COW-2193,5,8.78,6.88,3.5,26,31.2,8.4,22.9,24.0,473.6,Normal movement,No,Normal
COW-2194,6,7.93,5.54,2.9,20,24.6,6.4,36.2,19.1,403.8,Lethargic,No,Subclinical
COW-2195,4,6.22,5.94,2.4,1,44.9,3.3,-8.1,12.9,261.9,Normal movement,No,Mild
COW-2196,6,9.88,3.61,3.9,30,35.5,8.7,1.6,23.0,515.3,Reduced movement,No,Normal
COW-2197,1,5.33,7.21,4.4,19,16.5,2.8,12.4,10.4,185.9,Muscle tremors,Yes,Moderate
COW-2198,6,5.4,6.29,4.9,6,10.3,3.6,28.1,13.2,264.9,Lethargic,Yes,Moderate
COW-2199,8,8.23,5.56,3.5,12,41.8,5.7,24.6,15.2,371.1,Muscle tremors,No,Subclinical
COW-2200,1,9.76,3.01,3.4,27,17.1,9.1,-6.9,23.6,506.0,Unable to stand,No,Normal
COW-2201,7,10.28,5.17,4.8,-3,25.9,10.0,24.6,22.3,541.8,Unable to stand,No,Normal
COW-2202,8,8.59,6.96,3.4,21,42.5,8.0,35.3,20.9,544.1,Unable to stand,No,Normal
COW-2203,6,8.17,7.26,4.5,11,23.8,5.4,-14.8,16.3,483.7,Reduced movement,No,Subclinical
COW-2204,8,8.98,7.02,3.6,29,42.9,7.0,-14.1,18.3,461.4,Lethargic,No,Normal
COW-2205,1,6.45,6.9,4.6,19,29.6,4.2,3.1,15.2,332.9,Unable to stand,No,Mild
COW-2206,1,6.62,3.1,2.4,11,15.9,3.2,1.1,15.9,392.0,Lethargic,No,Mild
COW-2207,7,7.29,4.55,3.6,30,32.4,5.3,-10.8,15.5,489.8,Reduced movement,No,Subclinical
COW-2208,1,5.86,4.35,2.5,23,21.8,2.1,12.5,13.4,271.0,Unable to stand,Yes,Moderate
COW-2209,2,7.67,3.46,2.5,7,29.1,6.2,-1.2,18.9,403.4,Normal movement,No,Subclinical
COW-2210,2,5.89,6.45,2.6,17,11.0,2.3,31.9,10.4,242.7,Muscle tremors,Yes,Moderate
COW-2211,7,8.92,6.74,2.2,9,39.2,7.6,36.4,22.5,566.0,Muscle tremors,No,Normal
COW-2212,8,7.54,5.26,2.0,17,10.6,6.3,21.6,16.0,356.3,Lethargic,No,Subclinical
COW-2213,7,6.67,3.67,2.3,28,29.6,3.0,-8.6,13.9,319.5,Reduced movement,No,Mild
COW-2214,6,7.17,4.23,3.6,22,20.3,6.6,32.2,18.9,445.7,Normal movement,No,Subclinical
COW-2215,3,4.47,7.25,4.9,28,22.7,1.7,12.4,10.0,113.7,Lethargic,Yes,Critical
COW-2216,1,8.37,7.66,3.8,1,22.7,5.7,-9.8,18.6,480.4,Lethargic,No,Subclinical
COW-2217,6,6.8,4.16,2.8,30,36.4,3.4,35.2,13.3,370.1,Normal movement,No,Mild
COW-2218,5,5.82,7.65,2.9,21,13.3,3.3,3.3,8.7,228.4,Normal movement,Yes,Moderate
COW-2219,2,10.4,5.35,3.1,29,13.7,8.8,-6.3,18.7,521.5,Unable to stand,No,Normal
COW-2220,4,5.07,7.33,3.9,-4,26.5,2.3,25.1,12.5,248.3,Reduced movement,Yes,Moderate
COW-2221,4,10.48,6.97,4.3,7,27.2,7.0,-1.9,21.7,491.0,Muscle tremors,No,Normal
COW-2222,7,8.88,5.95,4.7,13,19.4,8.6,18.9,20.4,510.7,Normal movement,No,Normal
COW-2223,5,6.58,3.96,2.8,3,30.2,4.0,29.8,17.9,310.8,Unable to stand,No,Mild
COW-2224,4,8.76,6.66,4.1,3,43.8,7.1,0.2,25.0,561.7,Normal movement,No,Normal
COW-2225,4,8.0,4.03,2.4,2,40.4,6.7,2.9,15.1,366.0,Muscle tremors,No,Subclinical
COW-2226,5,7.62,4.77,4.6,10,27.1,5.4,37.2,18.2,381.0,Muscle tremors,No,Subclinical
COW-2227,1,9.37,6.74,3.6,8,24.5,7.5,33.5,23.5,575.1,Reduced movement,No,Normal
COW-2228,3,9.35,5.93,3.0,9,25.7,7.0,22.9,23.5,529.4,Lethargic,No,Normal
COW-2229,7,5.24,6.91,3.9,19,17.7,3.0,37.2,11.1,196.0,Unable to stand,Yes,Moderate
COW-2230,3,6.1,4.36,4.0,14,36.1,4.4,-13.9,15.1,353.5,Unable to stand,No,Mild
COW-2231,2,3.84,6.34,3.7,28,42.3,0.9,19.5,8.9,170.9,Unable to stand,Yes,Critical
COW-2232,1,9.15,3.01,2.6,1,35.6,9.1,24.6,21.9,535.2,Muscle tremors,No,Normal
COW-2233,5,9.67,5.83,3.1,19,26.5,8.9,-4.2,22.7,594.1,Reduced movement,No,Normal
COW-2234,6,9.21,5.15,3.7,-1,13.6,9.3,34.3,21.7,524.0,Reduced movement,No,Normal
COW-2235,1,7.29,6.4,4.9,23,35.1,5.8,-2.9,20.0,360.9,Reduced movement,No,Subclinical
COW-2236,2,8.57,4.4,3.8,23,41.3,7.0,-9.9,22.1,468.0,Reduced movement,No,Normal
COW-2237,2,6.72,6.8,2.1,12,28.9,4.6,21.2,15.2,344.4,Normal movement,No,Mild
COW-2238,8,5.74,3.44,3.7,12,10.0,2.4,23.3,10.9,219.7,Lethargic,Yes,Moderate
COW-2239,3,6.02,4.38,2.5,5,18.2,3.2,-12.5,15.8,253.2,Reduced movement,No,Mild
COW-2240,4,8.9,6.09,2.1,8,22.8,7.9,26.6,18.4,517.4,Lethargic,No,Normal
COW-2241,7,5.14,3.04,3.1,29,16.1,2.1,31.4,14.3,236.8,Muscle tremors,Yes,Moderate
COW-2242,3,8.92,7.06,2.8,28,35.0,7.5,33.6,18.8,484.4,Unable to stand,No,Normal
COW-2243,6,4.74,5.84,4.9,22,16.0,0.7,31.0,10.0,143.9,Muscle tremors,Yes,Critical
COW-2244,5,9.71,3.98,2.9,29,26.3,9.8,-10.0,23.6,575.3,Unable to stand,No,Normal
COW-2245,3,10.3,3.57,3.4,3,11.8,7.7,-5.1,22.9,592.4,Reduced movement,No,Normal
COW-2246,4,5.82,4.21,3.7,16,28.4,3.0,-9.9,12.2,286.1,Lethargic,Yes,Moderate
COW-2247,3,10.16,3.7,4.4,0,28.1,7.1,19.4,21.4,575.7,Normal movement,No,Normal
COW-2248,2,8.03,7.24,2.1,-5,37.3,5.6,27.6,15.8,391.4,Normal movement,No,Subclinical
COW-2249,1,5.08,3.41,4.1,25,43.4,2.3,-9.6,13.2,256.4,Unable to stand,Yes,Moderate
COW-2250,1,6.71,7.94,2.9,2,37.8,4.5,12.7,15.6,357.9,Lethargic,No,Mild
COW-2251,5,6.14,5.7,2.9,28,41.9,4.1,-10.8,12.9,350.2,Reduced movement,No,Mild
COW-2252,5,5.45,5.54,3.4,-3,31.0,3.6,-14.8,10.2,236.3,Lethargic,Yes,Moderate
COW-2253,7,5.31,5.65,3.2,2,18.3,2.7,-6.8,10.5,241.9,Lethargic,Yes,Moderate
COW-2254,6,7.52,5.88,4.2,30,35.0,5.1,19.4,16.6,375.5,Normal movement,No,Subclinical
COW-2255,4,7.57,6.93,2.1,28,16.5,6.7,-11.5,17.8,442.7,Lethargic,No,Subclinical
COW-2256,2,5.78,7.58,4.2,11,31.9,2.5,-0.8,11.7,286.8,Reduced movement,Yes,Moderate
COW-2257,8,7.7,6.82,3.6,-1,24.0,6.9,-1.7,17.6,406.7,Normal movement,No,Subclinical
COW-2258,7,9.74,6.35,4.2,21,20.4,7.9,-13.9,19.2,535.7,Muscle tremors,No,Normal
COW-2259,3,6.33,4.55,4.3,0,26.2,4.5,-12.8,15.2,282.1,Muscle tremors,No,Mild
COW-2260,7,8.81,7.37,2.6,9,35.2,9.8,5.3,20.6,493.6,Unable to stand,No,Normal
COW-2261,5,6.17,5.35,2.9,12,40.2,4.7,13.2,16.4,350.3,Unable to stand,No,Mild
COW-2262,1,8.08,5.5,2.5,12,21.6,6.5,38.5,16.8,433.4,Muscle tremors,No,Subclinical
COW-2263,1,6.61,7.97,2.9,8,42.1,3.7,-3.5,13.7,345.9,Lethargic,No,Mild
COW-2264,5,9.67,7.03,4.4,0,13.3,9.7,18.0,18.9,559.3,Unable to stand,No,Normal
COW-2265,2,7.76,6.15,2.6,8,14.7,6.2,20.4,16.0,439.0,Reduced movement,No,Subclinical
COW-2266,7,10.21,6.06,3.5,15,44.7,9.2,-9.8,24.7,587.7,Unable to stand,No,Normal
COW-2267,1,5.01,3.15,2.3,21,13.9,2.4,-8.0,13.7,299.7,Unable to stand,Yes,Moderate
COW-2268,1,7.34,4.32,2.9,2,43.6,5.8,34.9,17.4,455.4,Normal movement,No,Subclinical
COW-2269,4,5.35,3.38,3.8,2,40.5,3.2,20.2,10.4,286.3,Unable to stand,Yes,Moderate
COW-2270,5,8.95,5.93,4.3,21,16.8,8.2,29.8,21.3,575.7,Reduced movement,No,Normal
COW-2271,3,3.6,3.46,4.8,13,14.6,1.2,14.5,6.0,130.2,Normal movement,Yes,Critical
COW-2272,1,5.7,5.18,4.4,-3,28.2,2.7,-9.7,11.4,227.5,Reduced movement,Yes,Moderate
COW-2273,1,8.31,7.42,3.1,20,41.0,6.9,-10.1,19.4,358.3,Normal movement,No,Subclinical
COW-2274,8,7.1,6.84,2.8,16,22.5,6.9,30.0,16.1,492.9,Unable to stand,No,Subclinical
COW-2275,7,7.8,5.81,4.7,8,44.4,6.0,30.7,19.2,413.7,Lethargic,No,Subclinical
COW-2276,1,6.1,7.93,4.3,16,20.4,3.6,11.2,15.3,369.1,Unable to stand,No,Mild
COW-2277,3,6.37,3.62,2.3,18,25.8,3.4,23.2,15.9,342.2,Unable to stand,No,Mild
COW-2278,6,5.89,5.87,4.8,23,44.7,3.2,17.1,8.5,214.7,Reduced movement,Yes,Moderate
COW-2279,7,8.07,4.48,3.7,24,13.1,6.1,13.7,16.9,467.1,Reduced movement,No,Subclinical
COW-2280,6,7.81,5.83,2.9,27,41.1,6.3,16.3,17.8,372.0,Reduced movement,No,Subclinical
COW-2281,4,3.65,6.9,4.3,22,24.1,1.8,15.8,8.8,106.8,Normal movement,Yes,Critical
COW-2282,1,8.39,6.82,4.9,-4,32.5,5.9,-5.4,17.0,367.7,Reduced movement,No,Subclinical
COW-2283,4,9.54,4.81,2.7,28,14.8,7.7,34.3,22.7,540.4,Normal movement,No,Normal
COW-2284,5,5.75,3.59,2.4,22,21.9,3.8,15.2,14.7,286.5,Reduced movement,Yes,Moderate
COW-2285,6,7.76,5.75,3.7,17,24.2,5.3,-11.0,18.3,364.0,Reduced movement,No,Subclinical
COW-2286,8,10.12,6.83,4.4,15,30.0,7.3,38.9,23.8,582.3,Normal movement,No,Normal
COW-2287,4,10.05,6.87,4.5,12,31.9,8.2,-12.8,19.0,538.1,Normal movement,No,Normal
COW-2288,3,5.43,5.17,3.2,19,12.2,2.4,-12.0,8.0,282.3,Muscle tremors,Yes,Moderate
COW-2289,2,7.11,7.12,2.1,-1,23.1,5.4,-11.9,18.1,473.5,Lethargic,No,Subclinical
COW-2290,2,10.22,7.31,3.6,23,32.5,8.0,19.5,21.2,566.0,Normal movement,No,Normal
COW-2291,4,6.57,5.99,3.2,-2,35.0,3.5,9.7,17.4,316.1,Reduced movement,No,Mild
COW-2292,7,6.6,3.46,4.6,25,42.3,4.2,35.8,14.1,333.3,Reduced movement,No,Mild
COW-2293,2,8.08,5.67,2.2,7,16.9,5.5,10.0,17.0,428.6,Normal movement,No,Subclinical
COW-2294,6,4.0,5.01,3.4,0,26.2,1.9,-3.7,5.2,189.9,Reduced movement,Yes,Critical
COW-2295,2,6.54,4.19,3.5,15,14.6,3.0,12.3,12.7,362.6,Unable to stand,No,Mild
COW-2296,7,3.67,4.48,2.8,-2,35.4,0.8,-5.7,4.4,160.1,Unable to stand,Yes,Critical
COW-2297,3,10.23,5.16,2.9,-2,18.3,7.9,-3.7,18.3,572.6,Lethargic,No,Normal
COW-2298,7,5.42,6.95,4.0,5,42.0,2.2,-10.9,9.0,235.6,Reduced movement,Yes,Moderate
COW-2299,8,6.8,3.97,3.6,21,16.0,4.2,15.0,17.0,265.4,Muscle tremors,No,Mild
COW-2300,8,5.21,5.7,4.6,27,16.2,2.9,22.5,13.8,285.0,Lethargic,Yes,Moderate
COW-2301,6,7.32,6.93,3.8,22,24.1,6.5,36.0,19.8,353.4,Normal movement,No,Subclinical
COW-2302,1,7.56,6.9,2.4,-5,22.8,6.9,-14.9,16.2,410.8,Unable to stand,No,Subclinical
COW-2303,3,8.86,7.96,4.0,18,10.5,8.9,3.4,20.3,473.9,Muscle tremors,No,Normal
COW-2304,5,4.07,7.69,2.2,3,21.5,0.7,6.9,4.4,158.2,Muscle tremors,Yes,Critical
COW-2305,1,6.5,6.12,3.6,29,40.4,4.1,37.4,16.1,285.3,Reduced movement,No,Mild
COW-2306,1,5.77,4.15,4.5,22,44.1,3.6,17.9,14.7,263.0,Lethargic,Yes,Moderate
COW-2307,5,7.91,6.05,3.7,-1,32.7,5.6,0.6,18.0,476.9,Muscle tremors,No,Subclinical
COW-2308,8,6.87,3.46,4.8,10,41.3,4.5,7.1,12.2,348.2,Muscle tremors,No,Mild
COW-2309,3,7.04,7.82,2.2,24,27.3,6.2,14.3,16.4,467.0,Muscle tremors,No,Subclinical
COW-2310,7,7.71,4.6,3.7,26,44.8,6.4,-12.9,15.8,475.1,Unable to stand,No,Subclinical
COW-2311,1,9.3,3.26,2.8,-4,33.2,7.6,32.7,22.4,485.6,Muscle tremors,No,Normal
COW-2312,6,7.96,4.4,3.6,16,39.8,6.1,-0.2,15.2,368.7,Reduced movement,No,Subclinical
COW-2313,7,4.14,6.06,2.6,10,32.2,1.1,-7.7,4.8,179.2,Unable to stand,Yes,Critical
COW-2314,5,6.71,5.73,4.7,1,21.9,4.7,-6.0,13.3,391.1,Normal movement,No,Mild
COW-2315,6,6.17,3.89,4.8,19,15.9,4.5,16.6,16.3,389.8,Muscle tremors,No,Mild
COW-2316,4,4.72,4.85,2.7,27,13.7,0.8,24.1,7.2,173.8,Lethargic,Yes,Critical
COW-2317,8,7.73,3.08,3.0,26,37.1,6.9,0.8,19.7,433.8,Lethargic,No,Subclinical
COW-2318,4,9.11,7.12,2.2,2,42.0,8.9,17.9,24.1,584.1,Reduced movement,No,Normal
COW-2319,6,9.66,4.05,2.9,15,20.3,7.8,-9.1,18.3,575.8,Lethargic,No,Normal
COW-2320,4,9.96,5.38,4.5,28,13.4,8.1,28.9,24.2,572.6,Muscle tremors,No,Normal
COW-2321,1,5.01,7.32,4.4,13,43.3,3.2,28.6,14.7,198.0,Normal movement,Yes,Moderate
COW-2322,3,6.41,5.96,3.4,-2,31.2,4.2,30.9,17.7,268.3,Muscle tremors,No,Mild
COW-2323,6,8.76,4.74,2.5,3,42.7,9.5,15.7,21.7,578.5,Muscle tremors,No,Normal
COW-2324,6,8.21,5.69,2.8,5,14.8,6.2,23.8,17.1,463.1,Unable to stand,No,Subclinical
COW-2325,5,9.58,6.98,3.0,13,16.2,8.0,-7.9,22.1,594.7,Unable to stand,No,Normal
COW-2326,2,5.73,7.26,4.6,-3,15.5,2.9,1.9,10.3,196.3,Reduced movement,Yes,Moderate
COW-2327,4,7.1,7.96,2.3,15,40.4,5.5,-11.2,18.2,473.9,Normal movement,No,Subclinical
COW-2328,8,8.57,3.91,2.3,14,20.0,7.6,13.6,22.4,533.3,Unable to stand,No,Normal
COW-2329,8,7.2,5.12,4.7,23,35.2,6.9,1.1,18.5,490.5,Muscle tremors,No,Subclinical
COW-2330,1,8.76,7.6,2.9,-1,28.4,9.5,29.3,24.9,555.6,Reduced movement,No,Normal
COW-2331,2,6.66,3.72,4.5,-5,31.9,3.4,19.3,12.4,280.0,Normal movement,No,Mild
COW-2332,1,8.24,4.02,3.7,17,10.8,6.0,-5.9,17.1,423.4,Muscle tremors,No,Subclinical
COW-2333,2,7.93,5.32,2.8,18,29.7,5.4,-0.4,15.9,402.5,Reduced movement,No,Subclinical
COW-2334,1,7.46,6.35,3.4,30,18.4,6.2,-9.4,17.6,466.3,Normal movement,No,Subclinical
COW-2335,3,8.01,5.29,2.6,23,37.6,6.9,25.1,18.2,376.3,Unable to stand,No,Subclinical
COW-2336,3,6.86,5.88,3.7,8,35.9,4.9,33.5,14.0,275.9,Normal movement,No,Mild
COW-2337,6,6.59,5.75,2.7,5,21.4,4.2,5.0,15.8,285.4,Reduced movement,No,Mild
COW-2338,4,5.29,6.62,3.4,26,17.7,3.9,29.5,9.9,194.7,Lethargic,Yes,Moderate
COW-2339,1,9.64,6.87,3.8,2,16.3,7.8,9.6,19.8,571.6,Unable to stand,No,Normal
COW-2340,3,7.8,6.33,3.8,28,41.9,5.9,24.5,15.8,399.7,Reduced movement,No,Subclinical
COW-2341,6,7.19,3.65,2.1,1,14.7,6.9,5.0,19.7,427.8,Normal movement,No,Subclinical
COW-2342,3,7.05,7.05,4.1,24,28.2,5.1,12.8,18.8,423.3,Unable to stand,No,Subclinical
COW-2343,4,7.97,4.79,2.7,29,23.8,6.4,-11.7,19.4,450.1,Normal movement,No,Subclinical
COW-2344,5,10.46,5.86,4.4,15,13.8,7.7,-11.3,20.7,462.3,Reduced movement,No,Normal
COW-2345,2,3.53,6.65,3.8,17,33.2,0.7,-9.9,7.5,173.5,Reduced movement,Yes,Critical
COW-2346,4,7.08,7.96,2.2,26,13.3,6.6,38.2,19.6,436.5,Reduced movement,No,Subclinical
COW-2347,3,8.02,7.62,4.9,21,26.3,5.2,21.3,15.8,480.0,Normal movement,No,Subclinical
COW-2348,2,8.73,3.21,3.9,-3,25.6,8.1,24.8,18.7,587.0,Unable to stand,No,Normal
COW-2349,4,6.18,5.86,3.3,16,17.3,4.2,-14.3,16.4,255.6,Reduced movement,No,Mild
COW-2350,5,8.09,3.5,2.9,30,33.9,5.2,19.4,18.8,392.3,Reduced movement,No,Subclinical
COW-2351,1,5.52,4.88,2.1,7,34.5,2.7,5.2,8.9,251.6,Lethargic,Yes,Moderate
COW-2352,2,6.73,6.58,3.7,17,14.5,4.5,23.2,12.0,389.6,Muscle tremors,No,Mild
COW-2353,2,5.21,7.68,3.6,29,22.8,2.9,1.9,9.0,202.9,Reduced movement,Yes,Moderate
COW-2354,1,9.02,3.7,3.4,-2,24.8,7.2,4.9,23.2,473.4,Reduced movement,No,Normal
COW-2355,8,7.39,6.61,2.3,22,40.2,5.3,-13.8,18.1,416.5,Reduced movement,No,Subclinical
COW-2356,5,9.56,7.76,2.5,-5,17.8,9.8,24.1,18.7,497.9,Lethargic,No,Normal
COW-2357,1,8.75,5.48,4.7,23,22.9,8.8,34.1,24.4,510.8,Lethargic,No,Normal
COW-2358,6,6.4,5.13,2.5,10,18.8,4.4,31.3,18.0,305.8,Reduced movement,No,Mild
COW-2359,5,5.42,3.59,4.4,2,11.4,2.0,-13.5,8.3,187.1,Muscle tremors,Yes,Moderate
COW-2360,2,7.63,5.12,2.1,-5,28.1,5.6,29.7,19.7,423.3,Lethargic,No,Subclinical
COW-2361,3,7.83,3.3,2.3,27,11.5,6.7,9.9,15.5,401.4,Reduced movement,No,Subclinical
COW-2362,4,9.16,7.85,4.9,26,20.5,9.9,29.1,23.7,493.2,Reduced movement,No,Normal
COW-2363,4,8.55,5.64,3.1,22,34.6,8.7,17.8,19.3,529.8,Muscle tremors,No,Normal
COW-2364,2,9.62,6.89,3.8,5,38.8,8.0,35.6,25.0,570.5,Muscle tremors,No,Normal
COW-2365,7,5.8,3.32,2.7,3,34.5,2.9,11.1,9.0,222.4,Normal movement,Yes,Moderate
COW-2366,5,9.31,5.95,4.3,2,11.8,8.3,17.4,20.2,499.5,Muscle tremors,No,Normal
COW-2367,5,8.57,6.84,3.7,12,30.1,9.2,2.3,19.8,485.4,Normal movement,No,Normal
COW-2368,3,8.58,4.49,4.5,26,42.5,8.8,6.7,21.5,571.2,Unable to stand,No,Normal
COW-2369,8,7.89,6.43,4.4,19,31.1,6.3,26.2,16.0,438.5,Normal movement,No,Subclinical
COW-2370,7,8.34,5.43,3.7,10,18.2,5.3,-5.4,17.4,492.9,Lethargic,No,Subclinical
COW-2371,4,8.03,5.91,4.7,23,38.2,6.9,-11.3,18.3,439.3,Lethargic,No,Subclinical
COW-2372,7,10.2,3.25,3.4,29,39.5,9.9,-9.2,19.0,482.2,Muscle tremors,No,Normal
COW-2373,3,9.82,4.3,4.5,29,43.0,9.0,29.0,22.4,549.1,Reduced movement,No,Normal
COW-2374,8,8.26,3.11,4.5,27,31.9,6.8,38.1,15.4,416.7,Unable to stand,No,Subclinical
COW-2375,2,10.44,3.69,4.3,23,43.1,9.8,33.6,24.3,495.6,Unable to stand,No,Normal
COW-2376,4,7.8,3.06,2.5,-4,19.1,5.9,-12.4,17.5,415.7,Muscle tremors,No,Subclinical
COW-2377,2,10.16,4.5,3.2,0,42.7,7.5,13.1,19.3,534.5,Muscle tremors,No,Normal
COW-2378,5,6.71,3.75,4.2,20,30.3,4.2,39.9,14.5,385.6,Muscle tremors,No,Mild
COW-2379,1,6.24,7.52,2.3,22,13.9,4.2,8.5,13.4,267.7,Muscle tremors,No,Mild
COW-2380,4,5.16,5.79,3.0,19,22.4,2.6,27.8,14.3,262.9,Muscle tremors,Yes,Moderate
COW-2381,7,7.25,6.51,2.8,19,23.4,6.3,-1.3,19.4,488.9,Lethargic,No,Subclinical
COW-2382,7,3.54,3.06,3.7,1,23.5,1.2,-6.2,5.9,87.8,Lethargic,Yes,Critical
COW-2383,4,8.16,5.51,3.7,9,19.3,5.8,7.0,17.7,368.8,Unable to stand,No,Subclinical
COW-2384,1,10.26,7.95,4.3,23,31.1,7.4,-11.3,19.8,521.9,Normal movement,No,Normal
COW-2385,2,6.08,7.48,5.0,10,22.5,3.1,26.6,18.0,266.9,Unable to stand,No,Mild
COW-2386,3,6.9,4.07,4.2,-5,22.0,4.7,39.0,16.3,266.2,Normal movement,No,Mild
COW-2387,6,5.5,3.11,2.5,12,36.3,2.2,12.3,10.3,279.6,Lethargic,Yes,Moderate
COW-2388,2,9.36,4.37,4.4,21,24.1,9.0,-11.5,24.1,554.6,Muscle tremors,No,Normal
COW-2389,2,5.7,6.77,3.9,29,28.9,2.3,34.9,9.8,244.6,Normal movement,Yes,Moderate
COW-2390,8,5.75,5.07,4.5,1,37.6,2.3,31.2,9.9,233.1,Unable to stand,Yes,Moderate
COW-2391,7,9.75,5.69,4.4,10,34.5,9.8,17.0,21.8,542.5,Unable to stand,No,Normal
COW-2392,5,8.3,3.45,3.0,11,44.3,5.8,29.2,16.6,483.9,Normal movement,No,Subclinical
COW-2393,3,9.94,5.39,3.1,19,41.1,9.0,-12.6,18.4,553.1,Normal movement,No,Normal
COW-2394,2,9.34,6.76,3.7,20,17.2,9.2,2.3,19.6,539.4,Muscle tremors,No,Normal
COW-2395,3,3.64,4.89,2.0,-4,30.8,1.4,20.8,6.0,151.9,Lethargic,Yes,Critical
COW-2396,5,5.48,4.88,3.1,12,37.5,3.2,25.7,9.3,215.2,Unable to stand,Yes,Moderate
COW-2397,7,6.45,3.07,4.4,14,21.0,3.1,32.6,16.7,289.3,Muscle tremors,No,Mild
COW-2398,6,6.48,6.84,4.9,7,37.3,3.1,29.3,14.7,392.9,Normal movement,No,Mild
COW-2399,4,8.2,6.92,4.6,6,37.0,5.7,3.5,19.0,481.4,Lethargic,No,Subclinical
COW-2400,7,9.77,3.05,4.8,22,15.6,8.8,-4.7,20.4,588.8,Reduced movement,No,Normal
COW-2401,3,10.43,6.47,3.4,20,14.7,9.4,2.4,21.0,582.2,Normal movement,No,Normal
COW-2402,2,7.11,7.55,4.6,11,28.7,5.6,13.4,19.9,363.8,Muscle tremors,No,Subclinical
COW-2403,1,4.56,5.58,3.2,26,44.7,2.0,-8.0,4.1,137.0,Normal movement,Yes,Critical
COW-2404,6,9.39,5.23,5.0,21,37.7,9.4,31.9,18.1,570.3,Muscle tremors,No,Normal
COW-2405,2,10.34,6.8,3.4,9,25.1,7.2,23.3,21.7,484.3,Muscle tremors,No,Normal
COW-2406,1,5.42,7.92,4.8,6,20.8,2.7,-8.2,13.7,200.3,Unable to stand,Yes,Moderate
COW-2407,4,6.45,7.75,2.1,22,18.9,4.8,20.9,14.2,362.9,Lethargic,No,Mild
COW-2408,6,6.67,3.7,2.6,23,20.0,4.7,14.5,17.1,261.5,Muscle tremors,No,Mild
COW-2409,2,6.41,6.32,3.9,5,27.1,4.8,-13.3,14.4,280.9,Unable to stand,No,Mild
COW-2410,3,8.15,5.71,4.4,-1,31.2,6.8,6.3,16.8,351.9,Reduced movement,No,Subclinical
COW-2411,5,5.3,6.96,2.7,29,27.6,3.3,-7.0,8.2,253.1,Unable to stand,Yes,Moderate
COW-2412,6,5.76,7.32,4.4,1,28.0,3.8,24.3,8.1,282.9,Muscle tremors,Yes,Moderate
COW-2413,5,7.72,4.39,2.8,18,19.2,5.1,8.5,17.1,498.3,Unable to stand,No,Subclinical
COW-2414,6,9.88,6.92,2.3,15,18.4,8.4,17.8,22.3,517.6,Reduced movement,No,Normal
COW-2415,5,8.22,5.13,3.8,27,37.2,6.5,33.7,19.0,435.2,Unable to stand,No,Subclinical
COW-2416,6,9.46,7.2,4.0,11,23.2,9.1,-13.0,23.9,465.7,Normal movement,No,Normal
COW-2417,7,5.64,5.78,2.7,23,15.7,2.4,-2.0,8.9,204.4,Unable to stand,Yes,Moderate
COW-2418,3,5.88,4.96,4.5,8,44.4,4.0,13.4,12.6,240.0,Unable to stand,Yes,Moderate
COW-2419,4,5.15,4.15,4.7,-4,12.2,2.2,13.7,13.7,181.8,Muscle tremors,Yes,Moderate
COW-2420,2,7.06,7.34,4.8,25,35.0,5.1,-8.3,19.2,439.5,Unable to stand,No,Subclinical
COW-2421,5,8.88,6.62,4.7,13,42.5,8.2,20.7,18.7,459.3,Normal movement,No,Normal
COW-2422,1,8.1,5.75,2.4,15,20.8,5.6,32.6,18.9,465.0,Unable to stand,No,Subclinical
COW-2423,2,8.57,7.18,3.2,6,10.1,7.6,30.0,23.4,452.5,Lethargic,No,Normal
COW-2424,7,4.11,5.18,4.9,19,24.8,0.6,-9.9,4.1,162.7,Normal movement,Yes,Critical
COW-2425,7,5.82,7.2,5.0,9,44.5,2.6,-14.9,8.6,190.8,Muscle tremors,Yes,Moderate
COW-2426,2,7.56,6.09,2.1,-5,22.9,6.6,15.9,19.6,390.3,Reduced movement,No,Subclinical
COW-2427,4,7.41,6.11,2.5,24,37.5,5.3,14.0,17.7,435.1,Unable to stand,No,Subclinical
COW-2428,2,7.66,6.07,3.1,18,38.1,7.0,8.6,18.3,422.8,Lethargic,No,Subclinical
COW-2429,2,7.8,3.63,4.8,3,25.1,6.8,23.6,15.1,439.2,Lethargic,No,Subclinical
COW-2430,3,7.53,6.81,4.9,18,42.7,5.6,36.7,15.4,478.2,Muscle tremors,No,Subclinical
COW-2431,6,8.36,3.45,4.2,26,20.4,5.2,18.1,17.4,393.6,Normal movement,No,Subclinical
COW-2432,3,9.06,5.18,2.5,4,31.1,8.8,11.3,22.1,591.0,Unable to stand,No,Normal
COW-2433,8,7.07,6.61,3.1,3,13.7,6.4,15.4,20.0,482.6,Lethargic,No,Subclinical
COW-2434,1,7.45,3.71,4.5,18,27.4,6.6,-15.0,15.6,476.7,Unable to stand,No,Subclinical
COW-2435,1,8.63,5.05,4.9,24,16.0,8.2,30.5,24.5,584.8,Lethargic,No,Normal
COW-2436,8,5.89,7.44,4.7,12,10.2,3.0,-10.1,14.4,253.3,Unable to stand,Yes,Moderate
COW-2437,3,6.14,7.97,2.2,29,42.3,3.5,28.7,14.7,263.5,Lethargic,No,Mild
COW-2438,2,8.62,7.74,2.3,18,44.1,8.1,18.6,21.9,554.7,Muscle tremors,No,Normal
COW-2439,2,5.88,6.74,2.1,18,18.0,3.3,29.9,10.2,231.3,Muscle tremors,Yes,Moderate
COW-2440,3,8.9,4.57,2.0,25,19.0,7.1,23.5,18.5,514.5,Normal movement,No,Normal
COW-2441,5,5.51,3.7,3.7,24,24.5,2.7,15.5,10.1,277.3,Reduced movement,Yes,Moderate
COW-2442,7,5.31,3.58,4.5,0,43.6,3.2,28.6,10.0,236.7,Unable to stand,Yes,Moderate
COW-2443,8,5.18,6.85,4.3,-3,19.0,2.6,-12.5,11.8,205.6,Lethargic,Yes,Moderate
COW-2444,7,6.2,7.85,4.4,18,25.3,3.4,13.8,14.8,294.5,Reduced movement,No,Mild
COW-2445,3,9.34,5.18,4.2,23,16.8,7.2,15.1,24.0,596.9,Lethargic,No,Normal
COW-2446,4,5.49,7.61,4.4,14,24.2,3.9,-7.4,10.2,207.3,Normal movement,Yes,Moderate
COW-2447,1,9.39,4.8,3.9,17,12.8,8.3,37.9,19.9,457.5,Reduced movement,No,Normal
COW-2448,3,9.96,7.51,3.0,-3,27.3,7.0,23.5,18.2,590.5,Normal movement,No,Normal
COW-2449,2,6.8,6.89,4.8,1,31.0,3.2,22.8,12.5,265.0,Reduced movement,No,Mild
COW-2450,5,9.91,3.89,3.9,20,35.1,8.3,5.4,20.7,553.0,Reduced movement,No,Normal
COW-2451,5,9.9,3.41,2.4,23,41.5,7.2,28.2,19.2,450.1,Unable to stand,No,Normal
COW-2452,1,7.01,3.25,3.0,16,17.5,6.7,24.6,18.8,454.9,Reduced movement,No,Subclinical
COW-2453,6,5.87,6.17,3.9,-3,25.3,3.3,-12.6,12.8,211.2,Muscle tremors,Yes,Moderate
COW-2454,8,9.91,7.65,4.1,18,32.5,9.5,35.2,21.2,532.6,Normal movement,No,Normal
COW-2455,7,9.08,6.61,2.6,2,10.1,9.0,4.2,19.5,495.6,Normal movement,No,Normal
COW-2456,7,5.04,3.36,2.9,1,43.4,3.2,39.5,14.8,214.1,Lethargic,Yes,Moderate
COW-2457,3,5.86,4.87,3.7,4,11.6,2.7,6.3,13.3,209.2,Normal movement,Yes,Moderate
COW-2458,8,9.64,5.14,4.7,30,12.1,8.7,15.1,22.5,509.7,Muscle tremors,No,Normal
COW-2459,1,8.09,6.47,2.4,8,33.2,6.8,16.4,20.0,425.1,Lethargic,No,Subclinical
COW-2460,6,10.22,6.79,4.5,16,21.5,7.1,-3.0,20.7,518.8,Lethargic,No,Normal
COW-2461,2,5.44,4.96,2.9,24,28.8,4.0,-4.9,10.2,195.6,Normal movement,Yes,Moderate
COW-2462,3,6.2,3.08,4.4,-3,32.5,3.4,34.1,14.0,264.3,Normal movement,No,Mild
COW-2463,1,7.89,4.27,2.0,2,13.1,6.9,6.6,17.8,412.1,Reduced movement,No,Subclinical
COW-2464,1,5.25,5.28,4.3,30,37.6,3.4,14.9,14.7,290.8,Lethargic,Yes,Moderate
COW-2465,3,5.08,3.84,2.1,10,24.7,3.2,29.2,12.2,230.8,Reduced movement,Yes,Moderate
COW-2466,3,5.41,7.92,4.7,3,10.0,2.7,9.5,9.3,210.7,Normal movement,Yes,Moderate
COW-2467,3,5.2,6.5,2.5,5,12.4,3.5,34.9,8.0,202.7,Unable to stand,Yes,Moderate
COW-2468,8,5.65,6.86,3.5,8,28.7,3.4,3.3,12.0,232.0,Unable to stand,Yes,Moderate
COW-2469,6,9.64,6.45,3.1,28,11.6,8.4,-12.2,24.8,475.1,Lethargic,No,Normal
COW-2470,8,5.48,5.74,3.1,4,27.8,3.6,17.0,12.2,205.9,Reduced movement,Yes,Moderate
COW-2471,5,5.3,7.98,2.4,25,15.7,3.8,-12.0,14.1,258.9,Unable to stand,Yes,Moderate
COW-2472,5,9.57,6.31,2.5,11,13.1,8.9,0.3,23.9,484.3,Lethargic,No,Normal
COW-2473,3,6.83,7.87,4.9,7,34.5,4.7,22.0,16.5,259.9,Normal movement,No,Mild
COW-2474,4,10.46,7.26,2.4,23,27.4,7.8,31.8,23.0,472.4,Reduced movement,No,Normal
COW-2475,2,6.22,3.65,2.3,16,41.0,4.4,7.4,12.2,366.5,Muscle tremors,No,Mild
COW-2476,1,9.19,5.28,3.1,1,31.4,9.4,-2.7,19.6,574.2,Normal movement,No,Normal
COW-2477,3,6.89,7.89,2.2,14,23.2,3.2,18.4,16.1,371.9,Reduced movement,No,Mild
COW-2478,4,7.17,6.71,4.5,-1,31.7,6.6,6.6,16.3,476.3,Reduced movement,No,Subclinical
COW-2479,4,8.31,5.03,4.7,21,39.5,5.8,34.9,15.1,358.4,Muscle tremors,No,Subclinical
COW-2480,1,4.04,5.56,3.2,18,12.1,1.6,17.0,9.6,90.1,Lethargic,Yes,Critical
COW-2481,1,9.38,6.02,2.6,9,29.9,8.3,3.9,24.9,552.7,Lethargic,No,Normal
COW-2482,7,6.15,5.17,4.5,0,20.3,3.4,-6.9,17.1,307.8,Reduced movement,No,Mild
COW-2483,3,5.83,4.6,4.0,1,33.8,3.5,31.8,14.6,246.6,Normal movement,Yes,Moderate
COW-2484,8,8.33,6.11,3.2,10,35.4,6.2,34.9,18.4,364.7,Normal movement,No,Subclinical
COW-2485,7,6.24,3.67,4.9,13,43.2,3.4,38.6,14.0,285.9,Reduced movement,No,Mild
COW-2486,1,5.33,7.75,2.1,10,12.7,2.5,23.9,9.7,293.9,Lethargic,Yes,Moderate
COW-2487,8,5.37,5.33,4.2,12,27.5,2.7,28.8,13.0,224.4,Muscle tremors,Yes,Moderate
COW-2488,5,8.01,4.0,4.9,22,23.0,6.9,11.0,19.6,400.3,Lethargic,No,Subclinical
COW-2489,7,8.35,3.4,3.0,18,10.8,5.1,23.4,16.0,392.1,Normal movement,No,Subclinical
COW-2490,5,7.71,3.71,4.4,18,30.2,6.6,6.8,15.9,409.9,Muscle tremors,No,Subclinical
COW-2491,4,8.53,6.88,3.8,2,19.3,9.6,6.2,19.9,485.9,Lethargic,No,Normal
COW-2492,5,9.8,7.7,4.4,14,37.2,8.8,33.7,19.7,584.6,Reduced movement,No,Normal
COW-2493,1,6.41,3.52,4.7,-4,11.0,3.8,20.5,15.9,318.7,Normal movement,No,Mild
COW-2494,6,8.29,5.74,2.3,30,19.8,5.3,-6.4,15.6,405.3,Lethargic,No,Subclinical
COW-2495,5,5.67,5.3,2.8,26,11.7,2.4,12.3,14.2,240.7,Reduced movement,Yes,Moderate
COW-2496,1,5.62,3.74,4.7,24,25.9,2.8,16.8,10.4,269.0,Muscle tremors,Yes,Moderate
COW-2497,7,6.17,6.23,2.1,17,38.5,3.9,29.8,12.7,386.7,Unable to stand,No,Mild
COW-2498,6,9.15,7.6,3.5,6,35.5,8.6,-11.4,24.9,455.5,Reduced movement,No,Normal
COW-2499,4,8.74,6.46,2.4,8,36.7,7.1,14.1,20.1,595.1,Normal movement,No,Normal
COW-2500,3,8.27,4.76,2.5,20,16.2,5.4,24.6,16.0,443.4,Unable to stand,No,Subclinical
COW-2501,8,6.71,4.76,4.7,8,41.8,3.7,-6.8,16.3,395.0,Reduced movement,No,Mild
COW-2502,8,6.2,3.87,2.9,25,34.2,4.2,30.6,17.4,340.5,Reduced movement,No,Mild
COW-2503,4,5.12,3.17,3.2,-2,29.3,2.8,10.3,8.6,222.0,Unable to stand,Yes,Moderate
COW-2504,8,10.08,7.27,3.1,1,10.5,7.4,-8.1,21.5,473.8,Muscle tremors,No,Normal
COW-2505,4,10.29,6.53,4.9,26,33.3,8.7,31.3,21.9,594.3,Muscle tremors,No,Normal
COW-2506,5,5.48,5.21,2.8,4,17.3,2.5,38.3,10.8,204.0,Reduced movement,Yes,Moderate
COW-2507,3,3.7,3.53,3.8,11,44.9,0.7,4.0,8.3,82.0,Unable to stand,Yes,Critical
COW-2508,3,8.86,7.11,3.9,16,17.4,9.9,21.1,20.8,506.6,Muscle tremors,No,Normal
COW-2509,8,10.23,3.28,3.2,26,19.7,7.7,30.5,24.0,467.2,Normal movement,No,Normal
COW-2510,6,7.32,5.81,2.4,-1,17.7,6.1,6.2,16.5,368.3,Muscle tremors,No,Subclinical
COW-2511,5,6.6,4.83,2.2,12,37.7,3.5,-12.5,17.0,321.0,Lethargic,No,Mild
COW-2512,2,10.1,5.14,4.2,-1,12.7,9.8,27.2,22.6,505.2,Lethargic,No,Normal
COW-2513,5,8.53,5.96,2.6,15,25.8,9.8,12.3,18.6,558.1,Reduced movement,No,Normal
COW-2514,1,10.12,6.33,2.2,26,13.4,7.1,25.1,19.2,596.5,Normal movement,No,Normal
COW-2515,2,10.38,7.73,3.2,29,29.8,8.7,10.0,23.3,514.5,Normal movement,No,Normal
COW-2516,8,7.3,3.4,3.8,6,14.6,5.3,20.9,17.5,422.6,Normal movement,No,Subclinical
COW-2517,6,7.97,5.72,3.1,8,42.9,6.9,22.7,17.7,421.3,Lethargic,No,Subclinical
COW-2518,2,9.76,5.56,4.2,16,16.4,8.1,-8.1,20.2,454.6,Normal movement,No,Normal
COW-2519,2,9.2,4.36,2.8,24,38.0,7.1,0.6,20.4,571.1,Normal movement,No,Normal
COW-2520,1,6.13,5.72,4.3,26,24.0,4.9,16.5,14.8,295.9,Unable to stand,No,Mild
COW-2521,5,8.24,4.74,4.1,-3,19.0,5.2,3.2,19.1,407.8,Normal movement,No,Subclinical
COW-2522,6,7.44,4.93,2.8,22,31.6,5.4,38.0,16.0,438.3,Muscle tremors,No,Subclinical
COW-2523,6,8.77,6.47,3.8,-5,16.3,9.1,4.2,19.6,480.9,Reduced movement,No,Normal
COW-2524,8,7.58,7.27,3.8,28,31.7,5.4,15.8,16.5,498.1,Unable to stand,No,Subclinical
COW-2525,7,6.31,7.86,4.3,13,36.1,3.6,1.9,15.9,287.2,Lethargic,No,Mild
COW-2526,5,5.55,6.76,2.7,11,19.7,2.8,9.8,14.5,250.7,Reduced movement,Yes,Moderate
COW-2527,5,8.23,6.29,3.7,4,17.9,5.5,17.6,17.6,451.4,Unable to stand,No,Subclinical
COW-2528,8,8.01,6.21,4.6,12,13.5,5.4,-6.3,17.9,472.6,Normal movement,No,Subclinical
COW-2529,8,3.68,3.22,3.0,28,22.2,1.5,0.8,4.7,137.4,Muscle tremors,Yes,Critical
COW-2530,8,8.12,3.05,2.9,22,39.7,5.3,6.0,18.9,355.6,Normal movement,No,Subclinical
COW-2531,4,9.63,4.78,2.4,2,17.1,9.5,32.5,19.0,560.6,Lethargic,No,Normal
COW-2532,6,5.48,6.14,4.5,-5,29.4,3.2,8.7,9.3,249.9,Normal movement,Yes,Moderate
COW-2533,4,5.85,4.3,3.0,19,17.7,2.5,-11.0,10.5,215.8,Unable to stand,Yes,Moderate
COW-2534,1,8.24,3.79,4.0,3,11.2,5.6,-1.3,15.9,474.3,Lethargic,No,Subclinical
COW-2535,3,7.37,6.32,4.1,21,27.7,5.4,23.1,15.5,395.2,Muscle tremors,No,Subclinical
COW-2536,1,5.03,6.55,4.7,12,23.4,3.6,17.0,14.9,258.1,Normal movement,Yes,Moderate
COW-2537,2,9.79,5.33,2.6,-3,20.6,9.9,31.3,21.1,492.9,Normal movement,No,Normal
COW-2538,6,10.39,4.4,3.2,6,25.7,7.5,3.5,23.7,541.4,Reduced movement,No,Normal
COW-2539,3,9.54,3.08,3.0,1,17.5,7.5,33.3,23.6,451.4,Reduced movement,No,Normal
COW-2540,4,9.01,6.35,3.3,24,22.8,8.4,29.9,18.5,553.8,Muscle tremors,No,Normal
COW-2541,3,5.7,4.25,4.2,6,19.7,3.2,5.4,10.4,277.7,Normal movement,Yes,Moderate
COW-2542,3,10.32,5.44,2.7,8,19.5,9.2,35.5,21.9,488.7,Reduced movement,No,Normal
COW-2543,5,9.42,6.99,4.8,-4,13.2,9.8,24.5,23.6,571.4,Reduced movement,No,Normal
COW-2544,3,6.26,6.61,4.7,11,33.1,4.8,15.1,12.4,372.1,Normal movement,No,Mild
COW-2545,8,5.58,3.53,4.4,6,42.4,3.4,-12.2,10.2,211.3,Lethargic,Yes,Moderate
COW-2546,4,6.48,6.14,3.0,-1,16.3,4.8,2.4,12.9,351.6,Normal movement,No,Mild
COW-2547,6,5.35,5.54,4.2,10,27.0,3.5,19.5,10.0,210.6,Muscle tremors,Yes,Moderate
COW-2548,2,8.11,3.6,3.4,27,11.5,5.2,23.3,15.4,496.9,Unable to stand,No,Subclinical
COW-2549,1,7.94,3.25,4.5,13,34.3,6.8,28.9,19.5,418.2,Reduced movement,No,Subclinical
COW-2550,6,7.14,3.89,3.0,2,27.3,6.9,-5.5,18.1,454.2,Reduced movement,No,Subclinical
COW-2551,7,5.67,3.11,4.6,4,15.1,2.5,5.7,11.9,201.8,Muscle tremors,Yes,Moderate
COW-2552,5,6.53,3.98,4.2,29,38.6,4.3,-3.9,17.1,278.9,Lethargic,No,Mild
COW-2553,8,10.25,5.5,3.8,16,10.4,9.5,10.6,20.1,576.1,Reduced movement,No,Normal
COW-2554,6,9.73,6.06,4.6,7,37.6,8.1,9.7,21.6,502.4,Lethargic,No,Normal
COW-2555,3,6.36,5.99,2.9,9,19.4,4.3,9.9,13.3,392.1,Muscle tremors,No,Mild
COW-2556,3,7.22,7.43,3.0,0,15.0,5.7,18.3,15.8,412.8,Normal movement,No,Subclinical
COW-2557,3,6.14,7.78,4.3,8,11.5,3.6,17.5,12.4,388.6,Lethargic,No,Mild
COW-2558,7,6.21,6.23,2.5,13,33.2,3.5,37.5,16.0,371.9,Normal movement,No,Mild
COW-2559,2,7.47,5.76,2.3,8,35.3,5.5,-2.7,17.6,446.9,Unable to stand,No,Subclinical
COW-2560,1,6.04,7.28,2.2,0,16.2,4.1,-6.6,17.1,283.7,Reduced movement,No,Mild
COW-2561,6,5.67,4.86,2.5,22,29.0,3.0,14.5,14.4,193.5,Muscle tremors,Yes,Moderate
COW-2562,1,8.71,5.69,3.2,14,36.3,8.7,31.0,21.7,489.3,Normal movement,No,Normal
COW-2563,7,8.86,6.19,3.4,15,28.2,9.8,27.7,24.4,524.7,Muscle tremors,No,Normal
COW-2564,5,6.85,5.98,4.2,8,20.4,3.8,-5.1,13.9,361.8,Unable to stand,No,Mild
COW-2565,7,10.12,6.45,2.1,5,31.4,7.5,14.3,19.4,452.6,Normal movement,No,Normal
COW-2566,8,10.38,7.33,2.3,23,15.4,9.8,26.8,22.0,579.3,Unable to stand,No,Normal
COW-2567,5,6.52,4.0,4.2,-4,12.0,4.1,33.1,15.9,327.1,Muscle tremors,No,Mild
COW-2568,3,7.99,3.81,3.0,29,23.9,5.1,33.0,16.7,379.5,Normal movement,No,Subclinical
COW-2569,1,9.15,4.17,4.1,17,29.4,7.5,-6.1,19.7,529.4,Muscle tremors,No,Normal
COW-2570,3,5.59,4.99,4.1,5,38.8,3.1,26.6,12.3,187.2,Reduced movement,Yes,Moderate
COW-2571,3,5.76,6.05,3.2,8,17.5,4.0,11.6,9.4,284.6,Normal movement,Yes,Moderate
COW-2572,2,8.24,6.84,2.5,24,13.7,6.9,8.9,19.6,462.5,Lethargic,No,Subclinical
COW-2573,2,3.5,3.78,4.7,4,13.5,0.6,14.7,4.9,140.7,Unable to stand,Yes,Critical
COW-2574,4,6.31,3.32,3.4,-4,24.2,3.4,34.3,16.4,359.2,Muscle tremors,No,Mild
COW-2575,1,7.59,3.03,4.7,29,28.3,6.3,32.1,16.9,437.3,Lethargic,No,Subclinical
COW-2576,2,9.74,5.3,3.5,2,22.3,8.4,17.6,21.1,511.5,Unable to stand,No,Normal
COW-2577,4,5.49,6.38,5.0,4,34.6,2.6,5.7,12.6,201.4,Muscle tremors,Yes,Moderate
COW-2578,3,7.86,5.24,2.9,27,30.8,5.7,34.0,19.1,370.8,Reduced movement,No,Subclinical
COW-2579,4,9.7,5.22,2.9,3,30.3,9.0,18.4,22.4,451.4,Muscle tremors,No,Normal
COW-2580,8,8.79,4.52,4.3,20,27.0,8.9,15.9,21.0,598.3,Unable to stand,No,Normal
COW-2581,8,5.28,6.09,3.7,20,19.7,3.4,37.4,9.8,222.2,Reduced movement,Yes,Moderate
COW-2582,5,5.1,7.72,3.0,20,35.7,2.9,14.5,10.0,235.0,Unable to stand,Yes,Moderate
COW-2583,7,9.09,3.05,3.8,27,38.2,8.8,33.2,18.2,493.5,Lethargic,No,Normal
COW-2584,2,4.67,5.29,3.2,13,29.4,2.0,34.6,5.0,96.7,Normal movement,Yes,Critical
COW-2585,3,5.24,4.11,3.7,29,30.1,3.7,-4.6,10.5,192.5,Normal movement,Yes,Moderate
COW-2586,5,9.83,5.37,4.5,1,29.4,8.6,7.9,19.7,539.3,Reduced movement,No,Normal
COW-2587,8,10.08,6.4,4.2,20,13.6,9.7,33.9,18.3,481.9,Unable to stand,No,Normal
COW-2588,4,7.02,5.79,4.3,7,38.9,6.9,38.8,16.8,393.9,Lethargic,No,Subclinical
COW-2589,1,7.7,3.59,3.4,21,40.7,6.0,29.2,18.6,352.9,Normal movement,No,Subclinical
COW-2590,4,9.36,7.59,2.9,11,14.6,9.7,17.7,18.9,484.6,Normal movement,No,Normal
COW-2591,5,7.93,7.09,3.1,14,42.9,6.9,5.8,17.8,489.4,Reduced movement,No,Subclinical
COW-2592,6,9.72,5.13,2.5,6,14.4,8.3,-14.6,21.3,497.3,Reduced movement,No,Normal
COW-2593,5,9.38,4.94,3.6,15,23.0,7.1,-2.7,21.5,522.1,Muscle tremors,No,Normal
COW-2594,2,10.2,5.45,2.2,3,20.1,9.5,25.1,21.7,496.9,Reduced movement,No,Normal
COW-2595,1,8.51,3.46,4.6,25,18.3,7.7,27.8,18.9,477.7,Reduced movement,No,Normal
COW-2596,8,6.45,6.66,3.9,30,21.2,3.9,22.1,13.6,346.4,Unable to stand,No,Mild
COW-2597,3,9.67,6.56,2.9,20,14.0,7.9,12.6,22.8,501.9,Muscle tremors,No,Normal
COW-2598,2,7.63,6.18,3.1,0,19.0,5.1,10.0,19.6,429.4,Lethargic,No,Subclinical
COW-2599,6,7.89,5.64,4.2,13,13.9,5.7,28.4,15.7,415.8,Muscle tremors,No,Subclinical
COW-2600,5,9.9,7.24,3.8,-3,21.7,9.9,11.9,21.2,489.0,Unable to stand,No,Normal
COW-2601,4,8.75,6.44,2.7,28,42.1,7.7,38.9,18.6,568.1,Muscle tremors,No,Normal
COW-2602,8,4.21,4.76,2.5,29,26.6,1.8,-14.5,8.9,146.8,Unable to stand,Yes,Critical
COW-2603,6,7.96,5.04,4.5,8,42.4,5.6,25.1,15.6,453.7,Muscle tremors,No,Subclinical
COW-2604,1,5.09,5.39,2.9,19,27.4,3.1,25.4,8.8,231.0,Muscle tremors,Yes,Moderate
COW-2605,3,6.53,4.12,4.4,3,30.6,3.8,16.7,17.6,398.0,Muscle tremors,No,Mild
COW-2606,7,6.24,5.93,2.1,-3,13.9,4.8,14.3,12.3,338.1,Unable to stand,No,Mild
COW-2607,4,9.65,6.54,2.5,0,28.9,8.6,7.5,19.6,589.7,Unable to stand,No,Normal
COW-2608,5,8.84,6.88,2.9,24,30.4,7.9,9.1,19.9,590.7,Unable to stand,No,Normal
COW-2609,6,5.74,4.74,3.6,28,36.0,3.8,31.3,10.3,265.2,Normal movement,Yes,Moderate
COW-2610,2,9.38,7.49,4.5,-1,38.7,8.8,1.5,23.1,541.4,Unable to stand,No,Normal
COW-2611,8,10.3,5.65,4.7,11,42.4,8.4,29.6,24.5,562.6,Lethargic,No,Normal
COW-2612,4,5.38,7.91,2.3,6,35.4,3.5,20.1,9.1,299.4,Reduced movement,Yes,Moderate
COW-2613,6,8.05,4.23,5.0,26,39.2,6.7,-10.6,15.6,362.3,Lethargic,No,Subclinical
COW-2614,1,8.03,6.6,3.9,5,39.2,6.2,9.5,19.6,494.9,Unable to stand,No,Subclinical
COW-2615,6,8.8,4.11,4.4,0,32.0,9.6,21.1,24.5,537.8,Unable to stand,No,Normal
COW-2616,1,8.06,6.34,2.6,20,10.7,5.9,25.9,18.7,465.3,Normal movement,No,Subclinical
COW-2617,2,7.01,7.92,2.9,15,22.2,6.9,-1.6,17.7,477.9,Muscle tremors,No,Subclinical
COW-2618,1,9.88,5.51,2.4,13,21.5,8.0,33.4,21.7,465.2,Lethargic,No,Normal
COW-2619,8,8.91,6.94,3.5,19,36.5,7.2,-7.3,20.4,554.6,Muscle tremors,No,Normal
COW-2620,6,9.52,4.21,3.9,-5,31.9,8.8,15.0,22.0,481.3,Muscle tremors,No,Normal
COW-2621,5,9.4,7.1,2.7,26,29.9,7.7,4.6,22.6,579.1,Normal movement,No,Normal
COW-2622,5,8.99,7.19,4.7,25,27.0,9.9,10.1,22.3,549.0,Reduced movement,No,Normal
COW-2623,7,8.4,4.25,2.5,0,23.2,6.3,-1.0,17.0,401.5,Normal movement,No,Subclinical
COW-2624,7,5.07,7.79,3.0,8,21.7,3.8,33.0,12.4,263.6,Lethargic,Yes,Moderate
COW-2625,5,7.06,5.8,2.0,26,44.3,5.7,-14.5,15.6,378.3,Reduced movement,No,Subclinical
COW-2626,4,7.59,6.17,4.0,24,14.1,6.9,26.5,17.5,365.4,Reduced movement,No,Subclinical
COW-2627,4,8.3,5.48,2.8,-5,29.9,6.2,-5.5,17.9,356.7,Unable to stand,No,Subclinical
COW-2628,5,6.84,6.77,3.1,10,39.1,4.0,27.2,16.6,380.7,Unable to stand,No,Mild
COW-2629,8,6.12,3.11,4.9,30,43.6,4.0,39.2,14.7,383.2,Normal movement,No,Mild
COW-2630,5,6.7,4.04,3.5,28,41.5,4.5,12.9,12.2,295.8,Reduced movement,No,Mild
COW-2631,8,7.91,4.07,2.9,25,25.7,5.7,30.6,17.6,459.8,Normal movement,No,Subclinical
COW-2632,1,9.71,3.97,4.5,21,43.9,8.9,-4.8,18.8,592.7,Reduced movement,No,Normal
COW-2633,6,7.37,6.28,2.5,9,41.3,5.3,18.6,15.2,389.3,Lethargic,No,Subclinical
COW-2634,3,7.01,6.45,4.1,12,13.5,6.5,-3.2,15.3,358.5,Lethargic,No,Subclinical
COW-2635,4,8.18,6.08,2.3,4,15.0,6.3,0.2,15.3,422.4,Muscle tremors,No,Subclinical
COW-2636,8,8.8,5.03,2.5,18,12.7,8.2,12.3,19.8,590.0,Lethargic,No,Normal
COW-2637,3,5.26,4.07,3.3,1,28.7,2.5,19.2,14.2,257.5,Normal movement,Yes,Moderate
COW-2638,7,9.55,3.06,3.6,23,34.3,7.3,-5.7,20.7,457.5,Reduced movement,No,Normal
COW-2639,1,6.54,5.07,2.4,18,16.9,4.6,37.7,13.4,384.0,Unable to stand,No,Mild
COW-2640,6,9.43,4.22,3.0,-5,10.9,8.8,10.4,18.2,464.4,Unable to stand,No,Normal
COW-2641,4,8.05,3.55,3.6,19,29.8,5.1,25.9,17.3,374.0,Muscle tremors,No,Subclinical
COW-2642,7,5.45,4.58,4.8,12,36.0,2.4,28.6,8.2,278.8,Muscle tremors,Yes,Moderate
COW-2643,3,9.59,5.27,2.9,21,11.9,10.0,38.8,18.5,575.1,Reduced movement,No,Normal
COW-2644,5,6.77,3.46,3.2,4,22.0,4.9,-3.2,12.8,304.1,Unable to stand,No,Mild
COW-2645,2,8.78,5.92,2.9,23,37.9,9.2,11.1,24.6,559.6,Reduced movement,No,Normal
COW-2646,1,7.29,3.47,4.8,25,24.3,5.4,20.8,18.2,403.0,Unable to stand,No,Subclinical
COW-2647,1,5.87,6.46,3.8,17,13.9,3.4,-13.0,9.9,221.4,Normal movement,Yes,Moderate
COW-2648,2,9.14,3.85,3.3,20,44.8,9.8,23.7,22.1,576.2,Unable to stand,No,Normal
COW-2649,7,5.23,5.57,3.3,8,26.2,3.1,40.0,13.5,289.0,Normal movement,Yes,Moderate
COW-2650,5,7.44,7.1,3.7,0,44.2,5.5,-9.0,17.6,384.6,Normal movement,No,Subclinical
COW-2651,3,7.12,6.63,3.6,7,23.8,5.6,37.9,15.3,435.7,Reduced movement,No,Subclinical
COW-2652,6,5.88,5.25,4.9,27,15.5,2.6,-2.7,9.9,232.4,Unable to stand,Yes,Moderate
COW-2653,5,7.6,7.99,2.6,26,34.0,5.3,25.8,19.3,375.2,Normal movement,No,Subclinical
COW-2654,6,7.0,3.09,3.6,10,37.8,5.4,25.9,16.1,359.1,Muscle tremors,No,Subclinical
COW-2655,2,7.86,5.84,2.3,11,14.2,5.0,28.9,17.6,465.2,Normal movement,No,Subclinical
COW-2656,2,7.54,3.69,3.5,24,36.0,6.5,17.0,18.1,473.1,Unable to stand,No,Subclinical
COW-2657,8,4.54,6.67,2.9,0,43.0,1.4,32.7,6.3,145.0,Unable to stand,Yes,Critical
COW-2658,5,7.54,7.21,3.8,12,34.0,5.1,-1.3,15.1,439.5,Normal movement,No,Subclinical
COW-2659,4,5.86,4.59,4.0,30,32.6,2.2,23.2,8.7,285.9,Lethargic,Yes,Moderate
COW-2660,5,7.21,6.32,2.2,8,21.3,5.0,-1.8,18.2,470.7,Muscle tremors,No,Subclinical
COW-2661,8,7.45,5.91,4.1,20,25.1,6.9,-6.8,18.0,387.6,Normal movement,No,Subclinical
COW-2662,3,9.03,6.85,4.7,27,15.3,8.9,-7.4,18.1,470.9,Reduced movement,No,Normal
COW-2663,5,8.36,5.65,3.5,-1,27.4,5.3,22.9,19.5,371.1,Reduced movement,No,Subclinical
COW-2664,6,7.89,4.11,5.0,-4,10.3,5.4,-10.2,16.6,492.7,Unable to stand,No,Subclinical
COW-2665,3,9.6,7.69,3.9,15,22.1,8.0,-14.0,21.8,553.0,Muscle tremors,No,Normal
COW-2666,1,8.62,5.04,2.2,3,29.7,8.8,13.7,19.5,489.7,Muscle tremors,No,Normal
COW-2667,2,9.95,3.64,4.2,22,12.4,9.2,-10.1,19.2,597.5,Normal movement,No,Normal
COW-2668,5,6.85,5.18,3.0,11,20.9,4.4,24.9,12.1,360.3,Lethargic,No,Mild
COW-2669,3,6.88,4.91,4.9,1,31.8,3.8,3.3,13.3,345.1,Normal movement,No,Mild
COW-2670,4,8.35,4.75,4.9,0,27.2,5.6,7.5,19.2,388.9,Reduced movement,No,Subclinical
COW-2671,6,10.01,7.76,3.2,-5,27.8,9.2,31.6,18.9,518.8,Muscle tremors,No,Normal
COW-2672,7,4.83,7.63,4.6,21,39.8,1.8,9.3,5.7,89.2,Lethargic,Yes,Critical
COW-2673,5,5.43,6.2,3.1,-3,24.4,3.7,36.3,12.6,249.4,Unable to stand,Yes,Moderate
COW-2674,8,10.49,4.36,2.6,-2,20.8,9.9,8.1,18.9,497.0,Muscle tremors,No,Normal
COW-2675,2,7.21,6.02,4.3,5,22.5,5.7,16.6,18.2,476.5,Reduced movement,No,Subclinical
COW-2676,7,9.82,6.83,2.3,26,37.1,7.8,15.1,20.0,572.8,Normal movement,No,Normal
COW-2677,8,7.35,4.69,3.8,13,27.5,6.7,32.5,17.1,396.0,Reduced movement,No,Subclinical
COW-2678,5,6.53,4.3,4.3,17,39.6,3.8,29.9,12.1,310.8,Normal movement,No,Mild
COW-2679,3,10.13,3.41,4.2,10,40.2,8.1,-8.5,19.4,562.5,Muscle tremors,No,Normal
COW-2680,7,8.51,6.65,4.6,19,11.9,9.8,-11.8,21.5,465.1,Reduced movement,No,Normal
COW-2681,4,8.71,7.56,2.1,0,38.3,8.3,-13.2,23.8,543.4,Normal movement,No,Normal
COW-2682,8,10.13,3.49,4.5,30,24.5,7.7,27.9,23.3,524.5,Normal movement,No,Normal
COW-2683,7,5.8,6.58,4.9,-2,35.3,2.3,-0.8,14.9,222.6,Unable to stand,Yes,Moderate
COW-2684,8,6.74,3.6,2.6,23,21.9,3.7,3.6,14.2,251.4,Reduced movement,No,Mild
COW-2685,1,6.43,5.22,4.2,25,14.8,3.3,10.7,15.2,380.1,Normal movement,No,Mild
COW-2686,8,6.1,5.56,4.3,25,44.2,3.8,-6.5,14.6,332.9,Reduced movement,No,Mild
COW-2687,7,6.23,4.69,2.7,23,40.7,4.0,15.8,12.7,279.7,Normal movement,No,Mild
COW-2688,1,5.16,5.75,4.4,24,40.3,2.6,12.5,8.1,266.7,Normal movement,Yes,Moderate
COW-2689,5,9.84,7.38,4.9,5,44.0,7.9,-8.3,23.6,470.2,Unable to stand,No,Normal
COW-2690,7,9.7,4.3,4.0,-4,23.6,9.3,9.3,21.9,577.0,Lethargic,No,Normal
COW-2691,2,8.99,6.74,4.6,4,13.1,9.5,-12.0,24.4,504.7,Normal movement,No,Normal
COW-2692,5,5.74,4.09,3.1,28,36.8,2.8,34.1,8.0,291.3,Reduced movement,Yes,Moderate
COW-2693,4,9.91,5.89,2.9,13,27.6,9.1,-2.9,22.3,579.9,Normal movement,No,Normal
COW-2694,2,9.98,4.58,2.7,4,13.5,8.8,35.1,23.7,572.1,Muscle tremors,No,Normal
COW-2695,6,8.07,5.02,4.4,9,33.4,6.4,36.5,19.9,454.7,Lethargic,No,Subclinical
COW-2696,2,8.69,4.38,3.5,11,36.9,8.0,-6.4,23.7,582.1,Unable to stand,No,Normal
COW-2697,7,5.77,4.6,4.3,2,14.8,2.2,27.4,11.3,246.2,Muscle tremors,Yes,Moderate
COW-2698,6,5.73,5.49,2.3,18,19.1,2.3,5.7,12.1,271.8,Normal movement,Yes,Moderate
COW-2699,8,6.14,4.46,4.3,18,37.0,4.5,8.3,12.1,294.3,Muscle tremors,No,Mild
COW-2700,1,7.5,7.13,3.4,18,23.4,5.9,-0.5,15.1,380.5,Muscle tremors,No,Subclinical
COW-2701,4,7.67,4.53,2.7,-4,37.2,6.4,33.9,16.1,423.0,Lethargic,No,Subclinical
COW-2702,5,5.45,3.25,3.7,16,19.1,2.6,26.3,11.2,201.7,Unable to stand,Yes,Moderate
COW-2703,3,8.25,3.23,3.2,11,14.8,5.4,9.5,17.6,395.0,Muscle tremors,No,Subclinical
COW-2704,3,6.43,4.69,4.2,20,26.7,3.1,23.0,17.0,281.0,Lethargic,No,Mild
COW-2705,4,6.8,3.26,4.7,-4,37.9,3.9,13.4,15.0,321.3,Unable to stand,No,Mild
COW-2706,4,3.75,4.3,3.0,-4,34.1,1.5,36.9,8.7,173.3,Unable to stand,Yes,Critical
COW-2707,8,6.18,5.98,3.3,11,37.2,3.8,2.3,12.5,385.7,Lethargic,No,Mild
COW-2708,1,8.03,4.7,2.8,22,39.8,6.0,17.3,19.4,425.0,Normal movement,No,Subclinical
COW-2709,5,8.79,7.19,3.4,8,16.3,7.5,23.8,19.5,510.4,Reduced movement,No,Normal
COW-2710,3,4.18,4.85,4.7,22,31.2,0.7,38.3,4.5,135.8,Normal movement,Yes,Critical
COW-2711,1,8.09,4.44,4.5,20,30.2,5.3,-2.2,19.4,405.8,Lethargic,No,Subclinical
COW-2712,2,10.17,7.03,2.6,6,36.1,9.9,39.7,18.1,537.7,Unable to stand,No,Normal
COW-2713,1,5.09,4.34,4.5,-2,24.8,4.0,-13.6,9.9,261.4,Normal movement,Yes,Moderate
COW-2714,1,8.29,5.23,4.3,16,34.0,6.6,36.8,15.4,488.6,Lethargic,No,Subclinical
COW-2715,4,7.26,4.88,2.7,2,40.2,6.7,9.2,15.9,487.5,Unable to stand,No,Subclinical
COW-2716,8,9.37,7.79,2.1,20,36.5,7.7,2.9,21.9,531.0,Normal movement,No,Normal
COW-2717,6,9.73,6.49,2.7,9,14.5,8.8,23.5,24.9,498.8,Muscle tremors,No,Normal
COW-2718,2,8.82,6.26,2.9,22,12.1,8.7,30.7,23.8,483.3,Muscle tremors,No,Normal
COW-2719,6,8.15,4.78,2.6,26,19.3,5.9,26.2,15.8,446.7,Unable to stand,No,Subclinical
COW-2720,8,8.01,3.01,4.2,18,36.4,6.0,31.6,17.7,395.2,Normal movement,No,Subclinical
COW-2721,1,9.83,3.86,2.1,6,37.0,9.8,34.7,22.0,576.4,Lethargic,No,Normal
COW-2722,4,5.56,5.92,2.5,5,22.2,2.6,-4.4,11.8,289.7,Reduced movement,Yes,Moderate
COW-2723,3,8.99,6.26,3.0,-2,14.0,7.2,33.7,19.1,506.1,Reduced movement,No,Normal
COW-2724,5,3.96,5.02,3.5,30,38.3,1.6,0.7,9.4,107.1,Reduced movement,Yes,Critical
COW-2725,4,6.17,3.82,3.3,-5,38.4,3.3,-13.5,17.1,309.1,Unable to stand,No,Mild
COW-2726,4,6.11,3.45,4.6,-2,25.6,4.7,3.3,16.7,362.9,Unable to stand,No,Mild
COW-2727,3,8.33,3.99,3.4,14,30.6,5.2,0.3,16.2,424.5,Normal movement,No,Subclinical
COW-2728,7,5.16,4.02,3.3,1,30.5,3.5,-5.1,9.9,191.1,Muscle tremors,Yes,Moderate
COW-2729,4,8.7,5.12,4.9,25,21.1,8.1,21.7,23.1,469.2,Unable to stand,No,Normal
COW-2730,7,6.23,7.45,3.3,23,38.3,3.2,-2.4,17.4,355.2,Normal movement,No,Mild
COW-2731,3,7.92,3.69,2.2,5,34.7,6.8,-11.5,19.5,397.3,Reduced movement,No,Subclinical
COW-2732,6,5.01,3.5,3.9,14,18.3,2.2,31.3,9.5,272.6,Unable to stand,Yes,Moderate
COW-2733,8,5.83,7.87,3.1,11,40.1,2.9,-6.6,9.0,235.9,Normal movement,Yes,Moderate
COW-2734,4,7.99,7.66,4.4,6,35.8,5.5,38.3,19.0,398.2,Lethargic,No,Subclinical
COW-2735,8,6.44,3.99,2.6,10,36.5,3.9,17.4,15.8,374.4,Unable to stand,No,Mild
COW-2736,2,7.5,6.58,4.0,22,19.6,6.2,33.6,15.3,401.0,Lethargic,No,Subclinical
COW-2737,6,6.66,7.86,3.0,22,34.9,4.1,11.3,17.0,331.2,Muscle tremors,No,Mild
COW-2738,1,5.67,6.89,3.1,8,40.2,2.5,20.1,11.4,259.0,Lethargic,Yes,Moderate
COW-2739,2,6.71,7.35,2.0,1,28.7,3.8,4.4,15.3,275.9,Muscle tremors,No,Mild
COW-2740,5,9.39,7.4,3.9,0,39.8,8.7,-5.7,19.3,564.1,Reduced movement,No,Normal
COW-2741,5,8.67,3.07,4.1,21,23.8,8.7,30.7,19.2,451.7,Muscle tremors,No,Normal
COW-2742,7,9.3,7.2,4.9,18,25.1,7.8,-4.8,23.8,501.4,Muscle tremors,No,Normal
COW-2743,1,5.02,3.42,2.7,18,36.7,2.5,14.6,8.5,268.5,Reduced movement,Yes,Moderate
COW-2744,5,10.17,7.26,4.1,21,43.8,7.3,36.2,24.6,483.3,Reduced movement,No,Normal
COW-2745,1,7.45,5.09,4.5,25,44.1,5.6,32.9,15.6,452.8,Muscle tremors,No,Subclinical
COW-2746,6,8.52,4.36,2.3,22,33.1,8.7,32.2,19.6,476.0,Normal movement,No,Normal
COW-2747,4,10.07,4.29,4.1,22,20.5,7.3,36.6,22.5,568.9,Normal movement,No,Normal
COW-2748,5,8.26,3.89,3.4,19,28.3,5.6,11.2,19.6,379.5,Muscle tremors,No,Subclinical
COW-2749,1,5.38,3.9,4.9,12,40.8,3.4,29.5,13.5,252.5,Muscle tremors,Yes,Moderate
COW-2750,6,8.7,7.23,3.9,7,16.0,8.7,23.4,18.1,463.0,Normal movement,No,Normal
COW-2751,5,5.5,6.84,2.5,12,22.1,2.9,27.9,9.9,212.1,Reduced movement,Yes,Moderate
COW-2752,7,7.8,4.79,2.9,29,22.9,5.9,-2.6,18.8,351.6,Reduced movement,No,Subclinical
COW-2753,1,7.39,6.53,2.2,-5,44.3,5.9,-14.8,16.0,415.1,Lethargic,No,Subclinical
COW-2754,6,9.75,3.46,4.2,10,21.2,7.9,17.4,23.2,490.2,Normal movement,No,Normal
COW-2755,1,5.52,5.14,2.9,21,35.8,2.4,1.1,11.7,211.4,Muscle tremors,Yes,Moderate
COW-2756,5,7.39,5.71,3.4,17,40.7,5.9,-0.9,17.0,406.3,Muscle tremors,No,Subclinical
COW-2757,3,5.61,7.05,4.9,-1,22.9,2.8,1.3,9.6,246.4,Normal movement,Yes,Moderate
COW-2758,1,8.31,5.88,2.3,28,20.8,5.3,-12.7,17.4,454.4,Muscle tremors,No,Subclinical
COW-2759,7,6.02,5.14,3.0,-3,18.0,5.0,-1.4,14.2,362.9,Lethargic,No,Mild
COW-2760,4,5.19,3.11,3.2,2,29.2,2.8,-7.5,12.5,259.9,Reduced movement,Yes,Moderate
COW-2761,8,8.28,6.86,3.4,27,25.1,6.3,-3.0,18.9,442.1,Lethargic,No,Subclinical
COW-2762,1,6.35,6.4,2.5,27,34.3,4.5,32.8,15.4,280.7,Unable to stand,No,Mild
COW-2763,7,6.02,7.24,4.5,14,30.0,4.7,-7.4,16.8,345.7,Normal movement,No,Mild
COW-2764,1,6.24,3.39,4.6,23,11.0,4.7,6.5,14.5,355.0,Reduced movement,No,Mild
COW-2765,2,5.36,7.4,3.4,6,36.8,2.3,13.0,14.5,261.1,Unable to stand,Yes,Moderate
COW-2766,3,9.48,7.42,2.6,9,26.2,8.7,10.2,20.9,498.4,Normal movement,No,Normal
COW-2767,5,7.86,4.03,4.1,29,34.0,5.3,21.6,17.9,373.7,Normal movement,No,Subclinical
COW-2768,4,6.86,3.1,2.8,21,25.7,3.6,39.7,17.9,340.2,Unable to stand,No,Mild
COW-2769,6,10.14,6.04,2.5,12,18.1,8.3,35.2,18.0,488.8,Lethargic,No,Normal
COW-2770,4,6.73,7.11,2.2,29,13.9,4.4,10.9,16.7,354.1,Normal movement,No,Mild
COW-2771,7,8.34,7.42,3.6,-2,13.6,5.5,20.8,16.1,367.1,Lethargic,No,Subclinical
COW-2772,3,5.81,7.7,4.3,2,26.7,3.3,36.5,8.7,180.2,Reduced movement,Yes,Moderate
COW-2773,5,7.06,5.7,3.6,-1,25.9,6.8,7.1,16.0,427.0,Unable to stand,No,Subclinical
COW-2774,7,9.6,7.21,3.0,-4,33.1,9.0,-13.9,23.4,574.9,Reduced movement,No,Normal
COW-2775,6,8.33,3.44,3.3,-5,24.8,5.4,17.6,18.2,444.7,Normal movement,No,Subclinical
COW-2776,7,6.77,3.08,2.1,3,39.4,3.3,-1.8,14.8,308.8,Normal movement,No,Mild
COW-2777,3,8.39,4.4,2.7,19,32.1,5.8,-4.9,18.4,482.4,Lethargic,No,Subclinical
COW-2778,8,10.3,7.05,4.8,4,20.4,7.2,21.2,18.1,562.0,Lethargic,No,Normal
COW-2779,1,9.67,4.82,2.0,30,41.8,9.8,16.3,19.1,483.4,Muscle tremors,No,Normal
COW-2780,1,5.22,7.59,2.9,19,21.1,2.8,31.4,13.3,180.1,Lethargic,Yes,Moderate
COW-2781,6,8.94,6.5,4.4,18,37.3,9.3,0.3,19.8,563.1,Normal movement,No,Normal
COW-2782,7,4.66,3.73,3.1,23,44.9,0.9,-1.3,9.3,141.2,Lethargic,Yes,Critical
COW-2783,7,9.32,3.19,3.2,24,31.2,10.0,19.4,24.7,484.6,Unable to stand,No,Normal
COW-2784,2,7.18,7.56,4.7,6,14.7,6.2,-12.2,17.8,422.7,Lethargic,No,Subclinical
COW-2785,7,8.87,4.92,3.2,24,43.2,9.9,16.3,21.9,469.3,Muscle tremors,No,Normal
COW-2786,6,9.25,6.29,2.5,30,18.7,10.0,2.6,24.4,592.2,Unable to stand,No,Normal
COW-2787,7,6.5,4.86,4.3,-5,20.5,3.9,-1.4,15.0,341.6,Unable to stand,No,Mild
COW-2788,5,10.29,5.64,2.6,0,15.4,9.4,-8.1,18.7,480.0,Normal movement,No,Normal
COW-2789,2,9.08,7.65,2.4,-1,43.5,7.1,1.8,24.9,554.8,Reduced movement,No,Normal
COW-2790,5,5.66,4.02,4.4,26,21.2,3.1,34.6,9.5,194.2,Unable to stand,Yes,Moderate
COW-2791,1,7.83,4.92,2.5,3,20.4,6.1,-14.4,18.2,474.9,Unable to stand,No,Subclinical
COW-2792,3,3.58,5.85,3.5,22,25.0,0.8,36.8,6.0,107.9,Normal movement,Yes,Critical
COW-2793,5,6.5,7.7,4.5,29,42.2,4.2,38.8,12.8,390.7,Normal movement,No,Mild
COW-2794,6,6.36,4.82,3.9,-5,25.7,3.3,7.5,12.0,321.1,Normal movement,No,Mild
COW-2795,7,4.3,7.58,3.9,13,39.7,2.0,-14.6,4.9,171.7,Reduced movement,Yes,Critical
COW-2796,5,5.44,3.36,2.6,15,39.8,2.2,-9.7,9.1,207.1,Normal movement,Yes,Moderate
COW-2797,8,7.28,3.31,3.3,6,43.8,5.3,-6.9,17.5,495.6,Lethargic,No,Subclinical
COW-2798,2,5.53,3.95,4.2,13,39.8,3.0,2.1,9.4,235.2,Muscle tremors,Yes,Moderate
COW-2799,1,10.06,5.67,4.6,9,21.0,8.5,-11.4,18.2,562.5,Normal movement,No,Normal
COW-2800,8,6.37,5.36,2.1,30,39.9,3.2,38.6,16.5,260.7,Normal movement,No,Mild
COW-2801,4,8.35,4.34,3.2,11,11.3,5.3,29.8,17.7,402.1,Unable to stand,No,Subclinical
COW-2802,1,5.31,3.48,4.7,23,19.1,3.1,24.5,8.6,268.4,Unable to stand,Yes,Moderate
COW-2803,6,7.35,5.46,3.4,-2,20.0,6.3,17.3,19.6,357.0,Normal movement,No,Subclinical
COW-2804,6,6.8,6.81,3.8,29,15.2,3.2,-10.5,13.7,252.8,Unable to stand,No,Mild
COW-2805,4,9.68,6.66,2.7,18,42.0,8.2,14.9,19.1,591.0,Muscle tremors,No,Normal
COW-2806,5,6.57,5.7,2.5,15,15.5,4.4,23.4,12.1,316.7,Normal movement,No,Mild
COW-2807,7,3.9,6.61,3.0,21,14.6,1.2,-11.9,7.6,184.0,Reduced movement,Yes,Critical
COW-2808,8,6.27,3.27,4.3,22,27.1,4.7,12.8,15.0,326.1,Unable to stand,No,Mild
COW-2809,1,7.84,6.5,2.3,13,40.3,5.1,-10.7,18.4,367.6,Reduced movement,No,Subclinical
COW-2810,3,6.73,5.77,3.7,16,15.7,3.8,7.0,12.6,330.6,Reduced movement,No,Mild
COW-2811,2,6.53,6.42,5.0,4,10.6,3.8,-2.6,13.8,318.2,Muscle tremors,No,Mild
COW-2812,8,6.43,6.63,4.9,-2,40.2,3.5,22.3,16.3,294.4,Reduced movement,No,Mild
COW-2813,4,5.07,7.11,3.7,10,30.2,3.5,8.2,10.0,269.5,Muscle tremors,Yes,Moderate
COW-2814,7,5.12,5.88,4.8,18,18.1,2.8,-14.3,9.7,264.4,Muscle tremors,Yes,Moderate
COW-2815,5,8.53,3.03,4.7,28,24.0,8.1,3.2,23.7,586.1,Normal movement,No,Normal
COW-2816,1,7.55,3.65,3.6,0,32.6,5.5,8.6,19.1,405.6,Normal movement,No,Subclinical
COW-2817,2,6.01,3.82,4.4,10,32.4,3.4,-7.1,12.3,267.7,Reduced movement,No,Mild
COW-2818,5,9.18,4.86,3.4,18,18.1,9.1,-8.8,23.4,519.0,Reduced movement,No,Normal
COW-2819,1,3.57,7.84,3.0,26,42.7,1.6,21.4,6.6,96.0,Lethargic,Yes,Critical
COW-2820,3,5.04,6.47,4.8,9,28.0,2.6,-8.2,11.9,252.6,Normal movement,Yes,Moderate
COW-2821,2,6.65,4.06,4.7,13,36.7,4.2,6.9,14.1,302.6,Muscle tremors,No,Mild
COW-2822,3,9.69,5.48,2.9,21,23.3,9.1,-2.1,19.0,524.0,Muscle tremors,No,Normal
COW-2823,7,10.18,4.48,4.6,4,36.5,7.9,34.6,21.0,517.1,Muscle tremors,No,Normal
COW-2824,4,9.21,3.36,4.9,-5,12.4,10.0,-2.3,20.6,504.8,Normal movement,No,Normal
COW-2825,2,7.44,4.87,2.5,14,12.6,5.1,-1.5,17.6,435.8,Lethargic,No,Subclinical
COW-2826,5,8.61,4.07,4.0,15,34.3,8.1,39.3,19.8,561.8,Muscle tremors,No,Normal
COW-2827,6,8.01,6.21,3.6,29,23.9,5.2,38.0,19.7,362.0,Lethargic,No,Subclinical
COW-2828,7,5.52,4.18,4.6,26,19.2,2.9,21.9,10.7,194.8,Muscle tremors,Yes,Moderate
COW-2829,1,7.52,7.97,4.1,25,38.0,5.9,-10.1,18.9,495.6,Lethargic,No,Subclinical
COW-2830,1,10.11,4.8,3.5,8,16.6,7.3,30.0,19.3,453.8,Unable to stand,No,Normal
COW-2831,4,6.71,4.45,2.1,30,42.3,3.3,2.7,15.4,379.1,Reduced movement,No,Mild
COW-2832,8,5.34,5.2,4.8,5,17.8,3.7,14.4,12.6,211.0,Lethargic,Yes,Moderate
COW-2833,1,6.12,6.44,2.0,22,31.6,4.4,-2.5,12.1,264.1,Reduced movement,No,Mild
COW-2834,5,7.19,5.95,2.4,-5,38.0,6.9,11.6,17.5,360.6,Lethargic,No,Subclinical
COW-2835,6,5.76,7.57,3.3,22,29.9,3.4,18.5,8.9,226.7,Normal movement,Yes,Moderate
COW-2836,4,8.75,7.92,2.6,4,16.5,7.0,26.7,23.8,568.3,Reduced movement,No,Normal
COW-2837,8,5.4,7.43,3.5,-3,43.4,2.9,7.1,9.4,189.1,Lethargic,Yes,Moderate
COW-2838,1,6.83,4.19,4.4,16,31.5,3.9,-5.7,13.2,304.2,Unable to stand,No,Mild
COW-2839,3,5.57,6.96,2.9,-2,14.6,2.2,12.3,13.8,256.8,Normal movement,Yes,Moderate
COW-2840,7,6.43,5.1,3.1,-5,39.5,4.5,8.6,15.0,314.2,Reduced movement,No,Mild
COW-2841,1,8.99,4.78,4.5,20,40.9,8.2,28.8,23.6,549.4,Muscle tremors,No,Normal
COW-2842,5,6.52,4.04,3.6,8,44.3,3.5,23.4,15.6,346.9,Unable to stand,No,Mild
COW-2843,5,6.76,6.53,3.3,15,38.5,4.2,-14.2,12.5,339.8,Lethargic,No,Mild
COW-2844,4,7.2,3.64,4.2,11,41.3,5.8,-9.4,19.4,394.5,Normal movement,No,Subclinical
COW-2845,2,9.82,7.66,2.7,-4,10.1,9.7,-11.0,20.3,493.2,Muscle tremors,No,Normal
COW-2846,3,7.19,7.58,4.8,14,16.0,5.4,33.9,18.0,429.7,Reduced movement,No,Subclinical
COW-2847,8,9.99,5.51,2.4,3,17.2,9.1,13.9,18.4,527.0,Unable to stand,No,Normal
COW-2848,1,6.3,5.61,3.2,-1,44.6,4.1,-4.0,17.1,260.1,Lethargic,No,Mild
COW-2849,6,7.56,7.86,4.9,20,10.9,5.9,22.4,19.9,439.9,Unable to stand,No,Subclinical
COW-2850,8,7.87,6.39,2.7,-5,40.0,6.1,32.2,19.0,378.9,Muscle tremors,No,Subclinical
COW-2851,7,10.11,3.7,2.3,20,14.6,7.2,-9.6,21.8,536.1,Lethargic,No,Normal
COW-2852,6,8.03,5.5,4.8,20,21.3,6.4,26.3,17.0,391.7,Lethargic,No,Subclinical
COW-2853,6,5.09,3.03,2.2,28,25.6,3.9,13.7,9.8,231.7,Muscle tremors,Yes,Moderate
COW-2854,3,5.26,4.28,2.3,6,41.2,2.1,32.4,8.5,225.9,Lethargic,Yes,Moderate
COW-2855,8,10.37,4.01,3.2,29,44.9,7.0,-14.1,23.6,575.0,Reduced movement,No,Normal
COW-2856,8,5.78,5.04,2.1,14,38.3,3.5,-0.3,11.2,295.0,Reduced movement,Yes,Moderate
COW-2857,7,7.09,5.7,4.2,9,11.1,5.1,18.5,18.5,459.7,Lethargic,No,Subclinical
COW-2858,4,6.24,3.33,3.8,26,40.4,4.2,35.6,15.5,315.0,Unable to stand,No,Mild
COW-2859,3,5.76,4.05,3.2,12,28.4,2.7,1.4,9.1,212.2,Normal movement,Yes,Moderate
COW-2860,6,8.05,5.55,5.0,15,27.4,5.8,20.2,18.5,394.9,Reduced movement,No,Subclinical
COW-2861,1,8.24,3.7,4.9,-5,15.9,6.2,18.9,18.1,432.3,Lethargic,No,Subclinical
COW-2862,1,10.1,7.87,2.4,28,19.8,9.9,31.3,20.5,529.6,Normal movement,No,Normal
COW-2863,5,7.21,5.3,2.9,22,26.1,5.5,18.5,17.8,416.0,Normal movement,No,Subclinical
COW-2864,2,6.46,5.61,2.5,-5,27.5,3.9,26.5,13.6,386.4,Reduced movement,No,Mild
COW-2865,6,5.71,7.69,2.3,21,15.6,3.0,20.6,10.8,241.7,Reduced movement,Yes,Moderate
COW-2866,7,8.56,6.11,2.8,24,24.7,8.9,11.4,23.1,506.5,Unable to stand,No,Normal
COW-2867,8,8.88,4.07,4.9,0,23.0,7.0,39.0,20.8,576.5,Unable to stand,No,Normal
COW-2868,2,5.42,4.91,3.1,16,29.7,3.0,7.8,10.1,197.6,Unable to stand,Yes,Moderate
COW-2869,1,8.31,3.72,4.0,2,25.8,6.9,12.6,16.2,419.0,Unable to stand,No,Subclinical
COW-2870,3,10.27,3.18,4.4,22,21.1,7.7,0.0,22.8,536.0,Unable to stand,No,Normal
COW-2871,8,6.05,5.23,3.0,11,12.5,4.8,28.5,13.7,319.9,Muscle tremors,No,Mild
COW-2872,6,7.28,5.72,3.9,-3,39.5,6.0,26.2,19.9,481.8,Muscle tremors,No,Subclinical
COW-2873,6,7.82,4.51,3.5,19,15.9,5.6,30.5,18.0,433.7,Reduced movement,No,Subclinical
COW-2874,8,7.58,6.43,3.2,4,18.3,6.1,7.0,19.3,493.9,Normal movement,No,Subclinical
COW-2875,1,9.76,5.73,2.5,29,28.3,8.0,6.3,18.6,581.8,Normal movement,No,Normal
COW-2876,3,8.14,5.01,4.1,-3,40.6,5.1,-12.4,19.1,351.1,Unable to stand,No,Subclinical
COW-2877,8,10.06,7.47,2.7,27,33.2,8.8,31.7,19.0,533.0,Lethargic,No,Normal
COW-2878,8,6.83,4.64,3.5,21,40.2,3.5,28.1,13.9,313.1,Reduced movement,No,Mild
COW-2879,4,3.97,4.18,2.3,5,39.4,1.5,21.2,4.1,138.4,Reduced movement,Yes,Critical
COW-2880,6,9.18,6.38,2.1,3,32.5,7.1,13.9,23.9,497.7,Unable to stand,No,Normal
COW-2881,4,6.46,4.84,3.5,8,13.7,4.4,-10.8,13.7,256.7,Normal movement,No,Mild
COW-2882,8,10.4,7.68,4.9,15,39.8,9.0,-4.1,22.9,562.9,Unable to stand,No,Normal
COW-2883,2,3.95,6.01,4.2,23,40.7,1.6,9.8,8.9,173.2,Muscle tremors,Yes,Critical
COW-2884,3,7.32,4.79,3.5,11,24.4,6.9,11.0,19.0,444.1,Lethargic,No,Subclinical
COW-2885,4,10.14,7.07,2.2,8,42.8,8.3,18.7,24.0,593.1,Muscle tremors,No,Normal
COW-2886,8,9.51,5.49,3.4,5,31.0,7.6,23.7,18.8,537.3,Reduced movement,No,Normal
COW-2887,4,6.09,6.55,2.4,0,21.6,3.8,5.3,15.4,361.5,Lethargic,No,Mild
COW-2888,4,6.2,4.86,3.6,11,28.8,3.6,17.1,14.3,398.9,Muscle tremors,No,Mild
COW-2889,8,10.32,6.55,3.2,2,22.1,7.9,19.8,23.6,577.0,Lethargic,No,Normal
COW-2890,2,8.29,6.05,3.3,23,10.1,6.0,-14.3,18.7,488.5,Reduced movement,No,Subclinical
COW-2891,2,5.46,7.17,2.9,1,18.0,2.2,27.0,12.0,188.6,Lethargic,Yes,Moderate
COW-2892,7,6.63,4.02,3.5,23,20.1,3.1,25.5,15.5,372.6,Reduced movement,No,Mild
COW-2893,3,7.75,4.01,4.8,4,24.9,5.6,31.9,18.2,386.2,Lethargic,No,Subclinical
COW-2894,1,4.31,3.58,4.7,21,23.2,1.5,10.3,6.3,178.3,Unable to stand,Yes,Critical
COW-2895,7,6.37,6.73,4.7,12,16.1,4.9,37.3,12.0,399.6,Normal movement,No,Mild
COW-2896,3,8.77,5.72,2.2,8,35.4,9.1,38.5,19.5,542.1,Unable to stand,No,Normal
COW-2897,7,9.48,5.26,2.2,4,32.2,8.9,0.2,18.1,521.2,Muscle tremors,No,Normal
COW-2898,5,8.55,3.31,2.9,20,41.8,7.5,8.9,19.7,578.8,Lethargic,No,Normal
COW-2899,7,10.13,3.64,2.7,17,35.7,7.3,20.4,20.7,523.4,Unable to stand,No,Normal
COW-2900,6,6.52,4.88,4.6,0,20.5,3.3,-12.5,13.1,352.8,Reduced movement,No,Mild
COW-2901,6,5.0,6.64,4.9,12,37.3,2.4,35.9,13.6,221.2,Lethargic,Yes,Moderate
COW-2902,7,5.43,3.0,3.4,10,43.5,2.4,-11.4,14.4,207.4,Lethargic,Yes,Moderate
COW-2903,2,9.25,4.79,2.3,24,28.4,8.4,10.7,22.1,479.7,Lethargic,No,Normal
COW-2904,3,10.25,4.22,3.5,22,24.9,7.0,13.3,18.1,498.3,Normal movement,No,Normal
COW-2905,6,6.45,7.83,2.3,8,30.4,3.1,2.9,16.3,330.4,Normal movement,No,Mild
COW-2906,7,9.46,3.07,4.4,-1,29.2,8.2,-9.6,22.4,591.8,Unable to stand,No,Normal
COW-2907,6,6.38,5.03,3.6,-5,15.0,3.3,8.5,16.6,375.8,Unable to stand,No,Mild
COW-2908,4,6.83,6.53,2.6,20,11.2,4.4,-4.8,14.2,289.5,Normal movement,No,Mild
COW-2909,7,10.25,6.48,4.0,3,15.9,9.9,25.7,22.8,500.3,Normal movement,No,Normal
COW-2910,3,8.55,4.28,4.2,4,10.7,8.2,39.1,18.3,497.3,Muscle tremors,No,Normal
COW-2911,4,7.29,3.68,2.1,15,18.1,6.5,38.8,15.7,370.4,Reduced movement,No,Subclinical
COW-2912,3,8.59,6.32,3.8,-3,39.8,8.1,-8.7,22.6,464.3,Reduced movement,No,Normal
COW-2913,5,8.92,4.82,3.6,2,37.9,8.7,-6.3,19.3,546.3,Unable to stand,No,Normal
COW-2914,7,9.86,5.0,4.3,14,31.3,8.0,8.6,19.5,477.9,Normal movement,No,Normal
COW-2915,7,9.36,5.92,3.1,22,36.3,7.8,20.0,23.2,559.5,Muscle tremors,No,Normal
COW-2916,4,6.25,6.11,4.5,17,24.2,4.1,27.6,15.8,304.1,Lethargic,No,Mild
COW-2917,7,6.88,3.33,3.5,19,43.6,3.8,5.3,16.9,334.4,Reduced movement,No,Mild
COW-2918,1,5.56,6.91,3.1,10,24.2,2.8,17.0,10.1,212.0,Lethargic,Yes,Moderate
COW-2919,8,10.05,6.6,4.0,16,17.3,9.8,16.9,24.5,509.1,Muscle tremors,No,Normal
COW-2920,6,10.0,6.77,3.2,4,20.4,7.5,3.6,19.4,586.6,Normal movement,No,Normal
COW-2921,8,10.23,6.13,4.8,15,19.5,9.1,36.7,20.9,479.5,Lethargic,No,Normal
COW-2922,6,7.7,6.92,3.2,29,15.1,5.9,16.1,18.3,353.9,Unable to stand,No,Subclinical
COW-2923,2,6.37,3.42,3.2,27,33.0,3.7,23.2,13.3,392.0,Normal movement,No,Mild
COW-2924,1,9.49,6.46,4.3,-5,43.0,7.6,0.1,18.9,458.8,Unable to stand,No,Normal
COW-2925,8,8.34,4.93,2.8,8,14.1,6.8,38.9,15.1,484.4,Lethargic,No,Subclinical
COW-2926,4,7.83,4.62,2.8,4,36.2,5.6,39.5,18.9,409.5,Reduced movement,No,Subclinical
COW-2927,5,7.48,3.54,2.4,14,10.4,5.8,6.7,19.6,378.7,Unable to stand,No,Subclinical
COW-2928,2,10.49,4.92,2.9,24,13.1,7.3,7.5,22.5,555.4,Normal movement,No,Normal
COW-2929,4,7.31,4.95,2.5,-4,14.0,5.4,27.7,15.6,365.7,Reduced movement,No,Subclinical
COW-2930,5,8.02,4.16,4.9,8,26.7,5.1,21.6,18.8,379.2,Muscle tremors,No,Subclinical
COW-2931,4,6.86,7.13,3.6,11,13.1,3.5,-11.6,16.8,292.2,Normal movement,No,Mild
COW-2932,8,5.54,3.46,3.2,13,30.2,2.1,24.1,15.0,289.0,Normal movement,Yes,Moderate
COW-2933,1,6.76,3.19,3.6,21,39.9,4.3,35.9,17.5,384.0,Muscle tremors,No,Mild
COW-2934,1,5.67,4.46,2.4,7,19.0,2.1,34.2,12.3,184.7,Lethargic,Yes,Moderate
COW-2935,5,10.28,5.13,4.1,1,27.0,10.0,36.7,19.5,479.6,Unable to stand,No,Normal
COW-2936,7,8.62,7.42,4.4,2,17.1,8.0,-7.6,21.4,578.3,Normal movement,No,Normal
COW-2937,5,8.3,5.32,4.6,5,44.0,6.6,13.6,20.0,395.5,Normal movement,No,Subclinical
COW-2938,2,8.77,3.68,3.5,-1,37.0,8.6,18.4,24.0,494.9,Muscle tremors,No,Normal
COW-2939,6,7.69,4.19,4.4,0,11.3,5.6,20.0,17.1,440.8,Lethargic,No,Subclinical
COW-2940,2,6.59,3.85,3.9,2,22.2,3.8,33.2,16.7,399.8,Normal movement,No,Mild
COW-2941,2,6.83,5.17,4.0,19,12.3,3.4,15.1,12.3,339.5,Lethargic,No,Mild
COW-2942,6,8.85,3.01,3.9,13,27.0,9.0,29.5,23.2,584.0,Muscle tremors,No,Normal
COW-2943,5,7.73,4.41,3.7,9,44.3,6.8,-13.3,16.8,408.6,Normal movement,No,Subclinical
COW-2944,6,7.61,4.83,4.3,13,41.0,5.7,31.8,18.3,410.3,Reduced movement,No,Subclinical
COW-2945,2,7.64,5.03,2.1,19,40.6,5.8,11.2,15.7,448.0,Normal movement,No,Subclinical
COW-2946,5,8.72,6.24,4.9,6,19.1,7.7,28.3,24.9,506.7,Unable to stand,No,Normal
COW-2947,2,8.23,5.05,3.8,12,44.6,5.0,29.2,18.2,471.9,Normal movement,No,Subclinical
COW-2948,3,7.01,3.61,4.6,5,14.9,5.8,-7.1,16.0,458.0,Reduced movement,No,Subclinical
COW-2949,3,9.07,5.63,3.1,14,11.1,8.6,0.0,21.3,579.9,Normal movement,No,Normal
COW-2950,5,6.41,3.51,2.3,10,22.1,4.6,-13.4,13.4,383.5,Lethargic,No,Mild
COW-2951,8,10.36,7.62,2.0,22,20.1,7.5,20.2,22.5,538.8,Lethargic,No,Normal
COW-2952,1,4.34,5.7,4.6,-4,41.3,1.2,-9.4,5.4,95.3,Lethargic,Yes,Critical
COW-2953,6,5.22,6.93,3.5,1,42.5,2.2,-0.6,10.3,271.1,Muscle tremors,Yes,Moderate
COW-2954,8,7.4,3.43,3.5,30,42.4,6.8,-2.7,15.6,355.5,Muscle tremors,No,Subclinical
COW-2955,6,9.5,6.37,2.7,30,30.5,9.7,-8.7,22.5,595.2,Reduced movement,No,Normal
COW-2956,8,9.0,5.98,2.0,16,29.3,9.8,37.7,19.7,558.1,Muscle tremors,No,Normal
COW-2957,5,5.63,7.47,2.0,21,31.1,2.0,8.6,13.3,202.4,Normal movement,Yes,Moderate
COW-2958,6,6.8,4.89,4.2,19,21.6,4.0,10.3,16.8,314.4,Reduced movement,No,Mild
COW-2959,5,7.52,5.22,2.3,9,24.6,6.8,15.8,15.4,397.8,Lethargic,No,Subclinical
COW-2960,1,7.2,5.39,3.2,5,32.4,5.4,31.7,15.1,392.1,Lethargic,No,Subclinical
COW-2961,8,10.05,7.38,2.0,13,33.6,8.5,-1.8,24.4,498.5,Reduced movement,No,Normal
COW-2962,3,5.19,5.27,2.4,2,35.2,3.0,3.8,13.4,212.9,Muscle tremors,Yes,Moderate
COW-2963,6,6.48,7.64,3.2,26,29.7,3.6,5.8,13.7,393.5,Reduced movement,No,Mild
COW-2964,6,9.4,3.72,4.4,13,22.6,7.7,36.2,23.3,483.2,Normal movement,No,Normal
COW-2965,3,9.55,3.7,3.3,6,41.7,7.7,23.0,20.0,586.7,Unable to stand,No,Normal
COW-2966,3,8.7,3.66,2.9,21,26.2,7.9,36.0,19.1,470.8,Reduced movement,No,Normal
COW-2967,6,5.62,4.05,4.6,-5,23.9,3.2,39.2,14.3,225.9,Lethargic,Yes,Moderate
COW-2968,4,6.11,5.66,4.8,17,10.3,3.5,-6.7,12.9,256.8,Muscle tremors,No,Mild
COW-2969,1,8.71,4.13,3.8,0,31.1,7.7,-14.9,19.7,506.1,Normal movement,No,Normal
COW-2970,6,9.36,6.58,4.0,26,12.2,8.1,25.7,19.3,501.1,Lethargic,No,Normal
COW-2971,5,3.5,3.71,2.0,17,35.4,1.2,38.8,10.0,177.4,Reduced movement,Yes,Critical
COW-2972,2,6.87,5.67,2.2,16,23.2,4.3,9.3,14.8,387.4,Lethargic,No,Mild
COW-2973,8,5.01,4.76,4.0,1,42.2,3.5,21.9,12.3,293.4,Muscle tremors,Yes,Moderate
COW-2974,7,8.0,6.24,4.3,-1,14.4,5.7,28.1,16.7,448.8,Reduced movement,No,Subclinical
COW-2975,6,7.67,6.12,2.5,10,12.4,5.1,-8.7,18.3,469.6,Muscle tremors,No,Subclinical
COW-2976,8,6.02,4.68,2.4,7,33.9,4.3,-8.2,14.9,314.1,Lethargic,No,Mild
COW-2977,2,8.22,6.24,3.1,9,41.9,5.8,-10.4,18.2,458.1,Lethargic,No,Subclinical
COW-2978,5,5.17,7.15,4.3,10,29.9,2.1,14.6,14.6,209.4,Reduced movement,Yes,Moderate
COW-2979,2,5.19,5.51,3.1,8,14.4,2.5,11.3,10.4,259.0,Unable to stand,Yes,Moderate
COW-2980,2,6.44,4.71,2.2,16,41.3,4.1,35.6,16.8,324.5,Reduced movement,No,Mild
COW-2981,2,10.06,4.77,4.1,20,20.2,9.0,8.7,18.2,508.2,Reduced movement,No,Normal
COW-2982,6,5.06,7.72,2.7,10,27.1,2.3,30.9,9.3,213.6,Muscle tremors,Yes,Moderate
COW-2983,7,9.73,4.47,3.3,5,19.8,9.9,29.1,19.8,516.2,Lethargic,No,Normal
COW-2984,2,6.02,5.07,2.4,21,21.4,3.8,14.4,12.8,250.9,Lethargic,No,Mild
COW-2985,3,5.74,5.24,3.3,26,16.3,2.1,37.0,11.0,195.2,Lethargic,Yes,Moderate
COW-2986,8,6.53,3.69,2.4,2,20.5,3.4,32.8,16.1,290.4,Lethargic,No,Mild
COW-2987,3,5.13,7.92,4.1,-5,20.0,2.4,4.0,14.3,235.4,Muscle tremors,Yes,Moderate
COW-2988,8,6.77,6.49,2.2,-4,17.1,3.3,20.7,12.7,328.0,Unable to stand,No,Mild
COW-2989,5,9.41,3.72,2.7,23,32.6,9.0,33.4,24.6,597.8,Normal movement,No,Normal
COW-2990,5,5.28,6.65,2.0,7,24.2,3.4,-2.9,10.8,228.0,Reduced movement,Yes,Moderate
COW-2991,7,5.18,7.13,2.1,-2,41.2,2.2,24.6,14.9,286.0,Unable to stand,Yes,Moderate
COW-2992,5,8.75,4.02,5.0,8,24.8,9.5,9.8,23.4,580.5,Unable to stand,No,Normal
COW-2993,3,8.31,6.7,2.3,8,23.3,6.4,31.9,18.0,424.8,Lethargic,No,Subclinical
COW-2994,5,6.8,7.93,4.8,12,29.9,4.8,30.9,15.6,253.6,Normal movement,No,Mild
COW-2995,3,5.24,7.65,3.1,-5,12.7,2.7,34.4,14.1,289.0,Lethargic,Yes,Moderate
COW-2996,8,7.48,6.21,3.6,-2,17.6,6.8,13.8,18.6,484.2,Unable to stand,No,Subclinical
COW-2997,1,7.4,4.21,3.0,19,41.3,6.3,3.7,15.3,359.2,Reduced movement,No,Subclinical
COW-2998,4,5.47,5.39,3.4,17,27.7,3.3,-4.2,9.9,257.5,Unable to stand,Yes,Moderate
COW-2999,2,6.83,3.55,4.5,23,29.2,4.0,-13.0,13.9,292.3,Unable to stand,No,Mild
