parity,blood_calcium,blood_phosphorus,bcs,days_to_calving,milk_yield_day1,activity_level,dcad,stage
2,8.2,5.5,3.0,5,18.0,62.47,-30.0,Moderate
2,8.2,5.5,3.0,21,18.0,100.0,-30.0,Moderate
2,8.2,5.5,3.0,11,18.0,74.57,-30.0,Moderate
2,8.6,5.5,3.0,3,18.0,78.9,-30.0,Mild
2,8.2,5.5,3.0,18,18.0,70.87,-30.0,Moderate
2,8.6,5.5,3.0,7,18.0,86.03,-30.0,Mild
2,8.2,5.5,3.0,9,18.0,67.6,-30.0,Moderate
2,8.2,5.5,3.0,12,18.0,67.37,-30.0,Moderate
2,8.2,5.5,3.0,20,18.0,100.0,-30.0,Moderate
2,7.4,5.5,3.0,0,18.0,100.0,-30.0,Critical
2,8.2,5.5,3.0,17,18.0,68.87,-30.0,Moderate
2,8.2,5.5,3.0,13,18.0,100.0,-30.0,Moderate
2,8.2,5.5,3.0,2,18.0,61.77,-30.0,Moderate
2,8.2,5.5,3.0,10,18.0,75.63,-30.0,Moderate
2,8.2,5.5,3.0,4,18.0,61.67,-30.0,Moderate
2,8.2,5.5,3.0,16,18.0,70.7,-30.0,Moderate
2,8.2,5.5,3.0,1,18.0,60.77,-30.0,Moderate
2,8.2,5.5,3.0,8,18.0,60.9,-30.0,Moderate
2,8.2,5.5,3.0,6,18.0,80.43,-30.0,Moderate
2,8.2,5.5,3.0,14,18.0,75.63,-30.0,Moderate
2,8.2,5.5,3.0,15,18.0,70.8,-30.0,Moderate
2,8.2,5.5,3.0,19,18.0,94.73,-30.0,Moderate
2,7.4,5.5,3.0,0,18.0,100.0,-30.0,Critical
2,8.2,5.5,3.0,16,32.5,97.49,-30.0,Moderate
2,8.2,5.5,3.0,2,30.83,96.86,-30.0,Moderate
2,8.2,5.5,3.0,4,26.08,96.13,-30.0,Moderate
2,8.2,5.5,3.0,1,36.5,100.0,-30.0,Moderate
2,8.2,5.5,3.0,12,33.33,98.25,-30.0,Moderate
2,8.2,5.5,3.0,17,29.67,93.39,-30.0,Moderate
2,8.2,5.5,3.0,6,22.42,94.47,-30.0,Moderate
2,8.2,5.5,3.0,11,25.83,91.68,-30.0,Moderate
2,8.2,5.5,3.0,7,27.75,96.72,-30.0,Moderate
2,8.2,5.5,3.0,5,24.17,88.76,-30.0,Moderate
2,8.2,5.5,3.0,9,34.58,96.22,-30.0,Moderate
2,8.2,5.5,3.0,15,30.25,100.0,-30.0,Moderate
2,8.2,5.5,3.0,18,32.42,94.03,-30.0,Moderate
2,8.2,5.5,3.0,19,30.08,100.0,-30.0,Moderate
2,8.2,5.5,3.0,13,29.5,97.02,-30.0,Moderate
2,8.2,5.5,3.0,8,29.08,97.54,-30.0,Moderate
2,8.2,5.5,3.0,21,29.75,91.57,-30.0,Moderate
2,8.2,5.5,3.0,14,28.33,98.09,-30.0,Moderate
2,8.2,5.5,3.0,20,32.42,94.47,-30.0,Moderate
2,8.2,5.5,3.0,10,30.25,92.5,-30.0,Moderate
2,8.2,5.5,3.0,3,32.75,100.0,-30.0,Moderate
2,8.6,5.5,3.0,14,21.0,94.67,-30.0,Mild
2,8.6,5.5,3.0,7,27.5,86.38,-30.0,Mild
2,8.6,5.5,3.0,13,25.08,91.26,-30.0,Mild
2,8.6,5.5,3.0,16,24.08,90.68,-30.0,Mild
2,8.6,5.5,3.0,5,24.0,87.78,-30.0,Mild
2,8.6,5.5,3.0,6,27.58,86.7,-30.0,Mild
2,8.6,5.5,3.0,11,28.92,85.99,-30.0,Mild
2,8.6,5.5,3.0,3,28.33,97.27,-30.0,Mild
2,8.6,5.5,3.0,17,21.83,90.7,-30.0,Mild
2,8.6,5.5,3.0,9,29.0,92.56,-30.0,Mild
2,8.6,5.5,3.0,19,28.67,90.34,-30.0,Mild
2,8.2,5.5,3.0,4,21.17,82.27,-30.0,Moderate
2,8.6,5.5,3.0,1,24.67,99.56,-30.0,Mild
2,8.6,5.5,3.0,2,25.42,93.47,-30.0,Mild
2,8.2,5.5,3.0,20,23.92,84.76,-30.0,Moderate
2,8.6,5.5,3.0,21,24.75,93.49,-30.0,Mild
2,8.2,5.5,3.0,8,26.83,88.3,-30.0,Moderate
2,8.6,5.5,3.0,15,25.42,92.26,-30.0,Mild
2,7.8,5.5,3.0,0,18.0,100.0,-30.0,Critical
2,8.6,5.5,3.0,10,26.0,82.89,-30.0,Mild
2,8.6,5.5,3.0,12,30.67,87.98,-30.0,Mild
2,8.6,5.5,3.0,18,27.58,89.28,-30.0,Mild
2,8.6,5.5,3.0,1,30.58,100.0,-30.0,Mild
2,8.6,5.5,3.0,21,31.42,93.82,-30.0,Mild
2,8.2,5.5,3.0,16,27.5,89.58,-30.0,Moderate
2,8.6,5.5,3.0,15,34.75,96.0,-30.0,Mild
2,7.4,5.5,3.0,0,18.0,100.0,-30.0,Critical
2,8.6,5.5,3.0,5,33.92,94.66,-30.0,Mild
2,8.6,5.5,3.0,9,41.0,72.88,-30.0,Mild
2,8.6,5.5,3.0,14,35.67,95.3,-30.0,Mild
2,8.6,5.5,3.0,10,36.5,100.0,-30.0,Mild
2,8.6,5.5,3.0,4,29.75,100.0,-30.0,Mild
2,8.6,5.5,3.0,2,29.58,100.0,-30.0,Mild
2,8.6,5.5,3.0,17,31.25,96.71,-30.0,Mild
2,8.6,5.5,3.0,18,34.25,95.4,-30.0,Mild
2,8.6,5.5,3.0,7,36.83,100.0,-30.0,Mild
2,8.6,5.5,3.0,11,33.25,97.86,-30.0,Mild
2,8.6,5.5,3.0,19,33.17,94.57,-30.0,Mild
2,8.6,5.5,3.0,20,29.25,91.26,-30.0,Mild
2,8.6,5.5,3.0,13,31.0,92.81,-30.0,Mild
2,8.6,5.5,3.0,3,29.0,100.0,-30.0,Mild
2,8.6,5.5,3.0,12,31.58,100.0,-30.0,Mild
2,8.6,5.5,3.0,6,42.5,98.75,-30.0,Mild
2,8.6,5.5,3.0,8,32.92,100.0,-30.0,Mild
1,9.0,5.5,3.0,1,31.17,100.0,-30.0,Subclinical
1,9.0,5.5,3.0,4,42.92,89.48,-30.0,Subclinical
1,9.0,5.5,3.0,2,29.5,100.0,-30.0,Subclinical
1,9.0,5.5,3.0,12,36.5,92.5,-30.0,Subclinical
1,9.0,5.5,3.0,3,39.33,97.08,-30.0,Subclinical
1,9.0,5.5,3.0,13,20.25,77.83,-30.0,Subclinical
1,9.0,5.5,3.0,5,38.58,98.12,-30.0,Subclinical
1,7.8,5.5,3.0,0,18.0,100.0,-30.0,Critical
1,9.0,5.5,3.0,9,44.33,85.42,-30.0,Subclinical
1,9.0,5.5,3.0,11,42.25,80.0,-30.0,Subclinical
1,9.0,5.5,3.0,8,40.25,96.35,-30.0,Subclinical
1,9.0,5.5,3.0,6,46.5,89.06,-30.0,Subclinical
1,9.0,5.5,3.0,7,38.5,90.21,-30.0,Subclinical
1,9.0,5.5,3.0,10,40.67,86.67,-30.0,Subclinical
1,8.6,5.5,3.0,20,33.58,100.0,-30.0,Mild
1,8.6,5.5,3.0,18,30.0,100.0,-30.0,Mild
1,9.0,5.5,3.0,5,46.42,99.93,-30.0,Subclinical
1,8.6,5.5,3.0,16,42.25,97.92,-30.0,Mild
1,9.0,5.5,3.0,1,31.75,100.0,-30.0,Subclinical
1,8.6,5.5,3.0,11,40.42,97.99,-30.0,Mild
1,8.6,5.5,3.0,17,34.75,100.0,-30.0,Mild
1,9.0,5.5,3.0,10,42.08,100.0,-30.0,Subclinical
1,9.0,5.5,3.0,6,41.5,100.0,-30.0,Subclinical
1,8.6,5.5,3.0,8,44.92,100.0,-30.0,Mild
1,9.0,5.5,3.0,4,37.25,100.0,-30.0,Subclinical
1,9.0,5.5,3.0,3,41.83,99.1,-30.0,Subclinical
1,8.6,5.5,3.0,21,37.92,100.0,-30.0,Mild
1,8.6,5.5,3.0,14,33.33,100.0,-30.0,Mild
1,8.6,5.5,3.0,19,39.0,100.0,-30.0,Mild
1,9.0,5.5,3.0,13,29.0,100.0,-30.0,Subclinical
1,8.6,5.5,3.0,9,38.42,100.0,-30.0,Mild
1,9.0,5.5,3.0,7,39.17,100.0,-30.0,Subclinical
1,9.0,5.5,3.0,12,40.58,100.0,-30.0,Subclinical
1,9.0,5.5,3.0,2,41.92,100.0,-30.0,Subclinical
1,8.6,5.5,3.0,15,33.5,100.0,-30.0,Mild
2,8.2,5.5,3.0,5,22.92,97.22,-30.0,Moderate
2,8.6,5.5,3.0,19,24.75,99.14,-30.0,Mild
2,8.2,5.5,3.0,4,30.67,100.0,-30.0,Moderate
2,8.6,5.5,3.0,15,29.67,95.92,-30.0,Mild
2,8.2,5.5,3.0,2,28.17,97.62,-30.0,Moderate
2,8.6,5.5,3.0,10,27.42,98.28,-30.0,Mild
2,8.6,5.5,3.0,12,36.08,100.0,-30.0,Mild
2,8.2,5.5,3.0,1,30.67,97.2,-30.0,Moderate
2,8.6,5.5,3.0,3,33.25,99.17,-30.0,Mild
2,8.2,5.5,3.0,8,30.08,100.0,-30.0,Moderate
2,8.2,5.5,3.0,13,38.5,97.22,-30.0,Moderate
2,8.6,5.5,3.0,14,33.5,98.28,-30.0,Mild
2,8.6,5.5,3.0,21,37.08,99.83,-30.0,Mild
2,8.2,5.5,3.0,9,25.17,97.68,-30.0,Moderate
2,8.6,5.5,3.0,11,27.58,100.0,-30.0,Mild
2,8.6,5.5,3.0,16,26.83,94.26,-30.0,Mild
2,8.2,5.5,3.0,6,27.08,99.11,-30.0,Moderate
2,8.6,5.5,3.0,18,38.08,99.8,-30.0,Mild
2,8.6,5.5,3.0,7,28.42,96.96,-30.0,Mild
2,8.2,5.5,3.0,17,23.75,89.69,-30.0,Moderate
2,8.2,5.5,3.0,20,33.17,92.29,-30.0,Moderate
2,7.4,5.5,3.0,0,18.0,100.0,-30.0,Critical
1,9.0,5.5,3.0,8,29.33,96.25,-30.0,Subclinical
1,9.0,5.5,3.0,19,27.83,88.75,-30.0,Subclinical
1,9.0,5.5,3.0,18,28.5,84.58,-30.0,Subclinical
1,9.0,5.5,3.0,21,31.33,81.98,-30.0,Subclinical
1,9.0,5.5,3.0,2,28.42,82.92,-30.0,Subclinical
1,9.0,5.5,3.0,5,28.67,92.71,-30.0,Subclinical
1,9.0,5.5,3.0,20,33.58,86.88,-30.0,Subclinical
1,9.0,5.5,3.0,11,28.58,86.98,-30.0,Subclinical
1,9.0,5.5,3.0,16,32.0,91.35,-30.0,Subclinical
1,9.0,5.5,3.0,15,24.25,92.04,-30.0,Subclinical
1,9.0,5.5,3.0,13,30.58,87.29,-30.0,Subclinical
1,9.0,5.5,3.0,4,31.0,89.27,-30.0,Subclinical
1,9.0,5.5,3.0,7,32.33,93.44,-30.0,Subclinical
1,9.0,5.5,3.0,14,29.42,80.62,-30.0,Subclinical
1,9.0,5.5,3.0,10,27.0,93.96,-30.0,Subclinical
1,9.0,5.5,3.0,9,36.08,87.08,-30.0,Subclinical
1,9.0,5.5,3.0,1,20.0,74.17,-30.0,Subclinical
1,9.0,5.5,3.0,17,30.83,86.88,-30.0,Subclinical
1,9.0,5.5,3.0,12,30.25,90.42,-30.0,Subclinical
1,9.0,5.5,3.0,6,25.58,92.5,-30.0,Subclinical
1,9.0,5.5,3.0,3,28.17,88.75,-30.0,Subclinical
1,9.0,5.5,3.0,20,14.83,80.82,-30.0,Subclinical
1,7.4,5.5,3.0,19,18.0,0.03,-30.0,Critical
1,9.0,5.5,3.0,21,27.17,100.0,-30.0,Subclinical
1,7.8,5.5,3.0,0,18.0,100.0,-30.0,Critical
2,8.6,5.5,3.0,20,31.75,100.0,-30.0,Mild
2,8.6,5.5,3.0,6,44.92,100.0,-30.0,Mild
2,8.6,5.5,3.0,7,38.92,100.0,-30.0,Mild
2,8.6,5.5,3.0,3,37.67,100.0,-30.0,Mild
2,8.2,5.5,3.0,10,38.42,100.0,-30.0,Moderate
2,8.6,5.5,3.0,17,38.58,100.0,-30.0,Mild
2,7.4,5.5,3.0,0,18.0,100.0,-30.0,Critical
2,8.2,5.5,3.0,5,36.08,100.0,-30.0,Moderate
2,8.2,5.5,3.0,11,39.5,100.0,-30.0,Moderate
2,8.6,5.5,3.0,4,39.33,100.0,-30.0,Mild
2,8.6,5.5,3.0,14,38.42,100.0,-30.0,Mild
2,8.6,5.5,3.0,21,24.25,99.0,-30.0,Mild
2,8.6,5.5,3.0,9,43.08,100.0,-30.0,Mild
2,8.6,5.5,3.0,18,32.08,100.0,-30.0,Mild
2,8.2,5.5,3.0,8,39.67,100.0,-30.0,Moderate
2,8.6,5.5,3.0,16,36.17,100.0,-30.0,Mild
2,8.6,5.5,3.0,2,42.75,100.0,-30.0,Mild
2,8.2,5.5,3.0,12,39.17,100.0,-30.0,Moderate
2,8.6,5.5,3.0,13,40.33,100.0,-30.0,Mild
2,8.6,5.5,3.0,19,33.58,100.0,-30.0,Mild
2,8.6,5.5,3.0,1,37.67,100.0,-30.0,Mild
2,8.6,5.5,3.0,15,37.58,100.0,-30.0,Mild
1,9.0,5.5,3.0,3,18.0,100.0,-30.0,Subclinical
1,8.6,5.5,3.0,17,18.0,78.03,-30.0,Mild
1,9.0,5.5,3.0,2,18.0,98.37,-30.0,Subclinical
1,8.6,5.5,3.0,11,18.0,89.13,-30.0,Mild
1,8.6,5.5,3.0,6,18.0,80.73,-30.0,Mild
1,8.6,5.5,3.0,21,18.0,81.5,-30.0,Mild
1,8.6,5.5,3.0,5,18.0,77.73,-30.0,Mild
1,8.6,5.5,3.0,19,18.0,76.5,-30.0,Mild
1,8.6,5.5,3.0,13,18.0,91.5,-30.0,Mild
1,8.6,5.5,3.0,20,18.0,77.6,-30.0,Mild
1,8.6,5.5,3.0,9,18.0,71.67,-30.0,Mild
1,8.6,5.5,3.0,10,18.0,77.57,-30.0,Mild
1,8.6,5.5,3.0,15,18.0,75.2,-30.0,Mild
1,8.6,5.5,3.0,12,18.0,100.0,-30.0,Mild
1,8.6,5.5,3.0,7,18.0,96.27,-30.0,Mild
1,8.6,5.5,3.0,16,18.0,71.77,-30.0,Mild
1,8.6,5.5,3.0,18,18.0,69.0,-30.0,Mild
1,8.6,5.5,3.0,8,18.0,65.0,-30.0,Mild
1,8.2,5.5,3.0,0,18.0,100.0,-30.0,Moderate
1,8.6,5.5,3.0,4,18.0,77.97,-30.0,Mild
1,9.0,5.5,3.0,1,18.0,100.0,-30.0,Subclinical
1,8.6,5.5,3.0,14,18.0,70.2,-30.0,Mild
1,9.0,5.5,3.0,3,24.42,97.9,-30.0,Subclinical
1,8.6,5.5,3.0,9,24.92,96.83,-30.0,Mild
1,8.6,5.5,3.0,12,23.08,89.26,-30.0,Mild
1,8.6,5.5,3.0,11,27.92,93.39,-30.0,Mild
1,9.0,5.5,3.0,6,27.25,100.0,-30.0,Subclinical
1,9.0,5.5,3.0,1,28.0,98.54,-30.0,Subclinical
1,9.0,5.5,3.0,8,22.83,97.11,-30.0,Subclinical
1,8.6,5.5,3.0,13,24.17,93.32,-30.0,Mild
1,8.6,5.5,3.0,7,22.75,89.11,-30.0,Mild
1,7.8,5.5,3.0,0,18.0,100.0,-30.0,Critical
1,8.6,5.5,3.0,18,27.58,96.28,-30.0,Mild
1,9.0,5.5,3.0,4,24.08,98.78,-30.0,Subclinical
1,8.6,5.5,3.0,20,22.42,89.64,-30.0,Mild
1,8.6,5.5,3.0,21,27.5,92.62,-30.0,Mild
1,8.6,5.5,3.0,16,26.08,94.56,-30.0,Mild
1,9.0,5.5,3.0,10,26.5,100.0,-30.0,Subclinical
1,9.0,5.5,3.0,19,26.75,100.0,-30.0,Subclinical
1,8.6,5.5,3.0,14,28.5,94.21,-30.0,Mild
1,9.0,5.5,3.0,5,26.42,100.0,-30.0,Subclinical
1,9.0,5.5,3.0,2,20.08,90.48,-30.0,Subclinical
1,8.6,5.5,3.0,17,29.0,97.18,-30.0,Mild
1,8.6,5.5,3.0,15,25.92,99.39,-30.0,Mild
1,9.0,5.5,3.0,2,24.33,99.11,-30.0,Subclinical
1,8.6,5.5,3.0,15,36.0,100.0,-30.0,Mild
1,9.0,5.5,3.0,5,26.25,100.0,-30.0,Subclinical
1,9.0,5.5,3.0,6,37.5,100.0,-30.0,Subclinical
1,8.6,5.5,3.0,16,35.25,98.81,-30.0,Mild
1,8.6,5.5,3.0,9,33.17,95.43,-30.0,Mild
1,8.6,5.5,3.0,19,37.0,100.0,-30.0,Mild
1,9.0,5.5,3.0,3,34.92,100.0,-30.0,Subclinical
1,8.6,5.5,3.0,13,26.25,95.14,-30.0,Mild
1,8.6,5.5,3.0,10,25.67,94.06,-30.0,Mild
1,9.0,5.5,3.0,7,40.5,100.0,-30.0,Subclinical
1,8.6,5.5,3.0,17,41.92,100.0,-30.0,Mild
1,9.0,5.5,3.0,11,34.75,100.0,-30.0,Subclinical
1,8.6,5.5,3.0,18,31.42,99.14,-30.0,Mild
1,7.8,5.5,3.0,0,18.0,100.0,-30.0,Critical
1,9.0,5.5,3.0,1,26.67,100.0,-30.0,Subclinical
1,9.0,5.5,3.0,4,35.67,100.0,-30.0,Subclinical
1,8.6,5.5,3.0,21,30.83,100.0,-30.0,Mild
1,8.6,5.5,3.0,12,36.5,100.0,-30.0,Mild
1,9.0,5.5,3.0,8,32.92,100.0,-30.0,Subclinical
1,9.0,5.5,3.0,14,35.75,100.0,-30.0,Subclinical
1,9.0,5.5,3.0,20,42.58,100.0,-30.0,Subclinical
1,9.0,5.5,3.0,6,26.92,95.83,-30.0,Subclinical
1,9.0,5.5,3.0,14,19.42,92.56,-30.0,Subclinical
1,9.0,5.5,3.0,18,15.75,87.67,-30.0,Subclinical
1,9.0,5.5,3.0,20,16.67,88.89,-30.0,Subclinical
1,9.0,5.5,3.0,9,14.0,79.78,-30.0,Subclinical
1,9.0,5.5,3.0,4,17.83,88.36,-30.0,Subclinical
1,9.0,5.5,3.0,17,23.0,87.96,-30.0,Subclinical
1,9.0,5.5,3.0,15,30.83,100.0,-30.0,Subclinical
1,9.0,5.5,3.0,19,24.17,98.89,-30.0,Subclinical
1,8.2,5.5,3.0,0,18.0,100.0,-30.0,Moderate
1,9.0,5.5,3.0,10,17.0,88.99,-30.0,Subclinical
1,9.0,5.5,3.0,13,23.58,98.11,-30.0,Subclinical
1,9.0,5.5,3.0,5,20.83,94.44,-30.0,Subclinical
1,9.0,5.5,3.0,7,14.92,84.58,-30.0,Subclinical
1,9.0,5.5,3.0,1,12.17,74.9,-30.0,Subclinical
1,9.0,5.5,3.0,2,13.25,74.75,-30.0,Subclinical
1,9.0,5.5,3.0,8,19.67,92.54,-30.0,Subclinical
1,9.0,5.5,3.0,3,18.08,80.99,-30.0,Subclinical
1,9.0,5.5,3.0,16,21.75,95.67,-30.0,Subclinical
1,9.0,5.5,3.0,11,19.92,85.41,-30.0,Subclinical
1,9.0,5.5,3.0,21,22.33,96.44,-30.0,Subclinical
1,9.0,5.5,3.0,12,18.25,91.0,-30.0,Subclinical
1,9.0,5.5,3.0,5,26.75,85.97,-30.0,Subclinical
1,9.0,5.5,3.0,4,18.0,100.0,-30.0,Subclinical
1,9.0,5.5,3.0,1,39.0,100.0,-30.0,Subclinical
1,9.0,5.5,3.0,3,45.08,99.58,-30.0,Subclinical
1,9.0,5.5,3.0,2,18.0,91.04,-30.0,Subclinical
1,8.2,5.5,3.0,0,18.0,100.0,-30.0,Moderate
2,8.2,5.5,3.0,2,42.25,86.55,-30.0,Moderate
2,8.2,5.5,3.0,20,31.92,100.0,-30.0,Moderate
2,8.6,5.5,3.0,21,36.75,100.0,-30.0,Mild
2,8.6,5.5,3.0,12,51.5,88.89,-30.0,Mild
2,8.2,5.5,3.0,4,44.5,92.08,-30.0,Moderate
2,8.2,5.5,3.0,8,40.83,99.79,-30.0,Moderate
2,8.2,5.5,3.0,18,30.0,90.11,-30.0,Moderate
2,7.4,5.5,3.0,0,18.0,100.0,-30.0,Critical
2,8.6,5.5,3.0,6,44.58,91.81,-30.0,Mild
2,8.6,5.5,3.0,13,41.67,100.0,-30.0,Mild
2,8.2,5.5,3.0,9,39.17,96.39,-30.0,Moderate
2,8.6,5.5,3.0,5,36.42,100.0,-30.0,Mild
2,8.6,5.5,3.0,11,47.0,93.96,-30.0,Mild
2,8.2,5.5,3.0,3,35.92,99.58,-30.0,Moderate
2,8.2,5.5,3.0,10,42.0,93.75,-30.0,Moderate
2,8.2,5.5,3.0,7,41.0,96.94,-30.0,Moderate
2,8.6,5.5,3.0,19,36.92,100.0,-30.0,Mild
2,8.6,5.5,3.0,1,37.0,90.76,-30.0,Mild
2,8.2,5.5,3.0,17,32.75,98.33,-30.0,Moderate
2,8.2,5.5,3.0,14,38.67,97.64,-30.0,Moderate
2,8.2,5.5,3.0,16,37.08,92.7,-30.0,Moderate
2,8.2,5.5,3.0,15,35.33,91.01,-30.0,Moderate
1,8.6,5.5,3.0,1,3.5,57.0,-30.0,Mild
1,9.0,5.5,3.0,14,32.67,96.73,-30.0,Subclinical
1,9.0,5.5,3.0,4,37.83,100.0,-30.0,Subclinical
1,8.2,5.5,3.0,0,18.0,100.0,-30.0,Moderate
1,9.0,5.5,3.0,5,45.67,100.0,-30.0,Subclinical
1,9.0,5.5,3.0,8,45.08,100.0,-30.0,Subclinical
1,9.0,5.5,3.0,6,38.92,100.0,-30.0,Subclinical
1,9.0,5.5,3.0,16,37.58,100.0,-30.0,Subclinical
1,9.0,5.5,3.0,3,23.17,97.24,-30.0,Subclinical
1,9.0,5.5,3.0,21,41.67,95.03,-30.0,Subclinical
1,8.6,5.5,3.0,17,37.67,97.46,-30.0,Mild
1,8.6,5.5,3.0,19,34.5,96.46,-30.0,Mild
1,9.0,5.5,3.0,9,37.25,100.0,-30.0,Subclinical
1,9.0,5.5,3.0,10,30.75,100.0,-30.0,Subclinical
1,8.6,5.5,3.0,13,30.08,99.53,-30.0,Mild
1,9.0,5.5,3.0,12,36.17,100.0,-30.0,Subclinical
1,9.0,5.5,3.0,7,35.5,100.0,-30.0,Subclinical
1,9.0,5.5,3.0,11,31.5,99.77,-30.0,Subclinical
1,9.0,5.5,3.0,20,33.67,90.98,-30.0,Subclinical
1,9.0,5.5,3.0,15,36.17,100.0,-30.0,Subclinical
1,9.0,5.5,3.0,2,17.17,86.78,-30.0,Subclinical
1,8.6,5.5,3.0,18,39.08,100.0,-30.0,Mild
1,9.0,5.5,3.0,3,31.92,100.0,-30.0,Subclinical
1,9.0,5.5,3.0,16,26.17,100.0,-30.0,Subclinical
1,9.0,5.5,3.0,8,28.67,100.0,-30.0,Subclinical
1,9.0,5.5,3.0,9,35.08,100.0,-30.0,Subclinical
1,9.0,5.5,3.0,13,33.67,96.67,-30.0,Subclinical
1,9.0,5.5,3.0,18,24.33,98.67,-30.0,Subclinical
1,9.0,5.5,3.0,14,19.0,85.92,-30.0,Subclinical
1,9.0,5.5,3.0,7,32.0,100.0,-30.0,Subclinical
1,9.0,5.5,3.0,12,24.67,99.33,-30.0,Subclinical
1,9.0,5.5,3.0,19,27.25,98.85,-30.0,Subclinical
1,9.0,5.5,3.0,21,29.0,100.0,-30.0,Subclinical
1,9.0,5.5,3.0,6,31.08,100.0,-30.0,Subclinical
1,9.0,5.5,3.0,15,27.08,100.0,-30.0,Subclinical
1,9.0,5.5,3.0,17,32.08,100.0,-30.0,Subclinical
1,9.0,5.5,3.0,10,21.83,93.67,-30.0,Subclinical
1,9.0,5.5,3.0,20,21.92,93.83,-30.0,Subclinical
1,9.0,5.5,3.0,1,32.25,100.0,-30.0,Subclinical
1,9.0,5.5,3.0,2,27.42,98.96,-30.0,Subclinical
1,9.0,5.5,3.0,4,26.5,100.0,-30.0,Subclinical
1,9.0,5.5,3.0,11,29.25,91.67,-30.0,Subclinical
1,9.0,5.5,3.0,5,33.0,99.9,-30.0,Subclinical
2,8.6,5.5,3.0,13,30.33,87.89,-30.0,Mild
2,8.2,5.5,3.0,4,42.33,92.03,-30.0,Moderate
2,8.2,5.5,3.0,6,43.0,94.07,-30.0,Moderate
2,8.2,5.5,3.0,10,32.5,93.31,-30.0,Moderate
2,8.2,5.5,3.0,19,32.67,91.31,-30.0,Moderate
2,8.2,5.5,3.0,14,35.58,93.88,-30.0,Moderate
2,8.2,5.5,3.0,18,28.42,91.62,-30.0,Moderate
2,8.6,5.5,3.0,11,25.75,96.27,-30.0,Mild
2,8.2,5.5,3.0,9,34.42,90.06,-30.0,Moderate
2,8.6,5.5,3.0,2,41.58,98.59,-30.0,Mild
2,8.2,5.5,3.0,16,33.0,93.58,-30.0,Moderate
2,8.6,5.5,3.0,17,32.0,94.26,-30.0,Mild
2,8.2,5.5,3.0,7,29.92,94.68,-30.0,Moderate
2,8.6,5.5,3.0,20,24.75,96.9,-30.0,Mild
2,8.6,5.5,3.0,21,21.08,89.15,-30.0,Mild
2,7.8,5.5,3.0,0,18.0,100.0,-30.0,Critical
2,8.6,5.5,3.0,12,34.58,94.88,-30.0,Mild
2,8.2,5.5,3.0,5,40.0,91.98,-30.0,Moderate
2,8.2,5.5,3.0,3,35.83,94.04,-30.0,Moderate
2,8.2,5.5,3.0,15,37.42,90.96,-30.0,Moderate
2,8.6,5.5,3.0,8,32.58,100.0,-30.0,Mild
2,8.6,5.5,3.0,1,37.58,100.0,-30.0,Mild
1,9.0,5.5,3.0,3,18.0,71.17,-30.0,Subclinical
1,8.6,5.5,3.0,20,18.0,60.87,-30.0,Mild
1,8.6,5.5,3.0,1,18.0,100.0,-30.0,Mild
1,8.2,5.5,3.0,8,18.0,54.5,-30.0,Moderate
1,7.8,5.5,3.0,0,18.0,100.0,-30.0,Critical
1,8.2,5.5,3.0,19,18.0,41.47,-30.0,Moderate
1,8.6,5.5,3.0,2,18.0,93.43,-30.0,Mild
1,8.2,5.5,3.0,10,18.0,53.37,-30.0,Moderate
1,8.2,5.5,3.0,12,18.0,46.5,-30.0,Moderate
1,8.2,5.5,3.0,11,18.0,47.07,-30.0,Moderate
1,8.2,5.5,3.0,17,18.0,52.47,-30.0,Moderate
1,8.2,5.5,3.0,21,18.0,47.27,-30.0,Moderate
1,8.6,5.5,3.0,18,18.0,68.87,-30.0,Mild
1,8.2,5.5,3.0,14,18.0,43.43,-30.0,Moderate
1,8.2,5.5,3.0,13,18.0,55.47,-30.0,Moderate
1,8.6,5.5,3.0,16,18.0,73.67,-30.0,Mild
1,8.2,5.5,3.0,15,18.0,59.87,-30.0,Moderate
1,8.2,5.5,3.0,5,18.0,57.87,-30.0,Moderate
1,8.2,5.5,3.0,9,18.0,48.83,-30.0,Moderate
1,8.2,5.5,3.0,4,18.0,55.1,-30.0,Moderate
1,8.2,5.5,3.0,7,18.0,53.97,-30.0,Moderate
1,8.6,5.5,3.0,6,18.0,79.23,-30.0,Mild
1,9.0,5.5,3.0,20,37.5,100.0,-30.0,Subclinical
1,9.0,5.5,3.0,6,40.75,100.0,-30.0,Subclinical
1,9.0,5.5,3.0,7,36.83,100.0,-30.0,Subclinical
1,9.0,5.5,3.0,15,35.58,100.0,-30.0,Subclinical
1,9.0,5.5,3.0,19,36.17,100.0,-30.0,Subclinical
1,8.6,5.5,3.0,4,38.75,100.0,-30.0,Mild
1,9.0,5.5,3.0,3,28.17,100.0,-30.0,Subclinical
1,7.8,5.5,3.0,0,18.0,100.0,-30.0,Critical
1,9.0,5.5,3.0,5,34.17,100.0,-30.0,Subclinical
1,9.0,5.5,3.0,1,38.5,100.0,-30.0,Subclinical
1,9.0,5.5,3.0,9,34.92,100.0,-30.0,Subclinical
1,9.0,5.5,3.0,12,34.58,100.0,-30.0,Subclinical
1,9.0,5.5,3.0,14,37.5,100.0,-30.0,Subclinical
1,9.0,5.5,3.0,17,30.92,100.0,-30.0,Subclinical
1,9.0,5.5,3.0,13,38.33,100.0,-30.0,Subclinical
1,9.0,5.5,3.0,16,41.42,100.0,-30.0,Subclinical
1,8.6,5.5,3.0,2,44.5,99.48,-30.0,Mild
1,9.0,5.5,3.0,11,35.33,100.0,-30.0,Subclinical
1,9.0,5.5,3.0,21,33.25,97.09,-30.0,Subclinical
1,8.6,5.5,3.0,10,31.25,100.0,-30.0,Mild
1,9.0,5.5,3.0,8,36.58,100.0,-30.0,Subclinical
1,8.6,5.5,3.0,18,39.17,97.31,-30.0,Mild
1,9.0,5.5,3.0,13,28.75,94.57,-30.0,Subclinical
1,9.0,5.5,3.0,19,28.17,95.61,-30.0,Subclinical
1,9.0,5.5,3.0,15,37.92,100.0,-30.0,Subclinical
1,9.0,5.5,3.0,12,26.92,93.48,-30.0,Subclinical
1,9.0,5.5,3.0,8,25.5,98.63,-30.0,Subclinical
1,9.0,5.5,3.0,10,21.75,85.91,-30.0,Subclinical
1,9.0,5.5,3.0,6,22.42,91.29,-30.0,Subclinical
1,9.0,5.5,3.0,11,27.08,95.51,-30.0,Subclinical
1,9.0,5.5,3.0,21,28.08,95.71,-30.0,Subclinical
1,9.0,5.5,3.0,9,28.75,95.52,-30.0,Subclinical
1,9.0,5.5,3.0,16,30.58,100.0,-30.0,Subclinical
1,9.0,5.5,3.0,20,29.58,94.22,-30.0,Subclinical
1,9.0,5.5,3.0,18,29.5,99.53,-30.0,Subclinical
1,9.0,5.5,3.0,17,26.0,98.5,-30.0,Subclinical
1,9.0,5.5,3.0,14,24.33,91.78,-30.0,Subclinical
1,9.0,5.5,3.0,7,22.58,95.89,-30.0,Subclinical
1,8.6,5.5,3.0,10,20.67,92.87,-30.0,Mild
1,9.0,5.5,3.0,15,33.25,100.0,-30.0,Subclinical
1,8.6,5.5,3.0,21,31.83,94.9,-30.0,Mild
1,9.0,5.5,3.0,7,33.25,100.0,-30.0,Subclinical
1,9.0,5.5,3.0,8,26.5,100.0,-30.0,Subclinical
1,9.0,5.5,3.0,3,15.0,86.67,-30.0,Subclinical
1,9.0,5.5,3.0,2,19.83,86.17,-30.0,Subclinical
1,8.6,5.5,3.0,20,32.5,97.96,-30.0,Mild
1,8.6,5.5,3.0,16,33.5,100.0,-30.0,Mild
1,9.0,5.5,3.0,1,15.58,86.54,-30.0,Subclinical
1,8.6,5.5,3.0,18,38.0,98.8,-30.0,Mild
1,8.6,5.5,3.0,19,38.42,95.82,-30.0,Mild
1,8.6,5.5,3.0,17,27.25,99.17,-30.0,Mild
1,9.0,5.5,3.0,6,26.25,100.0,-30.0,Subclinical
1,9.0,5.5,3.0,5,23.0,97.33,-30.0,Subclinical
1,9.0,5.5,3.0,4,30.17,100.0,-30.0,Subclinical
1,8.6,5.5,3.0,14,28.92,97.97,-30.0,Mild
1,9.0,5.5,3.0,11,35.17,100.0,-30.0,Subclinical
1,8.6,5.5,3.0,13,25.5,100.0,-30.0,Mild
1,8.6,5.5,3.0,9,27.17,100.0,-30.0,Mild
1,8.6,5.5,3.0,12,36.17,100.0,-30.0,Mild
1,7.8,5.5,3.0,0,18.0,100.0,-30.0,Critical
1,8.6,5.5,3.0,1,14.08,73.66,-30.0,Mild
1,8.6,5.5,3.0,19,31.67,94.38,-30.0,Mild
1,8.6,5.5,3.0,7,29.67,100.0,-30.0,Mild
1,9.0,5.5,3.0,2,24.08,97.18,-30.0,Subclinical
1,8.6,5.5,3.0,20,29.33,97.44,-30.0,Mild
1,8.6,5.5,3.0,10,25.42,92.49,-30.0,Mild
1,8.6,5.5,3.0,9,25.92,98.39,-30.0,Mild
1,9.0,5.5,3.0,4,25.58,100.0,-30.0,Subclinical
1,8.6,5.5,3.0,8,29.17,100.0,-30.0,Mild
1,8.6,5.5,3.0,14,22.83,88.04,-30.0,Mild
1,9.0,5.5,3.0,3,29.5,100.0,-30.0,Subclinical
1,8.6,5.5,3.0,15,30.5,100.0,-30.0,Mild
1,8.6,5.5,3.0,12,27.67,90.26,-30.0,Mild
1,8.6,5.5,3.0,16,31.08,100.0,-30.0,Mild
1,9.0,5.5,3.0,5,28.17,100.0,-30.0,Subclinical
1,8.6,5.5,3.0,13,24.5,90.97,-30.0,Mild
1,8.6,5.5,3.0,6,34.33,100.0,-30.0,Mild
1,8.6,5.5,3.0,11,29.92,96.28,-30.0,Mild
1,8.6,5.5,3.0,17,38.08,100.0,-30.0,Mild
1,8.6,5.5,3.0,21,34.5,100.0,-30.0,Mild
1,8.6,5.5,3.0,18,28.67,100.0,-30.0,Mild
2,8.6,5.5,3.0,13,23.08,87.44,-30.0,Mild
2,8.6,5.5,3.0,2,46.5,87.99,-30.0,Mild
2,8.6,5.5,3.0,9,38.83,99.58,-30.0,Mild
2,8.6,5.5,3.0,16,48.0,100.0,-30.0,Mild
2,8.6,5.5,3.0,14,37.08,100.0,-30.0,Mild
2,8.6,5.5,3.0,20,36.92,100.0,-30.0,Mild
2,7.4,5.5,3.0,0,18.0,100.0,-30.0,Critical
2,8.6,5.5,3.0,18,27.17,100.0,-30.0,Mild
2,8.6,5.5,3.0,15,46.25,100.0,-30.0,Mild
2,8.6,5.5,3.0,8,31.42,90.14,-30.0,Mild
2,8.6,5.5,3.0,21,39.33,100.0,-30.0,Mild
2,8.6,5.5,3.0,7,27.0,86.94,-30.0,Mild
2,8.6,5.5,3.0,17,7.25,60.85,-30.0,Mild
2,8.6,5.5,3.0,19,28.08,100.0,-30.0,Mild
2,8.6,5.5,3.0,1,39.33,100.0,-30.0,Mild
1,8.6,5.5,3.0,17,37.17,100.0,-30.0,Mild
1,8.6,5.5,3.0,8,37.5,100.0,-30.0,Mild
1,8.6,5.5,3.0,13,32.75,100.0,-30.0,Mild
1,9.0,5.5,3.0,12,45.92,99.44,-30.0,Subclinical
1,8.6,5.5,3.0,18,36.33,100.0,-30.0,Mild
1,9.0,5.5,3.0,3,38.92,95.0,-30.0,Subclinical
1,8.6,5.5,3.0,16,33.0,100.0,-30.0,Mild
1,8.6,5.5,3.0,2,27.83,100.0,-30.0,Mild
1,8.6,5.5,3.0,5,40.92,95.97,-30.0,Mild
1,8.6,5.5,3.0,11,33.75,100.0,-30.0,Mild
1,8.6,5.5,3.0,15,33.83,100.0,-30.0,Mild
1,9.0,5.5,3.0,14,45.0,97.36,-30.0,Subclinical
1,8.6,5.5,3.0,10,38.08,100.0,-30.0,Mild
1,8.6,5.5,3.0,6,31.33,100.0,-30.0,Mild
1,8.6,5.5,3.0,9,41.58,99.03,-30.0,Mild
1,9.0,5.5,3.0,19,43.83,97.64,-30.0,Subclinical
1,8.6,5.5,3.0,4,31.75,100.0,-30.0,Mild
1,9.0,5.5,3.0,1,41.67,88.85,-30.0,Subclinical
1,8.6,5.5,3.0,20,35.75,95.21,-30.0,Mild
1,8.6,5.5,3.0,7,39.42,99.79,-30.0,Mild
1,9.0,5.5,3.0,21,41.67,99.17,-30.0,Subclinical
1,7.8,5.5,3.0,0,18.0,100.0,-30.0,Critical
2,8.2,5.5,3.0,11,22.5,96.67,-30.0,Moderate
2,8.2,5.5,3.0,3,30.92,98.93,-30.0,Moderate
2,8.2,5.5,3.0,8,24.08,98.78,-30.0,Moderate
2,8.2,5.5,3.0,14,37.92,100.0,-30.0,Moderate
2,7.4,5.5,3.0,0,18.0,100.0,-30.0,Critical
2,8.6,5.5,3.0,1,33.75,100.0,-30.0,Mild
2,8.2,5.5,3.0,4,28.42,100.0,-30.0,Moderate
2,8.2,5.5,3.0,7,31.42,100.0,-30.0,Moderate
2,8.2,5.5,3.0,6,27.58,100.0,-30.0,Moderate
2,8.2,5.5,3.0,9,28.58,100.0,-30.0,Moderate
2,8.2,5.5,3.0,10,27.17,100.0,-30.0,Moderate
2,8.2,5.5,3.0,21,29.5,100.0,-30.0,Moderate
2,8.2,5.5,3.0,18,32.75,100.0,-30.0,Moderate
2,8.2,5.5,3.0,19,33.33,100.0,-30.0,Moderate
2,8.2,5.5,3.0,15,22.08,96.11,-30.0,Moderate
2,8.2,5.5,3.0,13,26.75,100.0,-30.0,Moderate
2,8.2,5.5,3.0,5,28.17,100.0,-30.0,Moderate
2,8.6,5.5,3.0,12,27.17,92.36,-30.0,Mild
2,8.2,5.5,3.0,2,27.75,100.0,-30.0,Moderate
2,8.2,5.5,3.0,20,30.33,100.0,-30.0,Moderate
2,8.2,5.5,3.0,17,32.17,100.0,-30.0,Moderate
2,8.6,5.5,3.0,16,33.17,100.0,-30.0,Mild
1,7.8,5.5,3.0,0,18.0,100.0,-30.0,Critical
1,8.6,5.5,3.0,6,6.92,48.9,-30.0,Mild
1,8.6,5.5,3.0,5,19.25,83.73,-30.0,Mild
1,9.0,5.5,3.0,2,26.75,97.8,-30.0,Subclinical
1,8.6,5.5,3.0,1,22.33,90.39,-30.0,Mild
1,9.0,5.5,3.0,3,23.33,89.63,-30.0,Subclinical
1,9.0,5.5,3.0,4,25.08,91.97,-30.0,Subclinical
1,8.6,5.5,3.0,30,37.83,88.57,-30.0,Mild
1,8.6,5.5,3.0,15,35.67,86.52,-30.0,Mild
1,9.0,5.5,3.0,5,42.42,99.07,-30.0,Subclinical
1,8.6,5.5,3.0,30,18.0,100.0,-30.0,Mild
1,9.0,5.5,3.0,10,41.5,87.99,-30.0,Subclinical
1,8.6,5.5,3.0,30,35.58,90.32,-30.0,Mild
1,8.6,5.5,3.0,14,36.25,92.01,-30.0,Mild
1,8.6,5.5,3.0,9,40.25,90.42,-30.0,Mild
1,9.0,5.5,3.0,30,33.58,95.38,-30.0,Subclinical
1,8.6,5.5,3.0,16,40.5,98.22,-30.0,Mild
1,9.0,5.5,3.0,1,29.08,100.0,-30.0,Subclinical
1,9.0,5.5,3.0,21,36.08,95.37,-30.0,Subclinical
1,9.0,5.5,3.0,30,38.75,91.62,-30.0,Subclinical
1,7.8,5.5,3.0,0,61.83,100.0,-30.0,Critical
1,8.6,5.5,3.0,8,34.25,91.43,-30.0,Mild
1,8.6,5.5,3.0,30,40.17,90.97,-30.0,Mild
1,9.0,5.5,3.0,30,36.58,88.16,-30.0,Subclinical
1,8.6,5.5,3.0,30,33.58,87.26,-30.0,Mild
1,9.0,5.5,3.0,4,34.0,91.52,-30.0,Subclinical
1,8.6,5.5,3.0,6,34.0,88.58,-30.0,Mild
1,8.6,5.5,3.0,12,37.08,82.54,-30.0,Mild
1,9.0,5.5,3.0,30,40.42,96.6,-30.0,Subclinical
1,9.0,5.5,3.0,13,35.42,94.6,-30.0,Subclinical
1,8.6,5.5,3.0,30,35.17,88.06,-30.0,Mild
1,8.6,5.5,3.0,30,33.25,90.2,-30.0,Mild
1,9.0,5.5,3.0,30,43.25,97.9,-30.0,Subclinical
1,9.0,5.5,3.0,20,35.75,93.32,-30.0,Subclinical
1,8.6,5.5,3.0,30,36.33,90.93,-30.0,Mild
1,8.6,5.5,3.0,30,39.25,91.17,-30.0,Mild
1,8.6,5.5,3.0,19,38.5,90.36,-30.0,Mild
1,8.6,5.5,3.0,30,32.58,86.61,-30.0,Mild
1,9.0,5.5,3.0,3,41.0,98.98,-30.0,Subclinical
1,9.0,5.5,3.0,30,40.25,100.0,-30.0,Subclinical
1,8.6,5.5,3.0,17,40.75,91.46,-30.0,Mild
1,9.0,5.5,3.0,30,32.33,94.06,-30.0,Subclinical
1,9.0,5.5,3.0,30,40.58,93.11,-30.0,Subclinical
1,9.0,5.5,3.0,18,39.83,93.82,-30.0,Subclinical
1,8.6,5.5,3.0,30,40.33,92.66,-30.0,Mild
1,8.6,5.5,3.0,11,32.17,86.19,-30.0,Mild
1,9.0,5.5,3.0,2,36.5,100.0,-30.0,Subclinical
1,8.6,5.5,3.0,7,40.5,91.66,-30.0,Mild
1,9.0,5.5,3.0,30,40.17,90.73,-30.0,Subclinical
1,8.6,5.5,3.0,30,36.08,88.34,-30.0,Mild
1,8.6,5.5,3.0,30,31.08,88.13,-30.0,Mild
1,7.4,5.5,3.0,2,18.0,0.07,-30.0,Critical
1,7.4,5.5,3.0,15,18.0,1.13,-30.0,Critical
1,9.0,5.5,3.0,20,24.92,91.93,-30.0,Subclinical
1,7.4,5.5,3.0,6,18.0,0.03,-30.0,Critical
1,7.4,5.5,3.0,16,18.0,0.23,-30.0,Critical
1,7.4,5.5,3.0,11,18.0,0.07,-30.0,Critical
1,8.2,5.5,3.0,19,6.92,29.9,-30.0,Moderate
1,7.4,5.5,3.0,10,18.0,0.2,-30.0,Critical
1,6.6,5.5,3.0,0,18.0,0.03,-30.0,Critical
1,7.4,5.5,3.0,9,18.0,0.03,-30.0,Critical
1,7.4,5.5,3.0,3,18.0,0.07,-30.0,Critical
1,7.4,5.5,3.0,13,18.0,0.6,-30.0,Critical
1,9.0,5.5,3.0,21,27.75,95.43,-30.0,Subclinical
1,7.4,5.5,3.0,5,18.0,0.03,-30.0,Critical
2,8.2,5.5,3.0,10,32.0,97.16,-30.0,Moderate
2,8.2,5.5,3.0,14,30.08,86.06,-30.0,Moderate
2,7.4,5.5,3.0,0,18.0,100.0,-30.0,Critical
2,8.2,5.5,3.0,20,35.0,83.74,-30.0,Moderate
2,8.2,5.5,3.0,15,27.5,85.99,-30.0,Moderate
2,8.2,5.5,3.0,21,29.67,84.87,-30.0,Moderate
2,8.6,5.5,3.0,1,37.17,95.97,-30.0,Mild
2,8.2,5.5,3.0,5,28.58,86.99,-30.0,Moderate
2,8.2,5.5,3.0,19,25.75,82.82,-30.0,Moderate
2,8.2,5.5,3.0,8,30.25,89.43,-30.0,Moderate
2,8.2,5.5,3.0,9,26.08,87.74,-30.0,Moderate
2,8.2,5.5,3.0,7,25.58,86.2,-30.0,Moderate
2,8.2,5.5,3.0,3,33.83,86.07,-30.0,Moderate
2,8.2,5.5,3.0,11,29.75,85.87,-30.0,Moderate
2,8.2,5.5,3.0,18,27.58,84.19,-30.0,Moderate
2,8.2,5.5,3.0,4,26.58,84.26,-30.0,Moderate
2,8.2,5.5,3.0,16,22.58,82.18,-30.0,Moderate
2,8.2,5.5,3.0,17,29.5,86.1,-30.0,Moderate
2,8.2,5.5,3.0,6,31.75,88.03,-30.0,Moderate
2,8.2,5.5,3.0,12,22.42,80.24,-30.0,Moderate
2,8.2,5.5,3.0,2,30.33,82.0,-30.0,Moderate
2,8.2,5.5,3.0,13,24.67,85.78,-30.0,Moderate
1,8.6,5.5,3.0,13,20.0,80.78,-30.0,Mild
1,8.6,5.5,3.0,8,19.42,72.88,-30.0,Mild
1,8.6,5.5,3.0,10,19.42,71.4,-30.0,Mild
1,8.6,5.5,3.0,14,25.5,85.61,-30.0,Mild
1,8.6,5.5,3.0,20,26.17,85.0,-30.0,Mild
1,8.6,5.5,3.0,7,19.58,81.98,-30.0,Mild
1,8.6,5.5,3.0,17,23.67,84.54,-30.0,Mild
1,9.0,5.5,3.0,1,6.33,62.67,-30.0,Subclinical
1,8.6,5.5,3.0,9,20.75,81.61,-30.0,Mild
1,8.6,5.5,3.0,4,18.5,74.05,-30.0,Mild
1,9.0,5.5,3.0,21,22.58,94.81,-30.0,Subclinical
1,8.6,5.5,3.0,12,24.0,85.24,-30.0,Mild
1,8.6,5.5,3.0,11,21.75,84.34,-30.0,Mild
1,8.6,5.5,3.0,18,20.0,81.02,-30.0,Mild
1,8.6,5.5,3.0,6,17.5,70.25,-30.0,Mild
1,8.6,5.5,3.0,3,13.5,71.82,-30.0,Mild
1,8.6,5.5,3.0,19,22.0,86.72,-30.0,Mild
1,8.6,5.5,3.0,16,28.33,87.04,-30.0,Mild
1,9.0,5.5,3.0,2,11.42,72.83,-30.0,Subclinical
1,8.6,5.5,3.0,5,14.08,74.15,-30.0,Mild
1,8.6,5.5,3.0,15,16.83,76.73,-30.0,Mild
1,9.0,5.5,3.0,5,20.5,91.0,-30.0,Subclinical
1,8.2,5.5,3.0,0,18.0,100.0,-30.0,Moderate
1,9.0,5.5,3.0,2,22.92,95.83,-30.0,Subclinical
1,9.0,5.5,3.0,4,27.33,97.71,-30.0,Subclinical
1,9.0,5.5,3.0,6,24.25,98.08,-30.0,Subclinical
1,9.0,5.5,3.0,1,18.5,83.88,-30.0,Subclinical
1,8.2,5.5,3.0,7,9.08,36.33,-30.0,Moderate
1,9.0,5.5,3.0,3,26.67,100.0,-30.0,Subclinical
1,8.6,5.5,3.0,1,34.0,93.17,-30.0,Mild
1,9.0,5.5,3.0,5,41.75,97.73,-30.0,Subclinical
1,9.0,5.5,3.0,4,30.67,98.83,-30.0,Subclinical
1,8.6,5.5,3.0,6,35.92,91.14,-30.0,Mild
1,7.8,5.5,3.0,0,18.0,100.0,-30.0,Critical
1,8.6,5.5,3.0,8,16.42,56.78,-30.0,Mild
1,8.6,5.5,3.0,3,35.92,93.19,-30.0,Mild
1,9.0,5.5,3.0,7,44.75,93.96,-30.0,Subclinical
1,9.0,5.5,3.0,2,43.83,100.0,-30.0,Subclinical
1,7.0,5.5,3.0,0,18.0,19.1,-30.0,Critical
1,9.0,5.5,3.0,19,24.75,93.35,-30.0,Subclinical
1,9.0,5.5,3.0,8,28.67,91.98,-30.0,Subclinical
1,9.0,5.5,3.0,14,29.25,93.02,-30.0,Subclinical
1,9.0,5.5,3.0,21,31.58,87.08,-30.0,Subclinical
1,9.0,5.5,3.0,11,26.5,86.35,-30.0,Subclinical
1,8.6,5.5,3.0,2,13.08,52.33,-30.0,Mild
1,9.0,5.5,3.0,17,31.42,96.77,-30.0,Subclinical
1,9.0,5.5,3.0,6,32.5,83.23,-30.0,Subclinical
1,9.0,5.5,3.0,18,27.08,88.65,-30.0,Subclinical
1,9.0,5.5,3.0,1,36.58,100.0,-30.0,Subclinical
1,9.0,5.5,3.0,3,28.67,84.9,-30.0,Subclinical
1,9.0,5.5,3.0,12,23.67,91.4,-30.0,Subclinical
1,9.0,5.5,3.0,5,33.58,90.52,-30.0,Subclinical
1,9.0,5.5,3.0,4,21.75,82.77,-30.0,Subclinical
1,9.0,5.5,3.0,15,29.58,91.04,-30.0,Subclinical
1,9.0,5.5,3.0,9,30.67,84.79,-30.0,Subclinical
1,9.0,5.5,3.0,7,28.83,90.52,-30.0,Subclinical
1,9.0,5.5,3.0,16,25.75,83.12,-30.0,Subclinical
1,9.0,5.5,3.0,13,22.67,78.98,-30.0,Subclinical
1,9.0,5.5,3.0,10,22.58,86.42,-30.0,Subclinical
1,9.0,5.5,3.0,20,18.42,74.75,-30.0,Subclinical
2,8.2,5.5,3.0,21,31.17,100.0,-30.0,Moderate
2,8.2,5.5,3.0,6,24.33,97.03,-30.0,Moderate
2,8.2,5.5,3.0,16,28.92,98.59,-30.0,Moderate
2,8.2,5.5,3.0,19,32.33,100.0,-30.0,Moderate
2,8.2,5.5,3.0,17,28.75,99.86,-30.0,Moderate
2,8.2,5.5,3.0,1,16.42,64.76,-30.0,Moderate
2,8.6,5.5,3.0,8,24.58,99.44,-30.0,Mild
2,8.2,5.5,3.0,15,28.92,95.97,-30.0,Moderate
2,8.2,5.5,3.0,12,30.0,91.71,-30.0,Moderate
2,8.2,5.5,3.0,13,25.83,98.34,-30.0,Moderate
2,8.2,5.5,3.0,9,25.58,96.88,-30.0,Moderate
2,8.2,5.5,3.0,5,25.33,93.62,-30.0,Moderate
2,8.2,5.5,3.0,10,30.33,93.89,-30.0,Moderate
2,8.2,5.5,3.0,4,21.92,89.01,-30.0,Moderate
2,8.2,5.5,3.0,14,31.5,100.0,-30.0,Moderate
2,8.2,5.5,3.0,2,19.92,85.41,-30.0,Moderate
2,7.4,5.5,3.0,0,18.0,100.0,-30.0,Critical
2,8.2,5.5,3.0,3,24.33,95.94,-30.0,Moderate
2,8.6,5.5,3.0,7,18.25,86.76,-30.0,Mild
2,8.6,5.5,3.0,11,30.17,100.0,-30.0,Mild
2,8.6,5.5,3.0,20,34.33,100.0,-30.0,Mild
2,8.2,5.5,3.0,18,30.08,100.0,-30.0,Moderate
1,9.0,5.5,3.0,2,17.92,70.29,-30.0,Subclinical
1,8.6,5.5,3.0,1,20.42,93.89,-30.0,Mild
1,7.8,5.5,3.0,0,18.0,100.0,-30.0,Critical
1,8.6,5.5,3.0,3,19.42,64.46,-30.0,Mild
1,8.6,5.5,3.0,4,31.92,97.01,-30.0,Mild
1,9.0,5.5,3.0,3,29.42,95.9,-30.0,Subclinical
1,9.0,5.5,3.0,2,21.67,90.28,-30.0,Subclinical
1,8.6,5.5,3.0,14,26.25,97.22,-30.0,Mild
1,9.0,5.5,3.0,12,29.17,98.0,-30.0,Subclinical
1,9.0,5.5,3.0,20,35.33,100.0,-30.0,Subclinical
1,8.6,5.5,3.0,13,34.92,100.0,-30.0,Mild
1,9.0,5.5,3.0,11,25.58,94.03,-30.0,Subclinical
1,9.0,5.5,3.0,15,32.25,100.0,-30.0,Subclinical
1,8.6,5.5,3.0,18,29.83,100.0,-30.0,Mild
1,9.0,5.5,3.0,19,30.17,100.0,-30.0,Subclinical
1,9.0,5.5,3.0,17,35.83,100.0,-30.0,Subclinical
1,8.6,5.5,3.0,8,28.33,97.99,-30.0,Mild
1,8.6,5.5,3.0,1,29.42,100.0,-30.0,Mild
1,8.6,5.5,3.0,6,30.83,100.0,-30.0,Mild
1,7.8,5.5,3.0,0,18.0,100.0,-30.0,Critical
1,8.6,5.5,3.0,16,31.58,97.57,-30.0,Mild
1,9.0,5.5,3.0,9,29.92,100.0,-30.0,Subclinical
1,8.6,5.5,3.0,10,37.33,100.0,-30.0,Mild
1,9.0,5.5,3.0,5,35.17,100.0,-30.0,Subclinical
1,9.0,5.5,3.0,21,38.08,100.0,-30.0,Subclinical
1,9.0,5.5,3.0,7,30.67,100.0,-30.0,Subclinical
1,9.0,5.5,3.0,3,35.83,100.0,-30.0,Subclinical
1,9.0,5.5,3.0,15,38.33,100.0,-30.0,Subclinical
1,9.0,5.5,3.0,13,31.92,100.0,-30.0,Subclinical
1,9.0,5.5,3.0,1,42.42,100.0,-30.0,Subclinical
1,7.8,5.5,3.0,0,18.0,100.0,-30.0,Critical
1,9.0,5.5,3.0,21,21.67,93.33,-30.0,Subclinical
1,9.0,5.5,3.0,20,34.33,100.0,-30.0,Subclinical
1,9.0,5.5,3.0,14,33.42,72.61,-30.0,Subclinical
1,9.0,5.5,3.0,4,40.5,100.0,-30.0,Subclinical
1,9.0,5.5,3.0,8,47.33,100.0,-30.0,Subclinical
1,9.0,5.5,3.0,19,29.58,100.0,-30.0,Subclinical
1,8.6,5.5,3.0,11,43.17,100.0,-30.0,Mild
1,8.6,5.5,3.0,12,30.42,100.0,-30.0,Mild
1,9.0,5.5,3.0,2,35.75,96.88,-30.0,Subclinical
1,9.0,5.5,3.0,9,31.83,99.51,-30.0,Subclinical
1,8.6,5.5,3.0,7,34.08,100.0,-30.0,Mild
1,9.0,5.5,3.0,5,28.17,100.0,-30.0,Subclinical
1,9.0,5.5,3.0,18,31.25,100.0,-30.0,Subclinical
1,9.0,5.5,3.0,16,27.08,100.0,-30.0,Subclinical
1,9.0,5.5,3.0,17,33.33,100.0,-30.0,Subclinical
1,8.6,5.5,3.0,10,33.08,100.0,-30.0,Mild
1,9.0,5.5,3.0,6,34.25,100.0,-30.0,Subclinical
1,6.6,5.5,3.0,0,18.0,0.43,-30.0,Critical
1,7.4,5.5,3.0,2,18.0,0.3,-30.0,Critical
1,7.4,5.5,3.0,1,18.0,0.83,-30.0,Critical
1,8.6,5.5,3.0,11,16.67,84.01,-30.0,Mild
1,8.6,5.5,3.0,18,22.33,91.86,-30.0,Mild
1,8.6,5.5,3.0,10,22.08,86.74,-30.0,Mild
1,8.6,5.5,3.0,5,25.75,92.39,-30.0,Mild
1,8.6,5.5,3.0,12,27.17,90.97,-30.0,Mild
1,8.6,5.5,3.0,4,20.08,86.82,-30.0,Mild
1,8.6,5.5,3.0,6,19.92,85.03,-30.0,Mild
1,8.6,5.5,3.0,20,20.33,87.38,-30.0,Mild
1,8.6,5.5,3.0,15,21.25,86.64,-30.0,Mild
1,8.6,5.5,3.0,16,20.58,87.81,-30.0,Mild
1,8.6,5.5,3.0,9,20.83,87.53,-30.0,Mild
1,8.6,5.5,3.0,8,21.92,89.53,-30.0,Mild
1,7.8,5.5,3.0,0,18.0,100.0,-30.0,Critical
1,8.6,5.5,3.0,14,27.92,90.74,-30.0,Mild
1,8.6,5.5,3.0,2,23.58,90.74,-30.0,Mild
1,8.6,5.5,3.0,13,19.5,82.61,-30.0,Mild
1,8.6,5.5,3.0,7,20.75,81.4,-30.0,Mild
1,9.0,5.5,3.0,1,11.5,77.62,-30.0,Subclinical
1,8.6,5.5,3.0,3,16.92,81.6,-30.0,Mild
1,8.6,5.5,3.0,17,21.58,87.68,-30.0,Mild
1,8.6,5.5,3.0,19,21.83,84.88,-30.0,Mild
1,9.0,5.5,3.0,21,23.75,94.61,-30.0,Subclinical
2,8.2,5.5,3.0,21,37.08,88.62,-30.0,Moderate
2,8.2,5.5,3.0,10,25.17,83.74,-30.0,Moderate
2,8.6,5.5,3.0,7,32.67,87.83,-30.0,Mild
2,8.2,5.5,3.0,15,31.75,84.34,-30.0,Moderate
2,8.6,5.5,3.0,11,31.33,87.04,-30.0,Mild
2,8.2,5.5,3.0,8,33.33,84.38,-30.0,Moderate
2,8.6,5.5,3.0,19,36.33,86.75,-30.0,Mild
2,8.6,5.5,3.0,4,34.58,93.23,-30.0,Mild
2,8.2,5.5,3.0,5,31.33,84.82,-30.0,Moderate
2,8.2,5.5,3.0,18,31.75,82.51,-30.0,Moderate
2,8.2,5.5,3.0,13,34.33,85.3,-30.0,Moderate
2,8.6,5.5,3.0,20,37.33,87.92,-30.0,Mild
2,8.6,5.5,3.0,9,33.33,89.03,-30.0,Mild
2,8.6,5.5,3.0,16,39.25,90.3,-30.0,Mild
2,8.2,5.5,3.0,3,26.92,88.77,-30.0,Moderate
2,8.2,5.5,3.0,17,28.58,93.63,-30.0,Moderate
2,8.2,5.5,3.0,1,26.5,87.52,-30.0,Moderate
2,8.2,5.5,3.0,12,30.42,86.09,-30.0,Moderate
2,7.4,5.5,3.0,0,18.0,100.0,-30.0,Critical
2,8.6,5.5,3.0,2,33.17,91.53,-30.0,Mild
2,8.2,5.5,3.0,6,29.75,84.97,-30.0,Moderate
2,8.2,5.5,3.0,14,37.17,87.19,-30.0,Moderate
2,8.2,5.5,3.0,14,29.75,99.31,-30.0,Moderate
2,8.2,5.5,3.0,21,21.25,91.04,-30.0,Moderate
2,8.2,5.5,3.0,12,32.58,95.14,-30.0,Moderate
2,8.2,5.5,3.0,6,33.92,94.17,-30.0,Moderate
2,8.2,5.5,3.0,1,37.08,100.0,-30.0,Moderate
2,8.2,5.5,3.0,2,36.75,87.15,-30.0,Moderate
2,8.2,5.5,3.0,4,29.83,90.0,-30.0,Moderate
2,8.2,5.5,3.0,19,28.08,98.54,-30.0,Moderate
2,8.2,5.5,3.0,8,22.67,96.89,-30.0,Moderate
2,8.2,5.5,3.0,5,33.83,89.72,-30.0,Moderate
2,8.2,5.5,3.0,17,25.17,95.0,-30.0,Moderate
2,8.2,5.5,3.0,7,28.75,92.01,-30.0,Moderate
2,8.2,5.5,3.0,10,35.17,92.5,-30.0,Moderate
2,8.2,5.5,3.0,9,30.17,95.42,-30.0,Moderate
2,8.2,5.5,3.0,3,29.25,89.1,-30.0,Moderate
2,8.2,5.5,3.0,15,29.5,94.86,-30.0,Moderate
2,7.4,5.5,3.0,0,18.0,100.0,-30.0,Critical
2,8.2,5.5,3.0,11,28.0,96.94,-30.0,Moderate
2,8.2,5.5,3.0,16,25.75,97.85,-30.0,Moderate
2,8.2,5.5,3.0,20,29.08,95.07,-30.0,Moderate
2,8.2,5.5,3.0,18,26.67,99.24,-30.0,Moderate
2,8.2,5.5,3.0,13,27.92,96.04,-30.0,Moderate
1,8.2,5.5,3.0,0,18.0,87.17,-30.0,Moderate
2,8.6,5.5,3.0,8,34.08,100.0,-30.0,Mild
2,8.6,5.5,3.0,13,46.25,99.17,-30.0,Mild
2,8.2,5.5,3.0,17,35.92,99.51,-30.0,Moderate
2,8.2,5.5,3.0,7,29.5,99.79,-30.0,Moderate
2,8.6,5.5,3.0,21,18.0,100.0,-30.0,Mild
2,8.2,5.5,3.0,10,38.33,98.89,-30.0,Moderate
2,8.2,5.5,3.0,16,35.67,100.0,-30.0,Moderate
2,8.2,5.5,3.0,3,30.25,87.98,-30.0,Moderate
2,8.6,5.5,3.0,11,46.92,94.17,-30.0,Mild
2,7.4,5.5,3.0,0,18.0,100.0,-30.0,Critical
2,8.2,5.5,3.0,19,18.0,100.0,-30.0,Moderate
2,8.2,5.5,3.0,18,40.17,93.06,-30.0,Moderate
2,8.6,5.5,3.0,5,32.58,91.39,-30.0,Mild
2,8.6,5.5,3.0,12,36.33,100.0,-30.0,Mild
2,8.6,5.5,3.0,6,41.67,87.78,-30.0,Mild
2,8.2,5.5,3.0,2,32.58,94.2,-30.0,Moderate
2,8.6,5.5,3.0,9,42.5,100.0,-30.0,Mild
2,8.2,5.5,3.0,4,41.67,90.83,-30.0,Moderate
2,8.2,5.5,3.0,20,23.08,96.17,-30.0,Moderate
2,8.2,5.5,3.0,14,28.92,97.61,-30.0,Moderate
2,8.6,5.5,3.0,1,32.08,100.0,-30.0,Mild
2,8.6,5.5,3.0,15,42.17,100.0,-30.0,Mild
2,8.2,5.5,3.0,16,32.33,89.1,-30.0,Moderate
2,8.2,5.5,3.0,8,30.5,86.76,-30.0,Moderate
2,8.2,5.5,3.0,4,29.5,96.98,-30.0,Moderate
2,8.2,5.5,3.0,9,30.92,97.14,-30.0,Moderate
2,8.6,5.5,3.0,21,44.83,99.38,-30.0,Mild
2,8.6,5.5,3.0,13,38.92,98.58,-30.0,Mild
2,8.2,5.5,3.0,5,29.92,90.13,-30.0,Moderate
2,7.8,5.5,3.0,0,18.0,100.0,-30.0,Critical
2,8.2,5.5,3.0,6,33.0,93.0,-30.0,Moderate
2,8.2,5.5,3.0,20,33.5,88.71,-30.0,Moderate
2,8.6,5.5,3.0,1,34.33,98.82,-30.0,Mild
2,8.2,5.5,3.0,12,27.25,86.16,-30.0,Moderate
2,8.2,5.5,3.0,2,36.42,100.0,-30.0,Moderate
2,8.2,5.5,3.0,19,43.92,91.99,-30.0,Moderate
2,8.2,5.5,3.0,7,32.58,93.81,-30.0,Moderate
2,8.2,5.5,3.0,15,38.0,86.13,-30.0,Moderate
2,8.2,5.5,3.0,10,21.67,82.51,-30.0,Moderate
2,8.2,5.5,3.0,11,35.0,91.28,-30.0,Moderate
2,8.2,5.5,3.0,3,35.92,93.67,-30.0,Moderate
2,8.2,5.5,3.0,17,37.5,94.6,-30.0,Moderate
2,8.2,5.5,3.0,14,38.33,87.53,-30.0,Moderate
2,8.2,5.5,3.0,18,30.58,91.52,-30.0,Moderate
2,8.6,5.5,3.0,20,32.08,98.52,-30.0,Mild
2,8.2,5.5,3.0,5,28.08,81.42,-30.0,Moderate
2,8.2,5.5,3.0,6,21.17,84.31,-30.0,Moderate
2,8.6,5.5,3.0,18,27.08,89.83,-30.0,Mild
2,8.2,5.5,3.0,7,22.0,83.06,-30.0,Moderate
2,8.2,5.5,3.0,9,29.17,96.1,-30.0,Moderate
2,8.2,5.5,3.0,4,33.0,91.9,-30.0,Moderate
2,8.2,5.5,3.0,2,31.67,90.49,-30.0,Moderate
2,8.2,5.5,3.0,8,26.25,88.42,-30.0,Moderate
2,8.6,5.5,3.0,14,30.75,88.98,-30.0,Mild
2,8.6,5.5,3.0,19,36.67,95.84,-30.0,Mild
2,8.6,5.5,3.0,13,33.42,91.22,-30.0,Mild
2,8.6,5.5,3.0,10,33.75,90.62,-30.0,Mild
2,8.2,5.5,3.0,3,32.33,93.19,-30.0,Moderate
2,8.6,5.5,3.0,15,36.92,92.32,-30.0,Mild
2,8.6,5.5,3.0,17,32.75,99.91,-30.0,Mild
2,8.2,5.5,3.0,1,22.58,87.79,-30.0,Moderate
2,8.6,5.5,3.0,21,30.17,90.29,-30.0,Mild
2,8.6,5.5,3.0,11,29.33,87.82,-30.0,Mild
2,7.4,5.5,3.0,0,18.0,100.0,-30.0,Critical
2,8.2,5.5,3.0,16,28.08,89.87,-30.0,Moderate
2,8.6,5.5,3.0,12,28.25,87.56,-30.0,Mild
2,7.8,5.5,3.0,7,18.0,51.73,-30.0,Critical
2,7.8,5.5,3.0,6,18.0,54.87,-30.0,Critical
2,8.2,5.5,3.0,21,18.0,69.5,-30.0,Moderate
2,8.2,5.5,3.0,13,18.0,71.3,-30.0,Moderate
2,7.8,5.5,3.0,5,18.0,40.87,-30.0,Critical
2,7.4,5.5,3.0,0,18.0,100.0,-30.0,Critical
2,8.6,5.5,3.0,15,18.0,73.83,-30.0,Mild
2,8.2,5.5,3.0,17,18.0,57.07,-30.0,Moderate
2,8.2,5.5,3.0,8,18.0,72.67,-30.0,Moderate
2,8.6,5.5,3.0,19,18.0,64.9,-30.0,Mild
2,8.6,5.5,3.0,14,18.0,82.27,-30.0,Mild
2,8.2,5.5,3.0,11,18.0,73.17,-30.0,Moderate
2,8.6,5.5,3.0,20,18.0,70.47,-30.0,Mild
2,7.8,5.5,3.0,4,18.0,53.43,-30.0,Critical
2,7.8,5.5,3.0,16,18.0,57.77,-30.0,Critical
2,8.2,5.5,3.0,18,18.0,62.17,-30.0,Moderate
2,7.8,5.5,3.0,1,18.0,49.47,-30.0,Critical
2,7.8,5.5,3.0,3,18.0,57.3,-30.0,Critical
2,7.8,5.5,3.0,2,18.0,42.7,-30.0,Critical
2,7.8,5.5,3.0,10,18.0,53.03,-30.0,Critical
2,7.8,5.5,3.0,12,18.0,53.6,-30.0,Critical
2,8.2,5.5,3.0,9,18.0,67.8,-30.0,Moderate
1,9.0,5.5,3.0,14,45.08,100.0,-30.0,Subclinical
1,9.0,5.5,3.0,8,37.67,100.0,-30.0,Subclinical
1,8.2,5.5,3.0,0,18.0,100.0,-30.0,Moderate
1,9.0,5.5,3.0,17,47.17,100.0,-30.0,Subclinical
1,9.0,5.5,3.0,12,49.58,100.0,-30.0,Subclinical
1,9.0,5.5,3.0,21,42.33,100.0,-30.0,Subclinical
1,9.0,5.5,3.0,10,18.0,95.62,-30.0,Subclinical
1,9.0,5.5,3.0,9,40.75,100.0,-30.0,Subclinical
1,9.0,5.5,3.0,5,37.42,100.0,-30.0,Subclinical
1,9.0,5.5,3.0,1,29.67,100.0,-30.0,Subclinical
1,8.6,5.5,3.0,11,39.08,100.0,-30.0,Mild
1,9.0,5.5,3.0,19,35.33,90.94,-30.0,Subclinical
1,9.0,5.5,3.0,18,38.5,100.0,-30.0,Subclinical
1,9.0,5.5,3.0,4,45.67,100.0,-30.0,Subclinical
1,8.6,5.5,3.0,2,31.58,71.52,-30.0,Mild
1,9.0,5.5,3.0,15,18.0,77.08,-30.0,Subclinical
1,9.0,5.5,3.0,7,47.33,97.4,-30.0,Subclinical
1,9.0,5.5,3.0,16,48.92,98.23,-30.0,Subclinical
1,9.0,5.5,3.0,3,30.75,90.62,-30.0,Subclinical
1,9.0,5.5,3.0,13,47.17,100.0,-30.0,Subclinical
1,9.0,5.5,3.0,20,42.58,97.29,-30.0,Subclinical
1,9.0,5.5,3.0,6,37.42,94.1,-30.0,Subclinical
2,8.6,5.5,3.0,11,49.0,100.0,-30.0,Mild
2,8.6,5.5,3.0,17,34.92,100.0,-30.0,Mild
2,8.6,5.5,3.0,7,35.5,100.0,-30.0,Mild
2,8.6,5.5,3.0,19,35.25,100.0,-30.0,Mild
2,8.2,5.5,3.0,6,37.25,100.0,-30.0,Moderate
2,8.6,5.5,3.0,21,30.42,100.0,-30.0,Mild
2,8.6,5.5,3.0,2,47.58,100.0,-30.0,Mild
2,8.6,5.5,3.0,10,37.5,100.0,-30.0,Mild
2,8.6,5.5,3.0,9,35.83,100.0,-30.0,Mild
2,8.6,5.5,3.0,4,34.33,100.0,-30.0,Mild
2,8.6,5.5,3.0,15,33.75,100.0,-30.0,Mild
2,8.6,5.5,3.0,20,41.92,100.0,-30.0,Mild
2,8.6,5.5,3.0,12,42.33,100.0,-30.0,Mild
2,8.6,5.5,3.0,8,33.5,100.0,-30.0,Mild
2,8.2,5.5,3.0,18,32.92,100.0,-30.0,Moderate
2,8.6,5.5,3.0,13,42.33,100.0,-30.0,Mild
2,7.4,5.5,3.0,0,18.0,100.0,-30.0,Critical
2,8.6,5.5,3.0,3,42.25,100.0,-30.0,Mild
2,8.6,5.5,3.0,14,28.67,100.0,-30.0,Mild
2,8.6,5.5,3.0,16,38.0,100.0,-30.0,Mild
2,8.6,5.5,3.0,5,47.33,98.75,-30.0,Mild
2,8.6,5.5,3.0,1,40.33,100.0,-30.0,Mild
2,8.2,5.5,3.0,8,28.58,90.91,-30.0,Moderate
2,8.2,5.5,3.0,4,26.33,89.4,-30.0,Moderate
2,8.2,5.5,3.0,7,30.17,93.24,-30.0,Moderate
2,8.2,5.5,3.0,16,32.58,90.27,-30.0,Moderate
2,8.2,5.5,3.0,17,29.17,90.76,-30.0,Moderate
2,8.2,5.5,3.0,10,29.5,87.99,-30.0,Moderate
2,8.2,5.5,3.0,14,27.67,91.25,-30.0,Moderate
2,8.2,5.5,3.0,13,29.92,89.41,-30.0,Moderate
2,8.2,5.5,3.0,11,31.5,99.38,-30.0,Moderate
2,8.2,5.5,3.0,6,30.5,88.87,-30.0,Moderate
2,8.2,5.5,3.0,12,24.58,94.29,-30.0,Moderate
2,8.2,5.5,3.0,1,36.58,100.0,-30.0,Moderate
2,8.2,5.5,3.0,5,29.08,92.52,-30.0,Moderate
2,8.2,5.5,3.0,19,31.17,97.08,-30.0,Moderate
2,8.2,5.5,3.0,20,24.33,86.78,-30.0,Moderate
2,8.2,5.5,3.0,9,26.42,95.78,-30.0,Moderate
2,8.2,5.5,3.0,3,33.5,88.93,-30.0,Moderate
2,8.2,5.5,3.0,21,24.92,92.21,-30.0,Moderate
2,8.2,5.5,3.0,15,24.75,88.17,-30.0,Moderate
2,8.2,5.5,3.0,2,30.42,88.74,-30.0,Moderate
2,8.2,5.5,3.0,18,29.0,95.97,-30.0,Moderate
2,8.2,5.5,3.0,17,39.58,92.67,-30.0,Moderate
2,8.2,5.5,3.0,4,39.58,97.25,-30.0,Moderate
2,8.6,5.5,3.0,13,35.58,93.27,-30.0,Mild
2,8.2,5.5,3.0,2,38.17,97.28,-30.0,Moderate
2,8.6,5.5,3.0,18,38.5,96.22,-30.0,Mild
2,8.6,5.5,3.0,14,39.5,100.0,-30.0,Mild
2,8.2,5.5,3.0,8,38.58,93.82,-30.0,Moderate
2,8.2,5.5,3.0,12,36.25,91.54,-30.0,Moderate
2,8.6,5.5,3.0,1,46.83,97.92,-30.0,Mild
2,8.2,5.5,3.0,3,34.42,96.41,-30.0,Moderate
2,8.2,5.5,3.0,9,34.83,92.86,-30.0,Moderate
2,8.6,5.5,3.0,16,39.83,98.83,-30.0,Mild
2,7.4,5.5,3.0,0,18.0,100.0,-30.0,Critical
2,8.6,5.5,3.0,15,39.75,100.0,-30.0,Mild
2,8.6,5.5,3.0,21,40.42,100.0,-30.0,Mild
2,8.2,5.5,3.0,19,38.08,92.38,-30.0,Moderate
2,8.6,5.5,3.0,20,34.92,95.58,-30.0,Mild
2,8.2,5.5,3.0,7,34.25,92.5,-30.0,Moderate
2,8.6,5.5,3.0,11,42.08,93.61,-30.0,Mild
2,8.2,5.5,3.0,5,35.75,96.48,-30.0,Moderate
2,8.2,5.5,3.0,10,34.83,93.97,-30.0,Moderate
2,8.2,5.5,3.0,6,40.75,100.0,-30.0,Moderate
2,8.6,5.5,3.0,16,49.67,100.0,-30.0,Mild
2,8.6,5.5,3.0,18,39.75,100.0,-30.0,Mild
2,8.6,5.5,3.0,8,47.5,100.0,-30.0,Mild
2,8.2,5.5,3.0,10,35.25,100.0,-30.0,Moderate
2,8.2,5.5,3.0,6,43.5,96.53,-30.0,Moderate
2,8.6,5.5,3.0,21,40.25,100.0,-30.0,Mild
2,8.6,5.5,3.0,1,41.5,100.0,-30.0,Mild
2,8.6,5.5,3.0,19,45.33,93.54,-30.0,Mild
2,8.6,5.5,3.0,4,43.75,100.0,-30.0,Mild
2,8.6,5.5,3.0,14,41.75,100.0,-30.0,Mild
2,8.6,5.5,3.0,13,48.58,86.46,-30.0,Mild
2,8.6,5.5,3.0,12,52.0,86.25,-30.0,Mild
2,8.6,5.5,3.0,5,40.83,99.72,-30.0,Mild
2,8.6,5.5,3.0,9,41.0,100.0,-30.0,Mild
2,8.6,5.5,3.0,20,47.17,98.23,-30.0,Mild
2,8.6,5.5,3.0,3,41.83,97.08,-30.0,Mild
2,8.6,5.5,3.0,7,43.58,100.0,-30.0,Mild
2,8.6,5.5,3.0,11,46.58,87.5,-30.0,Mild
2,8.6,5.5,3.0,15,48.92,100.0,-30.0,Mild
2,8.6,5.5,3.0,2,35.75,100.0,-30.0,Mild
2,8.6,5.5,3.0,17,45.25,97.78,-30.0,Mild
2,7.4,5.5,3.0,0,18.0,100.0,-30.0,Critical
1,7.8,5.5,3.0,0,18.0,100.0,-30.0,Critical
1,8.6,5.5,3.0,20,22.08,88.69,-30.0,Mild
1,8.6,5.5,3.0,3,19.58,80.74,-30.0,Mild
1,9.0,5.5,3.0,1,17.5,90.0,-30.0,Subclinical
1,8.6,5.5,3.0,18,17.58,87.48,-30.0,Mild
1,8.6,5.5,3.0,15,23.75,88.99,-30.0,Mild
1,8.6,5.5,3.0,19,26.42,94.81,-30.0,Mild
1,8.6,5.5,3.0,13,17.58,85.38,-30.0,Mild
1,8.6,5.5,3.0,2,18.0,76.44,-30.0,Mild
1,8.6,5.5,3.0,9,23.5,81.19,-30.0,Mild
1,9.0,5.5,3.0,14,26.42,92.23,-30.0,Subclinical
1,9.0,5.5,3.0,5,17.83,84.61,-30.0,Subclinical
1,8.6,5.5,3.0,8,24.67,88.12,-30.0,Mild
1,8.6,5.5,3.0,11,16.92,73.72,-30.0,Mild
1,8.6,5.5,3.0,16,14.67,72.1,-30.0,Mild
1,9.0,5.5,3.0,6,21.25,86.42,-30.0,Subclinical
1,8.6,5.5,3.0,4,23.92,83.6,-30.0,Mild
1,8.6,5.5,3.0,7,20.92,82.4,-30.0,Mild
1,8.6,5.5,3.0,12,21.0,80.73,-30.0,Mild
1,8.6,5.5,3.0,10,20.17,79.99,-30.0,Mild
1,8.6,5.5,3.0,17,22.67,91.42,-30.0,Mild
1,8.6,5.5,3.0,21,24.83,99.78,-30.0,Mild
2,8.2,5.5,3.0,6,26.92,98.12,-30.0,Moderate
2,8.6,5.5,3.0,1,27.75,100.0,-30.0,Mild
2,8.6,5.5,3.0,11,28.25,100.0,-30.0,Mild
2,8.2,5.5,3.0,18,32.92,100.0,-30.0,Moderate
2,8.6,5.5,3.0,9,22.25,96.33,-30.0,Mild
2,8.6,5.5,3.0,5,25.5,100.0,-30.0,Mild
2,8.2,5.5,3.0,10,26.92,100.0,-30.0,Moderate
2,8.2,5.5,3.0,20,31.58,100.0,-30.0,Moderate
2,8.6,5.5,3.0,15,29.42,100.0,-30.0,Mild
2,8.6,5.5,3.0,4,24.58,99.44,-30.0,Mild
2,8.6,5.5,3.0,19,25.33,100.0,-30.0,Mild
2,8.2,5.5,3.0,16,29.92,100.0,-30.0,Moderate
2,8.2,5.5,3.0,7,21.08,89.22,-30.0,Moderate
2,8.6,5.5,3.0,2,24.42,99.22,-30.0,Mild
2,8.6,5.5,3.0,14,28.25,100.0,-30.0,Mild
2,8.6,5.5,3.0,21,28.92,100.0,-30.0,Mild
2,7.4,5.5,3.0,0,18.0,100.0,-30.0,Critical
2,8.6,5.5,3.0,17,33.92,100.0,-30.0,Mild
2,8.6,5.5,3.0,13,29.83,100.0,-30.0,Mild
2,8.6,5.5,3.0,12,28.92,100.0,-30.0,Mild
2,8.6,5.5,3.0,3,24.25,99.0,-30.0,Mild
2,8.6,5.5,3.0,8,23.33,97.78,-30.0,Mild
1,9.0,5.5,3.0,13,18.0,100.0,-30.0,Subclinical
1,8.6,5.5,3.0,16,18.0,100.0,-30.0,Mild
1,9.0,5.5,3.0,17,18.0,100.0,-30.0,Subclinical
1,9.0,5.5,3.0,5,18.0,100.0,-30.0,Subclinical
1,8.6,5.5,3.0,11,18.0,100.0,-30.0,Mild
1,9.0,5.5,3.0,20,18.0,100.0,-30.0,Subclinical
1,9.0,5.5,3.0,4,18.0,100.0,-30.0,Subclinical
1,7.8,5.5,3.0,0,18.0,100.0,-30.0,Critical
1,9.0,5.5,3.0,7,18.0,100.0,-30.0,Subclinical
1,9.0,5.5,3.0,15,18.0,100.0,-30.0,Subclinical
1,8.6,5.5,3.0,14,18.0,100.0,-30.0,Mild
1,9.0,5.5,3.0,9,18.0,100.0,-30.0,Subclinical
1,9.0,5.5,3.0,6,18.0,100.0,-30.0,Subclinical
1,9.0,5.5,3.0,19,18.0,100.0,-30.0,Subclinical
1,8.6,5.5,3.0,18,18.0,100.0,-30.0,Mild
1,8.6,5.5,3.0,10,18.0,100.0,-30.0,Mild
1,9.0,5.5,3.0,1,18.0,100.0,-30.0,Subclinical
1,9.0,5.5,3.0,12,18.0,100.0,-30.0,Subclinical
1,9.0,5.5,3.0,2,18.0,100.0,-30.0,Subclinical
1,8.6,5.5,3.0,8,18.0,100.0,-30.0,Mild
1,9.0,5.5,3.0,21,18.0,100.0,-30.0,Subclinical
1,9.0,5.5,3.0,3,18.0,100.0,-30.0,Subclinical
2,8.2,5.5,3.0,19,24.83,99.78,-30.0,Moderate
2,8.2,5.5,3.0,2,30.0,99.81,-30.0,Moderate
2,8.2,5.5,3.0,11,16.0,88.0,-30.0,Moderate
2,8.2,5.5,3.0,6,24.58,99.44,-30.0,Moderate
2,7.4,5.5,3.0,0,18.0,100.0,-30.0,Critical
2,8.6,5.5,3.0,17,30.58,88.75,-30.0,Mild
2,8.2,5.5,3.0,15,20.83,92.87,-30.0,Moderate
2,8.2,5.5,3.0,20,31.08,100.0,-30.0,Moderate
2,8.6,5.5,3.0,4,35.67,96.32,-30.0,Mild
2,8.2,5.5,3.0,8,20.83,91.28,-30.0,Moderate
2,8.2,5.5,3.0,1,24.0,97.97,-30.0,Moderate
2,8.2,5.5,3.0,18,24.25,99.0,-30.0,Moderate
2,8.6,5.5,3.0,14,31.42,100.0,-30.0,Mild
2,8.2,5.5,3.0,3,34.08,100.0,-30.0,Moderate
2,8.6,5.5,3.0,16,22.92,97.22,-30.0,Mild
2,8.2,5.5,3.0,9,26.08,98.22,-30.0,Moderate
2,8.2,5.5,3.0,7,22.25,91.38,-30.0,Moderate
2,8.2,5.5,3.0,5,24.33,97.17,-30.0,Moderate
2,8.6,5.5,3.0,12,38.42,99.38,-30.0,Mild
2,8.2,5.5,3.0,13,24.08,96.42,-30.0,Moderate
2,8.2,5.5,3.0,21,29.0,100.0,-30.0,Moderate
2,8.2,5.5,3.0,10,20.25,91.93,-30.0,Moderate
1,9.0,5.5,3.0,3,37.0,94.58,-30.0,Subclinical
1,9.0,5.5,3.0,7,39.0,97.08,-30.0,Subclinical
1,8.6,5.5,3.0,10,41.5,99.1,-30.0,Mild
1,8.6,5.5,3.0,16,41.5,96.32,-30.0,Mild
1,9.0,5.5,3.0,11,43.92,100.0,-30.0,Subclinical
1,8.6,5.5,3.0,15,41.5,99.51,-30.0,Mild
1,9.0,5.5,3.0,2,33.08,94.58,-30.0,Subclinical
1,9.0,5.5,3.0,6,37.58,99.65,-30.0,Subclinical
1,8.6,5.5,3.0,17,39.92,99.79,-30.0,Mild
1,9.0,5.5,3.0,5,42.5,97.22,-30.0,Subclinical
1,9.0,5.5,3.0,9,47.83,96.11,-30.0,Subclinical
1,8.6,5.5,3.0,13,37.83,100.0,-30.0,Mild
1,9.0,5.5,3.0,19,41.08,92.92,-30.0,Subclinical
1,8.6,5.5,3.0,18,41.42,99.1,-30.0,Mild
1,9.0,5.5,3.0,12,43.08,98.4,-30.0,Subclinical
1,9.0,5.5,3.0,21,45.0,96.53,-30.0,Subclinical
1,8.6,5.5,3.0,20,49.5,92.15,-30.0,Mild
1,9.0,5.5,3.0,14,48.5,93.89,-30.0,Subclinical
1,9.0,5.5,3.0,4,42.58,97.22,-30.0,Subclinical
1,9.0,5.5,3.0,8,43.58,100.0,-30.0,Subclinical
1,9.0,5.5,3.0,1,42.42,100.0,-30.0,Subclinical
2,8.6,5.5,3.0,14,18.0,100.0,-30.0,Mild
2,8.6,5.5,3.0,19,18.0,100.0,-30.0,Mild
2,7.4,5.5,3.0,0,18.0,100.0,-30.0,Critical
2,8.6,5.5,3.0,12,18.0,100.0,-30.0,Mild
2,8.6,5.5,3.0,3,18.0,100.0,-30.0,Mild
2,8.6,5.5,3.0,2,18.0,100.0,-30.0,Mild
2,8.6,5.5,3.0,9,18.0,100.0,-30.0,Mild
2,8.6,5.5,3.0,6,18.0,100.0,-30.0,Mild
2,8.6,5.5,3.0,5,18.0,100.0,-30.0,Mild
2,8.6,5.5,3.0,16,18.0,100.0,-30.0,Mild
2,8.6,5.5,3.0,4,18.0,100.0,-30.0,Mild
2,8.6,5.5,3.0,10,18.0,100.0,-30.0,Mild
2,8.6,5.5,3.0,20,18.0,100.0,-30.0,Mild
2,8.6,5.5,3.0,13,18.0,100.0,-30.0,Mild
2,8.6,5.5,3.0,17,18.0,100.0,-30.0,Mild
2,8.6,5.5,3.0,18,18.0,100.0,-30.0,Mild
2,8.6,5.5,3.0,21,18.0,100.0,-30.0,Mild
2,8.6,5.5,3.0,8,18.0,100.0,-30.0,Mild
2,8.6,5.5,3.0,11,18.0,100.0,-30.0,Mild
2,8.6,5.5,3.0,7,18.0,100.0,-30.0,Mild
2,8.6,5.5,3.0,15,18.0,100.0,-30.0,Mild
2,8.2,5.5,3.0,19,28.58,97.91,-30.0,Moderate
2,8.2,5.5,3.0,2,29.08,94.62,-30.0,Moderate
2,8.2,5.5,3.0,21,25.5,92.08,-30.0,Moderate
2,8.2,5.5,3.0,13,30.67,93.73,-30.0,Moderate
2,8.2,5.5,3.0,11,29.58,90.27,-30.0,Moderate
2,8.2,5.5,3.0,8,32.17,95.9,-30.0,Moderate
2,8.2,5.5,3.0,17,34.0,96.91,-30.0,Moderate
2,8.2,5.5,3.0,7,32.0,99.43,-30.0,Moderate
2,8.2,5.5,3.0,18,29.83,96.44,-30.0,Moderate
2,8.2,5.5,3.0,10,35.67,93.13,-30.0,Moderate
2,8.2,5.5,3.0,14,33.75,99.66,-30.0,Moderate
2,8.2,5.5,3.0,20,31.67,91.91,-30.0,Moderate
2,8.2,5.5,3.0,12,31.08,96.04,-30.0,Moderate
2,8.2,5.5,3.0,4,30.83,95.38,-30.0,Moderate
2,8.2,5.5,3.0,5,31.58,95.21,-30.0,Moderate
2,8.2,5.5,3.0,6,27.67,97.92,-30.0,Moderate
2,8.6,5.5,3.0,1,24.92,99.89,-30.0,Mild
2,8.2,5.5,3.0,16,31.08,94.17,-30.0,Moderate
2,8.2,5.5,3.0,3,25.67,95.64,-30.0,Moderate
2,7.4,5.5,3.0,0,18.0,100.0,-30.0,Critical
2,8.2,5.5,3.0,9,30.5,93.08,-30.0,Moderate
2,8.2,5.5,3.0,15,30.67,95.06,-30.0,Moderate
1,9.0,5.5,3.0,17,34.08,100.0,-30.0,Subclinical
1,9.0,5.5,3.0,16,34.42,100.0,-30.0,Subclinical
1,9.0,5.5,3.0,21,45.83,97.6,-30.0,Subclinical
1,9.0,5.5,3.0,8,44.67,100.0,-30.0,Subclinical
1,8.6,5.5,3.0,3,29.5,100.0,-30.0,Mild
1,9.0,5.5,3.0,4,44.25,100.0,-30.0,Subclinical
1,9.0,5.5,3.0,18,45.17,100.0,-30.0,Subclinical
1,9.0,5.5,3.0,5,37.42,100.0,-30.0,Subclinical
1,9.0,5.5,3.0,6,34.25,100.0,-30.0,Subclinical
1,9.0,5.5,3.0,7,41.58,100.0,-30.0,Subclinical
1,9.0,5.5,3.0,1,43.83,92.6,-30.0,Subclinical
1,9.0,5.5,3.0,13,41.08,100.0,-30.0,Subclinical
1,9.0,5.5,3.0,12,34.67,100.0,-30.0,Subclinical
1,9.0,5.5,3.0,10,45.92,100.0,-30.0,Subclinical
1,9.0,5.5,3.0,9,39.08,100.0,-30.0,Subclinical
1,9.0,5.5,3.0,2,41.25,100.0,-30.0,Subclinical
1,9.0,5.5,3.0,11,48.67,99.9,-30.0,Subclinical
1,7.8,5.5,3.0,0,18.0,100.0,-30.0,Critical
1,9.0,5.5,3.0,14,43.5,100.0,-30.0,Subclinical
1,9.0,5.5,3.0,20,51.67,93.65,-30.0,Subclinical
1,9.0,5.5,3.0,19,41.17,100.0,-30.0,Subclinical
1,9.0,5.5,3.0,15,40.0,100.0,-30.0,Subclinical
1,9.0,5.5,3.0,19,36.58,100.0,-30.0,Subclinical
1,9.0,5.5,3.0,16,27.25,100.0,-30.0,Subclinical
1,9.0,5.5,3.0,15,26.42,100.0,-30.0,Subclinical
1,9.0,5.5,3.0,1,19.08,91.97,-30.0,Subclinical
1,8.6,5.5,3.0,5,19.25,92.33,-30.0,Mild
1,8.6,5.5,3.0,2,18.17,90.89,-30.0,Mild
1,9.0,5.5,3.0,6,26.25,100.0,-30.0,Subclinical
1,8.6,5.5,3.0,9,17.58,90.11,-30.0,Mild
1,8.6,5.5,3.0,10,25.33,100.0,-30.0,Mild
1,9.0,5.5,3.0,12,20.58,94.11,-30.0,Subclinical
1,9.0,5.5,3.0,20,35.83,100.0,-30.0,Subclinical
1,8.6,5.5,3.0,3,10.83,81.11,-30.0,Mild
1,9.0,5.5,3.0,13,22.33,94.67,-30.0,Subclinical
1,9.0,5.5,3.0,14,31.75,100.0,-30.0,Subclinical
1,8.2,5.5,3.0,21,35.67,66.7,-30.0,Moderate
1,8.6,5.5,3.0,7,30.0,100.0,-30.0,Mild
1,9.0,5.5,3.0,17,21.08,92.17,-30.0,Subclinical
1,8.6,5.5,3.0,8,29.67,100.0,-30.0,Mild
1,9.0,5.5,3.0,4,18.08,90.78,-30.0,Subclinical
1,8.6,5.5,3.0,11,29.08,100.0,-30.0,Mild
1,8.2,5.5,3.0,0,18.0,100.0,-30.0,Moderate
1,9.0,5.5,3.0,18,34.83,100.0,-30.0,Subclinical
2,8.2,5.5,3.0,2,18.0,84.6,-30.0,Moderate
2,8.2,5.5,3.0,16,18.0,68.03,-30.0,Moderate
2,8.2,5.5,3.0,18,18.0,90.17,-30.0,Moderate
2,8.2,5.5,3.0,19,18.0,83.03,-30.0,Moderate
2,8.2,5.5,3.0,3,18.0,65.2,-30.0,Moderate
2,8.2,5.5,3.0,4,18.0,71.17,-30.0,Moderate
2,8.2,5.5,3.0,14,18.0,71.47,-30.0,Moderate
2,8.2,5.5,3.0,17,18.0,83.6,-30.0,Moderate
2,8.6,5.5,3.0,13,18.0,99.07,-30.0,Mild
2,8.2,5.5,3.0,10,18.0,100.0,-30.0,Moderate
2,8.2,5.5,3.0,7,18.0,100.0,-30.0,Moderate
2,8.2,5.5,3.0,8,18.0,96.87,-30.0,Moderate
2,8.2,5.5,3.0,11,18.0,72.53,-30.0,Moderate
2,8.2,5.5,3.0,5,18.0,77.57,-30.0,Moderate
2,7.4,5.5,3.0,0,18.0,100.0,-30.0,Critical
2,8.2,5.5,3.0,6,18.0,75.33,-30.0,Moderate
2,8.2,5.5,3.0,15,18.0,85.63,-30.0,Moderate
2,8.2,5.5,3.0,12,18.0,89.27,-30.0,Moderate
2,8.2,5.5,3.0,9,18.0,87.43,-30.0,Moderate
2,8.2,5.5,3.0,21,18.0,84.37,-30.0,Moderate
2,8.2,5.5,3.0,20,18.0,93.63,-30.0,Moderate
2,8.6,5.5,3.0,1,18.0,100.0,-30.0,Mild
2,8.2,5.5,3.0,19,24.83,85.63,-30.0,Moderate
2,8.6,5.5,3.0,5,33.5,100.0,-30.0,Mild
2,8.2,5.5,3.0,6,36.58,100.0,-30.0,Moderate
2,8.2,5.5,3.0,21,36.17,98.89,-30.0,Moderate
2,8.2,5.5,3.0,20,31.5,97.62,-30.0,Moderate
2,7.4,5.5,3.0,0,18.0,100.0,-30.0,Critical
2,8.2,5.5,3.0,12,31.25,99.43,-30.0,Moderate
2,8.6,5.5,3.0,1,33.33,96.52,-30.0,Mild
2,8.2,5.5,3.0,2,25.5,100.0,-30.0,Moderate
2,8.2,5.5,3.0,14,29.58,94.37,-30.0,Moderate
2,8.2,5.5,3.0,15,37.83,98.27,-30.0,Moderate
2,8.2,5.5,3.0,18,39.58,100.0,-30.0,Moderate
2,8.2,5.5,3.0,16,31.58,89.44,-30.0,Moderate
2,8.6,5.5,3.0,9,39.08,99.89,-30.0,Mild
2,8.2,5.5,3.0,4,34.33,98.38,-30.0,Moderate
2,8.6,5.5,3.0,8,38.67,100.0,-30.0,Mild
2,8.6,5.5,3.0,7,37.92,100.0,-30.0,Mild
2,8.6,5.5,3.0,13,39.5,100.0,-30.0,Mild
2,8.6,5.5,3.0,11,43.0,100.0,-30.0,Mild
2,8.2,5.5,3.0,17,34.08,98.06,-30.0,Moderate
2,8.2,5.5,3.0,10,35.83,96.83,-30.0,Moderate
2,8.2,5.5,3.0,3,34.75,100.0,-30.0,Moderate
1,9.0,5.5,3.0,20,25.67,100.0,-30.0,Subclinical
1,9.0,5.5,3.0,5,18.33,86.67,-30.0,Subclinical
1,9.0,5.5,3.0,13,33.67,100.0,-30.0,Subclinical
1,9.0,5.5,3.0,16,30.5,100.0,-30.0,Subclinical
1,9.0,5.5,3.0,2,24.0,98.0,-30.0,Subclinical
1,9.0,5.5,3.0,7,23.75,97.5,-30.0,Subclinical
1,9.0,5.5,3.0,14,24.83,99.67,-30.0,Subclinical
1,9.0,5.5,3.0,17,20.0,90.0,-30.0,Subclinical
1,9.0,5.5,3.0,4,25.08,100.0,-30.0,Subclinical
1,9.0,5.5,3.0,8,22.5,95.0,-30.0,Subclinical
1,9.0,5.5,3.0,12,27.58,100.0,-30.0,Subclinical
1,9.0,5.5,3.0,3,30.33,100.0,-30.0,Subclinical
1,9.0,5.5,3.0,9,24.17,98.33,-30.0,Subclinical
1,9.0,5.5,3.0,1,16.58,83.17,-30.0,Subclinical
1,9.0,5.5,3.0,18,18.42,86.83,-30.0,Subclinical
1,9.0,5.5,3.0,10,32.17,100.0,-30.0,Subclinical
1,9.0,5.5,3.0,11,27.5,100.0,-30.0,Subclinical
1,9.0,5.5,3.0,21,24.08,98.17,-30.0,Subclinical
1,9.0,5.5,3.0,19,23.25,96.5,-30.0,Subclinical
1,9.0,5.5,3.0,6,19.92,89.83,-30.0,Subclinical
1,9.0,5.5,3.0,15,31.42,100.0,-30.0,Subclinical
1,9.0,5.5,3.0,1,19.17,79.51,-30.0,Subclinical
1,9.0,5.5,3.0,12,40.33,98.54,-30.0,Subclinical
1,8.2,5.5,3.0,0,18.0,100.0,-30.0,Moderate
1,9.0,5.5,3.0,14,40.42,100.0,-30.0,Subclinical
1,9.0,5.5,3.0,18,31.83,100.0,-30.0,Subclinical
1,9.0,5.5,3.0,13,37.58,100.0,-30.0,Subclinical
1,9.0,5.5,3.0,20,28.42,97.5,-30.0,Subclinical
1,9.0,5.5,3.0,11,14.25,66.73,-30.0,Subclinical
1,9.0,5.5,3.0,19,28.75,100.0,-30.0,Subclinical
1,9.0,5.5,3.0,15,33.33,86.62,-30.0,Subclinical
1,9.0,5.5,3.0,17,35.42,100.0,-30.0,Subclinical
1,9.0,5.5,3.0,5,13.25,61.71,-30.0,Subclinical
1,9.0,5.5,3.0,6,34.83,100.0,-30.0,Subclinical
1,9.0,5.5,3.0,7,34.92,100.0,-30.0,Subclinical
1,9.0,5.5,3.0,21,18.58,91.44,-30.0,Subclinical
1,9.0,5.5,3.0,9,25.5,100.0,-30.0,Subclinical
1,9.0,5.5,3.0,16,31.25,95.83,-30.0,Subclinical
1,9.0,5.5,3.0,8,31.17,100.0,-30.0,Subclinical
1,9.0,5.5,3.0,4,28.08,95.94,-30.0,Subclinical
2,8.6,5.5,3.0,16,37.0,100.0,-30.0,Mild
2,8.6,5.5,3.0,14,38.42,93.14,-30.0,Mild
2,8.6,5.5,3.0,17,37.0,100.0,-30.0,Mild
2,8.6,5.5,3.0,2,34.17,97.97,-30.0,Mild
2,8.6,5.5,3.0,4,34.17,99.02,-30.0,Mild
2,8.6,5.5,3.0,12,40.83,93.94,-30.0,Mild
2,8.6,5.5,3.0,5,37.67,95.68,-30.0,Mild
2,8.6,5.5,3.0,1,31.75,95.68,-30.0,Mild
2,8.2,5.5,3.0,3,34.58,97.88,-30.0,Moderate
2,8.6,5.5,3.0,11,40.25,100.0,-30.0,Mild
2,8.2,5.5,3.0,13,38.92,90.3,-30.0,Moderate
2,8.2,5.5,3.0,19,36.67,94.59,-30.0,Moderate
2,8.6,5.5,3.0,8,37.5,91.89,-30.0,Mild
2,8.6,5.5,3.0,21,36.5,94.42,-30.0,Mild
2,8.6,5.5,3.0,10,41.08,95.06,-30.0,Mild
2,8.2,5.5,3.0,15,37.17,96.43,-30.0,Moderate
2,8.2,5.5,3.0,9,32.75,91.97,-30.0,Moderate
2,8.6,5.5,3.0,18,42.17,100.0,-30.0,Mild
2,8.2,5.5,3.0,7,34.5,91.31,-30.0,Moderate
2,7.4,5.5,3.0,0,18.0,100.0,-30.0,Critical
2,8.2,5.5,3.0,6,36.75,92.62,-30.0,Moderate
2,8.6,5.5,3.0,20,34.75,96.77,-30.0,Mild
1,8.6,5.5,3.0,20,39.75,92.04,-30.0,Mild
1,8.6,5.5,3.0,15,32.25,91.46,-30.0,Mild
1,8.6,5.5,3.0,14,25.33,92.98,-30.0,Mild
1,8.6,5.5,3.0,19,32.5,94.7,-30.0,Mild
1,9.0,5.5,3.0,6,28.42,99.93,-30.0,Subclinical
1,9.0,5.5,3.0,3,28.92,97.85,-30.0,Subclinical
1,8.6,5.5,3.0,21,36.58,100.0,-30.0,Mild
1,8.6,5.5,3.0,11,33.33,95.76,-30.0,Mild
1,8.6,5.5,3.0,9,26.25,93.8,-30.0,Mild
1,9.0,5.5,3.0,13,31.58,88.87,-30.0,Subclinical
1,8.6,5.5,3.0,4,31.92,100.0,-30.0,Mild
1,8.6,5.5,3.0,12,24.08,87.16,-30.0,Mild
1,9.0,5.5,3.0,5,29.92,100.0,-30.0,Subclinical
1,9.0,5.5,3.0,8,32.83,100.0,-30.0,Subclinical
1,8.6,5.5,3.0,16,33.17,96.51,-30.0,Mild
1,7.8,5.5,3.0,0,54.0,100.0,-30.0,Critical
1,8.6,5.5,3.0,1,18.17,88.39,-30.0,Mild
1,8.6,5.5,3.0,17,29.58,91.8,-30.0,Mild
1,8.6,5.5,3.0,18,35.75,95.2,-30.0,Mild
1,9.0,5.5,3.0,2,22.17,95.81,-30.0,Subclinical
1,8.6,5.5,3.0,7,28.83,100.0,-30.0,Mild
1,8.6,5.5,3.0,10,27.42,95.1,-30.0,Mild
2,8.2,5.5,3.0,21,39.75,90.09,-30.0,Moderate
2,8.2,5.5,3.0,10,33.0,87.27,-30.0,Moderate
2,8.2,5.5,3.0,9,25.25,91.33,-30.0,Moderate
2,8.2,5.5,3.0,14,39.0,89.78,-30.0,Moderate
2,8.2,5.5,3.0,2,25.33,88.69,-30.0,Moderate
2,8.2,5.5,3.0,15,34.42,89.39,-30.0,Moderate
2,8.2,5.5,3.0,20,38.17,93.34,-30.0,Moderate
2,8.2,5.5,3.0,8,27.42,91.99,-30.0,Moderate
2,8.2,5.5,3.0,18,36.33,91.13,-30.0,Moderate
2,8.2,5.5,3.0,7,22.5,82.46,-30.0,Moderate
2,8.2,5.5,3.0,11,24.5,83.73,-30.0,Moderate
2,7.4,5.5,3.0,0,18.0,100.0,-30.0,Critical
2,8.2,5.5,3.0,19,34.5,89.87,-30.0,Moderate
2,8.2,5.5,3.0,4,28.92,97.12,-30.0,Moderate
2,8.2,5.5,3.0,12,32.5,92.21,-30.0,Moderate
2,8.2,5.5,3.0,1,23.92,89.97,-30.0,Moderate
2,8.2,5.5,3.0,13,39.0,87.97,-30.0,Moderate
2,8.2,5.5,3.0,17,37.58,91.88,-30.0,Moderate
2,8.2,5.5,3.0,3,22.75,87.34,-30.0,Moderate
2,8.2,5.5,3.0,5,23.5,86.6,-30.0,Moderate
2,8.2,5.5,3.0,6,22.67,85.7,-30.0,Moderate
2,8.6,5.5,3.0,16,39.75,95.91,-30.0,Mild
1,9.0,5.5,3.0,14,33.67,95.52,-30.0,Subclinical
1,8.6,5.5,3.0,16,37.42,100.0,-30.0,Mild
1,8.6,5.5,3.0,20,33.42,100.0,-30.0,Mild
1,8.6,5.5,3.0,5,44.5,97.85,-30.0,Mild
1,8.6,5.5,3.0,8,35.83,100.0,-30.0,Mild
1,9.0,5.5,3.0,1,48.25,98.19,-30.0,Subclinical
1,8.6,5.5,3.0,17,41.17,100.0,-30.0,Mild
1,8.6,5.5,3.0,2,41.33,100.0,-30.0,Mild
1,9.0,5.5,3.0,15,44.08,99.03,-30.0,Subclinical
1,9.0,5.5,3.0,3,48.58,100.0,-30.0,Subclinical
1,9.0,5.5,3.0,21,45.0,100.0,-30.0,Subclinical
1,8.6,5.5,3.0,18,37.5,100.0,-30.0,Mild
1,9.0,5.5,3.0,11,46.75,100.0,-30.0,Subclinical
1,8.6,5.5,3.0,9,44.25,100.0,-30.0,Mild
1,8.6,5.5,3.0,10,38.25,100.0,-30.0,Mild
1,8.6,5.5,3.0,12,35.08,100.0,-30.0,Mild
1,8.6,5.5,3.0,6,39.58,100.0,-30.0,Mild
1,7.8,5.5,3.0,0,18.0,100.0,-30.0,Critical
1,9.0,5.5,3.0,19,45.42,100.0,-30.0,Subclinical
1,8.6,5.5,3.0,4,40.58,100.0,-30.0,Mild
1,8.6,5.5,3.0,13,40.83,98.96,-30.0,Mild
1,8.6,5.5,3.0,7,47.5,94.93,-30.0,Mild
2,8.6,5.5,3.0,2,29.83,94.69,-30.0,Mild
2,8.6,5.5,3.0,18,28.58,96.67,-30.0,Mild
2,8.2,5.5,3.0,4,28.75,100.0,-30.0,Moderate
2,8.6,5.5,3.0,8,26.58,94.79,-30.0,Mild
2,8.6,5.5,3.0,20,27.58,86.67,-30.0,Mild
2,8.2,5.5,3.0,10,21.17,94.89,-30.0,Moderate
2,8.2,5.5,3.0,7,35.75,93.06,-30.0,Moderate
2,8.2,5.5,3.0,15,32.0,100.0,-30.0,Moderate
2,7.4,5.5,3.0,0,18.0,100.0,-30.0,Critical
2,8.6,5.5,3.0,21,21.33,81.94,-30.0,Mild
2,8.6,5.5,3.0,13,31.75,85.83,-30.0,Mild
2,8.6,5.5,3.0,19,35.33,96.46,-30.0,Mild
2,8.6,5.5,3.0,5,29.5,99.65,-30.0,Mild
2,8.6,5.5,3.0,14,28.0,81.04,-30.0,Mild
2,8.6,5.5,3.0,9,33.67,96.35,-30.0,Mild
2,8.2,5.5,3.0,11,28.5,99.86,-30.0,Moderate
2,8.6,5.5,3.0,1,29.25,98.54,-30.0,Mild
2,8.6,5.5,3.0,17,31.25,100.0,-30.0,Mild
2,8.6,5.5,3.0,3,33.25,100.0,-30.0,Mild
2,8.2,5.5,3.0,6,32.08,95.1,-30.0,Moderate
2,8.6,5.5,3.0,12,33.92,83.75,-30.0,Mild
2,8.6,5.5,3.0,16,30.58,100.0,-30.0,Mild
2,8.2,5.5,3.0,7,25.92,100.0,-30.0,Moderate
2,8.6,5.5,3.0,6,31.92,99.79,-30.0,Mild
2,8.6,5.5,3.0,5,27.75,100.0,-30.0,Mild
2,8.2,5.5,3.0,14,18.67,91.56,-30.0,Moderate
2,8.6,5.5,3.0,1,34.17,100.0,-30.0,Mild
2,8.2,5.5,3.0,9,17.33,89.78,-30.0,Moderate
2,8.2,5.5,3.0,18,15.75,87.67,-30.0,Moderate
2,8.6,5.5,3.0,3,32.67,97.29,-30.0,Mild
2,8.2,5.5,3.0,19,27.75,98.33,-30.0,Moderate
2,7.4,5.5,3.0,0,18.0,100.0,-30.0,Critical
2,8.2,5.5,3.0,21,25.83,100.0,-30.0,Moderate
2,8.6,5.5,3.0,11,23.0,96.08,-30.0,Mild
2,8.6,5.5,3.0,20,14.5,86.0,-30.0,Mild
2,8.2,5.5,3.0,12,25.25,100.0,-30.0,Moderate
2,8.2,5.5,3.0,16,24.33,99.11,-30.0,Moderate
2,8.6,5.5,3.0,2,34.42,100.0,-30.0,Mild
2,8.2,5.5,3.0,15,22.75,97.0,-30.0,Moderate
2,8.6,5.5,3.0,10,19.67,91.85,-30.0,Mild
2,8.6,5.5,3.0,4,32.0,100.0,-30.0,Mild
2,8.2,5.5,3.0,8,21.67,95.56,-30.0,Moderate
2,8.6,5.5,3.0,13,19.83,89.08,-30.0,Mild
2,8.6,5.5,3.0,17,24.08,98.78,-30.0,Mild
1,9.0,5.5,3.0,1,45.42,100.0,-30.0,Subclinical
1,7.8,5.5,3.0,0,18.0,100.0,-30.0,Critical
1,9.0,5.5,3.0,2,25.33,85.83,-30.0,Subclinical
1,9.0,5.5,3.0,4,17.83,75.93,-30.0,Subclinical
1,8.6,5.5,3.0,1,32.75,100.0,-30.0,Mild
1,7.8,5.5,3.0,0,18.0,100.0,-30.0,Critical
1,8.6,5.5,3.0,3,27.42,94.39,-30.0,Mild
1,8.6,5.5,3.0,2,30.17,100.0,-30.0,Mild
1,9.0,5.5,3.0,18,21.0,92.0,-30.0,Subclinical
1,9.0,5.5,3.0,17,25.58,100.0,-30.0,Subclinical
1,7.8,5.5,3.0,0,18.0,100.0,-30.0,Critical
1,9.0,5.5,3.0,14,27.08,100.0,-30.0,Subclinical
1,8.6,5.5,3.0,2,19.42,79.14,-30.0,Mild
1,9.0,5.5,3.0,19,23.33,96.67,-30.0,Subclinical
1,8.6,5.5,3.0,3,20.58,86.01,-30.0,Mild
1,9.0,5.5,3.0,13,25.92,100.0,-30.0,Subclinical
1,9.0,5.5,3.0,4,20.17,90.01,-30.0,Subclinical
1,9.0,5.5,3.0,16,29.42,100.0,-30.0,Subclinical
1,9.0,5.5,3.0,20,27.17,100.0,-30.0,Subclinical
1,9.0,5.5,3.0,12,19.58,89.17,-30.0,Subclinical
1,8.6,5.5,3.0,8,25.58,87.62,-30.0,Mild
1,9.0,5.5,3.0,6,27.83,100.0,-30.0,Subclinical
1,8.6,5.5,3.0,7,19.58,84.42,-30.0,Mild
1,9.0,5.5,3.0,21,27.08,100.0,-30.0,Subclinical
1,9.0,5.5,3.0,15,25.58,100.0,-30.0,Subclinical
1,9.0,5.5,3.0,5,24.5,99.33,-30.0,Subclinical
1,9.0,5.5,3.0,11,31.08,100.0,-30.0,Subclinical
1,9.0,5.5,3.0,9,25.67,83.21,-30.0,Subclinical
1,9.0,5.5,3.0,10,26.92,100.0,-30.0,Subclinical
1,8.6,5.5,3.0,1,22.33,71.7,-30.0,Mild
2,8.2,5.5,3.0,10,28.92,100.0,-30.0,Moderate
2,8.2,5.5,3.0,17,24.33,99.11,-30.0,Moderate
2,8.2,5.5,3.0,12,28.58,92.76,-30.0,Moderate
2,8.2,5.5,3.0,19,26.25,88.94,-30.0,Moderate
2,8.2,5.5,3.0,1,22.67,85.89,-30.0,Moderate
2,8.6,5.5,3.0,14,33.58,100.0,-30.0,Mild
2,8.2,5.5,3.0,20,24.0,83.31,-30.0,Moderate
2,8.6,5.5,3.0,13,33.0,85.07,-30.0,Mild
2,7.4,5.5,3.0,0,18.0,100.0,-30.0,Critical
2,8.6,5.5,3.0,11,21.5,90.79,-30.0,Mild
2,8.2,5.5,3.0,3,27.67,89.08,-30.0,Moderate
2,8.6,5.5,3.0,6,26.33,100.0,-30.0,Mild
2,8.2,5.5,3.0,16,28.83,90.34,-30.0,Moderate
2,8.2,5.5,3.0,4,28.75,100.0,-30.0,Moderate
2,8.6,5.5,3.0,8,26.58,87.97,-30.0,Mild
2,8.2,5.5,3.0,9,21.67,79.2,-30.0,Moderate
2,8.2,5.5,3.0,5,29.0,100.0,-30.0,Moderate
2,8.2,5.5,3.0,18,25.0,97.32,-30.0,Moderate
2,8.2,5.5,3.0,21,29.92,100.0,-30.0,Moderate
2,8.2,5.5,3.0,15,32.08,86.27,-30.0,Moderate
2,8.2,5.5,3.0,2,24.75,85.64,-30.0,Moderate
2,8.6,5.5,3.0,7,26.0,91.59,-30.0,Mild
1,9.0,5.5,3.0,5,23.17,97.56,-30.0,Subclinical
1,9.0,5.5,3.0,2,20.92,94.56,-30.0,Subclinical
1,9.0,5.5,3.0,3,26.33,100.0,-30.0,Subclinical
1,9.0,5.5,3.0,20,32.58,100.0,-30.0,Subclinical
1,8.6,5.5,3.0,10,25.0,98.32,-30.0,Mild
1,8.6,5.5,3.0,16,30.33,99.26,-30.0,Mild
1,9.0,5.5,3.0,7,24.92,99.89,-30.0,Subclinical
1,9.0,5.5,3.0,1,20.83,94.44,-30.0,Subclinical
1,9.0,5.5,3.0,12,26.83,100.0,-30.0,Subclinical
1,8.6,5.5,3.0,15,33.08,100.0,-30.0,Mild
1,9.0,5.5,3.0,18,25.25,100.0,-30.0,Subclinical
1,9.0,5.5,3.0,4,18.33,91.11,-30.0,Subclinical
1,9.0,5.5,3.0,21,39.33,100.0,-30.0,Subclinical
1,9.0,5.5,3.0,14,28.08,100.0,-30.0,Subclinical
1,8.6,5.5,3.0,19,30.33,98.64,-30.0,Mild
1,9.0,5.5,3.0,6,24.0,98.67,-30.0,Subclinical
1,9.0,5.5,3.0,11,28.33,100.0,-30.0,Subclinical
1,8.6,5.5,3.0,9,23.25,96.86,-30.0,Mild
1,9.0,5.5,3.0,13,22.75,96.21,-30.0,Subclinical
1,9.0,5.5,3.0,8,33.92,100.0,-30.0,Subclinical
1,8.6,5.5,3.0,17,23.33,93.14,-30.0,Mild
2,8.6,5.5,3.0,5,27.75,86.96,-30.0,Mild
2,8.6,5.5,3.0,7,29.58,92.44,-30.0,Mild
2,8.6,5.5,3.0,21,30.17,90.84,-30.0,Mild
2,8.6,5.5,3.0,16,31.67,86.96,-30.0,Mild
2,8.6,5.5,3.0,10,28.42,92.17,-30.0,Mild
2,8.6,5.5,3.0,13,33.75,97.41,-30.0,Mild
2,8.6,5.5,3.0,20,31.33,97.41,-30.0,Mild
2,8.6,5.5,3.0,17,29.5,94.81,-30.0,Mild
2,8.6,5.5,3.0,8,31.08,91.5,-30.0,Mild
2,8.6,5.5,3.0,12,33.58,100.0,-30.0,Mild
2,8.6,5.5,3.0,14,28.58,90.27,-30.0,Mild
2,8.6,5.5,3.0,6,31.08,92.77,-30.0,Mild
2,8.6,5.5,3.0,15,29.83,86.93,-30.0,Mild
2,8.6,5.5,3.0,11,31.33,95.16,-30.0,Mild
2,8.6,5.5,3.0,9,32.25,91.9,-30.0,Mild
2,8.6,5.5,3.0,3,28.67,90.53,-30.0,Mild
2,8.6,5.5,3.0,18,29.17,90.01,-30.0,Mild
2,8.6,5.5,3.0,1,23.42,97.89,-30.0,Mild
2,8.6,5.5,3.0,4,26.33,89.23,-30.0,Mild
2,8.6,5.5,3.0,2,25.75,92.86,-30.0,Mild
2,8.6,5.5,3.0,19,27.58,92.38,-30.0,Mild
2,8.6,5.5,3.0,17,30.58,83.23,-30.0,Mild
2,8.2,5.5,3.0,2,21.5,89.18,-30.0,Moderate
2,8.2,5.5,3.0,18,11.67,46.67,-30.0,Moderate
2,8.6,5.5,3.0,9,41.75,88.19,-30.0,Mild
2,8.6,5.5,3.0,8,36.42,100.0,-30.0,Mild
2,8.6,5.5,3.0,16,33.67,89.48,-30.0,Mild
2,8.2,5.5,3.0,4,23.42,97.89,-30.0,Moderate
2,8.2,5.5,3.0,5,8.17,65.54,-30.0,Moderate
2,8.6,5.5,3.0,15,36.33,98.26,-30.0,Mild
2,8.6,5.5,3.0,14,24.0,86.03,-30.0,Mild
2,8.6,5.5,3.0,21,33.58,100.0,-30.0,Mild
2,7.4,5.5,3.0,0,18.0,100.0,-30.0,Critical
2,8.2,5.5,3.0,7,25.83,100.0,-30.0,Moderate
2,8.2,5.5,3.0,3,21.67,95.56,-30.0,Moderate
2,8.2,5.5,3.0,1,22.58,96.78,-30.0,Moderate
2,8.2,5.5,3.0,6,25.67,100.0,-30.0,Moderate
2,8.6,5.5,3.0,20,24.83,86.17,-30.0,Mild
1,9.0,5.5,3.0,14,24.0,98.0,-30.0,Subclinical
1,8.6,5.5,3.0,8,21.0,92.32,-30.0,Mild
1,8.6,5.5,3.0,1,21.08,84.99,-30.0,Mild
1,9.0,5.5,3.0,13,22.17,94.33,-30.0,Subclinical
1,8.6,5.5,3.0,6,25.92,96.89,-30.0,Mild
1,9.0,5.5,3.0,16,23.92,97.83,-30.0,Subclinical
1,8.6,5.5,3.0,9,24.08,88.69,-30.0,Mild
1,9.0,5.5,3.0,3,28.08,100.0,-30.0,Subclinical
1,9.0,5.5,3.0,12,31.92,100.0,-30.0,Subclinical
1,8.6,5.5,3.0,4,23.5,92.71,-30.0,Mild
1,9.0,5.5,3.0,20,28.08,100.0,-30.0,Subclinical
1,9.0,5.5,3.0,18,25.75,100.0,-30.0,Subclinical
1,9.0,5.5,3.0,5,19.92,92.88,-30.0,Subclinical
1,9.0,5.5,3.0,11,29.75,100.0,-30.0,Subclinical
1,9.0,5.5,3.0,21,28.75,100.0,-30.0,Subclinical
1,9.0,5.5,3.0,15,25.58,100.0,-30.0,Subclinical
1,8.6,5.5,3.0,7,29.92,97.46,-30.0,Mild
1,9.0,5.5,3.0,10,25.83,86.38,-30.0,Subclinical
1,8.2,5.5,3.0,0,18.0,100.0,-30.0,Moderate
1,9.0,5.5,3.0,17,30.08,100.0,-30.0,Subclinical
1,8.6,5.5,3.0,2,15.83,78.63,-30.0,Mild
1,9.0,5.5,3.0,19,23.5,97.0,-30.0,Subclinical
2,8.2,5.5,3.0,17,30.75,94.16,-30.0,Moderate
2,8.2,5.5,3.0,11,24.5,99.33,-30.0,Moderate
2,8.2,5.5,3.0,13,27.58,93.81,-30.0,Moderate
2,8.2,5.5,3.0,9,27.0,100.0,-30.0,Moderate
2,8.2,5.5,3.0,3,26.0,82.4,-30.0,Moderate
2,8.2,5.5,3.0,18,29.33,90.22,-30.0,Moderate
2,8.2,5.5,3.0,6,23.42,93.32,-30.0,Moderate
2,8.2,5.5,3.0,8,25.08,93.56,-30.0,Moderate
2,8.2,5.5,3.0,4,25.33,93.42,-30.0,Moderate
2,8.2,5.5,3.0,15,25.67,92.32,-30.0,Moderate
2,8.2,5.5,3.0,19,29.08,98.79,-30.0,Moderate
2,8.2,5.5,3.0,21,34.17,94.62,-30.0,Moderate
2,7.8,5.5,3.0,0,18.0,100.0,-30.0,Critical
2,8.2,5.5,3.0,1,26.08,85.31,-30.0,Moderate
2,8.2,5.5,3.0,14,18.92,88.82,-30.0,Moderate
2,8.2,5.5,3.0,10,31.67,98.21,-30.0,Moderate
2,8.2,5.5,3.0,5,27.42,100.0,-30.0,Moderate
2,8.2,5.5,3.0,2,30.42,84.3,-30.0,Moderate
2,8.2,5.5,3.0,20,31.17,100.0,-30.0,Moderate
2,8.2,5.5,3.0,12,31.75,99.61,-30.0,Moderate
2,8.2,5.5,3.0,16,28.67,93.17,-30.0,Moderate
2,8.2,5.5,3.0,7,24.83,98.2,-30.0,Moderate
1,9.0,5.5,3.0,6,27.92,97.26,-30.0,Subclinical
1,8.6,5.5,3.0,8,26.33,99.18,-30.0,Mild
1,8.6,5.5,3.0,10,26.92,96.42,-30.0,Mild
1,9.0,5.5,3.0,12,28.42,100.0,-30.0,Subclinical
1,9.0,5.5,3.0,17,34.58,100.0,-30.0,Subclinical
1,9.0,5.5,3.0,9,33.42,100.0,-30.0,Subclinical
1,9.0,5.5,3.0,1,23.17,97.56,-30.0,Subclinical
1,9.0,5.5,3.0,14,30.42,100.0,-30.0,Subclinical
1,9.0,5.5,3.0,11,31.75,100.0,-30.0,Subclinical
1,9.0,5.5,3.0,2,29.58,96.56,-30.0,Subclinical
1,8.6,5.5,3.0,16,31.33,100.0,-30.0,Mild
1,8.6,5.5,3.0,21,36.08,100.0,-30.0,Mild
1,8.6,5.5,3.0,20,30.42,99.72,-30.0,Mild
1,8.6,5.5,3.0,19,33.83,96.16,-30.0,Mild
1,9.0,5.5,3.0,15,33.17,100.0,-30.0,Subclinical
1,9.0,5.5,3.0,7,28.5,97.51,-30.0,Subclinical
1,8.2,5.5,3.0,0,18.0,100.0,-30.0,Moderate
1,9.0,5.5,3.0,4,32.42,100.0,-30.0,Subclinical
1,9.0,5.5,3.0,18,32.25,100.0,-30.0,Subclinical
1,9.0,5.5,3.0,3,28.5,96.43,-30.0,Subclinical
1,9.0,5.5,3.0,13,30.58,100.0,-30.0,Subclinical
1,9.0,5.5,3.0,5,28.17,100.0,-30.0,Subclinical
1,9.0,5.5,3.0,30,38.75,100.0,-30.0,Subclinical
1,9.0,5.5,3.0,1,29.08,100.0,-30.0,Subclinical
1,9.0,5.5,3.0,30,38.83,96.2,-30.0,Subclinical
1,9.0,5.5,3.0,30,30.75,95.17,-30.0,Subclinical
1,7.8,5.5,3.0,4,6.08,24.33,-30.0,Critical
1,9.0,5.5,3.0,30,36.17,97.19,-30.0,Subclinical
1,9.0,5.5,3.0,30,28.92,95.54,-30.0,Subclinical
1,8.6,5.5,3.0,30,33.92,87.03,-30.0,Mild
1,8.6,5.5,3.0,30,32.42,93.27,-30.0,Mild
1,9.0,5.5,3.0,2,36.42,100.0,-30.0,Subclinical
1,9.0,5.5,3.0,3,33.17,100.0,-30.0,Subclinical
1,9.0,5.5,3.0,30,40.0,100.0,-30.0,Subclinical
1,9.0,5.5,3.0,30,32.75,91.49,-30.0,Subclinical
1,9.0,5.5,3.0,30,34.92,96.79,-30.0,Subclinical
1,8.2,5.5,3.0,0,56.42,100.0,-30.0,Moderate
1,9.0,5.5,3.0,30,38.0,92.23,-30.0,Subclinical
1,9.0,5.5,3.0,30,42.42,100.0,-30.0,Subclinical
1,9.0,5.5,3.0,30,33.5,100.0,-30.0,Subclinical
1,8.6,5.5,3.0,30,36.92,100.0,-30.0,Mild
1,8.6,5.5,3.0,30,18.0,100.0,-30.0,Mild
1,9.0,5.5,3.0,30,39.0,96.18,-30.0,Subclinical
1,8.6,5.5,3.0,30,38.08,97.44,-30.0,Mild
1,9.0,5.5,3.0,30,41.42,96.48,-30.0,Subclinical
1,9.0,5.5,3.0,30,35.67,95.36,-30.0,Subclinical
1,8.6,5.5,3.0,30,35.5,89.69,-30.0,Mild
1,8.6,5.5,3.0,30,34.08,94.1,-30.0,Mild
1,9.0,5.5,3.0,30,39.33,94.89,-30.0,Subclinical
1,7.8,5.5,3.0,18,18.0,17.4,-30.0,Critical
1,9.0,5.5,3.0,19,18.0,69.83,-30.0,Subclinical
2,8.2,5.5,3.0,6,42.17,100.0,-30.0,Moderate
2,8.6,5.5,3.0,2,37.83,100.0,-30.0,Mild
2,8.2,5.5,3.0,18,42.25,100.0,-30.0,Moderate
2,8.2,5.5,3.0,14,35.75,100.0,-30.0,Moderate
2,7.4,5.5,3.0,0,18.0,100.0,-30.0,Critical
2,8.6,5.5,3.0,21,42.42,100.0,-30.0,Mild
2,8.6,5.5,3.0,5,40.25,100.0,-30.0,Mild
2,8.6,5.5,3.0,10,47.92,100.0,-30.0,Mild
2,8.2,5.5,3.0,19,44.0,100.0,-30.0,Moderate
2,8.2,5.5,3.0,11,42.33,100.0,-30.0,Moderate
2,8.6,5.5,3.0,1,37.75,100.0,-30.0,Mild
2,8.6,5.5,3.0,3,41.0,100.0,-30.0,Mild
2,8.6,5.5,3.0,7,45.08,100.0,-30.0,Mild
2,8.6,5.5,3.0,20,50.67,100.0,-30.0,Mild
2,8.2,5.5,3.0,9,45.92,100.0,-30.0,Moderate
2,8.2,5.5,3.0,8,43.83,100.0,-30.0,Moderate
2,8.6,5.5,3.0,15,41.58,100.0,-30.0,Mild
2,8.2,5.5,3.0,12,43.67,100.0,-30.0,Moderate
2,8.6,5.5,3.0,17,47.25,100.0,-30.0,Mild
2,8.6,5.5,3.0,4,32.83,100.0,-30.0,Mild
2,8.2,5.5,3.0,16,40.58,100.0,-30.0,Moderate
2,8.2,5.5,3.0,13,37.33,100.0,-30.0,Moderate
1,9.0,5.5,3.0,12,28.75,100.0,-30.0,Subclinical
1,8.6,5.5,3.0,5,31.58,96.82,-30.0,Mild
1,8.6,5.5,3.0,10,29.17,99.67,-30.0,Mild
1,8.6,5.5,3.0,8,30.75,99.64,-30.0,Mild
1,8.6,5.5,3.0,2,26.0,99.5,-30.0,Mild
1,9.0,5.5,3.0,13,25.33,100.0,-30.0,Subclinical
1,8.6,5.5,3.0,16,27.67,91.07,-30.0,Mild
1,8.6,5.5,3.0,19,29.42,100.0,-30.0,Mild
1,8.6,5.5,3.0,11,23.67,93.58,-30.0,Mild
1,8.6,5.5,3.0,4,25.92,98.09,-30.0,Mild
1,9.0,5.5,3.0,17,32.83,98.39,-30.0,Subclinical
1,8.6,5.5,3.0,3,28.67,99.54,-30.0,Mild
1,8.6,5.5,3.0,21,28.5,100.0,-30.0,Mild
1,8.6,5.5,3.0,20,29.58,100.0,-30.0,Mild
1,8.6,5.5,3.0,9,27.5,94.57,-30.0,Mild
1,9.0,5.5,3.0,1,27.25,100.0,-30.0,Subclinical
1,8.6,5.5,3.0,18,26.5,100.0,-30.0,Mild
1,7.8,5.5,3.0,0,18.0,100.0,-30.0,Critical
1,8.6,5.5,3.0,15,30.0,95.02,-30.0,Mild
1,9.0,5.5,3.0,14,25.08,99.6,-30.0,Subclinical
1,8.6,5.5,3.0,7,25.58,94.72,-30.0,Mild
1,8.6,5.5,3.0,6,18.75,91.67,-30.0,Mild
1,9.0,5.5,3.0,8,31.42,99.98,-30.0,Subclinical
1,9.0,5.5,3.0,5,26.17,100.0,-30.0,Subclinical
1,7.4,5.5,3.0,19,18.0,15.37,-30.0,Critical
1,8.6,5.5,3.0,12,36.08,96.18,-30.0,Mild
1,9.0,5.5,3.0,16,35.67,100.0,-30.0,Subclinical
1,9.0,5.5,3.0,1,41.17,100.0,-30.0,Subclinical
1,8.6,5.5,3.0,14,33.5,98.8,-30.0,Mild
1,9.0,5.5,3.0,18,30.5,100.0,-30.0,Subclinical
1,8.6,5.5,3.0,6,27.67,100.0,-30.0,Mild
1,8.6,5.5,3.0,15,27.83,91.64,-30.0,Mild
1,9.0,5.5,3.0,4,37.0,100.0,-30.0,Subclinical
1,8.6,5.5,3.0,9,33.75,97.8,-30.0,Mild
1,8.6,5.5,3.0,11,27.42,97.43,-30.0,Mild
1,8.6,5.5,3.0,13,34.83,100.0,-30.0,Mild
1,8.6,5.5,3.0,3,33.0,94.78,-30.0,Mild
1,9.0,5.5,3.0,2,33.5,98.39,-30.0,Subclinical
1,9.0,5.5,3.0,7,31.83,96.19,-30.0,Subclinical
1,7.8,5.5,3.0,0,18.0,100.0,-30.0,Critical
1,9.0,5.5,3.0,10,40.5,100.0,-30.0,Subclinical
1,8.6,5.5,3.0,17,31.08,92.4,-30.0,Mild
1,8.6,5.5,3.0,3,18.0,100.0,-30.0,Mild
1,9.0,5.5,3.0,19,18.0,100.0,-30.0,Subclinical
1,8.6,5.5,3.0,5,18.0,87.23,-30.0,Mild
1,8.6,5.5,3.0,4,18.0,91.87,-30.0,Mild
1,8.6,5.5,3.0,11,18.0,100.0,-30.0,Mild
1,8.6,5.5,3.0,14,18.0,100.0,-30.0,Mild
1,8.6,5.5,3.0,6,18.0,92.53,-30.0,Mild
1,8.6,5.5,3.0,9,18.0,100.0,-30.0,Mild
1,8.6,5.5,3.0,17,18.0,100.0,-30.0,Mild
1,8.6,5.5,3.0,20,18.0,100.0,-30.0,Mild
1,8.6,5.5,3.0,7,18.0,99.87,-30.0,Mild
1,8.6,5.5,3.0,13,18.0,100.0,-30.0,Mild
1,8.6,5.5,3.0,8,18.0,100.0,-30.0,Mild
1,8.6,5.5,3.0,18,18.0,100.0,-30.0,Mild
1,8.6,5.5,3.0,15,18.0,100.0,-30.0,Mild
1,8.6,5.5,3.0,12,18.0,100.0,-30.0,Mild
1,9.0,5.5,3.0,1,18.0,100.0,-30.0,Subclinical
1,9.0,5.5,3.0,21,18.0,100.0,-30.0,Subclinical
1,8.6,5.5,3.0,10,18.0,100.0,-30.0,Mild
1,8.2,5.5,3.0,0,18.0,100.0,-30.0,Moderate
1,8.6,5.5,3.0,16,18.0,100.0,-30.0,Mild
1,8.6,5.5,3.0,2,18.0,86.5,-30.0,Mild
2,8.2,5.5,3.0,6,36.08,94.54,-30.0,Moderate
2,8.2,5.5,3.0,15,34.08,88.56,-30.0,Moderate
2,8.2,5.5,3.0,17,30.75,88.95,-30.0,Moderate
2,8.2,5.5,3.0,18,29.92,87.86,-30.0,Moderate
2,8.2,5.5,3.0,16,37.25,84.92,-30.0,Moderate
2,8.6,5.5,3.0,20,38.58,92.63,-30.0,Mild
2,8.2,5.5,3.0,14,46.83,97.94,-30.0,Moderate
2,8.2,5.5,3.0,7,38.17,95.69,-30.0,Moderate
2,8.2,5.5,3.0,8,35.42,94.71,-30.0,Moderate
2,8.6,5.5,3.0,12,42.42,100.0,-30.0,Mild
2,8.2,5.5,3.0,13,44.92,95.37,-30.0,Moderate
2,8.6,5.5,3.0,2,32.33,100.0,-30.0,Mild
2,8.6,5.5,3.0,21,37.25,92.26,-30.0,Mild
2,7.4,5.5,3.0,0,18.0,100.0,-30.0,Critical
2,8.6,5.5,3.0,1,33.5,99.06,-30.0,Mild
2,8.2,5.5,3.0,11,39.08,93.76,-30.0,Moderate
2,8.6,5.5,3.0,5,39.17,95.42,-30.0,Mild
2,8.2,5.5,3.0,10,41.58,92.89,-30.0,Moderate
2,8.6,5.5,3.0,19,40.25,100.0,-30.0,Mild
2,8.6,5.5,3.0,3,35.42,99.93,-30.0,Mild
2,8.6,5.5,3.0,4,31.42,100.0,-30.0,Mild
2,8.2,5.5,3.0,9,35.5,91.04,-30.0,Moderate
2,8.2,5.5,3.0,15,32.58,100.0,-30.0,Moderate
2,8.6,5.5,3.0,6,35.08,100.0,-30.0,Mild
2,8.6,5.5,3.0,7,27.75,97.29,-30.0,Mild
2,8.6,5.5,3.0,9,35.08,100.0,-30.0,Mild
2,8.6,5.5,3.0,10,24.0,98.67,-30.0,Mild
2,8.6,5.5,3.0,2,33.08,100.0,-30.0,Mild
2,8.6,5.5,3.0,1,41.0,100.0,-30.0,Mild
2,8.6,5.5,3.0,5,32.33,100.0,-30.0,Mild
2,8.6,5.5,3.0,12,29.0,100.0,-30.0,Mild
2,8.2,5.5,3.0,8,27.33,99.03,-30.0,Moderate
2,8.2,5.5,3.0,13,30.08,100.0,-30.0,Moderate
2,8.6,5.5,3.0,11,33.17,100.0,-30.0,Mild
2,8.6,5.5,3.0,18,33.83,95.21,-30.0,Mild
2,8.2,5.5,3.0,14,31.67,100.0,-30.0,Moderate
2,8.6,5.5,3.0,19,33.08,100.0,-30.0,Mild
2,7.4,5.5,3.0,0,18.0,100.0,-30.0,Critical
2,8.2,5.5,3.0,3,33.92,95.21,-30.0,Moderate
2,8.6,5.5,3.0,4,33.0,100.0,-30.0,Mild
2,8.6,5.5,3.0,21,26.83,93.26,-30.0,Mild
2,8.2,5.5,3.0,16,30.75,97.43,-30.0,Moderate
2,8.6,5.5,3.0,17,33.0,100.0,-30.0,Mild
2,8.6,5.5,3.0,20,22.0,96.0,-30.0,Mild
1,8.6,5.5,3.0,30,18.0,63.23,-30.0,Mild
1,8.6,5.5,3.0,30,18.0,62.97,-30.0,Mild
1,8.2,5.5,3.0,30,18.0,51.1,-30.0,Moderate
1,8.2,5.5,3.0,30,18.0,45.87,-30.0,Moderate
1,8.6,5.5,3.0,30,18.0,67.5,-30.0,Mild
1,8.2,5.5,3.0,30,18.0,53.4,-30.0,Moderate
1,8.2,5.5,3.0,30,18.0,59.47,-30.0,Moderate
1,8.2,5.5,3.0,30,18.0,51.67,-30.0,Moderate
1,9.0,5.5,3.0,30,18.0,60.67,-30.0,Subclinical
1,8.2,5.5,3.0,30,18.0,47.43,-30.0,Moderate
1,8.2,5.5,3.0,30,18.0,56.57,-30.0,Moderate
1,8.2,5.5,3.0,30,18.0,46.7,-30.0,Moderate
1,8.2,5.5,3.0,30,18.0,45.53,-30.0,Moderate
1,8.2,5.5,3.0,0,18.0,100.0,-30.0,Moderate
1,8.6,5.5,3.0,30,18.0,67.77,-30.0,Mild
1,7.8,5.5,3.0,30,18.0,33.83,-30.0,Critical
1,8.6,5.5,3.0,30,18.0,100.0,-30.0,Mild
1,8.2,5.5,3.0,30,18.0,46.27,-30.0,Moderate
1,9.0,5.5,3.0,30,18.0,100.0,-30.0,Subclinical
1,8.2,5.5,3.0,30,18.0,47.43,-30.0,Moderate
1,8.6,5.5,3.0,30,18.0,65.2,-30.0,Mild
1,8.2,5.5,3.0,30,18.0,59.8,-30.0,Moderate
1,8.2,5.5,3.0,30,18.0,54.33,-30.0,Moderate
2,8.6,5.5,3.0,5,39.5,96.53,-30.0,Mild
2,8.6,5.5,3.0,1,44.0,94.79,-30.0,Mild
2,8.6,5.5,3.0,2,45.08,96.6,-30.0,Mild
2,7.4,5.5,3.0,0,18.0,100.0,-30.0,Critical
2,8.6,5.5,3.0,11,44.67,95.56,-30.0,Mild
2,8.6,5.5,3.0,7,41.92,97.92,-30.0,Mild
2,8.6,5.5,3.0,10,45.25,92.64,-30.0,Mild
2,8.6,5.5,3.0,13,44.92,99.17,-30.0,Mild
2,8.6,5.5,3.0,17,46.33,100.0,-30.0,Mild
2,8.6,5.5,3.0,18,29.42,100.0,-30.0,Mild
2,8.2,5.5,3.0,20,35.5,100.0,-30.0,Moderate
2,8.6,5.5,3.0,16,39.58,99.1,-30.0,Mild
2,8.6,5.5,3.0,14,40.75,100.0,-30.0,Mild
2,8.6,5.5,3.0,9,38.92,99.51,-30.0,Mild
2,8.6,5.5,3.0,21,42.17,100.0,-30.0,Mild
2,8.6,5.5,3.0,12,36.67,100.0,-30.0,Mild
2,8.6,5.5,3.0,19,40.25,100.0,-30.0,Mild
2,8.6,5.5,3.0,15,44.33,96.94,-30.0,Mild
2,8.6,5.5,3.0,3,44.58,93.89,-30.0,Mild
2,8.6,5.5,3.0,8,46.08,100.0,-30.0,Mild
2,8.6,5.5,3.0,6,40.5,98.33,-30.0,Mild
2,8.6,5.5,3.0,4,46.42,98.33,-30.0,Mild
2,8.6,5.5,3.0,3,31.0,100.0,-30.0,Mild
2,8.6,5.5,3.0,10,29.58,100.0,-30.0,Mild
2,8.6,5.5,3.0,1,28.25,100.0,-30.0,Mild
2,8.2,5.5,3.0,14,29.92,100.0,-30.0,Moderate
2,8.2,5.5,3.0,5,33.5,100.0,-30.0,Moderate
2,8.2,5.5,3.0,20,38.25,99.03,-30.0,Moderate
2,7.4,5.5,3.0,0,18.0,100.0,-30.0,Critical
2,8.6,5.5,3.0,16,38.25,100.0,-30.0,Mild
2,8.2,5.5,3.0,17,28.5,95.49,-30.0,Moderate
2,8.2,5.5,3.0,6,26.75,100.0,-30.0,Moderate
2,8.2,5.5,3.0,18,35.42,100.0,-30.0,Moderate
2,8.6,5.5,3.0,4,30.83,100.0,-30.0,Mild
2,8.2,5.5,3.0,12,31.08,100.0,-30.0,Moderate
2,8.6,5.5,3.0,7,42.0,100.0,-30.0,Mild
2,8.2,5.5,3.0,19,32.17,93.1,-30.0,Moderate
2,8.6,5.5,3.0,8,32.42,100.0,-30.0,Mild
2,8.2,5.5,3.0,15,34.42,99.68,-30.0,Moderate
2,8.2,5.5,3.0,21,25.42,95.5,-30.0,Moderate
2,8.6,5.5,3.0,2,25.17,100.0,-30.0,Mild
2,8.6,5.5,3.0,13,41.08,99.24,-30.0,Mild
2,8.6,5.5,3.0,11,41.17,100.0,-30.0,Mild
2,8.6,5.5,3.0,9,30.83,100.0,-30.0,Mild
2,8.2,5.5,3.0,18,31.08,96.27,-30.0,Moderate
2,8.6,5.5,3.0,19,33.0,95.92,-30.0,Mild
2,8.6,5.5,3.0,4,35.42,96.52,-30.0,Mild
2,8.2,5.5,3.0,13,33.92,97.19,-30.0,Moderate
2,8.2,5.5,3.0,5,34.75,96.16,-30.0,Moderate
2,7.4,5.5,3.0,0,18.0,100.0,-30.0,Critical
2,8.6,5.5,3.0,1,26.83,97.53,-30.0,Mild
2,8.6,5.5,3.0,20,32.42,93.27,-30.0,Mild
2,8.6,5.5,3.0,15,34.33,100.0,-30.0,Mild
2,8.6,5.5,3.0,16,39.83,96.23,-30.0,Mild
2,8.2,5.5,3.0,10,41.17,91.56,-30.0,Moderate
2,8.6,5.5,3.0,8,33.58,100.0,-30.0,Mild
2,8.6,5.5,3.0,11,37.83,94.21,-30.0,Mild
2,8.6,5.5,3.0,17,39.0,96.08,-30.0,Mild
2,8.6,5.5,3.0,7,26.42,100.0,-30.0,Mild
2,8.6,5.5,3.0,14,38.25,100.0,-30.0,Mild
2,8.6,5.5,3.0,21,37.5,99.0,-30.0,Mild
2,8.6,5.5,3.0,12,34.67,96.63,-30.0,Mild
2,8.2,5.5,3.0,6,38.67,95.74,-30.0,Moderate
2,8.6,5.5,3.0,9,37.08,100.0,-30.0,Mild
2,8.2,5.5,3.0,2,37.58,94.31,-30.0,Moderate
2,8.6,5.5,3.0,3,34.33,98.37,-30.0,Mild
2,8.2,5.5,3.0,4,28.67,96.24,-30.0,Moderate
2,8.2,5.5,3.0,13,28.33,92.02,-30.0,Moderate
2,8.2,5.5,3.0,3,26.33,93.37,-30.0,Moderate
2,8.6,5.5,3.0,14,34.33,100.0,-30.0,Mild
2,8.2,5.5,3.0,1,30.08,96.09,-30.0,Moderate
2,8.6,5.5,3.0,19,31.92,98.96,-30.0,Mild
2,8.2,5.5,3.0,11,25.67,88.52,-30.0,Moderate
2,8.6,5.5,3.0,10,35.42,100.0,-30.0,Mild
2,8.2,5.5,3.0,17,33.42,100.0,-30.0,Moderate
2,8.6,5.5,3.0,7,33.5,94.78,-30.0,Mild
2,8.2,5.5,3.0,8,29.42,94.3,-30.0,Moderate
2,8.2,5.5,3.0,2,26.92,96.71,-30.0,Moderate
2,8.6,5.5,3.0,20,29.33,100.0,-30.0,Mild
2,8.6,5.5,3.0,21,30.0,100.0,-30.0,Mild
2,8.2,5.5,3.0,16,26.58,99.07,-30.0,Moderate
2,8.6,5.5,3.0,15,35.83,98.57,-30.0,Mild
2,8.6,5.5,3.0,12,29.0,100.0,-30.0,Mild
2,7.4,5.5,3.0,0,18.0,100.0,-30.0,Critical
2,8.6,5.5,3.0,5,30.92,100.0,-30.0,Mild
2,8.2,5.5,3.0,6,28.58,92.43,-30.0,Moderate
2,8.2,5.5,3.0,18,28.08,98.78,-30.0,Moderate
2,8.2,5.5,3.0,9,29.58,93.51,-30.0,Moderate
1,8.6,5.5,3.0,2,39.83,96.81,-30.0,Mild
1,9.0,5.5,3.0,1,38.5,100.0,-30.0,Subclinical
1,9.0,5.5,3.0,5,34.5,100.0,-30.0,Subclinical
1,7.8,5.5,3.0,0,18.0,100.0,-30.0,Critical
1,9.0,5.5,3.0,4,46.25,100.0,-30.0,Subclinical
1,9.0,5.5,3.0,7,42.08,100.0,-30.0,Subclinical
1,9.0,5.5,3.0,6,42.17,100.0,-30.0,Subclinical
1,8.6,5.5,3.0,10,15.33,48.07,-30.0,Mild
1,9.0,5.5,3.0,9,36.25,100.0,-30.0,Subclinical
1,8.6,5.5,3.0,8,39.17,98.82,-30.0,Mild
1,8.6,5.5,3.0,3,30.83,100.0,-30.0,Mild
1,9.0,5.5,3.0,5,24.58,98.38,-30.0,Subclinical
1,9.0,5.5,3.0,3,10.67,64.71,-30.0,Subclinical
1,8.6,5.5,3.0,6,30.0,92.4,-30.0,Mild
1,9.0,5.5,3.0,12,30.92,93.28,-30.0,Subclinical
1,8.6,5.5,3.0,7,24.42,91.38,-30.0,Mild
1,9.0,5.5,3.0,9,26.25,96.47,-30.0,Subclinical
1,9.0,5.5,3.0,13,29.17,93.24,-30.0,Subclinical
1,8.6,5.5,3.0,11,32.25,91.93,-30.0,Mild
1,9.0,5.5,3.0,10,34.17,100.0,-30.0,Subclinical
1,8.6,5.5,3.0,14,15.33,55.23,-30.0,Mild
1,7.8,5.5,3.0,0,18.0,100.0,-30.0,Critical
1,8.6,5.5,3.0,4,20.42,89.89,-30.0,Mild
1,9.0,5.5,3.0,2,23.0,90.96,-30.0,Subclinical
1,9.0,5.5,3.0,1,29.75,98.96,-30.0,Subclinical
1,9.0,5.5,3.0,8,28.42,100.0,-30.0,Subclinical
2,8.2,5.5,3.0,21,34.58,95.57,-30.0,Moderate
2,8.2,5.5,3.0,2,26.58,95.52,-30.0,Moderate
2,8.6,5.5,3.0,3,36.58,100.0,-30.0,Mild
2,8.2,5.5,3.0,15,33.67,100.0,-30.0,Moderate
2,8.6,5.5,3.0,10,35.83,100.0,-30.0,Mild
2,8.6,5.5,3.0,13,35.33,100.0,-30.0,Mild
2,8.2,5.5,3.0,14,41.92,100.0,-30.0,Moderate
2,7.4,5.5,3.0,0,18.0,100.0,-30.0,Critical
2,8.2,5.5,3.0,16,32.17,100.0,-30.0,Moderate
2,8.6,5.5,3.0,11,37.25,100.0,-30.0,Mild
2,8.2,5.5,3.0,19,31.75,100.0,-30.0,Moderate
2,8.2,5.5,3.0,20,41.67,100.0,-30.0,Moderate
2,8.6,5.5,3.0,8,37.75,100.0,-30.0,Mild
2,8.2,5.5,3.0,12,33.75,98.66,-30.0,Moderate
2,8.6,5.5,3.0,18,42.92,100.0,-30.0,Mild
2,8.2,5.5,3.0,7,34.17,97.13,-30.0,Moderate
2,8.6,5.5,3.0,1,35.42,99.36,-30.0,Mild
2,8.2,5.5,3.0,17,36.83,100.0,-30.0,Moderate
2,8.6,5.5,3.0,4,32.0,100.0,-30.0,Mild
2,8.2,5.5,3.0,5,33.67,100.0,-30.0,Moderate
2,8.6,5.5,3.0,6,28.17,100.0,-30.0,Mild
2,8.2,5.5,3.0,9,36.17,100.0,-30.0,Moderate
2,8.6,5.5,3.0,19,28.25,100.0,-30.0,Mild
2,8.6,5.5,3.0,11,31.08,100.0,-30.0,Mild
2,8.6,5.5,3.0,15,26.83,100.0,-30.0,Mild
2,8.6,5.5,3.0,3,32.67,100.0,-30.0,Mild
2,8.6,5.5,3.0,10,30.08,100.0,-30.0,Mild
2,8.6,5.5,3.0,8,24.83,99.67,-30.0,Mild
2,8.6,5.5,3.0,13,23.08,96.17,-30.0,Mild
2,8.6,5.5,3.0,1,24.17,98.33,-30.0,Mild
2,8.6,5.5,3.0,2,27.08,100.0,-30.0,Mild
2,8.6,5.5,3.0,12,23.0,74.23,-30.0,Mild
2,8.6,5.5,3.0,6,32.5,100.0,-30.0,Mild
2,8.6,5.5,3.0,14,25.5,100.0,-30.0,Mild
2,8.6,5.5,3.0,9,28.33,100.0,-30.0,Mild
2,8.6,5.5,3.0,16,26.58,100.0,-30.0,Mild
2,8.6,5.5,3.0,17,39.92,100.0,-30.0,Mild
2,8.6,5.5,3.0,7,31.5,100.0,-30.0,Mild
2,8.6,5.5,3.0,4,30.5,100.0,-30.0,Mild
2,8.6,5.5,3.0,18,32.58,100.0,-30.0,Mild
2,8.6,5.5,3.0,21,26.58,100.0,-30.0,Mild
2,8.6,5.5,3.0,5,30.25,100.0,-30.0,Mild
2,8.6,5.5,3.0,20,32.17,100.0,-30.0,Mild
2,8.6,5.5,3.0,8,31.33,100.0,-30.0,Mild
2,8.6,5.5,3.0,19,26.42,95.52,-30.0,Mild
2,8.6,5.5,3.0,9,32.67,99.79,-30.0,Mild
2,8.6,5.5,3.0,3,26.75,100.0,-30.0,Mild
2,8.6,5.5,3.0,5,25.5,97.29,-30.0,Mild
2,8.2,5.5,3.0,14,26.33,100.0,-30.0,Moderate
2,7.4,5.5,3.0,0,18.0,100.0,-30.0,Critical
2,8.6,5.5,3.0,6,26.67,100.0,-30.0,Mild
2,8.6,5.5,3.0,13,31.25,97.29,-30.0,Mild
2,8.6,5.5,3.0,18,34.83,100.0,-30.0,Mild
2,8.6,5.5,3.0,15,28.5,98.26,-30.0,Mild
2,8.6,5.5,3.0,2,27.83,100.0,-30.0,Mild
2,8.2,5.5,3.0,16,25.33,98.96,-30.0,Moderate
2,8.6,5.5,3.0,21,35.33,97.52,-30.0,Mild
2,8.6,5.5,3.0,10,39.17,99.31,-30.0,Mild
2,8.6,5.5,3.0,7,27.83,100.0,-30.0,Mild
2,8.2,5.5,3.0,12,24.75,93.97,-30.0,Moderate
2,8.2,5.5,3.0,11,27.0,96.88,-30.0,Moderate
2,8.6,5.5,3.0,1,29.58,96.39,-30.0,Mild
2,8.6,5.5,3.0,20,32.25,100.0,-30.0,Mild
2,8.6,5.5,3.0,4,21.92,92.42,-30.0,Mild
2,8.2,5.5,3.0,17,26.92,92.57,-30.0,Moderate
1,9.0,5.5,3.0,17,21.17,93.36,-30.0,Subclinical
1,9.0,5.5,3.0,19,18.58,91.44,-30.0,Subclinical
1,8.6,5.5,3.0,21,15.42,87.22,-30.0,Mild
1,9.0,5.5,3.0,20,24.67,97.75,-30.0,Subclinical
1,9.0,5.5,3.0,16,7.08,64.17,-30.0,Subclinical
1,8.6,5.5,3.0,18,21.67,87.38,-30.0,Mild
2,8.6,5.5,3.0,18,18.0,86.1,-30.0,Mild
2,7.8,5.5,3.0,10,18.0,52.0,-30.0,Critical
2,8.6,5.5,3.0,8,18.0,73.4,-30.0,Mild
2,7.8,5.5,3.0,21,18.0,57.03,-30.0,Critical
2,8.6,5.5,3.0,16,18.0,65.4,-30.0,Mild
2,8.6,5.5,3.0,1,18.0,100.0,-30.0,Mild
2,7.4,5.5,3.0,0,18.0,100.0,-30.0,Critical
2,7.8,5.5,3.0,3,18.0,59.97,-30.0,Critical
2,7.8,5.5,3.0,17,18.0,58.77,-30.0,Critical
2,8.2,5.5,3.0,13,18.0,65.83,-30.0,Moderate
2,8.6,5.5,3.0,7,18.0,100.0,-30.0,Mild
2,8.2,5.5,3.0,12,18.0,98.7,-30.0,Moderate
2,8.2,5.5,3.0,9,18.0,68.73,-30.0,Moderate
2,7.8,5.5,3.0,19,18.0,53.7,-30.0,Critical
2,7.8,5.5,3.0,2,18.0,55.97,-30.0,Critical
2,8.2,5.5,3.0,5,18.0,100.0,-30.0,Moderate
2,8.6,5.5,3.0,14,18.0,81.53,-30.0,Mild
2,8.6,5.5,3.0,6,18.0,100.0,-30.0,Mild
2,8.6,5.5,3.0,11,18.0,100.0,-30.0,Mild
2,8.2,5.5,3.0,15,18.0,67.73,-30.0,Moderate
2,8.6,5.5,3.0,20,18.0,73.03,-30.0,Mild
2,8.2,5.5,3.0,4,18.0,92.47,-30.0,Moderate
1,8.6,5.5,3.0,30,30.75,85.54,-30.0,Mild
1,8.6,5.5,3.0,30,28.58,84.68,-30.0,Mild
1,8.6,5.5,3.0,30,18.0,100.0,-30.0,Mild
1,8.6,5.5,3.0,30,32.83,93.68,-30.0,Mild
1,8.6,5.5,3.0,15,29.0,88.6,-30.0,Mild
1,8.6,5.5,3.0,20,29.67,100.0,-30.0,Mild
1,8.6,5.5,3.0,9,26.42,90.41,-30.0,Mild
1,8.6,5.5,3.0,30,33.58,89.12,-30.0,Mild
1,8.6,5.5,3.0,11,30.92,95.51,-30.0,Mild
1,8.6,5.5,3.0,1,28.33,94.02,-30.0,Mild
1,8.6,5.5,3.0,30,29.92,87.12,-30.0,Mild
1,8.6,5.5,3.0,30,33.67,93.92,-30.0,Mild
1,8.6,5.5,3.0,30,31.83,87.78,-30.0,Mild
1,8.6,5.5,3.0,30,33.5,85.79,-30.0,Mild
1,8.6,5.5,3.0,12,31.08,93.07,-30.0,Mild
1,8.6,5.5,3.0,30,31.08,84.03,-30.0,Mild
1,8.6,5.5,3.0,30,29.0,89.43,-30.0,Mild
1,8.6,5.5,3.0,4,33.67,100.0,-30.0,Mild
1,8.6,5.5,3.0,17,28.67,89.08,-30.0,Mild
1,8.6,5.5,3.0,30,26.0,90.39,-30.0,Mild
1,8.6,5.5,3.0,21,30.25,95.04,-30.0,Mild
1,8.6,5.5,3.0,30,25.92,85.31,-30.0,Mild
1,8.6,5.5,3.0,30,26.17,87.97,-30.0,Mild
1,8.6,5.5,3.0,30,28.83,84.79,-30.0,Mild
1,8.6,5.5,3.0,30,28.83,84.1,-30.0,Mild
1,7.8,5.5,3.0,0,58.33,100.0,-30.0,Critical
1,8.6,5.5,3.0,8,37.17,92.33,-30.0,Mild
1,8.6,5.5,3.0,14,31.17,95.23,-30.0,Mild
1,8.6,5.5,3.0,3,28.83,92.2,-30.0,Mild
1,8.6,5.5,3.0,30,27.75,89.68,-30.0,Mild
1,8.6,5.5,3.0,18,33.42,95.98,-30.0,Mild
1,8.6,5.5,3.0,2,27.83,91.77,-30.0,Mild
1,8.6,5.5,3.0,5,28.33,93.02,-30.0,Mild
1,8.6,5.5,3.0,7,26.25,93.99,-30.0,Mild
1,8.6,5.5,3.0,10,30.0,91.16,-30.0,Mild
1,8.6,5.5,3.0,30,31.58,87.44,-30.0,Mild
1,8.6,5.5,3.0,30,33.25,86.4,-30.0,Mild
1,8.6,5.5,3.0,30,34.92,85.52,-30.0,Mild
1,8.6,5.5,3.0,16,30.0,89.49,-30.0,Mild
1,8.6,5.5,3.0,6,28.42,93.8,-30.0,Mild
1,8.6,5.5,3.0,19,32.5,90.99,-30.0,Mild
1,8.6,5.5,3.0,30,30.58,87.24,-30.0,Mild
1,8.6,5.5,3.0,13,31.5,92.32,-30.0,Mild
1,8.6,5.5,3.0,30,31.92,87.78,-30.0,Mild
2,8.2,5.5,3.0,20,29.75,84.92,-30.0,Moderate
2,7.4,5.5,3.0,0,18.0,100.0,-30.0,Critical
2,8.2,5.5,3.0,8,23.58,85.0,-30.0,Moderate
2,8.2,5.5,3.0,15,22.33,77.94,-30.0,Moderate
2,8.2,5.5,3.0,4,21.25,86.23,-30.0,Moderate
2,8.2,5.5,3.0,13,21.58,76.31,-30.0,Moderate
2,8.2,5.5,3.0,19,34.75,88.83,-30.0,Moderate
2,8.2,5.5,3.0,1,25.58,90.79,-30.0,Moderate
2,8.2,5.5,3.0,17,28.5,86.64,-30.0,Moderate
2,8.2,5.5,3.0,16,30.33,86.91,-30.0,Moderate
2,8.2,5.5,3.0,9,18.92,75.81,-30.0,Moderate
2,8.2,5.5,3.0,5,21.75,85.44,-30.0,Moderate
2,8.2,5.5,3.0,12,20.67,75.71,-30.0,Moderate
2,8.2,5.5,3.0,3,18.08,81.91,-30.0,Moderate
2,8.2,5.5,3.0,7,23.92,83.21,-30.0,Moderate
2,8.2,5.5,3.0,21,35.42,90.13,-30.0,Moderate
2,8.2,5.5,3.0,18,29.25,97.11,-30.0,Moderate
2,8.2,5.5,3.0,11,13.25,66.0,-30.0,Moderate
2,8.2,5.5,3.0,14,24.08,77.5,-30.0,Moderate
2,8.2,5.5,3.0,2,21.58,83.54,-30.0,Moderate
2,8.2,5.5,3.0,6,27.33,86.79,-30.0,Moderate
2,8.2,5.5,3.0,10,21.83,72.23,-30.0,Moderate
1,8.2,5.5,3.0,0,18.0,100.0,-30.0,Moderate
1,9.0,5.5,3.0,2,33.08,100.0,-30.0,Subclinical
1,8.6,5.5,3.0,3,17.83,60.88,-30.0,Mild
1,9.0,5.5,3.0,1,39.92,83.12,-30.0,Subclinical
1,9.0,5.5,3.0,4,42.33,100.0,-30.0,Subclinical
1,8.2,5.5,3.0,0,44.25,100.0,-30.0,Moderate
1,9.0,5.5,3.0,9,43.33,99.79,-30.0,Subclinical
1,9.0,5.5,3.0,7,39.58,100.0,-30.0,Subclinical
1,9.0,5.5,3.0,6,43.08,96.98,-30.0,Subclinical
1,9.0,5.5,3.0,5,36.83,99.06,-30.0,Subclinical
1,9.0,5.5,3.0,8,42.42,100.0,-30.0,Subclinical
1,9.0,5.5,3.0,10,29.83,78.44,-30.0,Subclinical
1,9.0,5.5,3.0,17,34.25,100.0,-30.0,Subclinical
1,9.0,5.5,3.0,9,37.92,100.0,-30.0,Subclinical
1,9.0,5.5,3.0,4,31.67,93.09,-30.0,Subclinical
1,9.0,5.5,3.0,1,26.83,96.0,-30.0,Subclinical
1,9.0,5.5,3.0,12,38.08,100.0,-30.0,Subclinical
1,9.0,5.5,3.0,15,38.92,100.0,-30.0,Subclinical
1,9.0,5.5,3.0,14,42.25,100.0,-30.0,Subclinical
1,9.0,5.5,3.0,2,23.58,98.11,-30.0,Subclinical
1,9.0,5.5,3.0,13,42.75,100.0,-30.0,Subclinical
1,9.0,5.5,3.0,7,36.33,100.0,-30.0,Subclinical
1,9.0,5.5,3.0,10,34.67,100.0,-30.0,Subclinical
1,9.0,5.5,3.0,8,32.5,100.0,-30.0,Subclinical
1,9.0,5.5,3.0,3,26.58,98.52,-30.0,Subclinical
1,9.0,5.5,3.0,20,38.0,100.0,-30.0,Subclinical
1,9.0,5.5,3.0,5,30.67,97.1,-30.0,Subclinical
1,9.0,5.5,3.0,11,34.67,100.0,-30.0,Subclinical
1,9.0,5.5,3.0,18,40.0,100.0,-30.0,Subclinical
1,9.0,5.5,3.0,16,31.75,100.0,-30.0,Subclinical
1,9.0,5.5,3.0,6,34.5,98.52,-30.0,Subclinical
1,9.0,5.5,3.0,19,33.67,100.0,-30.0,Subclinical
1,9.0,5.5,3.0,21,38.0,100.0,-30.0,Subclinical
1,8.2,5.5,3.0,0,18.0,100.0,-30.0,Moderate
2,8.6,5.5,3.0,14,28.92,100.0,-30.0,Mild
2,8.2,5.5,3.0,16,31.83,100.0,-30.0,Moderate
2,8.2,5.5,3.0,5,25.58,89.18,-30.0,Moderate
2,8.2,5.5,3.0,4,33.83,88.9,-30.0,Moderate
2,8.2,5.5,3.0,10,29.08,96.31,-30.0,Moderate
2,8.2,5.5,3.0,3,32.67,92.1,-30.0,Moderate
2,8.6,5.5,3.0,1,28.92,100.0,-30.0,Mild
2,8.2,5.5,3.0,19,32.67,90.48,-30.0,Moderate
2,8.2,5.5,3.0,17,34.5,94.4,-30.0,Moderate
2,8.2,5.5,3.0,20,31.0,91.28,-30.0,Moderate
2,8.2,5.5,3.0,11,30.83,92.1,-30.0,Moderate
2,8.2,5.5,3.0,8,34.25,99.6,-30.0,Moderate
2,8.2,5.5,3.0,7,29.83,95.46,-30.0,Moderate
2,8.6,5.5,3.0,18,34.83,91.69,-30.0,Mild
2,8.6,5.5,3.0,15,34.08,100.0,-30.0,Mild
2,8.2,5.5,3.0,21,31.33,99.69,-30.0,Moderate
2,8.2,5.5,3.0,9,31.58,91.29,-30.0,Moderate
2,8.6,5.5,3.0,2,35.5,94.34,-30.0,Mild
2,8.6,5.5,3.0,13,29.42,100.0,-30.0,Mild
2,7.4,5.5,3.0,0,18.0,100.0,-30.0,Critical
2,8.6,5.5,3.0,12,33.67,100.0,-30.0,Mild
2,8.2,5.5,3.0,6,29.0,98.01,-30.0,Moderate
2,8.6,5.5,3.0,14,41.5,100.0,-30.0,Mild
2,8.6,5.5,3.0,6,44.0,88.89,-30.0,Mild
2,8.6,5.5,3.0,3,44.17,93.65,-30.0,Mild
2,8.6,5.5,3.0,4,49.83,83.54,-30.0,Mild
2,8.6,5.5,3.0,19,33.0,94.79,-30.0,Mild
2,8.6,5.5,3.0,20,22.42,92.3,-30.0,Mild
2,8.6,5.5,3.0,8,48.33,94.79,-30.0,Mild
2,8.6,5.5,3.0,15,27.17,100.0,-30.0,Mild
2,8.2,5.5,3.0,10,45.67,83.19,-30.0,Moderate
2,8.6,5.5,3.0,9,46.92,100.0,-30.0,Mild
2,7.4,5.5,3.0,0,18.0,100.0,-30.0,Critical
2,8.6,5.5,3.0,11,27.75,94.17,-30.0,Mild
2,8.6,5.5,3.0,17,49.75,72.9,-30.0,Mild
2,8.6,5.5,3.0,18,34.42,100.0,-30.0,Mild
2,8.2,5.5,3.0,16,12.75,51.0,-30.0,Moderate
2,8.6,5.5,3.0,7,51.0,77.81,-30.0,Mild
2,8.6,5.5,3.0,2,44.75,99.1,-30.0,Mild
2,8.6,5.5,3.0,5,49.33,86.35,-30.0,Mild
2,8.6,5.5,3.0,12,39.58,100.0,-30.0,Mild
2,8.6,5.5,3.0,1,42.92,100.0,-30.0,Mild
2,8.2,5.5,3.0,21,28.92,71.31,-30.0,Moderate
2,8.6,5.5,3.0,13,51.92,85.52,-30.0,Mild
1,9.0,5.5,3.0,21,23.67,98.22,-30.0,Subclinical
1,8.2,5.5,3.0,17,10.83,59.88,-30.0,Moderate
1,7.0,5.5,3.0,5,18.0,0.13,-30.0,Critical
1,9.0,5.5,3.0,13,20.08,88.72,-30.0,Subclinical
1,7.8,5.5,3.0,0,18.0,100.0,-30.0,Critical
1,9.0,5.5,3.0,19,24.25,97.78,-30.0,Subclinical
1,8.6,5.5,3.0,11,6.33,55.99,-30.0,Mild
1,9.0,5.5,3.0,16,20.25,88.49,-30.0,Subclinical
1,9.0,5.5,3.0,20,24.25,96.66,-30.0,Subclinical
1,9.0,5.5,3.0,12,16.42,73.42,-30.0,Subclinical
1,9.0,5.5,3.0,15,20.0,93.33,-30.0,Subclinical
1,9.0,5.5,3.0,18,18.92,89.48,-30.0,Subclinical
1,9.0,5.5,3.0,14,25.08,99.72,-30.0,Subclinical
2,8.2,5.5,3.0,5,25.5,91.88,-30.0,Moderate
2,8.6,5.5,3.0,14,29.83,98.52,-30.0,Mild
2,8.2,5.5,3.0,4,19.42,85.36,-30.0,Moderate
2,8.2,5.5,3.0,6,20.75,91.11,-30.0,Moderate
2,8.2,5.5,3.0,12,30.92,97.03,-30.0,Moderate
2,8.2,5.5,3.0,16,29.08,97.88,-30.0,Moderate
2,8.2,5.5,3.0,20,30.0,94.06,-30.0,Moderate
2,8.2,5.5,3.0,8,26.5,94.74,-30.0,Moderate
2,8.2,5.5,3.0,15,29.33,98.37,-30.0,Moderate
2,8.2,5.5,3.0,21,21.92,82.8,-30.0,Moderate
2,8.2,5.5,3.0,2,25.25,99.32,-30.0,Moderate
2,8.2,5.5,3.0,13,31.5,97.14,-30.0,Moderate
2,8.6,5.5,3.0,1,32.0,100.0,-30.0,Mild
2,8.2,5.5,3.0,11,25.83,93.34,-30.0,Moderate
2,8.2,5.5,3.0,17,25.17,93.2,-30.0,Moderate
2,8.2,5.5,3.0,9,24.67,93.96,-30.0,Moderate
2,8.2,5.5,3.0,10,31.83,94.79,-30.0,Moderate
2,8.2,5.5,3.0,7,27.5,98.19,-30.0,Moderate
2,8.2,5.5,3.0,3,21.0,87.99,-30.0,Moderate
2,7.4,5.5,3.0,0,18.0,100.0,-30.0,Critical
2,8.2,5.5,3.0,19,21.42,83.27,-30.0,Moderate
2,8.2,5.5,3.0,18,30.67,95.77,-30.0,Moderate
1,9.0,5.5,3.0,15,31.67,90.1,-30.0,Subclinical
1,9.0,5.5,3.0,4,33.67,100.0,-30.0,Subclinical
1,9.0,5.5,3.0,19,30.92,84.06,-30.0,Subclinical
1,9.0,5.5,3.0,1,21.92,87.67,-30.0,Subclinical
1,9.0,5.5,3.0,2,25.33,76.56,-30.0,Subclinical
1,9.0,5.5,3.0,7,33.83,88.54,-30.0,Subclinical
1,9.0,5.5,3.0,13,36.5,87.71,-30.0,Subclinical
1,9.0,5.5,3.0,3,31.58,100.0,-30.0,Subclinical
1,9.0,5.5,3.0,20,30.75,82.19,-30.0,Subclinical
1,9.0,5.5,3.0,21,29.08,77.92,-30.0,Subclinical
1,9.0,5.5,3.0,8,37.25,100.0,-30.0,Subclinical
1,8.6,5.5,3.0,16,30.0,74.69,-30.0,Mild
1,9.0,5.5,3.0,9,24.67,98.67,-30.0,Subclinical
1,9.0,5.5,3.0,18,28.83,89.69,-30.0,Subclinical
1,9.0,5.5,3.0,12,30.25,88.96,-30.0,Subclinical
1,9.0,5.5,3.0,10,27.17,86.46,-30.0,Subclinical
1,9.0,5.5,3.0,11,30.33,95.1,-30.0,Subclinical
1,9.0,5.5,3.0,14,25.0,79.69,-30.0,Subclinical
1,9.0,5.5,3.0,5,32.58,100.0,-30.0,Subclinical
1,9.0,5.5,3.0,17,35.42,80.31,-30.0,Subclinical
1,9.0,5.5,3.0,6,27.17,87.71,-30.0,Subclinical
1,9.0,5.5,3.0,3,18.0,70.2,-30.0,Subclinical
1,8.6,5.5,3.0,2,18.0,100.0,-30.0,Mild
1,7.8,5.5,3.0,0,18.0,100.0,-30.0,Critical
1,8.6,5.5,3.0,1,18.0,100.0,-30.0,Mild
2,8.6,5.5,3.0,19,31.0,96.76,-30.0,Mild
2,8.2,5.5,3.0,7,31.92,98.56,-30.0,Moderate
2,8.2,5.5,3.0,1,23.75,97.15,-30.0,Moderate
2,8.2,5.5,3.0,5,33.5,97.43,-30.0,Moderate
2,8.2,5.5,3.0,13,31.25,90.49,-30.0,Moderate
2,8.2,5.5,3.0,9,39.92,99.2,-30.0,Moderate
2,8.2,5.5,3.0,3,27.83,100.0,-30.0,Moderate
2,8.6,5.5,3.0,17,31.33,96.39,-30.0,Mild
2,8.2,5.5,3.0,11,33.92,100.0,-30.0,Moderate
2,8.6,5.5,3.0,12,32.5,98.11,-30.0,Mild
2,8.2,5.5,3.0,8,33.08,99.91,-30.0,Moderate
2,8.6,5.5,3.0,20,34.17,94.86,-30.0,Mild
2,8.2,5.5,3.0,2,31.0,98.89,-30.0,Moderate
2,8.2,5.5,3.0,21,29.25,96.09,-30.0,Moderate
2,8.2,5.5,3.0,16,28.83,97.64,-30.0,Moderate
2,8.6,5.5,3.0,14,27.83,89.79,-30.0,Mild
2,8.6,5.5,3.0,6,28.75,100.0,-30.0,Mild
2,8.2,5.5,3.0,4,32.33,100.0,-30.0,Moderate
2,8.2,5.5,3.0,10,31.42,100.0,-30.0,Moderate
2,7.4,5.5,3.0,0,18.0,100.0,-30.0,Critical
2,8.2,5.5,3.0,15,26.83,91.44,-30.0,Moderate
2,8.2,5.5,3.0,18,33.83,95.92,-30.0,Moderate
2,8.2,5.5,3.0,12,18.0,64.7,-30.0,Moderate
2,8.2,5.5,3.0,17,18.0,66.83,-30.0,Moderate
2,7.8,5.5,3.0,16,18.0,58.2,-30.0,Critical
2,7.4,5.5,3.0,0,18.0,100.0,-30.0,Critical
2,8.6,5.5,3.0,11,18.0,78.87,-30.0,Mild
2,8.6,5.5,3.0,8,18.0,68.13,-30.0,Mild
2,8.2,5.5,3.0,5,18.0,100.0,-30.0,Moderate
2,8.2,5.5,3.0,9,18.0,61.2,-30.0,Moderate
2,8.2,5.5,3.0,10,18.0,73.5,-30.0,Moderate
2,7.8,5.5,3.0,14,18.0,50.87,-30.0,Critical
2,8.2,5.5,3.0,3,18.0,100.0,-30.0,Moderate
2,8.6,5.5,3.0,4,18.0,100.0,-30.0,Mild
2,8.2,5.5,3.0,21,18.0,67.13,-30.0,Moderate
2,8.2,5.5,3.0,6,18.0,100.0,-30.0,Moderate
2,8.2,5.5,3.0,15,18.0,66.37,-30.0,Moderate
2,8.6,5.5,3.0,1,18.0,100.0,-30.0,Mild
2,8.2,5.5,3.0,7,18.0,100.0,-30.0,Moderate
2,8.2,5.5,3.0,20,18.0,65.87,-30.0,Moderate
2,7.8,5.5,3.0,13,18.0,59.77,-30.0,Critical
2,8.2,5.5,3.0,18,18.0,63.4,-30.0,Moderate
2,8.2,5.5,3.0,19,18.0,68.8,-30.0,Moderate
2,8.6,5.5,3.0,2,18.0,100.0,-30.0,Mild
2,8.2,5.5,3.0,4,39.83,98.16,-30.0,Moderate
2,7.4,5.5,3.0,0,18.0,100.0,-30.0,Critical
2,8.2,5.5,3.0,10,36.0,100.0,-30.0,Moderate
2,8.2,5.5,3.0,12,39.83,100.0,-30.0,Moderate
2,8.2,5.5,3.0,14,38.92,100.0,-30.0,Moderate
2,8.2,5.5,3.0,16,40.58,100.0,-30.0,Moderate
2,8.2,5.5,3.0,5,34.75,100.0,-30.0,Moderate
2,8.2,5.5,3.0,1,28.5,98.19,-30.0,Moderate
2,8.2,5.5,3.0,13,41.17,100.0,-30.0,Moderate
2,8.2,5.5,3.0,7,43.58,100.0,-30.0,Moderate
2,8.2,5.5,3.0,17,43.17,95.35,-30.0,Moderate
2,8.6,5.5,3.0,15,18.0,98.65,-30.0,Mild
2,8.2,5.5,3.0,9,38.92,100.0,-30.0,Moderate
2,8.2,5.5,3.0,8,42.92,100.0,-30.0,Moderate
2,8.2,5.5,3.0,21,38.58,100.0,-30.0,Moderate
2,8.6,5.5,3.0,11,46.92,100.0,-30.0,Mild
2,8.2,5.5,3.0,18,47.5,93.96,-30.0,Moderate
2,8.2,5.5,3.0,2,42.33,97.29,-30.0,Moderate
2,8.2,5.5,3.0,20,44.75,100.0,-30.0,Moderate
2,8.2,5.5,3.0,6,38.42,96.22,-30.0,Moderate
2,8.2,5.5,3.0,19,45.58,100.0,-30.0,Moderate
2,8.2,5.5,3.0,3,41.25,100.0,-30.0,Moderate
1,9.0,5.5,3.0,10,15.83,73.42,-30.0,Subclinical
1,9.0,5.5,3.0,8,29.75,100.0,-30.0,Subclinical
1,9.0,5.5,3.0,4,28.5,100.0,-30.0,Subclinical
1,9.0,5.5,3.0,2,23.42,97.89,-30.0,Subclinical
1,9.0,5.5,3.0,6,23.17,97.56,-30.0,Subclinical
1,8.2,5.5,3.0,0,18.0,100.0,-30.0,Moderate
1,9.0,5.5,3.0,9,30.25,100.0,-30.0,Subclinical
1,9.0,5.5,3.0,7,32.92,100.0,-30.0,Subclinical
1,9.0,5.5,3.0,5,27.33,100.0,-30.0,Subclinical
1,9.0,5.5,3.0,3,27.08,100.0,-30.0,Subclinical
1,9.0,5.5,3.0,1,27.75,100.0,-30.0,Subclinical
2,8.6,5.5,3.0,12,36.08,98.28,-30.0,Mild
2,8.6,5.5,3.0,21,34.75,100.0,-30.0,Mild
2,8.6,5.5,3.0,19,28.75,100.0,-30.0,Mild
2,8.6,5.5,3.0,10,42.42,100.0,-30.0,Mild
2,8.6,5.5,3.0,20,42.25,100.0,-30.0,Mild
2,8.6,5.5,3.0,18,31.67,100.0,-30.0,Mild
2,8.2,5.5,3.0,9,16.75,82.89,-30.0,Moderate
2,8.6,5.5,3.0,7,34.58,97.15,-30.0,Mild
2,8.6,5.5,3.0,2,33.83,100.0,-30.0,Mild
2,8.6,5.5,3.0,4,24.42,99.22,-30.0,Mild
2,8.6,5.5,3.0,13,37.42,99.93,-30.0,Mild
2,7.8,5.5,3.0,0,18.0,100.0,-30.0,Critical
2,8.6,5.5,3.0,15,43.33,99.51,-30.0,Mild
2,8.6,5.5,3.0,16,37.92,98.21,-30.0,Mild
2,8.6,5.5,3.0,17,34.5,99.09,-30.0,Mild
2,8.2,5.5,3.0,8,22.42,88.92,-30.0,Moderate
2,8.6,5.5,3.0,11,40.25,98.82,-30.0,Mild
2,8.6,5.5,3.0,5,33.42,96.94,-30.0,Mild
2,8.6,5.5,3.0,1,35.67,94.79,-30.0,Mild
2,8.6,5.5,3.0,3,36.25,96.74,-30.0,Mild
2,8.6,5.5,3.0,14,36.75,100.0,-30.0,Mild
2,8.6,5.5,3.0,6,27.0,97.06,-30.0,Mild
2,8.2,5.5,3.0,20,22.17,96.22,-30.0,Moderate
2,8.2,5.5,3.0,6,31.0,100.0,-30.0,Moderate
2,8.2,5.5,3.0,19,30.17,100.0,-30.0,Moderate
2,8.2,5.5,3.0,21,23.67,98.22,-30.0,Moderate
2,8.2,5.5,3.0,7,23.25,97.67,-30.0,Moderate
2,8.2,5.5,3.0,15,28.83,100.0,-30.0,Moderate
2,8.6,5.5,3.0,2,19.75,93.0,-30.0,Mild
2,8.2,5.5,3.0,13,26.25,100.0,-30.0,Moderate
2,8.6,5.5,3.0,9,25.25,100.0,-30.0,Mild
2,8.6,5.5,3.0,1,15.67,87.56,-30.0,Mild
2,8.2,5.5,3.0,17,29.25,100.0,-30.0,Moderate
2,8.2,5.5,3.0,10,28.08,100.0,-30.0,Moderate
2,8.6,5.5,3.0,14,30.67,100.0,-30.0,Mild
2,8.6,5.5,3.0,3,23.92,98.56,-30.0,Mild
2,8.6,5.5,3.0,4,25.75,100.0,-30.0,Mild
2,7.4,5.5,3.0,0,18.0,100.0,-30.0,Critical
2,8.2,5.5,3.0,11,30.0,100.0,-30.0,Moderate
2,8.2,5.5,3.0,12,31.75,100.0,-30.0,Moderate
2,8.2,5.5,3.0,18,26.5,96.11,-30.0,Moderate
2,8.2,5.5,3.0,8,21.67,95.56,-30.0,Moderate
2,8.2,5.5,3.0,5,22.33,96.44,-30.0,Moderate
2,8.2,5.5,3.0,16,25.42,100.0,-30.0,Moderate
1,9.0,5.5,3.0,5,18.0,100.0,-30.0,Subclinical
1,9.0,5.5,3.0,4,6.0,62.0,-30.0,Subclinical
1,9.0,5.5,3.0,2,17.58,85.88,-30.0,Subclinical
1,7.8,5.5,3.0,0,44.42,89.72,-30.0,Critical
1,9.0,5.5,3.0,3,19.75,86.68,-30.0,Subclinical
1,9.0,5.5,3.0,8,18.0,79.03,-30.0,Subclinical
1,9.0,5.5,3.0,7,18.0,100.0,-30.0,Subclinical
1,9.0,5.5,3.0,1,11.92,80.12,-30.0,Subclinical
1,9.0,5.5,3.0,6,18.0,100.0,-30.0,Subclinical
1,9.0,5.5,3.0,10,44.0,100.0,-30.0,Subclinical
1,9.0,5.5,3.0,13,42.25,100.0,-30.0,Subclinical
1,9.0,5.5,3.0,11,39.33,92.19,-30.0,Subclinical
1,9.0,5.5,3.0,6,46.67,100.0,-30.0,Subclinical
1,9.0,5.5,3.0,9,46.0,99.58,-30.0,Subclinical
1,8.2,5.5,3.0,0,18.0,100.0,-30.0,Moderate
1,9.0,5.5,3.0,17,18.0,77.92,-30.0,Subclinical
1,9.0,5.5,3.0,18,48.25,100.0,-30.0,Subclinical
1,9.0,5.5,3.0,15,45.33,100.0,-30.0,Subclinical
1,8.6,5.5,3.0,12,39.92,100.0,-30.0,Mild
1,9.0,5.5,3.0,14,33.17,100.0,-30.0,Subclinical
1,9.0,5.5,3.0,4,41.92,90.0,-30.0,Subclinical
1,9.0,5.5,3.0,8,49.75,91.35,-30.0,Subclinical
1,9.0,5.5,3.0,3,23.92,67.96,-30.0,Subclinical
1,9.0,5.5,3.0,2,50.75,98.96,-30.0,Subclinical
1,9.0,5.5,3.0,19,48.67,100.0,-30.0,Subclinical
1,9.0,5.5,3.0,1,40.67,88.33,-30.0,Subclinical
1,9.0,5.5,3.0,7,44.08,94.03,-30.0,Subclinical
1,9.0,5.5,3.0,5,52.08,96.35,-30.0,Subclinical
1,9.0,5.5,3.0,16,44.75,94.58,-30.0,Subclinical
1,9.0,5.5,3.0,20,29.17,100.0,-30.0,Subclinical
2,8.6,5.5,3.0,3,29.75,100.0,-30.0,Mild
2,8.2,5.5,3.0,4,28.75,100.0,-30.0,Moderate
2,8.2,5.5,3.0,14,30.42,97.89,-30.0,Moderate
2,8.2,5.5,3.0,20,29.25,97.39,-30.0,Moderate
2,8.6,5.5,3.0,15,31.08,100.0,-30.0,Mild
2,8.2,5.5,3.0,13,28.75,92.47,-30.0,Moderate
2,8.2,5.5,3.0,19,30.0,87.88,-30.0,Moderate
2,8.2,5.5,3.0,11,31.58,96.76,-30.0,Moderate
2,8.6,5.5,3.0,7,26.42,100.0,-30.0,Mild
2,8.6,5.5,3.0,1,26.42,100.0,-30.0,Mild
2,8.2,5.5,3.0,6,30.58,100.0,-30.0,Moderate
2,7.4,5.5,3.0,0,18.0,100.0,-30.0,Critical
2,8.2,5.5,3.0,10,28.83,90.59,-30.0,Moderate
2,8.2,5.5,3.0,8,31.92,100.0,-30.0,Moderate
2,8.2,5.5,3.0,9,27.25,100.0,-30.0,Moderate
2,8.2,5.5,3.0,21,33.33,92.4,-30.0,Moderate
2,8.2,5.5,3.0,12,35.75,95.43,-30.0,Moderate
2,8.6,5.5,3.0,5,30.83,100.0,-30.0,Mild
2,8.6,5.5,3.0,2,27.17,100.0,-30.0,Mild
2,8.2,5.5,3.0,18,32.75,92.42,-30.0,Moderate
2,8.2,5.5,3.0,16,26.33,89.89,-30.0,Moderate
2,8.2,5.5,3.0,17,37.92,93.42,-30.0,Moderate
2,8.2,5.5,3.0,13,34.83,90.48,-30.0,Moderate
2,8.6,5.5,3.0,20,39.08,100.0,-30.0,Mild
2,8.2,5.5,3.0,14,34.08,100.0,-30.0,Moderate
2,8.2,5.5,3.0,9,33.75,97.71,-30.0,Moderate
2,8.6,5.5,3.0,19,34.83,100.0,-30.0,Mild
2,8.2,5.5,3.0,8,34.58,97.07,-30.0,Moderate
2,8.6,5.5,3.0,6,27.25,97.38,-30.0,Mild
2,8.6,5.5,3.0,12,35.67,96.33,-30.0,Mild
2,8.6,5.5,3.0,10,37.25,100.0,-30.0,Mild
2,8.2,5.5,3.0,11,38.25,100.0,-30.0,Moderate
2,8.6,5.5,3.0,18,30.0,100.0,-30.0,Mild
2,8.6,5.5,3.0,1,31.33,100.0,-30.0,Mild
2,7.4,5.5,3.0,0,18.0,100.0,-30.0,Critical
2,8.6,5.5,3.0,16,43.0,100.0,-30.0,Mild
2,8.2,5.5,3.0,2,28.75,89.21,-30.0,Moderate
2,8.2,5.5,3.0,4,39.25,98.61,-30.0,Moderate
2,8.6,5.5,3.0,7,36.5,100.0,-30.0,Mild
2,8.6,5.5,3.0,21,39.25,100.0,-30.0,Mild
2,8.6,5.5,3.0,3,35.83,96.25,-30.0,Mild
2,8.6,5.5,3.0,15,34.08,100.0,-30.0,Mild
2,8.6,5.5,3.0,5,37.92,100.0,-30.0,Mild
2,8.6,5.5,3.0,17,40.25,100.0,-30.0,Mild
1,9.0,5.5,3.0,7,35.92,98.12,-30.0,Subclinical
1,9.0,5.5,3.0,14,26.33,92.81,-30.0,Subclinical
1,9.0,5.5,3.0,18,29.83,100.0,-30.0,Subclinical
1,9.0,5.5,3.0,3,34.75,89.48,-30.0,Subclinical
1,9.0,5.5,3.0,13,29.58,95.0,-30.0,Subclinical
1,9.0,5.5,3.0,12,29.83,98.85,-30.0,Subclinical
1,9.0,5.5,3.0,4,23.25,77.02,-30.0,Subclinical
1,9.0,5.5,3.0,6,38.58,97.08,-30.0,Subclinical
1,9.0,5.5,3.0,16,34.58,100.0,-30.0,Subclinical
1,9.0,5.5,3.0,20,33.17,98.33,-30.0,Subclinical
1,9.0,5.5,3.0,15,34.75,89.48,-30.0,Subclinical
1,9.0,5.5,3.0,1,31.17,88.96,-30.0,Subclinical
1,9.0,5.5,3.0,21,32.42,100.0,-30.0,Subclinical
1,9.0,5.5,3.0,17,28.0,100.0,-30.0,Subclinical
1,9.0,5.5,3.0,19,34.42,100.0,-30.0,Subclinical
1,9.0,5.5,3.0,8,29.17,100.0,-30.0,Subclinical
1,9.0,5.5,3.0,10,33.08,93.44,-30.0,Subclinical
1,9.0,5.5,3.0,11,26.25,100.0,-30.0,Subclinical
1,9.0,5.5,3.0,2,21.33,84.12,-30.0,Subclinical
1,9.0,5.5,3.0,5,32.67,98.65,-30.0,Subclinical
1,9.0,5.5,3.0,9,34.17,99.48,-30.0,Subclinical
2,8.2,5.5,3.0,8,43.42,100.0,-30.0,Moderate
2,8.6,5.5,3.0,17,42.92,100.0,-30.0,Mild
2,8.6,5.5,3.0,18,43.58,100.0,-30.0,Mild
2,8.6,5.5,3.0,15,44.5,100.0,-30.0,Mild
2,8.2,5.5,3.0,12,43.83,100.0,-30.0,Moderate
2,8.2,5.5,3.0,20,38.67,100.0,-30.0,Moderate
2,8.6,5.5,3.0,9,50.25,100.0,-30.0,Mild
2,8.6,5.5,3.0,21,48.33,100.0,-30.0,Mild
2,8.6,5.5,3.0,2,45.17,100.0,-30.0,Mild
2,8.6,5.5,3.0,1,45.17,100.0,-30.0,Mild
2,8.2,5.5,3.0,16,36.33,100.0,-30.0,Moderate
2,8.6,5.5,3.0,3,37.17,100.0,-30.0,Mild
2,8.2,5.5,3.0,11,47.75,100.0,-30.0,Moderate
2,8.6,5.5,3.0,13,40.33,100.0,-30.0,Mild
2,8.6,5.5,3.0,19,51.0,100.0,-30.0,Mild
2,7.4,5.5,3.0,0,18.0,100.0,-30.0,Critical
2,8.6,5.5,3.0,4,32.42,100.0,-30.0,Mild
2,8.6,5.5,3.0,5,39.92,100.0,-30.0,Mild
2,8.6,5.5,3.0,7,43.08,100.0,-30.0,Mild
2,8.2,5.5,3.0,10,40.83,100.0,-30.0,Moderate
2,8.2,5.5,3.0,6,41.08,99.39,-30.0,Moderate
2,8.6,5.5,3.0,14,47.17,100.0,-30.0,Mild
2,8.6,5.5,3.0,11,27.33,100.0,-30.0,Mild
2,8.6,5.5,3.0,3,21.92,95.89,-30.0,Mild
2,8.6,5.5,3.0,4,24.75,92.51,-30.0,Mild
2,8.6,5.5,3.0,12,22.92,95.12,-30.0,Mild
2,8.6,5.5,3.0,6,29.33,95.24,-30.0,Mild
2,8.6,5.5,3.0,17,26.17,95.58,-30.0,Mild
2,8.6,5.5,3.0,10,23.67,98.22,-30.0,Mild
2,8.6,5.5,3.0,19,20.67,92.17,-30.0,Mild
2,8.6,5.5,3.0,9,24.83,99.78,-30.0,Mild
2,8.6,5.5,3.0,20,29.0,97.54,-30.0,Mild
2,8.6,5.5,3.0,18,26.92,100.0,-30.0,Mild
2,8.6,5.5,3.0,16,22.0,96.0,-30.0,Mild
2,8.6,5.5,3.0,14,24.42,99.22,-30.0,Mild
2,8.2,5.5,3.0,2,19.25,83.66,-30.0,Moderate
2,8.6,5.5,3.0,15,21.75,89.37,-30.0,Mild
2,8.6,5.5,3.0,13,20.83,86.96,-30.0,Mild
2,7.4,5.5,3.0,0,18.0,100.0,-30.0,Critical
2,8.2,5.5,3.0,1,21.25,82.76,-30.0,Moderate
2,8.6,5.5,3.0,5,25.92,95.56,-30.0,Mild
2,8.6,5.5,3.0,8,14.0,82.1,-30.0,Mild
2,8.6,5.5,3.0,21,16.83,81.13,-30.0,Mild
2,8.6,5.5,3.0,7,28.42,100.0,-30.0,Mild
2,8.2,5.5,3.0,9,33.92,100.0,-30.0,Moderate
2,8.6,5.5,3.0,7,36.75,100.0,-30.0,Mild
2,8.2,5.5,3.0,11,27.42,100.0,-30.0,Moderate
2,7.4,5.5,3.0,0,18.0,100.0,-30.0,Critical
2,8.2,5.5,3.0,6,31.17,100.0,-30.0,Moderate
2,8.2,5.5,3.0,8,35.0,100.0,-30.0,Moderate
2,8.6,5.5,3.0,15,33.75,100.0,-30.0,Mild
2,8.2,5.5,3.0,13,27.83,100.0,-30.0,Moderate
2,8.2,5.5,3.0,12,25.83,94.96,-30.0,Moderate
2,8.2,5.5,3.0,4,27.08,98.98,-30.0,Moderate
2,8.2,5.5,3.0,3,30.83,100.0,-30.0,Moderate
2,8.2,5.5,3.0,20,34.25,100.0,-30.0,Moderate
2,8.2,5.5,3.0,10,35.0,100.0,-30.0,Moderate
2,8.2,5.5,3.0,16,25.58,100.0,-30.0,Moderate
2,8.2,5.5,3.0,21,29.0,100.0,-30.0,Moderate
2,8.2,5.5,3.0,17,32.17,100.0,-30.0,Moderate
2,8.2,5.5,3.0,5,31.75,100.0,-30.0,Moderate
2,8.2,5.5,3.0,2,34.58,100.0,-30.0,Moderate
2,8.2,5.5,3.0,18,27.75,100.0,-30.0,Moderate
2,8.2,5.5,3.0,1,28.0,100.0,-30.0,Moderate
2,8.2,5.5,3.0,19,32.08,100.0,-30.0,Moderate
2,8.2,5.5,3.0,14,29.42,98.72,-30.0,Moderate
1,9.0,5.5,3.0,9,31.08,100.0,-30.0,Subclinical
1,9.0,5.5,3.0,12,33.0,100.0,-30.0,Subclinical
1,9.0,5.5,3.0,16,31.58,100.0,-30.0,Subclinical
1,9.0,5.5,3.0,5,37.42,100.0,-30.0,Subclinical
1,9.0,5.5,3.0,13,34.25,100.0,-30.0,Subclinical
1,9.0,5.5,3.0,7,36.08,100.0,-30.0,Subclinical
1,9.0,5.5,3.0,2,36.17,97.71,-30.0,Subclinical
1,9.0,5.5,3.0,4,34.83,97.19,-30.0,Subclinical
1,9.0,5.5,3.0,17,30.25,100.0,-30.0,Subclinical
1,9.0,5.5,3.0,11,36.83,100.0,-30.0,Subclinical
1,9.0,5.5,3.0,1,30.08,88.12,-30.0,Subclinical
1,9.0,5.5,3.0,15,31.58,100.0,-30.0,Subclinical
1,9.0,5.5,3.0,14,30.83,100.0,-30.0,Subclinical
1,9.0,5.5,3.0,10,31.25,100.0,-30.0,Subclinical
1,9.0,5.5,3.0,8,43.75,100.0,-30.0,Subclinical
1,9.0,5.5,3.0,20,37.17,99.58,-30.0,Subclinical
1,9.0,5.5,3.0,19,31.75,100.0,-30.0,Subclinical
1,9.0,5.5,3.0,21,35.58,100.0,-30.0,Subclinical
1,9.0,5.5,3.0,18,33.08,100.0,-30.0,Subclinical
1,9.0,5.5,3.0,3,32.08,95.42,-30.0,Subclinical
1,9.0,5.5,3.0,6,44.25,100.0,-30.0,Subclinical
2,8.2,5.5,3.0,1,30.5,95.44,-30.0,Moderate
2,8.2,5.5,3.0,20,30.92,92.72,-30.0,Moderate
2,8.2,5.5,3.0,14,27.58,91.47,-30.0,Moderate
2,8.2,5.5,3.0,15,34.42,92.58,-30.0,Moderate
2,8.2,5.5,3.0,11,27.25,97.94,-30.0,Moderate
2,8.2,5.5,3.0,17,28.75,91.11,-30.0,Moderate
2,8.2,5.5,3.0,2,31.92,93.31,-30.0,Moderate
2,8.2,5.5,3.0,4,24.33,92.93,-30.0,Moderate
2,8.2,5.5,3.0,19,23.75,85.8,-30.0,Moderate
2,8.2,5.5,3.0,13,26.67,94.55,-30.0,Moderate
2,8.2,5.5,3.0,5,26.25,91.87,-30.0,Moderate
2,8.2,5.5,3.0,6,29.58,93.06,-30.0,Moderate
2,7.8,5.5,3.0,0,18.0,100.0,-30.0,Critical
2,8.2,5.5,3.0,7,24.75,92.56,-30.0,Moderate
2,8.2,5.5,3.0,8,33.33,95.46,-30.0,Moderate
2,8.2,5.5,3.0,12,28.58,99.78,-30.0,Moderate
2,8.2,5.5,3.0,3,27.75,99.12,-30.0,Moderate
2,8.2,5.5,3.0,21,33.25,97.67,-30.0,Moderate
2,8.2,5.5,3.0,10,24.33,83.33,-30.0,Moderate
2,8.2,5.5,3.0,9,31.08,93.82,-30.0,Moderate
2,8.2,5.5,3.0,18,24.58,83.28,-30.0,Moderate
2,8.2,5.5,3.0,16,33.92,86.48,-30.0,Moderate
2,8.6,5.5,3.0,10,18.0,88.57,-30.0,Mild
2,8.6,5.5,3.0,19,18.0,100.0,-30.0,Mild
2,8.6,5.5,3.0,7,18.0,96.37,-30.0,Mild
2,8.6,5.5,3.0,9,18.0,87.13,-30.0,Mild
2,8.6,5.5,3.0,18,18.0,91.47,-30.0,Mild
2,8.6,5.5,3.0,17,18.0,92.0,-30.0,Mild
2,8.6,5.5,3.0,12,18.0,93.87,-30.0,Mild
2,8.6,5.5,3.0,1,18.0,100.0,-30.0,Mild
2,8.6,5.5,3.0,4,18.0,83.6,-30.0,Mild
2,8.6,5.5,3.0,6,18.0,100.0,-30.0,Mild
2,8.6,5.5,3.0,3,18.0,94.73,-30.0,Mild
2,8.2,5.5,3.0,11,18.0,61.9,-30.0,Moderate
2,8.6,5.5,3.0,14,18.0,80.97,-30.0,Mild
2,8.6,5.5,3.0,15,18.0,76.57,-30.0,Mild
2,8.6,5.5,3.0,20,18.0,100.0,-30.0,Mild
2,8.6,5.5,3.0,8,18.0,100.0,-30.0,Mild
2,8.6,5.5,3.0,2,18.0,100.0,-30.0,Mild
2,8.6,5.5,3.0,16,18.0,85.9,-30.0,Mild
2,8.6,5.5,3.0,5,18.0,100.0,-30.0,Mild
2,8.6,5.5,3.0,13,18.0,76.27,-30.0,Mild
2,7.4,5.5,3.0,0,18.0,100.0,-30.0,Critical
2,8.6,5.5,3.0,21,18.0,86.73,-30.0,Mild
1,7.4,5.5,3.0,21,18.0,0.07,-30.0,Critical
1,7.4,5.5,3.0,7,18.0,0.03,-30.0,Critical
1,8.2,5.5,3.0,0,18.0,100.0,-30.0,Moderate
1,7.4,5.5,3.0,3,18.0,0.07,-30.0,Critical
1,9.0,5.5,3.0,1,18.0,81.67,-30.0,Subclinical
1,7.4,5.5,3.0,17,18.0,0.07,-30.0,Critical
1,7.4,5.5,3.0,8,18.0,4.53,-30.0,Critical
1,8.2,5.5,3.0,2,6.33,54.16,-30.0,Moderate
2,8.6,5.5,3.0,16,27.83,100.0,-30.0,Mild
2,8.6,5.5,3.0,8,25.92,91.46,-30.0,Mild
2,8.6,5.5,3.0,15,29.75,98.12,-30.0,Mild
2,8.6,5.5,3.0,21,34.0,98.75,-30.0,Mild
2,8.6,5.5,3.0,20,27.75,97.19,-30.0,Mild
2,8.6,5.5,3.0,9,26.33,96.77,-30.0,Mild
2,8.6,5.5,3.0,17,26.75,98.23,-30.0,Mild
2,8.6,5.5,3.0,6,23.67,85.04,-30.0,Mild
2,8.6,5.5,3.0,4,23.17,81.85,-30.0,Mild
2,8.6,5.5,3.0,13,27.75,90.1,-30.0,Mild
2,8.6,5.5,3.0,11,26.92,100.0,-30.0,Mild
2,8.6,5.5,3.0,7,24.67,89.65,-30.0,Mild
2,8.6,5.5,3.0,18,31.17,88.75,-30.0,Mild
2,8.6,5.5,3.0,1,28.58,85.1,-30.0,Mild
2,8.6,5.5,3.0,2,30.92,93.44,-30.0,Mild
2,8.6,5.5,3.0,19,31.5,89.9,-30.0,Mild
2,8.6,5.5,3.0,14,26.5,98.54,-30.0,Mild
2,8.6,5.5,3.0,10,25.17,100.0,-30.0,Mild
2,8.6,5.5,3.0,5,19.75,78.15,-30.0,Mild
2,8.6,5.5,3.0,12,23.08,88.46,-30.0,Mild
2,8.6,5.5,3.0,3,21.08,92.17,-30.0,Mild
2,8.6,5.5,3.0,20,38.83,98.96,-30.0,Mild
2,8.6,5.5,3.0,10,27.42,97.92,-30.0,Mild
2,8.6,5.5,3.0,1,25.08,100.0,-30.0,Mild
2,8.6,5.5,3.0,17,28.83,100.0,-30.0,Mild
2,8.6,5.5,3.0,3,29.17,100.0,-30.0,Mild
2,8.6,5.5,3.0,9,35.0,100.0,-30.0,Mild
2,8.6,5.5,3.0,6,23.33,97.64,-30.0,Mild
2,8.6,5.5,3.0,5,29.25,100.0,-30.0,Mild
2,8.6,5.5,3.0,18,37.08,100.0,-30.0,Mild
2,8.2,5.5,3.0,19,30.08,100.0,-30.0,Moderate
2,8.2,5.5,3.0,13,24.92,99.89,-30.0,Moderate
2,8.6,5.5,3.0,14,33.92,100.0,-30.0,Mild
2,7.4,5.5,3.0,0,18.0,100.0,-30.0,Critical
2,8.2,5.5,3.0,7,28.42,96.39,-30.0,Moderate
2,8.6,5.5,3.0,12,34.83,100.0,-30.0,Mild
2,8.6,5.5,3.0,8,24.58,99.44,-30.0,Mild
2,8.6,5.5,3.0,15,29.25,100.0,-30.0,Mild
2,8.6,5.5,3.0,11,29.83,100.0,-30.0,Mild
2,8.2,5.5,3.0,21,29.42,97.91,-30.0,Moderate
2,8.6,5.5,3.0,4,23.83,98.44,-30.0,Mild
2,8.6,5.5,3.0,2,29.08,100.0,-30.0,Mild
2,8.6,5.5,3.0,16,26.58,100.0,-30.0,Mild
1,9.0,5.5,3.0,3,42.17,83.54,-30.0,Subclinical
1,8.6,5.5,3.0,9,21.67,86.67,-30.0,Mild
1,9.0,5.5,3.0,6,48.42,87.5,-30.0,Subclinical
1,9.0,5.5,3.0,2,42.0,86.56,-30.0,Subclinical
1,7.0,5.5,3.0,19,18.0,0.83,-30.0,Critical
1,9.0,5.5,3.0,8,45.83,88.96,-30.0,Subclinical
1,9.0,5.5,3.0,1,41.83,96.77,-30.0,Subclinical
1,9.0,5.5,3.0,4,47.08,87.71,-30.0,Subclinical
1,7.4,5.5,3.0,16,18.0,0.07,-30.0,Critical
1,9.0,5.5,3.0,7,47.83,89.27,-30.0,Subclinical
1,7.4,5.5,3.0,20,18.0,0.07,-30.0,Critical
1,9.0,5.5,3.0,5,41.25,85.52,-30.0,Subclinical
1,7.4,5.5,3.0,18,18.0,0.03,-30.0,Critical
1,8.6,5.5,3.0,7,20.25,81.64,-30.0,Mild
1,8.6,5.5,3.0,14,29.83,99.59,-30.0,Mild
1,8.6,5.5,3.0,13,19.33,90.33,-30.0,Mild
1,8.6,5.5,3.0,12,20.58,89.98,-30.0,Mild
1,8.6,5.5,3.0,3,23.42,86.49,-30.0,Mild
1,8.6,5.5,3.0,17,11.67,56.57,-30.0,Mild
1,8.6,5.5,3.0,16,24.75,99.07,-30.0,Mild
1,7.8,5.5,3.0,0,18.0,100.0,-30.0,Critical
1,8.6,5.5,3.0,11,14.42,74.53,-30.0,Mild
1,8.6,5.5,3.0,15,26.75,100.0,-30.0,Mild
1,8.6,5.5,3.0,10,29.25,100.0,-30.0,Mild
1,8.6,5.5,3.0,6,20.25,82.19,-30.0,Mild
1,8.6,5.5,3.0,8,19.92,85.88,-30.0,Mild
1,8.6,5.5,3.0,9,19.25,85.0,-30.0,Mild
1,8.6,5.5,3.0,4,21.58,83.26,-30.0,Mild
1,9.0,5.5,3.0,1,23.58,93.11,-30.0,Subclinical
1,8.6,5.5,3.0,2,18.5,82.63,-30.0,Mild
1,8.6,5.5,3.0,5,27.25,96.09,-30.0,Mild
2,7.8,5.5,3.0,0,18.0,100.0,-30.0,Critical
2,8.2,5.5,3.0,10,24.0,98.41,-30.0,Moderate
2,8.6,5.5,3.0,9,25.75,100.0,-30.0,Mild
2,8.2,5.5,3.0,4,25.33,94.78,-30.0,Moderate
2,8.2,5.5,3.0,11,29.83,97.61,-30.0,Moderate
2,8.6,5.5,3.0,20,26.08,100.0,-30.0,Mild
2,8.6,5.5,3.0,3,30.08,98.38,-30.0,Mild
2,8.2,5.5,3.0,12,24.08,94.04,-30.0,Moderate
2,8.6,5.5,3.0,1,26.42,97.0,-30.0,Mild
2,8.2,5.5,3.0,6,25.92,94.27,-30.0,Moderate
2,8.2,5.5,3.0,14,20.83,87.4,-30.0,Moderate
2,8.2,5.5,3.0,2,23.92,91.66,-30.0,Moderate
2,8.6,5.5,3.0,13,37.17,99.34,-30.0,Mild
2,8.2,5.5,3.0,16,27.25,100.0,-30.0,Moderate
2,8.6,5.5,3.0,7,32.25,96.57,-30.0,Mild
2,8.6,5.5,3.0,17,26.0,99.04,-30.0,Mild
2,8.6,5.5,3.0,18,24.92,99.89,-30.0,Mild
2,8.6,5.5,3.0,5,26.25,99.23,-30.0,Mild
2,8.2,5.5,3.0,15,27.5,96.37,-30.0,Moderate
2,8.2,5.5,3.0,8,31.42,97.0,-30.0,Moderate
2,8.6,5.5,3.0,19,21.58,95.44,-30.0,Mild
2,8.2,5.5,3.0,21,25.25,100.0,-30.0,Moderate
1,9.0,5.5,3.0,8,31.25,100.0,-30.0,Subclinical
1,9.0,5.5,3.0,11,43.83,96.04,-30.0,Subclinical
1,9.0,5.5,3.0,12,38.08,98.47,-30.0,Subclinical
1,9.0,5.5,3.0,4,33.08,99.51,-30.0,Subclinical
1,8.6,5.5,3.0,13,38.17,100.0,-30.0,Mild
1,7.8,5.5,3.0,0,18.0,100.0,-30.0,Critical
1,8.6,5.5,3.0,16,36.0,100.0,-30.0,Mild
1,9.0,5.5,3.0,1,33.08,98.47,-30.0,Subclinical
1,8.6,5.5,3.0,20,32.42,95.28,-30.0,Mild
1,9.0,5.5,3.0,3,33.92,100.0,-30.0,Subclinical
1,9.0,5.5,3.0,18,38.08,99.86,-30.0,Subclinical
1,9.0,5.5,3.0,2,35.5,94.03,-30.0,Subclinical
1,9.0,5.5,3.0,9,33.42,98.12,-30.0,Subclinical
1,9.0,5.5,3.0,10,34.67,99.79,-30.0,Subclinical
1,9.0,5.5,3.0,14,34.0,92.92,-30.0,Subclinical
1,9.0,5.5,3.0,6,39.0,96.11,-30.0,Subclinical
1,8.6,5.5,3.0,19,35.83,100.0,-30.0,Mild
1,8.6,5.5,3.0,21,34.67,100.0,-30.0,Mild
1,9.0,5.5,3.0,17,30.25,98.12,-30.0,Subclinical
1,8.6,5.5,3.0,15,29.67,98.68,-30.0,Mild
1,9.0,5.5,3.0,7,32.25,94.58,-30.0,Subclinical
1,9.0,5.5,3.0,5,32.0,99.1,-30.0,Subclinical
2,8.2,5.5,3.0,5,27.17,85.79,-30.0,Moderate
2,8.2,5.5,3.0,12,32.42,84.5,-30.0,Moderate
2,8.2,5.5,3.0,8,34.58,96.01,-30.0,Moderate
2,8.2,5.5,3.0,20,34.25,95.86,-30.0,Moderate
2,8.2,5.5,3.0,9,39.25,90.31,-30.0,Moderate
2,8.2,5.5,3.0,17,38.67,91.81,-30.0,Moderate
2,8.2,5.5,3.0,3,34.25,93.02,-30.0,Moderate
2,8.2,5.5,3.0,6,33.0,91.17,-30.0,Moderate
2,8.2,5.5,3.0,10,31.58,87.66,-30.0,Moderate
2,8.2,5.5,3.0,19,31.42,95.51,-30.0,Moderate
2,8.2,5.5,3.0,16,26.42,88.4,-30.0,Moderate
2,8.2,5.5,3.0,11,28.25,89.57,-30.0,Moderate
2,8.2,5.5,3.0,1,28.17,92.27,-30.0,Moderate
2,8.2,5.5,3.0,13,32.58,92.11,-30.0,Moderate
2,8.2,5.5,3.0,14,33.17,89.46,-30.0,Moderate
2,8.2,5.5,3.0,15,32.33,86.29,-30.0,Moderate
2,8.2,5.5,3.0,21,30.67,85.94,-30.0,Moderate
2,8.2,5.5,3.0,2,27.5,88.97,-30.0,Moderate
2,8.2,5.5,3.0,7,34.5,90.86,-30.0,Moderate
2,7.8,5.5,3.0,0,18.0,100.0,-30.0,Critical
2,8.2,5.5,3.0,4,30.83,88.11,-30.0,Moderate
2,8.2,5.5,3.0,18,28.67,85.41,-30.0,Moderate
2,8.2,5.5,3.0,3,26.08,94.04,-30.0,Moderate
2,8.2,5.5,3.0,15,24.0,98.67,-30.0,Moderate
2,8.6,5.5,3.0,2,28.83,100.0,-30.0,Mild
2,8.2,5.5,3.0,8,32.33,100.0,-30.0,Moderate
2,8.2,5.5,3.0,5,26.67,100.0,-30.0,Moderate
2,8.2,5.5,3.0,4,28.5,97.76,-30.0,Moderate
2,7.4,5.5,3.0,0,18.0,100.0,-30.0,Critical
2,8.6,5.5,3.0,16,28.5,100.0,-30.0,Mild
2,8.2,5.5,3.0,6,20.83,94.44,-30.0,Moderate
2,8.2,5.5,3.0,11,30.92,100.0,-30.0,Moderate
2,8.2,5.5,3.0,14,23.17,97.56,-30.0,Moderate
2,8.6,5.5,3.0,17,24.67,95.04,-30.0,Mild
2,8.2,5.5,3.0,18,22.42,95.38,-30.0,Moderate
2,8.6,5.5,3.0,7,25.83,100.0,-30.0,Mild
2,8.6,5.5,3.0,1,24.58,99.44,-30.0,Mild
2,8.6,5.5,3.0,21,27.17,100.0,-30.0,Mild
2,8.2,5.5,3.0,9,25.58,100.0,-30.0,Moderate
2,8.6,5.5,3.0,20,34.83,99.58,-30.0,Mild
2,8.2,5.5,3.0,13,28.5,100.0,-30.0,Moderate
2,8.6,5.5,3.0,10,31.58,100.0,-30.0,Mild
2,8.2,5.5,3.0,12,28.83,100.0,-30.0,Moderate
2,8.2,5.5,3.0,19,27.33,96.54,-30.0,Moderate
2,8.2,5.5,3.0,21,33.83,94.58,-30.0,Moderate
2,8.2,5.5,3.0,18,39.92,89.2,-30.0,Moderate
2,8.2,5.5,3.0,9,28.83,91.88,-30.0,Moderate
2,8.2,5.5,3.0,13,33.17,88.2,-30.0,Moderate
2,8.6,5.5,3.0,14,39.5,93.98,-30.0,Mild
2,8.2,5.5,3.0,17,33.92,84.83,-30.0,Moderate
2,8.2,5.5,3.0,5,32.5,89.82,-30.0,Moderate
2,8.2,5.5,3.0,15,36.33,92.13,-30.0,Moderate
2,8.2,5.5,3.0,19,37.92,93.6,-30.0,Moderate
2,8.2,5.5,3.0,11,27.58,88.93,-30.0,Moderate
2,8.6,5.5,3.0,8,32.5,91.61,-30.0,Mild
2,8.6,5.5,3.0,7,30.67,96.0,-30.0,Mild
2,8.6,5.5,3.0,1,29.08,100.0,-30.0,Mild
2,8.6,5.5,3.0,10,29.92,92.88,-30.0,Mild
2,8.6,5.5,3.0,16,39.33,91.44,-30.0,Mild
2,7.4,5.5,3.0,0,18.0,100.0,-30.0,Critical
2,8.2,5.5,3.0,3,29.75,85.81,-30.0,Moderate
2,8.6,5.5,3.0,2,33.33,93.18,-30.0,Mild
2,8.6,5.5,3.0,20,39.83,99.54,-30.0,Mild
2,8.2,5.5,3.0,12,31.5,87.8,-30.0,Moderate
2,8.2,5.5,3.0,4,36.25,91.86,-30.0,Moderate
2,8.6,5.5,3.0,6,35.83,97.64,-30.0,Mild
1,9.0,5.5,3.0,2,47.08,84.06,-30.0,Subclinical
1,9.0,5.5,3.0,6,40.75,89.9,-30.0,Subclinical
1,9.0,5.5,3.0,8,46.33,91.67,-30.0,Subclinical
1,9.0,5.5,3.0,11,22.75,91.0,-30.0,Subclinical
1,9.0,5.5,3.0,3,37.92,97.6,-30.0,Subclinical
1,9.0,5.5,3.0,10,40.33,89.69,-30.0,Subclinical
1,9.0,5.5,3.0,9,45.08,82.19,-30.0,Subclinical
1,7.8,5.5,3.0,0,18.0,100.0,-30.0,Critical
1,9.0,5.5,3.0,5,41.17,79.17,-30.0,Subclinical
1,9.0,5.5,3.0,1,49.08,87.81,-30.0,Subclinical
1,9.0,5.5,3.0,4,44.33,86.25,-30.0,Subclinical
1,9.0,5.5,3.0,7,47.5,83.85,-30.0,Subclinical
1,8.6,5.5,3.0,19,21.83,84.52,-30.0,Mild
1,8.6,5.5,3.0,21,26.42,89.96,-30.0,Mild
1,7.8,5.5,3.0,0,18.0,100.0,-30.0,Critical
1,9.0,5.5,3.0,1,28.17,100.0,-30.0,Subclinical
1,9.0,5.5,3.0,2,15.17,77.31,-30.0,Subclinical
1,8.6,5.5,3.0,15,19.42,76.26,-30.0,Mild
1,8.6,5.5,3.0,20,21.83,85.51,-30.0,Mild
1,8.6,5.5,3.0,18,35.92,87.34,-30.0,Mild
1,9.0,5.5,3.0,17,38.83,100.0,-30.0,Subclinical
1,9.0,5.5,3.0,16,30.92,100.0,-30.0,Subclinical
1,7.0,5.5,3.0,14,18.0,4.4,-30.0,Critical
2,8.6,5.5,3.0,10,28.08,100.0,-30.0,Mild
2,8.2,5.5,3.0,8,36.08,100.0,-30.0,Moderate
2,8.2,5.5,3.0,6,32.42,100.0,-30.0,Moderate
2,7.4,5.5,3.0,0,18.0,100.0,-30.0,Critical
2,8.2,5.5,3.0,19,35.08,89.01,-30.0,Moderate
2,8.2,5.5,3.0,18,34.83,92.01,-30.0,Moderate
2,8.2,5.5,3.0,9,31.67,100.0,-30.0,Moderate
2,8.2,5.5,3.0,3,21.08,94.78,-30.0,Moderate
2,8.2,5.5,3.0,16,35.67,89.32,-30.0,Moderate
2,8.2,5.5,3.0,4,33.17,100.0,-30.0,Moderate
2,8.6,5.5,3.0,1,25.33,100.0,-30.0,Mild
2,8.6,5.5,3.0,5,30.42,100.0,-30.0,Mild
2,8.2,5.5,3.0,11,27.67,97.98,-30.0,Moderate
2,8.2,5.5,3.0,15,34.67,95.78,-30.0,Moderate
2,8.2,5.5,3.0,20,29.83,89.79,-30.0,Moderate
2,8.2,5.5,3.0,14,29.42,88.43,-30.0,Moderate
2,8.6,5.5,3.0,2,32.42,99.51,-30.0,Mild
2,8.2,5.5,3.0,21,33.83,94.64,-30.0,Moderate
2,8.2,5.5,3.0,17,34.17,91.12,-30.0,Moderate
2,8.6,5.5,3.0,13,26.83,93.58,-30.0,Mild
2,8.2,5.5,3.0,7,33.17,100.0,-30.0,Moderate
2,8.2,5.5,3.0,12,37.17,98.7,-30.0,Moderate
2,8.6,5.5,3.0,19,44.75,72.21,-30.0,Mild
2,8.2,5.5,3.0,5,38.67,100.0,-30.0,Moderate
2,8.2,5.5,3.0,14,37.75,100.0,-30.0,Moderate
2,8.2,5.5,3.0,8,30.25,100.0,-30.0,Moderate
2,8.6,5.5,3.0,20,34.83,100.0,-30.0,Mild
2,8.2,5.5,3.0,12,34.83,94.29,-30.0,Moderate
2,8.6,5.5,3.0,17,48.5,70.44,-30.0,Mild
2,8.2,5.5,3.0,6,32.17,96.21,-30.0,Moderate
2,8.2,5.5,3.0,9,37.42,96.71,-30.0,Moderate
2,7.4,5.5,3.0,0,18.0,100.0,-30.0,Critical
2,8.2,5.5,3.0,7,33.75,100.0,-30.0,Moderate
2,8.6,5.5,3.0,4,35.67,100.0,-30.0,Mild
2,8.2,5.5,3.0,13,35.92,99.67,-30.0,Moderate
2,8.2,5.5,3.0,2,31.83,100.0,-30.0,Moderate
2,8.2,5.5,3.0,10,36.42,100.0,-30.0,Moderate
2,8.6,5.5,3.0,16,42.67,100.0,-30.0,Mild
2,8.2,5.5,3.0,3,30.75,100.0,-30.0,Moderate
2,8.6,5.5,3.0,21,50.58,100.0,-30.0,Mild
2,8.6,5.5,3.0,18,47.58,80.71,-30.0,Mild
2,8.2,5.5,3.0,1,25.83,100.0,-30.0,Moderate
2,8.2,5.5,3.0,11,34.25,100.0,-30.0,Moderate
2,8.6,5.5,3.0,15,40.92,100.0,-30.0,Mild
1,8.2,5.5,3.0,4,18.0,25.07,-30.0,Moderate
1,9.0,5.5,3.0,5,18.0,100.0,-30.0,Subclinical
2,8.6,5.5,3.0,3,18.0,100.0,-30.0,Mild
2,8.6,5.5,3.0,7,18.0,92.63,-30.0,Mild
2,8.6,5.5,3.0,9,18.0,86.3,-30.0,Mild
2,8.2,5.5,3.0,15,18.0,75.17,-30.0,Moderate
2,8.2,5.5,3.0,20,18.0,89.27,-30.0,Moderate
2,8.2,5.5,3.0,10,18.0,69.47,-30.0,Moderate
2,8.2,5.5,3.0,18,18.0,75.43,-30.0,Moderate
2,8.6,5.5,3.0,8,18.0,90.6,-30.0,Mild
2,8.2,5.5,3.0,17,18.0,64.5,-30.0,Moderate
2,8.2,5.5,3.0,21,18.0,76.63,-30.0,Moderate
2,8.2,5.5,3.0,2,18.0,100.0,-30.0,Moderate
2,8.6,5.5,3.0,6,18.0,100.0,-30.0,Mild
2,8.2,5.5,3.0,16,18.0,89.77,-30.0,Moderate
2,7.4,5.5,3.0,0,18.0,100.0,-30.0,Critical
2,8.6,5.5,3.0,11,18.0,84.63,-30.0,Mild
2,8.2,5.5,3.0,14,18.0,72.73,-30.0,Moderate
2,8.2,5.5,3.0,13,18.0,69.5,-30.0,Moderate
2,8.2,5.5,3.0,5,18.0,92.6,-30.0,Moderate
2,8.2,5.5,3.0,12,18.0,74.53,-30.0,Moderate
2,8.2,5.5,3.0,19,18.0,90.73,-30.0,Moderate
2,8.6,5.5,3.0,4,18.0,100.0,-30.0,Mild
2,8.2,5.5,3.0,1,18.0,100.0,-30.0,Moderate
1,9.0,5.5,3.0,18,37.92,99.29,-30.0,Subclinical
1,8.6,5.5,3.0,30,36.83,89.11,-30.0,Mild
1,8.6,5.5,3.0,30,32.67,85.97,-30.0,Mild
1,7.8,5.5,3.0,0,18.0,100.0,-30.0,Critical
1,8.6,5.5,3.0,30,36.58,93.18,-30.0,Mild
1,8.6,5.5,3.0,30,30.33,85.88,-30.0,Mild
1,8.6,5.5,3.0,14,28.42,90.47,-30.0,Mild
1,8.6,5.5,3.0,11,33.58,87.64,-30.0,Mild
1,9.0,5.5,3.0,21,36.25,97.99,-30.0,Subclinical
1,8.6,5.5,3.0,30,35.08,92.66,-30.0,Mild
1,8.6,5.5,3.0,30,18.0,100.0,-30.0,Mild
1,8.6,5.5,3.0,30,37.33,89.41,-30.0,Mild
1,8.6,5.5,3.0,30,39.42,89.32,-30.0,Mild
1,9.0,5.5,3.0,3,39.0,98.17,-30.0,Subclinical
1,8.6,5.5,3.0,30,34.67,87.47,-30.0,Mild
1,8.6,5.5,3.0,20,32.75,96.64,-30.0,Mild
1,8.6,5.5,3.0,8,31.58,96.4,-30.0,Mild
1,8.6,5.5,3.0,30,40.08,87.76,-30.0,Mild
1,8.6,5.5,3.0,30,37.75,85.24,-30.0,Mild
1,8.6,5.5,3.0,15,30.33,100.0,-30.0,Mild
1,8.6,5.5,3.0,19,25.33,92.12,-30.0,Mild
1,8.6,5.5,3.0,7,37.25,98.32,-30.0,Mild
1,8.6,5.5,3.0,30,36.25,88.39,-30.0,Mild
1,8.6,5.5,3.0,30,44.08,89.71,-30.0,Mild
1,8.6,5.5,3.0,30,35.67,84.9,-30.0,Mild
1,8.6,5.5,3.0,30,33.0,84.64,-30.0,Mild
1,9.0,5.5,3.0,4,37.08,100.0,-30.0,Subclinical
1,8.6,5.5,3.0,10,27.5,87.01,-30.0,Mild
1,9.0,5.5,3.0,2,36.75,100.0,-30.0,Subclinical
1,8.6,5.5,3.0,12,26.75,84.48,-30.0,Mild
1,8.6,5.5,3.0,30,37.17,88.7,-30.0,Mild
1,8.6,5.5,3.0,30,43.08,92.26,-30.0,Mild
1,8.6,5.5,3.0,5,32.42,90.5,-30.0,Mild
1,8.6,5.5,3.0,30,41.75,90.66,-30.0,Mild
1,9.0,5.5,3.0,1,26.58,100.0,-30.0,Subclinical
1,8.6,5.5,3.0,17,33.33,94.07,-30.0,Mild
1,8.6,5.5,3.0,30,33.75,87.89,-30.0,Mild
1,8.6,5.5,3.0,30,34.08,89.0,-30.0,Mild
1,8.6,5.5,3.0,6,32.42,90.2,-30.0,Mild
1,8.6,5.5,3.0,16,34.0,90.46,-30.0,Mild
1,8.6,5.5,3.0,9,34.92,88.39,-30.0,Mild
1,8.6,5.5,3.0,13,31.33,88.71,-30.0,Mild
1,8.6,5.5,3.0,30,37.17,92.36,-30.0,Mild
1,8.6,5.5,3.0,30,36.92,91.26,-30.0,Mild
2,8.2,5.5,3.0,1,32.08,100.0,-30.0,Moderate
2,8.2,5.5,3.0,14,21.0,94.67,-30.0,Moderate
2,8.2,5.5,3.0,2,20.25,93.67,-30.0,Moderate
2,8.2,5.5,3.0,4,19.75,90.22,-30.0,Moderate
2,8.2,5.5,3.0,12,29.58,100.0,-30.0,Moderate
2,8.2,5.5,3.0,10,25.92,98.83,-30.0,Moderate
2,8.2,5.5,3.0,20,20.58,94.11,-30.0,Moderate
2,8.2,5.5,3.0,17,12.67,67.04,-30.0,Moderate
2,8.2,5.5,3.0,9,24.42,99.22,-30.0,Moderate
2,8.2,5.5,3.0,8,26.17,100.0,-30.0,Moderate
2,7.4,5.5,3.0,0,18.0,100.0,-30.0,Critical
2,8.2,5.5,3.0,7,26.25,100.0,-30.0,Moderate
2,8.2,5.5,3.0,18,30.83,100.0,-30.0,Moderate
2,8.2,5.5,3.0,11,32.75,100.0,-30.0,Moderate
2,8.2,5.5,3.0,21,18.92,90.43,-30.0,Moderate
2,8.2,5.5,3.0,19,25.33,99.3,-30.0,Moderate
2,8.2,5.5,3.0,15,36.25,97.71,-30.0,Moderate
2,8.2,5.5,3.0,13,28.83,100.0,-30.0,Moderate
2,8.2,5.5,3.0,5,21.0,91.83,-30.0,Moderate
2,8.2,5.5,3.0,6,23.83,94.4,-30.0,Moderate
2,8.2,5.5,3.0,16,22.58,96.78,-30.0,Moderate
2,8.2,5.5,3.0,3,28.58,100.0,-30.0,Moderate
2,8.2,5.5,3.0,16,24.17,84.61,-30.0,Moderate
2,8.2,5.5,3.0,7,29.92,91.79,-30.0,Moderate
2,8.2,5.5,3.0,8,23.58,80.28,-30.0,Moderate
2,7.4,5.5,3.0,0,18.0,100.0,-30.0,Critical
2,8.2,5.5,3.0,12,22.83,80.54,-30.0,Moderate
2,8.2,5.5,3.0,19,30.25,100.0,-30.0,Moderate
2,8.2,5.5,3.0,13,26.17,90.91,-30.0,Moderate
2,8.2,5.5,3.0,15,27.08,85.51,-30.0,Moderate
2,8.2,5.5,3.0,11,25.75,87.92,-30.0,Moderate
2,8.2,5.5,3.0,1,24.42,86.13,-30.0,Moderate
2,8.2,5.5,3.0,5,21.75,79.52,-30.0,Moderate
2,8.2,5.5,3.0,3,25.17,85.02,-30.0,Moderate
2,8.2,5.5,3.0,10,26.33,84.83,-30.0,Moderate
2,8.2,5.5,3.0,9,26.33,85.47,-30.0,Moderate
2,8.2,5.5,3.0,4,25.83,88.78,-30.0,Moderate
2,8.2,5.5,3.0,6,27.67,92.37,-30.0,Moderate
2,8.2,5.5,3.0,14,25.08,88.01,-30.0,Moderate
2,8.2,5.5,3.0,20,25.67,99.97,-30.0,Moderate
2,8.2,5.5,3.0,18,23.17,83.4,-30.0,Moderate
2,8.2,5.5,3.0,2,20.58,81.78,-30.0,Moderate
2,8.2,5.5,3.0,17,20.83,77.87,-30.0,Moderate
2,8.2,5.5,3.0,21,28.0,100.0,-30.0,Moderate
1,7.8,5.5,3.0,2,11.83,37.3,-30.0,Critical
1,7.0,5.5,3.0,19,18.0,0.07,-30.0,Critical
1,8.2,5.5,3.0,0,18.0,100.0,-30.0,Moderate
1,7.4,5.5,3.0,10,18.0,0.03,-30.0,Critical
1,7.4,5.5,3.0,12,18.0,0.03,-30.0,Critical
1,7.4,5.5,3.0,15,18.0,0.03,-30.0,Critical
1,9.0,5.5,3.0,1,26.0,98.56,-30.0,Subclinical
1,7.4,5.5,3.0,21,18.0,0.13,-30.0,Critical
1,7.4,5.5,3.0,16,18.0,0.2,-30.0,Critical
1,7.4,5.5,3.0,14,18.0,0.13,-30.0,Critical
1,7.4,5.5,3.0,20,18.0,0.13,-30.0,Critical
2,8.6,5.5,3.0,4,37.08,100.0,-30.0,Mild
2,8.6,5.5,3.0,1,49.92,98.75,-30.0,Mild
2,8.2,5.5,3.0,14,38.0,100.0,-30.0,Moderate
2,8.6,5.5,3.0,7,41.42,97.43,-30.0,Mild
2,8.6,5.5,3.0,20,18.0,100.0,-30.0,Mild
2,8.6,5.5,3.0,6,40.67,100.0,-30.0,Mild
2,8.6,5.5,3.0,8,42.08,100.0,-30.0,Mild
2,8.6,5.5,3.0,10,43.33,99.79,-30.0,Mild
2,8.2,5.5,3.0,13,38.75,99.58,-30.0,Moderate
2,8.6,5.5,3.0,16,18.0,100.0,-30.0,Mild
2,8.6,5.5,3.0,11,29.75,100.0,-30.0,Mild
2,8.2,5.5,3.0,12,43.33,100.0,-30.0,Moderate
2,8.6,5.5,3.0,5,27.58,100.0,-30.0,Mild
2,8.6,5.5,3.0,9,31.92,97.64,-30.0,Mild
2,8.6,5.5,3.0,3,28.92,100.0,-30.0,Mild
2,8.6,5.5,3.0,18,18.0,100.0,-30.0,Mild
2,8.6,5.5,3.0,19,18.0,100.0,-30.0,Mild
2,8.2,5.5,3.0,17,18.0,100.0,-30.0,Moderate
2,8.2,5.5,3.0,15,29.0,100.0,-30.0,Moderate
2,8.6,5.5,3.0,2,32.42,97.85,-30.0,Mild
2,8.2,5.5,3.0,9,25.5,91.5,-30.0,Moderate
2,8.6,5.5,3.0,18,18.0,79.84,-30.0,Mild
2,8.6,5.5,3.0,5,26.58,100.0,-30.0,Mild
2,8.6,5.5,3.0,2,23.17,91.93,-30.0,Mild
2,8.2,5.5,3.0,11,26.33,100.0,-30.0,Moderate
2,8.6,5.5,3.0,17,49.75,95.56,-30.0,Mild
2,8.6,5.5,3.0,19,44.08,100.0,-30.0,Mild
2,8.2,5.5,3.0,12,23.33,97.27,-30.0,Moderate
2,8.2,5.5,3.0,8,27.17,95.68,-30.0,Moderate
2,8.2,5.5,3.0,14,30.58,100.0,-30.0,Moderate
2,8.6,5.5,3.0,3,26.0,99.74,-30.0,Mild
2,8.2,5.5,3.0,6,27.0,100.0,-30.0,Moderate
2,8.2,5.5,3.0,13,28.67,100.0,-30.0,Moderate
2,8.2,5.5,3.0,15,27.58,100.0,-30.0,Moderate
2,8.6,5.5,3.0,1,26.25,95.4,-30.0,Mild
2,8.6,5.5,3.0,20,51.33,100.0,-30.0,Mild
2,8.2,5.5,3.0,16,28.17,98.11,-30.0,Moderate
2,7.4,5.5,3.0,0,18.0,100.0,-30.0,Critical
2,8.2,5.5,3.0,7,28.75,99.4,-30.0,Moderate
2,8.6,5.5,3.0,4,21.83,95.78,-30.0,Mild
2,8.2,5.5,3.0,10,27.08,93.37,-30.0,Moderate
2,8.6,5.5,3.0,21,48.58,100.0,-30.0,Mild
1,8.6,5.5,3.0,17,18.0,48.63,-30.0,Mild
1,9.0,5.5,3.0,1,18.0,100.0,-30.0,Subclinical
1,8.6,5.5,3.0,16,18.0,54.87,-30.0,Mild
1,8.2,5.5,3.0,14,18.0,28.63,-30.0,Moderate
1,8.6,5.5,3.0,4,18.0,90.27,-30.0,Mild
1,7.8,5.5,3.0,12,18.0,22.67,-30.0,Critical
1,9.0,5.5,3.0,2,18.0,100.0,-30.0,Subclinical
1,9.0,5.5,3.0,3,18.0,100.0,-30.0,Subclinical
1,8.2,5.5,3.0,0,18.0,100.0,-30.0,Moderate
1,9.0,5.5,3.0,6,18.0,100.0,-30.0,Subclinical
1,9.0,5.5,3.0,5,18.0,100.0,-30.0,Subclinical
1,7.8,5.5,3.0,13,18.0,20.57,-30.0,Critical
1,9.0,5.5,3.0,21,44.92,85.21,-30.0,Subclinical
1,9.0,5.5,3.0,19,18.0,67.63,-30.0,Subclinical
1,9.0,5.5,3.0,8,18.0,100.0,-30.0,Subclinical
1,8.6,5.5,3.0,11,18.0,54.9,-30.0,Mild
1,9.0,5.5,3.0,18,18.0,87.07,-30.0,Subclinical
1,9.0,5.5,3.0,7,18.0,100.0,-30.0,Subclinical
1,8.6,5.5,3.0,15,18.0,55.91,-30.0,Mild
1,8.2,5.5,3.0,9,23.5,47.67,-30.0,Moderate
1,8.6,5.5,3.0,20,18.0,90.23,-30.0,Mild
1,7.0,5.5,3.0,10,18.0,0.93,-30.0,Critical
2,8.2,5.5,3.0,5,33.58,86.92,-30.0,Moderate
2,8.6,5.5,3.0,18,28.67,92.19,-30.0,Mild
2,8.2,5.5,3.0,9,39.08,85.57,-30.0,Moderate
2,8.2,5.5,3.0,1,19.75,78.97,-30.0,Moderate
2,8.2,5.5,3.0,21,30.42,90.39,-30.0,Moderate
2,8.6,5.5,3.0,4,33.58,87.06,-30.0,Mild
2,8.6,5.5,3.0,17,32.92,89.29,-30.0,Mild
2,8.6,5.5,3.0,16,36.0,87.06,-30.0,Mild
2,8.6,5.5,3.0,8,36.5,91.43,-30.0,Mild
2,8.6,5.5,3.0,14,29.75,89.98,-30.0,Mild
2,8.6,5.5,3.0,15,34.92,86.62,-30.0,Mild
2,8.6,5.5,3.0,7,35.92,89.42,-30.0,Mild
2,8.6,5.5,3.0,20,38.92,88.6,-30.0,Mild
2,8.6,5.5,3.0,19,36.0,92.38,-30.0,Mild
2,8.6,5.5,3.0,11,32.92,91.81,-30.0,Mild
2,8.2,5.5,3.0,6,30.08,88.41,-30.0,Moderate
2,8.6,5.5,3.0,12,31.67,86.9,-30.0,Mild
2,7.4,5.5,3.0,0,18.0,100.0,-30.0,Critical
2,8.6,5.5,3.0,13,29.0,89.06,-30.0,Mild
2,8.2,5.5,3.0,2,26.67,89.82,-30.0,Moderate
2,8.2,5.5,3.0,10,32.5,85.83,-30.0,Moderate
2,8.6,5.5,3.0,3,35.83,89.46,-30.0,Mild
2,8.2,5.5,3.0,2,28.83,100.0,-30.0,Moderate
2,8.2,5.5,3.0,5,32.58,98.11,-30.0,Moderate
2,8.2,5.5,3.0,21,27.67,84.74,-30.0,Moderate
2,8.6,5.5,3.0,18,34.75,93.98,-30.0,Mild
2,8.2,5.5,3.0,11,37.75,89.16,-30.0,Moderate
2,8.2,5.5,3.0,17,33.42,86.84,-30.0,Moderate
2,8.6,5.5,3.0,20,34.83,94.72,-30.0,Mild
2,8.2,5.5,3.0,3,32.08,94.67,-30.0,Moderate
2,8.6,5.5,3.0,16,39.33,90.36,-30.0,Mild
2,8.6,5.5,3.0,19,39.08,90.99,-30.0,Mild
2,8.6,5.5,3.0,12,31.25,100.0,-30.0,Mild
2,8.2,5.5,3.0,7,29.92,88.23,-30.0,Moderate
2,8.2,5.5,3.0,10,30.25,91.97,-30.0,Moderate
2,8.2,5.5,3.0,4,31.67,94.86,-30.0,Moderate
2,8.2,5.5,3.0,6,36.92,90.16,-30.0,Moderate
2,8.2,5.5,3.0,14,37.42,93.61,-30.0,Moderate
2,7.4,5.5,3.0,0,18.0,100.0,-30.0,Critical
2,8.2,5.5,3.0,8,35.33,88.68,-30.0,Moderate
2,8.2,5.5,3.0,13,36.92,94.56,-30.0,Moderate
2,8.2,5.5,3.0,9,23.42,93.6,-30.0,Moderate
2,8.2,5.5,3.0,15,31.08,92.86,-30.0,Moderate
2,8.2,5.5,3.0,1,28.5,100.0,-30.0,Moderate
2,8.2,5.5,3.0,16,31.0,82.07,-30.0,Moderate
2,8.2,5.5,3.0,3,31.42,93.24,-30.0,Moderate
2,8.2,5.5,3.0,18,26.17,89.14,-30.0,Moderate
2,8.2,5.5,3.0,12,38.25,87.98,-30.0,Moderate
2,8.2,5.5,3.0,15,39.92,88.72,-30.0,Moderate
2,8.2,5.5,3.0,8,31.75,88.22,-30.0,Moderate
2,8.2,5.5,3.0,13,35.5,85.88,-30.0,Moderate
2,7.4,5.5,3.0,0,18.0,100.0,-30.0,Critical
2,8.2,5.5,3.0,17,36.0,84.76,-30.0,Moderate
2,8.2,5.5,3.0,10,27.92,87.7,-30.0,Moderate
2,8.2,5.5,3.0,9,38.25,87.59,-30.0,Moderate
2,8.2,5.5,3.0,1,32.83,93.34,-30.0,Moderate
2,8.2,5.5,3.0,19,39.0,85.54,-30.0,Moderate
2,8.2,5.5,3.0,11,31.83,83.96,-30.0,Moderate
2,8.2,5.5,3.0,21,37.75,86.99,-30.0,Moderate
2,8.2,5.5,3.0,7,38.0,91.66,-30.0,Moderate
2,8.2,5.5,3.0,2,34.0,93.77,-30.0,Moderate
2,8.2,5.5,3.0,6,30.0,88.47,-30.0,Moderate
2,8.2,5.5,3.0,4,36.25,100.0,-30.0,Moderate
2,8.2,5.5,3.0,14,34.58,85.27,-30.0,Moderate
2,8.2,5.5,3.0,20,34.58,82.74,-30.0,Moderate
2,8.2,5.5,3.0,5,30.58,84.69,-30.0,Moderate
1,9.0,5.5,3.0,4,39.75,98.82,-30.0,Subclinical
1,9.0,5.5,3.0,9,38.83,100.0,-30.0,Subclinical
1,9.0,5.5,3.0,8,42.58,99.1,-30.0,Subclinical
1,9.0,5.5,3.0,3,48.33,100.0,-30.0,Subclinical
1,9.0,5.5,3.0,2,42.25,100.0,-30.0,Subclinical
1,8.6,5.5,3.0,7,39.42,100.0,-30.0,Mild
1,7.8,5.5,3.0,0,18.0,100.0,-30.0,Critical
1,9.0,5.5,3.0,11,23.5,84.88,-30.0,Subclinical
1,9.0,5.5,3.0,6,41.75,100.0,-30.0,Subclinical
1,9.0,5.5,3.0,10,45.67,100.0,-30.0,Subclinical
1,9.0,5.5,3.0,1,43.5,90.28,-30.0,Subclinical
1,9.0,5.5,3.0,5,38.17,100.0,-30.0,Subclinical
1,9.0,5.5,3.0,2,44.83,100.0,-30.0,Subclinical
1,9.0,5.5,3.0,5,37.75,100.0,-30.0,Subclinical
1,9.0,5.5,3.0,9,36.83,81.25,-30.0,Subclinical
1,9.0,5.5,3.0,8,44.75,100.0,-30.0,Subclinical
1,9.0,5.5,3.0,7,46.25,100.0,-30.0,Subclinical
1,9.0,5.5,3.0,15,44.25,100.0,-30.0,Subclinical
1,9.0,5.5,3.0,1,47.67,100.0,-30.0,Subclinical
1,9.0,5.5,3.0,4,32.08,100.0,-30.0,Subclinical
1,9.0,5.5,3.0,12,41.08,100.0,-30.0,Subclinical
1,9.0,5.5,3.0,14,37.08,100.0,-30.0,Subclinical
1,9.0,5.5,3.0,6,41.08,100.0,-30.0,Subclinical
1,9.0,5.5,3.0,11,35.33,100.0,-30.0,Subclinical
1,9.0,5.5,3.0,3,40.33,100.0,-30.0,Subclinical
1,9.0,5.5,3.0,13,42.75,100.0,-30.0,Subclinical
1,9.0,5.5,3.0,16,41.25,96.98,-30.0,Subclinical
1,9.0,5.5,3.0,10,38.5,100.0,-30.0,Subclinical
1,9.0,5.5,3.0,17,37.42,88.85,-30.0,Subclinical
2,8.2,5.5,3.0,5,33.33,94.93,-30.0,Moderate
2,8.2,5.5,3.0,13,33.42,96.69,-30.0,Moderate
2,8.2,5.5,3.0,18,27.17,90.41,-30.0,Moderate
2,8.2,5.5,3.0,19,37.42,97.17,-30.0,Moderate
2,8.2,5.5,3.0,16,33.67,97.56,-30.0,Moderate
2,8.6,5.5,3.0,20,36.75,97.22,-30.0,Mild
2,8.6,5.5,3.0,1,31.83,96.18,-30.0,Mild
2,8.2,5.5,3.0,3,32.08,94.86,-30.0,Moderate
2,8.6,5.5,3.0,14,33.75,99.67,-30.0,Mild
2,8.2,5.5,3.0,7,29.33,100.0,-30.0,Moderate
2,8.2,5.5,3.0,10,33.25,97.59,-30.0,Moderate
2,8.2,5.5,3.0,15,30.58,97.53,-30.0,Moderate
2,8.2,5.5,3.0,12,31.58,100.0,-30.0,Moderate
2,8.2,5.5,3.0,4,29.92,96.08,-30.0,Moderate
2,8.2,5.5,3.0,2,31.42,97.98,-30.0,Moderate
2,8.2,5.5,3.0,21,36.92,99.24,-30.0,Moderate
2,8.2,5.5,3.0,9,30.83,97.85,-30.0,Moderate
2,7.4,5.5,3.0,0,18.0,100.0,-30.0,Critical
2,8.2,5.5,3.0,8,29.0,99.9,-30.0,Moderate
2,8.2,5.5,3.0,11,29.33,96.33,-30.0,Moderate
2,8.6,5.5,3.0,17,36.83,96.32,-30.0,Mild
2,8.2,5.5,3.0,6,36.33,100.0,-30.0,Moderate
2,8.2,5.5,3.0,18,30.17,88.99,-30.0,Moderate
2,8.2,5.5,3.0,2,36.75,93.99,-30.0,Moderate
2,8.2,5.5,3.0,14,21.92,83.94,-30.0,Moderate
2,8.2,5.5,3.0,19,28.58,92.44,-30.0,Moderate
2,8.2,5.5,3.0,3,35.75,92.69,-30.0,Moderate
2,8.2,5.5,3.0,12,30.17,100.0,-30.0,Moderate
2,8.2,5.5,3.0,10,27.5,91.37,-30.0,Moderate
2,8.2,5.5,3.0,6,32.67,90.43,-30.0,Moderate
2,8.2,5.5,3.0,17,26.58,92.28,-30.0,Moderate
2,8.2,5.5,3.0,21,27.92,88.74,-30.0,Moderate
2,8.2,5.5,3.0,1,37.5,96.48,-30.0,Moderate
2,8.2,5.5,3.0,13,26.42,92.09,-30.0,Moderate
2,8.2,5.5,3.0,11,26.5,94.01,-30.0,Moderate
2,8.2,5.5,3.0,9,27.67,92.61,-30.0,Moderate
2,8.2,5.5,3.0,4,37.42,95.42,-30.0,Moderate
2,7.4,5.5,3.0,0,18.0,100.0,-30.0,Critical
2,8.2,5.5,3.0,15,26.25,91.34,-30.0,Moderate
2,8.2,5.5,3.0,7,31.08,92.41,-30.0,Moderate
2,8.2,5.5,3.0,16,22.75,93.93,-30.0,Moderate
2,8.2,5.5,3.0,8,30.67,90.51,-30.0,Moderate
2,8.2,5.5,3.0,20,23.08,91.31,-30.0,Moderate
2,8.2,5.5,3.0,5,32.58,92.27,-30.0,Moderate
2,8.2,5.5,3.0,10,23.83,93.38,-30.0,Moderate
2,8.6,5.5,3.0,6,21.42,95.22,-30.0,Mild
2,8.6,5.5,3.0,16,24.83,93.6,-30.0,Mild
2,8.2,5.5,3.0,9,15.75,87.67,-30.0,Moderate
2,8.6,5.5,3.0,14,32.25,93.4,-30.0,Mild
2,8.6,5.5,3.0,12,29.92,100.0,-30.0,Mild
2,8.6,5.5,3.0,19,18.67,82.53,-30.0,Mild
2,8.6,5.5,3.0,20,26.5,99.24,-30.0,Mild
2,8.6,5.5,3.0,15,22.17,96.22,-30.0,Mild
2,8.6,5.5,3.0,1,23.5,98.0,-30.0,Mild
2,8.6,5.5,3.0,5,24.0,86.24,-30.0,Mild
2,8.6,5.5,3.0,4,21.42,95.22,-30.0,Mild
2,8.6,5.5,3.0,8,22.83,97.11,-30.0,Mild
2,8.6,5.5,3.0,11,21.83,89.81,-30.0,Mild
2,8.6,5.5,3.0,2,20.83,86.81,-30.0,Mild
2,8.6,5.5,3.0,13,25.25,100.0,-30.0,Mild
2,8.6,5.5,3.0,17,23.83,98.31,-30.0,Mild
2,8.6,5.5,3.0,18,20.92,90.04,-30.0,Mild
2,8.6,5.5,3.0,7,18.17,90.89,-30.0,Mild
2,7.4,5.5,3.0,0,18.0,100.0,-30.0,Critical
2,8.6,5.5,3.0,21,21.75,95.67,-30.0,Mild
2,8.6,5.5,3.0,3,21.42,95.22,-30.0,Mild
1,9.0,5.5,3.0,8,34.5,100.0,-30.0,Subclinical
1,9.0,5.5,3.0,16,25.92,100.0,-30.0,Subclinical
1,9.0,5.5,3.0,11,37.75,94.69,-30.0,Subclinical
1,9.0,5.5,3.0,20,23.67,97.33,-30.0,Subclinical
1,9.0,5.5,3.0,2,23.67,79.31,-30.0,Subclinical
1,9.0,5.5,3.0,12,33.25,97.6,-30.0,Subclinical
1,9.0,5.5,3.0,6,33.17,100.0,-30.0,Subclinical
1,9.0,5.5,3.0,4,27.83,84.48,-30.0,Subclinical
1,9.0,5.5,3.0,3,38.58,79.69,-30.0,Subclinical
1,9.0,5.5,3.0,1,38.33,85.62,-30.0,Subclinical
1,9.0,5.5,3.0,7,31.25,100.0,-30.0,Subclinical
1,9.0,5.5,3.0,21,26.5,100.0,-30.0,Subclinical
1,9.0,5.5,3.0,9,27.25,100.0,-30.0,Subclinical
1,9.0,5.5,3.0,10,29.42,100.0,-30.0,Subclinical
1,9.0,5.5,3.0,18,31.08,100.0,-30.0,Subclinical
1,9.0,5.5,3.0,13,30.67,100.0,-30.0,Subclinical
1,9.0,5.5,3.0,19,35.83,91.88,-30.0,Subclinical
1,9.0,5.5,3.0,15,33.67,97.29,-30.0,Subclinical
1,9.0,5.5,3.0,14,27.67,100.0,-30.0,Subclinical
1,9.0,5.5,3.0,5,27.92,100.0,-30.0,Subclinical
1,9.0,5.5,3.0,17,31.25,100.0,-30.0,Subclinical
2,8.2,5.5,3.0,18,24.67,94.51,-30.0,Moderate
2,8.2,5.5,3.0,10,30.08,92.91,-30.0,Moderate
2,8.2,5.5,3.0,17,32.08,92.56,-30.0,Moderate
2,8.2,5.5,3.0,13,29.58,95.04,-30.0,Moderate
2,8.2,5.5,3.0,6,30.75,94.22,-30.0,Moderate
2,8.2,5.5,3.0,7,27.33,89.26,-30.0,Moderate
2,8.2,5.5,3.0,8,22.75,93.21,-30.0,Moderate
2,8.2,5.5,3.0,20,26.83,91.68,-30.0,Moderate
2,8.2,5.5,3.0,1,18.58,81.86,-30.0,Moderate
2,8.2,5.5,3.0,12,30.67,95.17,-30.0,Moderate
2,8.2,5.5,3.0,11,16.75,84.53,-30.0,Moderate
2,8.2,5.5,3.0,4,24.42,91.26,-30.0,Moderate
2,8.2,5.5,3.0,19,19.83,86.67,-30.0,Moderate
2,7.4,5.5,3.0,0,18.0,100.0,-30.0,Critical
2,8.2,5.5,3.0,16,28.58,91.84,-30.0,Moderate
2,8.2,5.5,3.0,2,17.92,82.0,-30.0,Moderate
2,8.2,5.5,3.0,3,19.17,85.06,-30.0,Moderate
2,8.2,5.5,3.0,15,23.33,95.54,-30.0,Moderate
2,8.2,5.5,3.0,21,28.42,91.66,-30.0,Moderate
2,8.2,5.5,3.0,9,25.83,89.89,-30.0,Moderate
2,8.2,5.5,3.0,5,17.17,80.71,-30.0,Moderate
2,8.2,5.5,3.0,14,24.58,92.52,-30.0,Moderate
1,8.6,5.5,3.0,17,25.17,100.0,-30.0,Mild
1,9.0,5.5,3.0,2,16.83,80.78,-30.0,Subclinical
1,8.6,5.5,3.0,18,24.83,96.96,-30.0,Mild
1,8.6,5.5,3.0,11,25.17,100.0,-30.0,Mild
1,9.0,5.5,3.0,6,25.08,100.0,-30.0,Subclinical
1,8.6,5.5,3.0,9,26.5,100.0,-30.0,Mild
1,8.6,5.5,3.0,10,23.17,97.56,-30.0,Mild
1,9.0,5.5,3.0,4,18.0,90.67,-30.0,Subclinical
1,9.0,5.5,3.0,5,20.75,94.33,-30.0,Subclinical
1,8.6,5.5,3.0,16,25.75,98.66,-30.0,Mild
1,8.6,5.5,3.0,15,31.17,100.0,-30.0,Mild
1,9.0,5.5,3.0,1,22.17,87.06,-30.0,Subclinical
1,8.6,5.5,3.0,12,23.33,97.78,-30.0,Mild
1,8.6,5.5,3.0,21,29.75,98.97,-30.0,Mild
1,8.6,5.5,3.0,19,25.33,90.52,-30.0,Mild
1,9.0,5.5,3.0,7,27.0,100.0,-30.0,Subclinical
1,8.6,5.5,3.0,20,22.5,91.03,-30.0,Mild
1,8.6,5.5,3.0,14,25.42,94.06,-30.0,Mild
1,9.0,5.5,3.0,8,26.67,100.0,-30.0,Subclinical
1,8.6,5.5,3.0,13,28.0,96.86,-30.0,Mild
1,9.0,5.5,3.0,3,23.83,98.44,-30.0,Subclinical
1,8.6,5.5,3.0,2,18.0,82.07,-30.0,Mild
1,8.6,5.5,3.0,5,18.0,76.3,-30.0,Mild
1,8.6,5.5,3.0,10,18.0,93.0,-30.0,Mild
1,8.6,5.5,3.0,9,18.0,67.1,-30.0,Mild
1,8.6,5.5,3.0,1,18.0,95.27,-30.0,Mild
1,9.0,5.5,3.0,12,18.0,100.0,-30.0,Subclinical
1,8.6,5.5,3.0,11,18.0,81.37,-30.0,Mild
1,8.6,5.5,3.0,8,18.0,62.17,-30.0,Mild
1,8.6,5.5,3.0,4,18.0,71.67,-30.0,Mild
1,7.8,5.5,3.0,0,18.0,100.0,-30.0,Critical
1,8.6,5.5,3.0,13,18.0,78.03,-30.0,Mild
1,8.6,5.5,3.0,3,18.0,97.07,-30.0,Mild
1,8.6,5.5,3.0,7,18.0,87.9,-30.0,Mild
1,8.6,5.5,3.0,14,18.0,41.87,-30.0,Mild
1,8.6,5.5,3.0,6,18.0,71.5,-30.0,Mild
2,8.2,5.5,3.0,3,26.25,100.0,-30.0,Moderate
2,8.2,5.5,3.0,5,37.67,100.0,-30.0,Moderate
2,8.2,5.5,3.0,9,32.17,95.78,-30.0,Moderate
2,8.2,5.5,3.0,8,36.58,100.0,-30.0,Moderate
2,8.2,5.5,3.0,6,33.0,100.0,-30.0,Moderate
2,8.2,5.5,3.0,19,41.67,100.0,-30.0,Moderate
2,8.2,5.5,3.0,10,33.92,99.66,-30.0,Moderate
2,8.2,5.5,3.0,2,38.5,100.0,-30.0,Moderate
2,8.2,5.5,3.0,4,36.92,100.0,-30.0,Moderate
2,8.2,5.5,3.0,17,39.5,100.0,-30.0,Moderate
2,8.2,5.5,3.0,1,37.25,100.0,-30.0,Moderate
2,8.2,5.5,3.0,12,35.5,96.87,-30.0,Moderate
2,8.2,5.5,3.0,15,33.33,100.0,-30.0,Moderate
2,8.2,5.5,3.0,16,35.58,100.0,-30.0,Moderate
2,7.4,5.5,3.0,0,18.0,100.0,-30.0,Critical
2,8.2,5.5,3.0,18,35.92,98.47,-30.0,Moderate
2,8.2,5.5,3.0,7,41.0,96.94,-30.0,Moderate
2,8.2,5.5,3.0,21,42.92,100.0,-30.0,Moderate
2,8.2,5.5,3.0,11,30.58,96.11,-30.0,Moderate
2,8.2,5.5,3.0,13,38.08,98.64,-30.0,Moderate
2,8.2,5.5,3.0,14,37.58,100.0,-30.0,Moderate
2,8.2,5.5,3.0,20,36.58,100.0,-30.0,Moderate
1,9.0,5.5,3.0,7,27.75,100.0,-30.0,Subclinical
1,9.0,5.5,3.0,1,26.5,95.39,-30.0,Subclinical
1,9.0,5.5,3.0,3,28.17,98.5,-30.0,Subclinical
1,9.0,5.5,3.0,15,23.75,95.54,-30.0,Subclinical
1,8.6,5.5,3.0,12,19.92,78.85,-30.0,Mild
1,8.6,5.5,3.0,5,25.42,88.3,-30.0,Mild
1,8.6,5.5,3.0,18,31.17,89.44,-30.0,Mild
1,8.6,5.5,3.0,16,21.42,88.5,-30.0,Mild
1,8.6,5.5,3.0,14,31.17,94.84,-30.0,Mild
1,9.0,5.5,3.0,21,29.0,100.0,-30.0,Subclinical
1,8.2,5.5,3.0,0,18.0,100.0,-30.0,Moderate
1,8.6,5.5,3.0,11,25.17,98.17,-30.0,Mild
1,8.6,5.5,3.0,4,19.75,84.67,-30.0,Mild
1,8.6,5.5,3.0,6,28.0,95.36,-30.0,Mild
1,9.0,5.5,3.0,19,30.5,100.0,-30.0,Subclinical
1,8.6,5.5,3.0,10,14.33,78.46,-30.0,Mild
1,8.6,5.5,3.0,17,26.25,93.78,-30.0,Mild
1,9.0,5.5,3.0,9,14.0,78.49,-30.0,Subclinical
1,8.6,5.5,3.0,20,31.42,93.24,-30.0,Mild
1,9.0,5.5,3.0,2,29.33,98.63,-30.0,Subclinical
1,9.0,5.5,3.0,13,27.58,100.0,-30.0,Subclinical
1,9.0,5.5,3.0,8,19.25,77.54,-30.0,Subclinical
2,8.6,5.5,3.0,7,31.33,97.92,-30.0,Mild
2,8.6,5.5,3.0,5,26.17,95.09,-30.0,Mild
2,8.6,5.5,3.0,18,26.67,94.73,-30.0,Mild
2,8.6,5.5,3.0,4,27.0,93.54,-30.0,Mild
2,8.2,5.5,3.0,15,26.58,94.38,-30.0,Moderate
2,8.6,5.5,3.0,12,27.0,99.51,-30.0,Mild
2,8.6,5.5,3.0,11,31.58,98.06,-30.0,Mild
2,8.2,5.5,3.0,10,26.67,93.41,-30.0,Moderate
2,8.6,5.5,3.0,1,11.75,72.12,-30.0,Mild
2,8.2,5.5,3.0,16,36.25,99.03,-30.0,Moderate
2,8.6,5.5,3.0,13,30.92,99.54,-30.0,Mild
2,8.6,5.5,3.0,2,18.0,82.26,-30.0,Mild
2,8.2,5.5,3.0,14,30.75,97.18,-30.0,Moderate
2,8.6,5.5,3.0,6,26.33,97.08,-30.0,Mild
2,8.6,5.5,3.0,20,35.25,98.82,-30.0,Mild
2,8.6,5.5,3.0,21,30.75,99.58,-30.0,Mild
2,8.6,5.5,3.0,17,23.92,94.98,-30.0,Mild
2,8.2,5.5,3.0,3,16.83,75.99,-30.0,Moderate
2,8.2,5.5,3.0,19,24.42,97.12,-30.0,Moderate
2,8.6,5.5,3.0,8,26.58,92.41,-30.0,Mild
2,8.6,5.5,3.0,9,34.75,99.87,-30.0,Mild
2,7.4,5.5,3.0,0,18.0,100.0,-30.0,Critical
1,8.6,5.5,3.0,7,25.25,98.64,-30.0,Mild
1,8.6,5.5,3.0,5,32.33,100.0,-30.0,Mild
1,8.6,5.5,3.0,19,29.08,95.17,-30.0,Mild
1,9.0,5.5,3.0,4,33.58,100.0,-30.0,Subclinical
1,8.6,5.5,3.0,10,40.08,97.29,-30.0,Mild
1,9.0,5.5,3.0,3,35.33,100.0,-30.0,Subclinical
1,8.6,5.5,3.0,17,36.58,100.0,-30.0,Mild
1,8.6,5.5,3.0,21,38.92,100.0,-30.0,Mild
1,8.6,5.5,3.0,8,37.0,97.64,-30.0,Mild
1,8.6,5.5,3.0,15,30.25,93.96,-30.0,Mild
1,8.6,5.5,3.0,9,35.5,97.29,-30.0,Mild
1,8.6,5.5,3.0,11,36.67,100.0,-30.0,Mild
1,8.6,5.5,3.0,14,40.67,95.28,-30.0,Mild
1,8.6,5.5,3.0,12,37.25,99.31,-30.0,Mild
1,9.0,5.5,3.0,1,28.67,100.0,-30.0,Subclinical
1,8.6,5.5,3.0,18,38.0,99.22,-30.0,Mild
1,9.0,5.5,3.0,2,31.08,87.57,-30.0,Subclinical
1,8.6,5.5,3.0,13,29.0,97.03,-30.0,Mild
1,8.6,5.5,3.0,6,38.25,98.61,-30.0,Mild
1,8.6,5.5,3.0,20,38.33,91.68,-30.0,Mild
1,7.8,5.5,3.0,0,18.0,100.0,-30.0,Critical
1,8.6,5.5,3.0,16,28.5,85.98,-30.0,Mild
2,7.4,5.5,3.0,0,60.58,100.0,-30.0,Critical
2,8.2,5.5,3.0,17,39.75,86.02,-30.0,Moderate
2,8.2,5.5,3.0,21,37.17,89.92,-30.0,Moderate
2,8.2,5.5,3.0,5,32.67,88.52,-30.0,Moderate
2,8.6,5.5,3.0,18,34.25,87.24,-30.0,Mild
2,8.6,5.5,3.0,20,39.0,91.46,-30.0,Mild
2,8.2,5.5,3.0,13,41.67,91.73,-30.0,Moderate
2,8.2,5.5,3.0,3,33.67,84.22,-30.0,Moderate
2,8.2,5.5,3.0,11,33.83,86.07,-30.0,Moderate
2,8.2,5.5,3.0,16,42.42,86.6,-30.0,Moderate
2,8.2,5.5,3.0,14,33.25,92.64,-30.0,Moderate
2,8.2,5.5,3.0,10,38.25,85.54,-30.0,Moderate
2,8.2,5.5,3.0,12,39.58,86.43,-30.0,Moderate
2,8.2,5.5,3.0,6,36.0,88.42,-30.0,Moderate
2,8.2,5.5,3.0,4,34.92,85.38,-30.0,Moderate
2,8.2,5.5,3.0,7,32.5,83.81,-30.0,Moderate
2,8.6,5.5,3.0,1,32.5,93.61,-30.0,Mild
2,8.6,5.5,3.0,19,37.42,85.52,-30.0,Mild
2,8.2,5.5,3.0,8,33.17,86.49,-30.0,Moderate
2,8.2,5.5,3.0,2,34.58,86.82,-30.0,Moderate
2,8.2,5.5,3.0,15,40.08,89.76,-30.0,Moderate
2,8.2,5.5,3.0,9,36.5,85.01,-30.0,Moderate
2,8.6,5.5,3.0,20,25.58,90.94,-30.0,Mild
2,8.6,5.5,3.0,6,23.25,89.94,-30.0,Mild
2,8.6,5.5,3.0,4,28.5,96.98,-30.0,Mild
2,8.6,5.5,3.0,7,25.33,89.17,-30.0,Mild
2,8.6,5.5,3.0,15,26.17,100.0,-30.0,Mild
2,8.6,5.5,3.0,21,17.92,81.88,-30.0,Mild
2,8.6,5.5,3.0,1,28.5,100.0,-30.0,Mild
2,8.6,5.5,3.0,14,24.42,98.83,-30.0,Mild
2,8.6,5.5,3.0,18,23.08,92.83,-30.0,Mild
2,8.6,5.5,3.0,19,25.0,100.0,-30.0,Mild
2,8.6,5.5,3.0,11,19.58,70.73,-30.0,Mild
2,8.6,5.5,3.0,12,28.33,100.0,-30.0,Mild
2,8.6,5.5,3.0,9,24.0,84.67,-30.0,Mild
2,8.6,5.5,3.0,8,15.17,67.31,-30.0,Mild
2,8.6,5.5,3.0,2,23.92,87.31,-30.0,Mild
2,8.6,5.5,3.0,13,28.58,100.0,-30.0,Mild
2,8.6,5.5,3.0,16,28.92,100.0,-30.0,Mild
2,8.6,5.5,3.0,10,24.08,88.48,-30.0,Mild
2,8.6,5.5,3.0,3,19.67,87.56,-30.0,Mild
2,8.6,5.5,3.0,17,25.0,100.0,-30.0,Mild
2,8.6,5.5,3.0,5,28.92,94.79,-30.0,Mild
1,8.2,5.5,3.0,0,18.0,100.0,-30.0,Moderate
1,9.0,5.5,3.0,6,18.0,100.0,-30.0,Subclinical
1,9.0,5.5,3.0,1,18.0,100.0,-30.0,Subclinical
1,9.0,5.5,3.0,5,18.0,100.0,-30.0,Subclinical
1,9.0,5.5,3.0,4,18.0,100.0,-30.0,Subclinical
1,8.2,5.5,3.0,0,18.0,100.0,-30.0,Moderate
1,9.0,5.5,3.0,7,18.0,100.0,-30.0,Subclinical
1,9.0,5.5,3.0,8,18.0,100.0,-30.0,Subclinical
1,9.0,5.5,3.0,2,18.0,100.0,-30.0,Subclinical
1,8.6,5.5,3.0,3,18.0,100.0,-30.0,Mild
2,8.2,5.5,3.0,14,35.42,100.0,-30.0,Moderate
2,8.2,5.5,3.0,19,31.0,100.0,-30.0,Moderate
2,8.2,5.5,3.0,20,33.83,100.0,-30.0,Moderate
2,8.2,5.5,3.0,13,34.5,100.0,-30.0,Moderate
2,8.6,5.5,3.0,18,33.92,99.86,-30.0,Mild
2,8.2,5.5,3.0,11,32.92,98.12,-30.0,Moderate
2,7.4,5.5,3.0,0,18.0,100.0,-30.0,Critical
2,8.2,5.5,3.0,3,29.58,96.32,-30.0,Moderate
2,8.2,5.5,3.0,6,34.5,99.44,-30.0,Moderate
2,8.2,5.5,3.0,21,36.92,97.22,-30.0,Moderate
2,8.6,5.5,3.0,8,36.17,98.82,-30.0,Mild
2,8.2,5.5,3.0,1,23.5,89.88,-30.0,Moderate
2,8.6,5.5,3.0,5,35.33,96.94,-30.0,Mild
2,8.2,5.5,3.0,4,32.25,99.51,-30.0,Moderate
2,8.2,5.5,3.0,17,34.25,100.0,-30.0,Moderate
2,8.2,5.5,3.0,15,34.67,100.0,-30.0,Moderate
2,8.2,5.5,3.0,7,30.92,92.7,-30.0,Moderate
2,8.2,5.5,3.0,10,30.83,100.0,-30.0,Moderate
2,8.2,5.5,3.0,2,27.25,100.0,-30.0,Moderate
2,8.2,5.5,3.0,12,30.17,100.0,-30.0,Moderate
2,8.2,5.5,3.0,9,29.92,100.0,-30.0,Moderate
2,8.6,5.5,3.0,16,37.42,100.0,-30.0,Mild
2,8.6,5.5,3.0,21,18.0,71.27,-30.0,Mild
2,7.8,5.5,3.0,6,18.0,57.77,-30.0,Critical
2,8.2,5.5,3.0,4,18.0,60.23,-30.0,Moderate
2,7.8,5.5,3.0,7,18.0,58.9,-30.0,Critical
2,8.2,5.5,3.0,20,18.0,51.0,-30.0,Moderate
2,8.2,5.5,3.0,15,18.0,55.53,-30.0,Moderate
2,8.6,5.5,3.0,8,18.0,61.07,-30.0,Mild
2,7.8,5.5,3.0,9,18.0,48.9,-30.0,Critical
2,8.6,5.5,3.0,11,18.0,70.53,-30.0,Mild
2,8.6,5.5,3.0,12,18.0,63.83,-30.0,Mild
2,8.6,5.5,3.0,14,18.0,68.2,-30.0,Mild
2,7.8,5.5,3.0,5,18.0,51.93,-30.0,Critical
2,7.8,5.5,3.0,10,18.0,58.5,-30.0,Critical
2,8.6,5.5,3.0,18,18.0,60.07,-30.0,Mild
2,8.2,5.5,3.0,16,18.0,53.27,-30.0,Moderate
2,7.8,5.5,3.0,2,18.0,42.13,-30.0,Critical
2,8.6,5.5,3.0,17,18.0,86.83,-30.0,Mild
2,7.4,5.5,3.0,0,18.0,100.0,-30.0,Critical
2,7.8,5.5,3.0,3,18.0,48.67,-30.0,Critical
2,7.4,5.5,3.0,1,18.0,39.37,-30.0,Critical
2,8.6,5.5,3.0,19,18.0,81.07,-30.0,Mild
2,8.6,5.5,3.0,13,18.0,66.77,-30.0,Mild
2,8.6,5.5,3.0,14,25.0,100.0,-30.0,Mild
2,8.6,5.5,3.0,1,18.75,91.67,-30.0,Mild
2,8.6,5.5,3.0,9,21.17,94.77,-30.0,Mild
2,8.6,5.5,3.0,20,26.08,100.0,-30.0,Mild
2,8.6,5.5,3.0,5,22.92,97.22,-30.0,Mild
2,8.6,5.5,3.0,16,25.67,96.07,-30.0,Mild
2,8.6,5.5,3.0,10,19.0,89.99,-30.0,Mild
2,8.6,5.5,3.0,17,25.33,96.69,-30.0,Mild
2,8.6,5.5,3.0,12,21.92,95.3,-30.0,Mild
2,8.6,5.5,3.0,4,22.42,94.94,-30.0,Mild
2,8.6,5.5,3.0,13,20.67,92.42,-30.0,Mild
2,8.6,5.5,3.0,7,22.5,96.67,-30.0,Mild
2,8.6,5.5,3.0,8,23.08,97.44,-30.0,Mild
2,8.6,5.5,3.0,15,22.08,90.72,-30.0,Mild
2,8.6,5.5,3.0,6,24.33,96.03,-30.0,Mild
2,8.6,5.5,3.0,2,16.83,89.11,-30.0,Mild
2,8.6,5.5,3.0,3,20.92,93.06,-30.0,Mild
2,8.6,5.5,3.0,21,31.33,98.44,-30.0,Mild
2,8.6,5.5,3.0,19,21.42,95.22,-30.0,Mild
2,8.2,5.5,3.0,18,24.67,93.98,-30.0,Moderate
2,8.6,5.5,3.0,11,21.58,92.58,-30.0,Mild
2,7.4,5.5,3.0,0,18.0,100.0,-30.0,Critical
1,9.0,5.5,3.0,1,39.92,94.72,-30.0,Subclinical
1,9.0,5.5,3.0,8,43.67,100.0,-30.0,Subclinical
1,9.0,5.5,3.0,14,48.83,96.46,-30.0,Subclinical
1,9.0,5.5,3.0,12,39.0,100.0,-30.0,Subclinical
1,9.0,5.5,3.0,3,44.83,99.93,-30.0,Subclinical
1,9.0,5.5,3.0,11,41.5,100.0,-30.0,Subclinical
1,9.0,5.5,3.0,20,45.08,90.21,-30.0,Subclinical
1,8.6,5.5,3.0,10,36.83,100.0,-30.0,Mild
1,9.0,5.5,3.0,13,47.67,97.43,-30.0,Subclinical
1,9.0,5.5,3.0,9,39.17,94.24,-30.0,Subclinical
1,9.0,5.5,3.0,21,51.17,84.69,-30.0,Subclinical
1,9.0,5.5,3.0,18,45.58,100.0,-30.0,Subclinical
1,9.0,5.5,3.0,16,44.25,100.0,-30.0,Subclinical
1,9.0,5.5,3.0,17,42.5,100.0,-30.0,Subclinical
1,9.0,5.5,3.0,19,18.0,60.83,-30.0,Subclinical
1,9.0,5.5,3.0,7,50.5,85.21,-30.0,Subclinical
1,9.0,5.5,3.0,6,43.67,91.15,-30.0,Subclinical
1,9.0,5.5,3.0,5,43.25,95.62,-30.0,Subclinical
1,9.0,5.5,3.0,15,44.42,98.47,-30.0,Subclinical
1,9.0,5.5,3.0,2,44.58,91.35,-30.0,Subclinical
1,9.0,5.5,3.0,4,45.0,100.0,-30.0,Subclinical
2,8.2,5.5,3.0,17,28.83,80.32,-30.0,Moderate
2,8.2,5.5,3.0,13,27.5,84.66,-30.0,Moderate
2,8.2,5.5,3.0,16,20.0,62.4,-30.0,Moderate
2,8.2,5.5,3.0,9,14.67,67.79,-30.0,Moderate
2,8.2,5.5,3.0,15,22.58,69.72,-30.0,Moderate
2,8.2,5.5,3.0,8,20.42,75.8,-30.0,Moderate
2,8.2,5.5,3.0,3,19.25,73.49,-30.0,Moderate
2,8.2,5.5,3.0,18,15.92,65.88,-30.0,Moderate
2,8.2,5.5,3.0,2,17.5,68.94,-30.0,Moderate
2,8.2,5.5,3.0,20,23.17,84.04,-30.0,Moderate
2,8.6,5.5,3.0,10,23.33,88.35,-30.0,Mild
2,8.2,5.5,3.0,12,17.08,76.54,-30.0,Moderate
2,8.2,5.5,3.0,4,19.83,74.09,-30.0,Moderate
2,8.2,5.5,3.0,7,21.25,79.34,-30.0,Moderate
2,8.2,5.5,3.0,5,23.0,80.64,-30.0,Moderate
2,8.2,5.5,3.0,21,26.33,83.59,-30.0,Moderate
2,8.6,5.5,3.0,19,20.83,81.13,-30.0,Mild
2,8.2,5.5,3.0,1,21.42,77.54,-30.0,Moderate
2,8.2,5.5,3.0,14,20.75,74.03,-30.0,Moderate
2,7.4,5.5,3.0,0,18.0,100.0,-30.0,Critical
2,8.2,5.5,3.0,11,17.58,72.62,-30.0,Moderate
2,8.2,5.5,3.0,6,22.75,77.5,-30.0,Moderate
2,8.2,5.5,3.0,12,24.75,98.63,-30.0,Moderate
2,8.2,5.5,3.0,9,29.83,100.0,-30.0,Moderate
2,8.2,5.5,3.0,19,32.67,100.0,-30.0,Moderate
2,8.2,5.5,3.0,11,25.75,100.0,-30.0,Moderate
2,8.2,5.5,3.0,2,28.58,100.0,-30.0,Moderate
2,8.6,5.5,3.0,17,9.75,79.67,-30.0,Mild
2,8.2,5.5,3.0,20,29.42,93.66,-30.0,Moderate
2,8.2,5.5,3.0,8,22.58,94.58,-30.0,Moderate
2,8.2,5.5,3.0,18,18.25,91.0,-30.0,Moderate
2,8.2,5.5,3.0,14,10.25,66.12,-30.0,Moderate
2,7.4,5.5,3.0,0,18.0,100.0,-30.0,Critical
2,8.2,5.5,3.0,7,24.92,99.89,-30.0,Moderate
2,8.2,5.5,3.0,15,12.17,81.69,-30.0,Moderate
2,8.2,5.5,3.0,13,18.5,89.94,-30.0,Moderate
2,8.6,5.5,3.0,4,27.83,100.0,-30.0,Mild
2,8.2,5.5,3.0,16,18.42,91.22,-30.0,Moderate
2,8.2,5.5,3.0,3,28.75,100.0,-30.0,Moderate
2,8.2,5.5,3.0,21,28.0,100.0,-30.0,Moderate
2,8.2,5.5,3.0,6,24.08,98.78,-30.0,Moderate
2,8.2,5.5,3.0,5,24.5,99.33,-30.0,Moderate
2,8.2,5.5,3.0,10,27.58,93.32,-30.0,Moderate
2,8.6,5.5,3.0,1,28.08,100.0,-30.0,Mild
2,8.2,5.5,3.0,30,30.5,84.53,-30.0,Moderate
2,7.8,5.5,3.0,17,18.0,59.47,-30.0,Critical
2,8.2,5.5,3.0,30,29.33,87.72,-30.0,Moderate
2,8.2,5.5,3.0,30,34.92,95.79,-30.0,Moderate
2,8.2,5.5,3.0,30,30.0,93.34,-30.0,Moderate
2,8.2,5.5,3.0,8,18.0,61.23,-30.0,Moderate
2,8.2,5.5,3.0,30,24.25,71.96,-30.0,Moderate
2,8.2,5.5,3.0,30,18.42,66.37,-30.0,Moderate
2,8.2,5.5,3.0,10,18.0,82.9,-30.0,Moderate
2,8.2,5.5,3.0,30,26.83,88.16,-30.0,Moderate
2,8.2,5.5,3.0,7,18.0,89.4,-30.0,Moderate
2,8.2,5.5,3.0,30,24.92,81.06,-30.0,Moderate
2,8.6,5.5,3.0,30,33.08,98.54,-30.0,Mild
2,8.2,5.5,3.0,20,18.0,98.4,-30.0,Moderate
2,7.4,5.5,3.0,0,18.0,100.0,-30.0,Critical
2,8.2,5.5,3.0,15,18.0,78.73,-30.0,Moderate
2,8.2,5.5,3.0,19,18.0,67.93,-30.0,Moderate
2,8.2,5.5,3.0,3,18.0,69.17,-30.0,Moderate
2,8.2,5.5,3.0,6,18.0,70.63,-30.0,Moderate
2,8.2,5.5,3.0,30,27.33,87.41,-30.0,Moderate
2,8.2,5.5,3.0,1,18.0,70.2,-30.0,Moderate
2,8.2,5.5,3.0,4,18.0,100.0,-30.0,Moderate
2,8.2,5.5,3.0,30,27.92,92.7,-30.0,Moderate
2,8.2,5.5,3.0,30,24.25,73.86,-30.0,Moderate
2,8.6,5.5,3.0,18,18.0,95.37,-30.0,Mild
2,8.2,5.5,3.0,30,30.17,91.86,-30.0,Moderate
2,8.2,5.5,3.0,30,21.83,82.48,-30.0,Moderate
2,8.2,5.5,3.0,30,30.42,90.63,-30.0,Moderate
2,8.2,5.5,3.0,30,27.58,92.94,-30.0,Moderate
2,8.2,5.5,3.0,16,18.0,74.9,-30.0,Moderate
2,8.2,5.5,3.0,5,18.0,92.53,-30.0,Moderate
2,8.2,5.5,3.0,2,18.0,73.1,-30.0,Moderate
2,8.2,5.5,3.0,30,27.92,91.06,-30.0,Moderate
2,8.2,5.5,3.0,13,18.0,90.1,-30.0,Moderate
2,8.2,5.5,3.0,21,18.0,73.57,-30.0,Moderate
2,8.2,5.5,3.0,30,18.0,100.0,-30.0,Moderate
2,8.2,5.5,3.0,14,18.0,70.87,-30.0,Moderate
2,8.2,5.5,3.0,11,18.0,61.9,-30.0,Moderate
2,8.2,5.5,3.0,30,31.08,87.1,-30.0,Moderate
2,8.2,5.5,3.0,12,18.0,82.33,-30.0,Moderate
2,8.2,5.5,3.0,30,23.92,72.67,-30.0,Moderate
2,8.2,5.5,3.0,30,27.58,89.17,-30.0,Moderate
2,8.2,5.5,3.0,9,18.0,64.8,-30.0,Moderate
2,8.2,5.5,3.0,30,32.92,91.76,-30.0,Moderate
2,8.2,5.5,3.0,16,43.67,100.0,-30.0,Moderate
2,8.2,5.5,3.0,15,40.33,100.0,-30.0,Moderate
2,8.2,5.5,3.0,11,27.58,100.0,-30.0,Moderate
2,8.6,5.5,3.0,6,37.5,96.6,-30.0,Mild
2,8.2,5.5,3.0,2,31.92,99.72,-30.0,Moderate
2,8.6,5.5,3.0,21,33.92,100.0,-30.0,Mild
2,8.2,5.5,3.0,1,23.0,84.9,-30.0,Moderate
2,8.2,5.5,3.0,13,37.92,100.0,-30.0,Moderate
2,8.2,5.5,3.0,20,38.58,95.69,-30.0,Moderate
2,8.6,5.5,3.0,17,37.17,100.0,-30.0,Mild
2,8.2,5.5,3.0,19,37.5,100.0,-30.0,Moderate
2,8.2,5.5,3.0,3,32.92,94.1,-30.0,Moderate
2,8.6,5.5,3.0,8,42.25,96.67,-30.0,Mild
2,8.6,5.5,3.0,7,31.08,98.12,-30.0,Mild
2,8.2,5.5,3.0,12,38.33,94.38,-30.0,Moderate
2,8.6,5.5,3.0,4,35.33,97.71,-30.0,Mild
2,8.2,5.5,3.0,9,29.5,85.81,-30.0,Moderate
2,8.6,5.5,3.0,18,39.08,100.0,-30.0,Mild
2,8.2,5.5,3.0,14,37.75,100.0,-30.0,Moderate
2,8.2,5.5,3.0,10,27.67,86.6,-30.0,Moderate
2,7.4,5.5,3.0,0,18.0,100.0,-30.0,Critical
2,8.2,5.5,3.0,5,27.5,97.36,-30.0,Moderate
2,8.6,5.5,3.0,21,39.08,100.0,-30.0,Mild
2,8.6,5.5,3.0,17,36.67,100.0,-30.0,Mild
2,8.6,5.5,3.0,8,35.92,100.0,-30.0,Mild
2,8.6,5.5,3.0,16,29.67,98.4,-30.0,Mild
2,8.6,5.5,3.0,14,37.42,100.0,-30.0,Mild
2,8.2,5.5,3.0,5,39.83,100.0,-30.0,Moderate
2,8.6,5.5,3.0,2,38.08,100.0,-30.0,Mild
2,8.6,5.5,3.0,6,36.83,100.0,-30.0,Mild
2,8.6,5.5,3.0,10,18.0,89.79,-30.0,Mild
2,8.6,5.5,3.0,3,40.08,100.0,-30.0,Mild
2,8.6,5.5,3.0,7,39.17,100.0,-30.0,Mild
2,8.6,5.5,3.0,4,48.25,85.73,-30.0,Mild
2,8.2,5.5,3.0,12,47.67,100.0,-30.0,Moderate
2,8.6,5.5,3.0,11,46.5,100.0,-30.0,Mild
2,8.6,5.5,3.0,19,34.25,100.0,-30.0,Mild
2,8.6,5.5,3.0,18,36.67,91.11,-30.0,Mild
2,8.6,5.5,3.0,9,45.17,95.42,-30.0,Mild
2,8.6,5.5,3.0,13,27.17,100.0,-30.0,Mild
2,8.6,5.5,3.0,15,36.92,100.0,-30.0,Mild
2,8.6,5.5,3.0,20,36.92,92.99,-30.0,Mild
2,8.6,5.5,3.0,1,49.83,91.46,-30.0,Mild
1,9.0,5.5,3.0,1,43.33,100.0,-30.0,Subclinical
1,9.0,5.5,3.0,2,36.67,100.0,-30.0,Subclinical
1,9.0,5.5,3.0,3,26.67,100.0,-30.0,Subclinical
1,8.6,5.5,3.0,4,25.83,100.0,-30.0,Mild
1,9.0,5.5,3.0,5,41.67,99.8,-30.0,Subclinical
1,9.0,5.5,3.0,6,17.58,70.33,-30.0,Subclinical
1,9.0,5.5,3.0,16,29.42,96.98,-30.0,Subclinical
1,9.0,5.5,3.0,13,27.0,100.0,-30.0,Subclinical
1,9.0,5.5,3.0,18,33.33,100.0,-30.0,Subclinical
1,9.0,5.5,3.0,9,25.08,100.0,-30.0,Subclinical
1,9.0,5.5,3.0,17,28.75,98.22,-30.0,Subclinical
1,9.0,5.5,3.0,14,22.17,96.22,-30.0,Subclinical
1,9.0,5.5,3.0,15,38.17,100.0,-30.0,Subclinical
1,9.0,5.5,3.0,21,31.17,98.53,-30.0,Subclinical
1,7.4,5.5,3.0,7,18.0,0.1,-30.0,Critical
1,9.0,5.5,3.0,12,29.08,100.0,-30.0,Subclinical
1,6.6,5.5,3.0,0,18.0,23.27,-30.0,Critical
1,9.0,5.5,3.0,19,25.17,100.0,-30.0,Subclinical
1,9.0,5.5,3.0,10,31.58,100.0,-30.0,Subclinical
1,9.0,5.5,3.0,8,20.58,85.11,-30.0,Subclinical
1,9.0,5.5,3.0,20,31.17,100.0,-30.0,Subclinical
1,9.0,5.5,3.0,11,30.5,100.0,-30.0,Subclinical
1,9.0,5.5,3.0,13,29.75,94.58,-30.0,Subclinical
1,9.0,5.5,3.0,2,25.0,99.17,-30.0,Subclinical
1,9.0,5.5,3.0,14,34.17,96.74,-30.0,Subclinical
1,9.0,5.5,3.0,6,29.92,100.0,-30.0,Subclinical
1,9.0,5.5,3.0,3,22.08,96.11,-30.0,Subclinical
1,8.6,5.5,3.0,18,34.25,98.68,-30.0,Mild
1,9.0,5.5,3.0,10,27.17,99.03,-30.0,Subclinical
1,9.0,5.5,3.0,7,34.67,96.81,-30.0,Subclinical
1,8.6,5.5,3.0,16,37.92,94.38,-30.0,Mild
1,9.0,5.5,3.0,11,28.17,100.0,-30.0,Subclinical
1,8.6,5.5,3.0,20,23.67,97.17,-30.0,Mild
1,9.0,5.5,3.0,5,28.67,99.03,-30.0,Subclinical
1,9.0,5.5,3.0,21,30.42,100.0,-30.0,Subclinical
1,9.0,5.5,3.0,8,33.33,99.31,-30.0,Subclinical
1,7.8,5.5,3.0,0,18.0,100.0,-30.0,Critical
1,9.0,5.5,3.0,12,34.08,96.88,-30.0,Subclinical
1,9.0,5.5,3.0,15,34.25,99.1,-30.0,Subclinical
1,9.0,5.5,3.0,4,32.75,95.21,-30.0,Subclinical
1,9.0,5.5,3.0,17,35.17,99.31,-30.0,Subclinical
1,9.0,5.5,3.0,9,37.67,95.49,-30.0,Subclinical
1,9.0,5.5,3.0,19,35.75,98.47,-30.0,Subclinical
1,9.0,5.5,3.0,1,32.67,94.93,-30.0,Subclinical
1,9.0,5.5,3.0,1,24.0,98.18,-30.0,Subclinical
1,8.6,5.5,3.0,21,31.58,90.28,-30.0,Mild
1,8.6,5.5,3.0,16,35.08,91.61,-30.0,Mild
1,8.2,5.5,3.0,0,18.0,100.0,-30.0,Moderate
1,8.6,5.5,3.0,7,34.67,91.57,-30.0,Mild
1,9.0,5.5,3.0,2,34.42,92.79,-30.0,Subclinical
1,8.6,5.5,3.0,18,25.25,90.74,-30.0,Mild
1,8.6,5.5,3.0,4,35.5,96.23,-30.0,Mild
1,8.6,5.5,3.0,11,32.5,88.63,-30.0,Mild
1,9.0,5.5,3.0,6,30.33,97.5,-30.0,Subclinical
1,8.6,5.5,3.0,13,33.42,91.64,-30.0,Mild
1,8.6,5.5,3.0,8,29.42,97.91,-30.0,Mild
1,8.6,5.5,3.0,15,27.33,89.6,-30.0,Mild
1,8.6,5.5,3.0,17,35.33,86.09,-30.0,Mild
1,8.6,5.5,3.0,3,37.67,91.6,-30.0,Mild
1,8.6,5.5,3.0,10,30.83,100.0,-30.0,Mild
1,8.6,5.5,3.0,20,29.58,89.81,-30.0,Mild
1,9.0,5.5,3.0,5,34.0,99.58,-30.0,Subclinical
1,8.6,5.5,3.0,12,30.67,92.19,-30.0,Mild
1,9.0,5.5,3.0,19,35.08,96.36,-30.0,Subclinical
1,8.6,5.5,3.0,9,30.92,94.08,-30.0,Mild
1,8.6,5.5,3.0,14,30.67,89.92,-30.0,Mild
2,8.2,5.5,3.0,10,25.5,83.31,-30.0,Moderate
2,8.2,5.5,3.0,16,23.17,80.49,-30.0,Moderate
2,8.2,5.5,3.0,11,23.67,82.32,-30.0,Moderate
2,8.2,5.5,3.0,5,26.83,87.88,-30.0,Moderate
2,8.6,5.5,3.0,3,27.5,85.79,-30.0,Mild
2,8.6,5.5,3.0,1,22.92,90.94,-30.0,Mild
2,8.2,5.5,3.0,6,25.92,91.89,-30.0,Moderate
2,8.2,5.5,3.0,12,25.25,83.83,-30.0,Moderate
2,8.2,5.5,3.0,21,30.17,82.47,-30.0,Moderate
2,8.2,5.5,3.0,20,25.92,82.17,-30.0,Moderate
2,8.2,5.5,3.0,4,21.83,79.53,-30.0,Moderate
2,8.2,5.5,3.0,19,27.83,83.67,-30.0,Moderate
2,8.2,5.5,3.0,7,27.0,86.9,-30.0,Moderate
2,8.2,5.5,3.0,17,30.5,87.14,-30.0,Moderate
2,8.2,5.5,3.0,8,29.25,86.38,-30.0,Moderate
2,8.2,5.5,3.0,13,24.92,86.98,-30.0,Moderate
2,8.2,5.5,3.0,18,23.67,85.06,-30.0,Moderate
2,8.6,5.5,3.0,14,28.25,84.02,-30.0,Mild
2,8.6,5.5,3.0,2,22.33,84.77,-30.0,Mild
2,8.2,5.5,3.0,9,24.33,83.03,-30.0,Moderate
2,8.2,5.5,3.0,15,28.17,85.38,-30.0,Moderate
2,7.4,5.5,3.0,0,18.0,100.0,-30.0,Critical
2,8.2,5.5,3.0,2,20.58,79.58,-30.0,Moderate
2,8.6,5.5,3.0,3,29.17,93.67,-30.0,Mild
2,8.6,5.5,3.0,17,29.33,96.74,-30.0,Mild
2,8.6,5.5,3.0,16,20.17,81.86,-30.0,Mild
2,8.6,5.5,3.0,7,26.75,93.53,-30.0,Mild
2,8.6,5.5,3.0,20,34.5,91.24,-30.0,Mild
2,8.6,5.5,3.0,12,30.5,100.0,-30.0,Mild
2,8.6,5.5,3.0,4,31.08,96.29,-30.0,Mild
2,8.6,5.5,3.0,18,32.58,100.0,-30.0,Mild
2,7.4,5.5,3.0,0,18.0,100.0,-30.0,Critical
2,8.6,5.5,3.0,6,27.42,91.23,-30.0,Mild
2,8.6,5.5,3.0,15,32.42,91.25,-30.0,Mild
2,8.2,5.5,3.0,11,34.0,99.21,-30.0,Moderate
2,8.2,5.5,3.0,21,32.17,88.91,-30.0,Moderate
2,8.6,5.5,3.0,9,28.17,100.0,-30.0,Mild
2,8.6,5.5,3.0,10,32.08,100.0,-30.0,Mild
2,8.6,5.5,3.0,14,18.42,86.69,-30.0,Mild
2,8.6,5.5,3.0,8,27.5,97.53,-30.0,Mild
2,8.6,5.5,3.0,13,28.58,100.0,-30.0,Mild
2,8.2,5.5,3.0,1,24.67,96.22,-30.0,Moderate
2,8.6,5.5,3.0,5,25.42,86.74,-30.0,Mild
2,8.6,5.5,3.0,19,29.33,97.83,-30.0,Mild
2,8.2,5.5,3.0,4,18.0,69.67,-30.0,Moderate
2,7.8,5.5,3.0,14,18.0,59.73,-30.0,Critical
2,8.2,5.5,3.0,19,18.0,73.9,-30.0,Moderate
2,8.2,5.5,3.0,7,18.0,69.4,-30.0,Moderate
2,8.2,5.5,3.0,3,18.0,69.6,-30.0,Moderate
2,8.2,5.5,3.0,6,18.0,67.1,-30.0,Moderate
2,7.8,5.5,3.0,18,18.0,47.73,-30.0,Critical
2,8.6,5.5,3.0,1,18.0,100.0,-30.0,Mild
2,7.8,5.5,3.0,12,18.0,56.73,-30.0,Critical
2,7.8,5.5,3.0,17,18.0,49.2,-30.0,Critical
2,8.2,5.5,3.0,5,18.0,74.9,-30.0,Moderate
2,8.6,5.5,3.0,2,18.0,100.0,-30.0,Mild
2,7.8,5.5,3.0,13,18.0,55.07,-30.0,Critical
2,7.8,5.5,3.0,15,18.0,50.3,-30.0,Critical
2,8.2,5.5,3.0,11,18.0,60.97,-30.0,Moderate
2,8.2,5.5,3.0,10,18.0,67.37,-30.0,Moderate
2,8.2,5.5,3.0,21,18.0,72.7,-30.0,Moderate
2,7.4,5.5,3.0,0,18.0,100.0,-30.0,Critical
2,7.8,5.5,3.0,20,18.0,58.27,-30.0,Critical
2,7.8,5.5,3.0,16,18.0,59.47,-30.0,Critical
2,8.2,5.5,3.0,9,18.0,75.6,-30.0,Moderate
2,8.2,5.5,3.0,8,18.0,60.9,-30.0,Moderate
1,8.6,5.5,3.0,9,38.58,100.0,-30.0,Mild
1,8.6,5.5,3.0,4,32.83,100.0,-30.0,Mild
1,8.6,5.5,3.0,14,15.33,62.2,-30.0,Mild
1,9.0,5.5,3.0,1,27.67,100.0,-30.0,Subclinical
1,9.0,5.5,3.0,8,35.0,100.0,-30.0,Subclinical
1,8.6,5.5,3.0,7,33.42,100.0,-30.0,Mild
1,9.0,5.5,3.0,6,43.33,100.0,-30.0,Subclinical
1,9.0,5.5,3.0,10,48.08,100.0,-30.0,Subclinical
1,8.6,5.5,3.0,2,34.17,100.0,-30.0,Mild
1,8.6,5.5,3.0,13,32.33,100.0,-30.0,Mild
1,9.0,5.5,3.0,11,34.92,100.0,-30.0,Subclinical
1,8.6,5.5,3.0,5,33.67,100.0,-30.0,Mild
1,8.6,5.5,3.0,3,34.25,97.02,-30.0,Mild
1,9.0,5.5,3.0,12,38.58,100.0,-30.0,Subclinical
1,7.8,5.5,3.0,0,18.0,100.0,-30.0,Critical
2,8.6,5.5,3.0,15,36.08,100.0,-30.0,Mild
2,8.6,5.5,3.0,3,44.42,100.0,-30.0,Mild
2,7.4,5.5,3.0,0,18.0,100.0,-30.0,Critical
2,8.2,5.5,3.0,13,43.42,100.0,-30.0,Moderate
2,8.6,5.5,3.0,12,41.17,100.0,-30.0,Mild
2,8.6,5.5,3.0,20,46.67,99.65,-30.0,Mild
2,8.6,5.5,3.0,11,43.5,100.0,-30.0,Mild
2,8.6,5.5,3.0,7,42.17,100.0,-30.0,Mild
2,8.6,5.5,3.0,8,47.83,100.0,-30.0,Mild
2,8.6,5.5,3.0,9,41.67,100.0,-30.0,Mild
2,8.6,5.5,3.0,14,44.25,100.0,-30.0,Mild
2,8.6,5.5,3.0,16,48.42,100.0,-30.0,Mild
2,8.6,5.5,3.0,18,29.5,100.0,-30.0,Mild
2,8.6,5.5,3.0,1,47.08,100.0,-30.0,Mild
2,8.6,5.5,3.0,21,18.0,100.0,-30.0,Mild
2,8.6,5.5,3.0,2,36.42,100.0,-30.0,Mild
2,8.6,5.5,3.0,5,46.17,100.0,-30.0,Mild
2,8.6,5.5,3.0,4,41.42,100.0,-30.0,Mild
2,8.6,5.5,3.0,19,38.17,100.0,-30.0,Mild
2,8.6,5.5,3.0,17,18.0,100.0,-30.0,Mild
2,8.6,5.5,3.0,10,38.83,100.0,-30.0,Mild
2,8.6,5.5,3.0,6,40.42,100.0,-30.0,Mild
1,9.0,5.5,3.0,2,18.83,90.81,-30.0,Subclinical
1,9.0,5.5,3.0,5,30.42,98.31,-30.0,Subclinical
1,7.8,5.5,3.0,0,18.0,100.0,-30.0,Critical
1,9.0,5.5,3.0,1,27.5,99.65,-30.0,Subclinical
1,9.0,5.5,3.0,3,22.75,89.44,-30.0,Subclinical
1,9.0,5.5,3.0,4,18.42,81.62,-30.0,Subclinical
1,7.8,5.5,3.0,6,11.67,51.14,-30.0,Critical
2,8.6,5.5,3.0,19,47.0,96.32,-30.0,Mild
2,8.6,5.5,3.0,9,44.67,100.0,-30.0,Mild
2,8.6,5.5,3.0,1,35.42,100.0,-30.0,Mild
2,8.6,5.5,3.0,14,41.5,100.0,-30.0,Mild
2,8.6,5.5,3.0,13,41.42,100.0,-30.0,Mild
2,8.6,5.5,3.0,21,47.42,100.0,-30.0,Mild
2,8.6,5.5,3.0,18,46.25,96.88,-30.0,Mild
2,8.6,5.5,3.0,4,35.58,100.0,-30.0,Mild
2,8.6,5.5,3.0,15,31.17,100.0,-30.0,Mild
2,8.6,5.5,3.0,8,33.33,100.0,-30.0,Mild
2,8.6,5.5,3.0,6,38.67,96.94,-30.0,Mild
2,8.6,5.5,3.0,16,40.5,100.0,-30.0,Mild
2,8.6,5.5,3.0,12,50.25,100.0,-30.0,Mild
2,8.6,5.5,3.0,2,23.42,97.06,-30.0,Mild
2,8.6,5.5,3.0,20,18.0,90.0,-30.0,Mild
2,8.6,5.5,3.0,3,32.5,100.0,-30.0,Mild
2,8.6,5.5,3.0,11,42.92,98.68,-30.0,Mild
2,8.6,5.5,3.0,7,48.42,99.17,-30.0,Mild
2,8.6,5.5,3.0,10,39.25,100.0,-30.0,Mild
2,7.8,5.5,3.0,0,18.0,100.0,-30.0,Critical
2,8.6,5.5,3.0,17,40.17,100.0,-30.0,Mild
2,8.6,5.5,3.0,5,42.83,97.08,-30.0,Mild
2,8.2,5.5,3.0,5,29.25,100.0,-30.0,Moderate
2,8.2,5.5,3.0,16,18.0,87.07,-30.0,Moderate
2,8.2,5.5,3.0,4,26.42,100.0,-30.0,Moderate
2,8.2,5.5,3.0,12,18.0,100.0,-30.0,Moderate
2,8.2,5.5,3.0,15,18.0,75.0,-30.0,Moderate
2,8.2,5.5,3.0,19,18.0,86.2,-30.0,Moderate
2,8.2,5.5,3.0,8,38.83,100.0,-30.0,Moderate
2,8.2,5.5,3.0,11,18.0,100.0,-30.0,Moderate
2,8.2,5.5,3.0,10,29.5,95.76,-30.0,Moderate
2,8.2,5.5,3.0,2,28.08,96.98,-30.0,Moderate
2,8.2,5.5,3.0,3,36.42,100.0,-30.0,Moderate
2,8.2,5.5,3.0,20,18.0,91.97,-30.0,Moderate
2,7.4,5.5,3.0,0,23.33,97.78,-30.0,Critical
2,8.2,5.5,3.0,17,18.0,77.27,-30.0,Moderate
2,8.2,5.5,3.0,21,18.0,79.33,-30.0,Moderate
2,8.2,5.5,3.0,14,18.0,87.17,-30.0,Moderate
2,8.2,5.5,3.0,18,18.0,93.43,-30.0,Moderate
2,8.2,5.5,3.0,7,27.75,94.17,-30.0,Moderate
2,8.2,5.5,3.0,6,33.92,96.19,-30.0,Moderate
2,8.2,5.5,3.0,9,39.83,99.58,-30.0,Moderate
2,8.2,5.5,3.0,13,18.0,75.7,-30.0,Moderate
2,8.6,5.5,3.0,1,29.67,97.99,-30.0,Mild
1,8.6,5.5,3.0,1,11.92,47.67,-30.0,Mild
2,8.2,5.5,3.0,15,23.25,97.67,-30.0,Moderate
2,8.2,5.5,3.0,18,35.0,100.0,-30.0,Moderate
2,8.2,5.5,3.0,11,25.5,100.0,-30.0,Moderate
2,8.6,5.5,3.0,8,24.67,99.56,-30.0,Mild
2,8.2,5.5,3.0,19,28.67,100.0,-30.0,Moderate
2,8.2,5.5,3.0,7,29.0,100.0,-30.0,Moderate
2,8.2,5.5,3.0,4,22.58,96.78,-30.0,Moderate
2,8.2,5.5,3.0,12,29.67,100.0,-30.0,Moderate
2,8.2,5.5,3.0,14,32.25,100.0,-30.0,Moderate
2,8.2,5.5,3.0,9,27.58,100.0,-30.0,Moderate
2,8.2,5.5,3.0,1,26.92,98.36,-30.0,Moderate
2,8.6,5.5,3.0,5,19.08,77.33,-30.0,Mild
2,8.2,5.5,3.0,3,15.83,79.79,-30.0,Moderate
2,8.2,5.5,3.0,17,30.42,100.0,-30.0,Moderate
2,8.2,5.5,3.0,2,22.92,93.68,-30.0,Moderate
2,8.2,5.5,3.0,13,33.5,100.0,-30.0,Moderate
2,8.2,5.5,3.0,6,24.75,93.0,-30.0,Moderate
2,8.2,5.5,3.0,10,34.17,100.0,-30.0,Moderate
2,8.2,5.5,3.0,20,24.83,99.78,-30.0,Moderate
2,8.2,5.5,3.0,16,31.33,100.0,-30.0,Moderate
2,8.2,5.5,3.0,21,33.25,100.0,-30.0,Moderate
2,7.4,5.5,3.0,0,18.0,100.0,-30.0,Critical
2,8.2,5.5,3.0,15,31.83,82.66,-30.0,Moderate
2,8.6,5.5,3.0,21,36.67,91.79,-30.0,Mild
2,8.2,5.5,3.0,18,38.83,90.38,-30.0,Moderate
2,8.2,5.5,3.0,17,37.5,89.68,-30.0,Moderate
2,8.6,5.5,3.0,11,38.33,97.43,-30.0,Mild
2,8.2,5.5,3.0,3,33.92,85.39,-30.0,Moderate
2,8.2,5.5,3.0,8,31.42,90.39,-30.0,Moderate
2,8.2,5.5,3.0,19,34.0,92.93,-30.0,Moderate
2,8.6,5.5,3.0,7,40.92,97.31,-30.0,Mild
2,7.4,5.5,3.0,0,18.0,100.0,-30.0,Critical
2,8.2,5.5,3.0,2,34.0,85.25,-30.0,Moderate
2,8.2,5.5,3.0,9,32.92,91.31,-30.0,Moderate
2,8.6,5.5,3.0,13,41.17,98.4,-30.0,Mild
2,8.2,5.5,3.0,1,36.08,92.86,-30.0,Moderate
2,8.6,5.5,3.0,5,37.0,93.17,-30.0,Mild
2,8.2,5.5,3.0,14,34.0,89.78,-30.0,Moderate
2,8.2,5.5,3.0,12,36.42,95.24,-30.0,Moderate
2,8.2,5.5,3.0,6,40.92,100.0,-30.0,Moderate
2,8.2,5.5,3.0,20,33.17,92.74,-30.0,Moderate
2,8.2,5.5,3.0,4,33.75,90.98,-30.0,Moderate
2,8.2,5.5,3.0,16,29.17,88.03,-30.0,Moderate
2,8.2,5.5,3.0,10,33.25,90.84,-30.0,Moderate
2,8.2,5.5,3.0,16,31.83,89.33,-30.0,Moderate
2,8.6,5.5,3.0,4,34.67,97.03,-30.0,Mild
2,8.2,5.5,3.0,9,33.25,90.14,-30.0,Moderate
2,8.2,5.5,3.0,12,28.92,86.93,-30.0,Moderate
2,8.2,5.5,3.0,11,27.58,85.54,-30.0,Moderate
2,8.2,5.5,3.0,14,33.25,93.19,-30.0,Moderate
2,8.6,5.5,3.0,15,34.42,100.0,-30.0,Mild
2,8.6,5.5,3.0,18,30.0,94.07,-30.0,Mild
2,8.2,5.5,3.0,5,34.92,85.12,-30.0,Moderate
2,7.8,5.5,3.0,0,18.0,100.0,-30.0,Critical
2,8.6,5.5,3.0,20,28.67,92.92,-30.0,Mild
2,8.2,5.5,3.0,7,43.08,87.52,-30.0,Moderate
2,8.6,5.5,3.0,3,32.08,87.87,-30.0,Mild
2,8.2,5.5,3.0,17,31.83,88.23,-30.0,Moderate
2,8.2,5.5,3.0,2,42.08,89.67,-30.0,Moderate
2,8.2,5.5,3.0,8,34.92,83.62,-30.0,Moderate
2,8.2,5.5,3.0,21,33.5,89.66,-30.0,Moderate
2,8.2,5.5,3.0,19,27.58,85.78,-30.0,Moderate
2,8.6,5.5,3.0,1,28.67,100.0,-30.0,Mild
2,8.2,5.5,3.0,13,31.08,85.33,-30.0,Moderate
2,8.2,5.5,3.0,10,39.17,90.89,-30.0,Moderate
2,8.2,5.5,3.0,6,35.17,89.64,-30.0,Moderate
1,8.6,5.5,3.0,7,32.0,100.0,-30.0,Mild
1,9.0,5.5,3.0,16,28.25,96.32,-30.0,Subclinical
1,8.6,5.5,3.0,14,27.25,98.87,-30.0,Mild
1,8.6,5.5,3.0,21,28.5,95.42,-30.0,Mild
1,9.0,5.5,3.0,1,15.5,75.91,-30.0,Subclinical
1,9.0,5.5,3.0,13,35.83,92.36,-30.0,Subclinical
1,9.0,5.5,3.0,6,29.58,98.96,-30.0,Subclinical
1,8.6,5.5,3.0,5,28.67,100.0,-30.0,Mild
1,9.0,5.5,3.0,9,32.58,99.65,-30.0,Subclinical
1,9.0,5.5,3.0,2,12.33,70.21,-30.0,Subclinical
1,9.0,5.5,3.0,12,35.75,93.06,-30.0,Subclinical
1,8.6,5.5,3.0,4,22.83,77.82,-30.0,Mild
1,9.0,5.5,3.0,17,31.83,95.97,-30.0,Subclinical
1,9.0,5.5,3.0,20,31.58,94.38,-30.0,Subclinical
1,9.0,5.5,3.0,11,34.67,100.0,-30.0,Subclinical
1,8.6,5.5,3.0,18,20.42,91.39,-30.0,Mild
1,7.8,5.5,3.0,0,18.0,100.0,-30.0,Critical
1,9.0,5.5,3.0,8,20.5,90.32,-30.0,Subclinical
1,9.0,5.5,3.0,15,35.67,90.28,-30.0,Subclinical
1,9.0,5.5,3.0,3,19.42,81.03,-30.0,Subclinical
1,8.6,5.5,3.0,10,21.83,94.88,-30.0,Mild
1,9.0,5.5,3.0,19,24.33,94.04,-30.0,Subclinical
1,8.6,5.5,3.0,4,30.42,94.89,-30.0,Mild
1,9.0,5.5,3.0,1,31.67,100.0,-30.0,Subclinical
1,8.6,5.5,3.0,5,25.75,93.42,-30.0,Mild
1,8.6,5.5,3.0,3,27.75,100.0,-30.0,Mild
1,8.6,5.5,3.0,2,25.58,97.2,-30.0,Mild
1,9.0,5.5,3.0,6,12.83,60.83,-30.0,Subclinical
1,7.8,5.5,3.0,0,18.0,100.0,-30.0,Critical
1,9.0,5.5,3.0,18,18.0,100.0,-30.0,Subclinical
1,9.0,5.5,3.0,6,18.0,88.67,-30.0,Subclinical
1,9.0,5.5,3.0,2,18.0,92.9,-30.0,Subclinical
1,9.0,5.5,3.0,14,18.0,100.0,-30.0,Subclinical
1,9.0,5.5,3.0,21,18.0,88.47,-30.0,Subclinical
1,9.0,5.5,3.0,13,18.0,100.0,-30.0,Subclinical
1,9.0,5.5,3.0,19,18.0,95.7,-30.0,Subclinical
1,9.0,5.5,3.0,17,18.0,100.0,-30.0,Subclinical
1,9.0,5.5,3.0,7,18.0,95.27,-30.0,Subclinical
1,9.0,5.5,3.0,11,18.0,69.23,-30.0,Subclinical
1,9.0,5.5,3.0,8,18.0,70.83,-30.0,Subclinical
1,9.0,5.5,3.0,4,18.0,93.07,-30.0,Subclinical
1,9.0,5.5,3.0,9,18.0,63.7,-30.0,Subclinical
1,9.0,5.5,3.0,12,18.0,100.0,-30.0,Subclinical
1,9.0,5.5,3.0,16,18.0,100.0,-30.0,Subclinical
1,9.0,5.5,3.0,5,18.0,86.87,-30.0,Subclinical
1,9.0,5.5,3.0,3,18.0,91.6,-30.0,Subclinical
1,9.0,5.5,3.0,1,18.0,100.0,-30.0,Subclinical
1,8.2,5.5,3.0,0,18.0,100.0,-30.0,Moderate
1,9.0,5.5,3.0,20,18.0,100.0,-30.0,Subclinical
1,9.0,5.5,3.0,10,18.0,67.2,-30.0,Subclinical
1,9.0,5.5,3.0,15,18.0,100.0,-30.0,Subclinical
2,8.6,5.5,3.0,5,33.75,100.0,-30.0,Mild
2,8.6,5.5,3.0,14,33.0,100.0,-30.0,Mild
2,8.6,5.5,3.0,18,30.08,90.93,-30.0,Mild
2,8.6,5.5,3.0,9,30.33,100.0,-30.0,Mild
2,8.6,5.5,3.0,20,38.5,100.0,-30.0,Mild
2,8.6,5.5,3.0,16,31.42,96.84,-30.0,Mild
2,8.6,5.5,3.0,7,38.0,98.68,-30.0,Mild
2,7.4,5.5,3.0,0,18.0,100.0,-30.0,Critical
2,8.6,5.5,3.0,13,29.17,100.0,-30.0,Mild
2,8.6,5.5,3.0,3,27.58,95.74,-30.0,Mild
2,8.6,5.5,3.0,10,37.17,96.12,-30.0,Mild
2,8.6,5.5,3.0,8,34.67,92.21,-30.0,Mild
2,8.2,5.5,3.0,2,29.0,94.79,-30.0,Moderate
2,8.6,5.5,3.0,4,33.67,93.93,-30.0,Mild
2,8.6,5.5,3.0,15,32.67,99.78,-30.0,Mild
2,8.6,5.5,3.0,17,41.0,97.51,-30.0,Mild
2,8.6,5.5,3.0,11,32.5,98.83,-30.0,Mild
2,8.6,5.5,3.0,19,34.92,100.0,-30.0,Mild
2,8.6,5.5,3.0,12,32.25,96.34,-30.0,Mild
2,8.6,5.5,3.0,1,41.33,100.0,-30.0,Mild
2,8.6,5.5,3.0,21,33.33,100.0,-30.0,Mild
2,8.6,5.5,3.0,6,35.33,95.4,-30.0,Mild
1,8.6,5.5,3.0,5,22.58,81.52,-30.0,Mild
1,8.6,5.5,3.0,4,23.42,76.56,-30.0,Mild
1,7.8,5.5,3.0,0,18.0,100.0,-30.0,Critical
1,8.6,5.5,3.0,6,23.42,87.74,-30.0,Mild
1,7.8,5.5,3.0,8,8.5,39.95,-30.0,Critical
1,8.6,5.5,3.0,3,20.33,78.8,-30.0,Mild
1,8.6,5.5,3.0,7,19.75,79.97,-30.0,Mild
1,8.6,5.5,3.0,2,22.42,84.7,-30.0,Mild
1,8.6,5.5,3.0,1,25.58,91.54,-30.0,Mild
1,9.0,5.5,3.0,2,18.0,100.0,-30.0,Subclinical
1,8.6,5.5,3.0,15,18.0,71.73,-30.0,Mild
1,9.0,5.5,3.0,11,18.0,100.0,-30.0,Subclinical
1,8.6,5.5,3.0,16,18.0,100.0,-30.0,Mild
1,8.6,5.5,3.0,6,18.0,80.67,-30.0,Mild
1,8.6,5.5,3.0,12,18.0,92.43,-30.0,Mild
1,8.6,5.5,3.0,10,18.0,87.97,-30.0,Mild
1,9.0,5.5,3.0,1,18.0,100.0,-30.0,Subclinical
1,8.6,5.5,3.0,14,18.0,67.97,-30.0,Mild
1,8.6,5.5,3.0,3,18.0,80.43,-30.0,Mild
1,8.6,5.5,3.0,4,18.0,97.1,-30.0,Mild
1,8.2,5.5,3.0,0,18.0,100.0,-30.0,Moderate
1,8.6,5.5,3.0,17,18.0,63.93,-30.0,Mild
1,8.6,5.5,3.0,5,18.0,89.43,-30.0,Mild
1,8.6,5.5,3.0,21,18.0,89.1,-30.0,Mild
1,8.6,5.5,3.0,19,18.0,99.1,-30.0,Mild
1,8.6,5.5,3.0,9,18.0,72.87,-30.0,Mild
1,9.0,5.5,3.0,20,18.0,100.0,-30.0,Subclinical
1,8.6,5.5,3.0,7,18.0,89.03,-30.0,Mild
1,8.6,5.5,3.0,8,18.0,74.57,-30.0,Mild
1,8.6,5.5,3.0,18,18.0,70.63,-30.0,Mild
1,8.6,5.5,3.0,13,18.0,100.0,-30.0,Mild
2,8.2,5.5,3.0,13,26.5,100.0,-30.0,Moderate
2,8.2,5.5,3.0,3,35.0,97.3,-30.0,Moderate
2,8.2,5.5,3.0,2,26.17,96.9,-30.0,Moderate
2,8.2,5.5,3.0,4,34.17,100.0,-30.0,Moderate
2,8.2,5.5,3.0,9,34.17,95.26,-30.0,Moderate
2,8.2,5.5,3.0,5,34.75,98.18,-30.0,Moderate
2,8.2,5.5,3.0,16,23.58,96.06,-30.0,Moderate
2,8.6,5.5,3.0,18,29.83,100.0,-30.0,Mild
2,8.2,5.5,3.0,8,32.75,98.61,-30.0,Moderate
2,8.2,5.5,3.0,12,29.75,94.1,-30.0,Moderate
2,8.2,5.5,3.0,11,25.58,90.63,-30.0,Moderate
2,8.2,5.5,3.0,7,33.0,100.0,-30.0,Moderate
2,8.2,5.5,3.0,21,31.17,97.12,-30.0,Moderate
2,8.2,5.5,3.0,10,28.92,98.06,-30.0,Moderate
2,8.2,5.5,3.0,14,29.25,100.0,-30.0,Moderate
2,8.2,5.5,3.0,6,32.17,92.6,-30.0,Moderate
2,8.6,5.5,3.0,17,26.17,97.38,-30.0,Mild
2,8.2,5.5,3.0,20,28.92,100.0,-30.0,Moderate
2,8.2,5.5,3.0,1,35.58,100.0,-30.0,Moderate
2,8.2,5.5,3.0,15,27.08,100.0,-30.0,Moderate
2,8.2,5.5,3.0,19,27.42,99.03,-30.0,Moderate
2,8.6,5.5,3.0,1,22.58,74.91,-30.0,Mild
2,8.2,5.5,3.0,14,22.58,94.49,-30.0,Moderate
2,8.6,5.5,3.0,6,23.08,88.83,-30.0,Mild
2,8.6,5.5,3.0,2,18.17,86.33,-30.0,Mild
2,8.2,5.5,3.0,5,20.17,81.57,-30.0,Moderate
2,8.2,5.5,3.0,21,12.33,65.33,-30.0,Moderate
2,8.6,5.5,3.0,13,13.92,74.95,-30.0,Mild
2,8.2,5.5,3.0,11,16.08,72.72,-30.0,Moderate
2,8.2,5.5,3.0,8,17.83,77.62,-30.0,Moderate
2,8.2,5.5,3.0,19,18.75,78.04,-30.0,Moderate
2,7.8,5.5,3.0,12,12.08,56.06,-30.0,Critical
2,8.2,5.5,3.0,4,17.08,78.67,-30.0,Moderate
2,7.4,5.5,3.0,0,18.0,100.0,-30.0,Critical
2,8.6,5.5,3.0,15,22.33,90.31,-30.0,Mild
2,8.2,5.5,3.0,10,13.92,61.03,-30.0,Moderate
2,8.2,5.5,3.0,9,15.08,69.88,-30.0,Moderate
2,8.2,5.5,3.0,17,23.92,89.33,-30.0,Moderate
2,8.2,5.5,3.0,16,20.58,82.59,-30.0,Moderate
2,8.2,5.5,3.0,7,22.75,89.19,-30.0,Moderate
2,8.2,5.5,3.0,18,21.67,89.98,-30.0,Moderate
2,8.2,5.5,3.0,3,24.75,90.4,-30.0,Moderate
2,8.2,5.5,3.0,20,13.33,66.83,-30.0,Moderate
2,8.6,5.5,3.0,2,40.75,100.0,-30.0,Mild
2,8.6,5.5,3.0,5,40.83,100.0,-30.0,Mild
2,8.2,5.5,3.0,8,42.25,100.0,-30.0,Moderate
2,8.2,5.5,3.0,3,39.67,100.0,-30.0,Moderate
2,8.6,5.5,3.0,1,38.42,100.0,-30.0,Mild
2,7.4,5.5,3.0,0,18.0,100.0,-30.0,Critical
2,8.6,5.5,3.0,6,36.67,100.0,-30.0,Mild
2,8.2,5.5,3.0,15,42.33,100.0,-30.0,Moderate
2,8.6,5.5,3.0,10,44.58,100.0,-30.0,Mild
2,8.2,5.5,3.0,13,38.25,100.0,-30.0,Moderate
2,8.2,5.5,3.0,9,38.58,100.0,-30.0,Moderate
2,8.2,5.5,3.0,19,41.42,100.0,-30.0,Moderate
2,8.2,5.5,3.0,20,38.25,100.0,-30.0,Moderate
2,8.2,5.5,3.0,17,41.25,100.0,-30.0,Moderate
2,8.6,5.5,3.0,16,32.83,100.0,-30.0,Mild
2,8.2,5.5,3.0,12,38.17,100.0,-30.0,Moderate
2,8.2,5.5,3.0,21,39.83,100.0,-30.0,Moderate
2,8.6,5.5,3.0,11,35.75,100.0,-30.0,Mild
2,8.2,5.5,3.0,14,39.33,97.78,-30.0,Moderate
2,8.2,5.5,3.0,4,38.67,100.0,-30.0,Moderate
2,8.2,5.5,3.0,18,39.17,100.0,-30.0,Moderate
2,8.2,5.5,3.0,7,33.75,100.0,-30.0,Moderate
2,8.2,5.5,3.0,2,30.33,100.0,-30.0,Moderate
2,8.6,5.5,3.0,14,34.5,100.0,-30.0,Mild
2,8.6,5.5,3.0,15,32.5,100.0,-30.0,Mild
2,8.6,5.5,3.0,7,28.67,97.78,-30.0,Mild
2,8.2,5.5,3.0,21,35.33,100.0,-30.0,Moderate
2,8.6,5.5,3.0,1,28.42,100.0,-30.0,Mild
2,8.6,5.5,3.0,16,34.33,100.0,-30.0,Mild
2,8.6,5.5,3.0,9,31.67,100.0,-30.0,Mild
2,8.2,5.5,3.0,3,30.08,100.0,-30.0,Moderate
2,8.2,5.5,3.0,20,39.0,100.0,-30.0,Moderate
2,8.2,5.5,3.0,4,36.42,100.0,-30.0,Moderate
2,8.2,5.5,3.0,12,34.17,100.0,-30.0,Moderate
2,8.2,5.5,3.0,18,26.08,99.24,-30.0,Moderate
2,8.6,5.5,3.0,5,31.33,100.0,-30.0,Mild
2,8.2,5.5,3.0,10,35.42,100.0,-30.0,Moderate
2,8.2,5.5,3.0,19,33.25,97.03,-30.0,Moderate
2,8.6,5.5,3.0,13,36.42,100.0,-30.0,Mild
2,8.2,5.5,3.0,17,35.58,93.32,-30.0,Moderate
2,7.4,5.5,3.0,0,18.0,100.0,-30.0,Critical
2,8.6,5.5,3.0,11,37.58,100.0,-30.0,Mild
2,8.6,5.5,3.0,8,33.17,100.0,-30.0,Mild
2,8.2,5.5,3.0,6,28.58,100.0,-30.0,Moderate
2,8.2,5.5,3.0,5,24.17,95.86,-30.0,Moderate
2,7.4,5.5,3.0,0,18.0,100.0,-30.0,Critical
2,8.2,5.5,3.0,14,18.08,69.8,-30.0,Moderate
2,8.2,5.5,3.0,10,24.5,82.08,-30.0,Moderate
2,8.2,5.5,3.0,17,20.08,81.18,-30.0,Moderate
2,8.2,5.5,3.0,7,33.67,85.29,-30.0,Moderate
2,8.2,5.5,3.0,12,24.75,82.11,-30.0,Moderate
2,8.2,5.5,3.0,21,33.67,99.61,-30.0,Moderate
2,8.2,5.5,3.0,4,30.42,96.27,-30.0,Moderate
2,8.2,5.5,3.0,11,30.58,93.98,-30.0,Moderate
2,8.2,5.5,3.0,2,30.25,88.17,-30.0,Moderate
2,8.2,5.5,3.0,19,27.33,92.28,-30.0,Moderate
2,8.2,5.5,3.0,18,20.67,87.33,-30.0,Moderate
2,8.2,5.5,3.0,3,28.58,85.94,-30.0,Moderate
2,8.2,5.5,3.0,16,17.33,72.02,-30.0,Moderate
2,8.2,5.5,3.0,9,32.25,84.28,-30.0,Moderate
2,8.2,5.5,3.0,1,36.08,95.78,-30.0,Moderate
2,8.2,5.5,3.0,8,31.75,85.63,-30.0,Moderate
2,8.2,5.5,3.0,15,23.25,82.61,-30.0,Moderate
2,8.2,5.5,3.0,13,22.83,88.18,-30.0,Moderate
2,8.2,5.5,3.0,6,29.92,90.22,-30.0,Moderate
2,8.2,5.5,3.0,20,28.25,87.49,-30.0,Moderate
1,8.6,5.5,3.0,8,28.83,89.67,-30.0,Mild
1,8.6,5.5,3.0,13,34.67,93.9,-30.0,Mild
1,8.6,5.5,3.0,16,32.08,97.68,-30.0,Mild
1,8.6,5.5,3.0,6,31.17,90.44,-30.0,Mild
1,9.0,5.5,3.0,11,33.25,96.46,-30.0,Subclinical
1,9.0,5.5,3.0,17,34.92,98.12,-30.0,Subclinical
1,9.0,5.5,3.0,3,36.0,95.03,-30.0,Subclinical
1,9.0,5.5,3.0,10,33.67,92.34,-30.0,Subclinical
1,9.0,5.5,3.0,12,37.5,94.24,-30.0,Subclinical
1,9.0,5.5,3.0,9,36.67,97.01,-30.0,Subclinical
1,9.0,5.5,3.0,5,36.25,97.14,-30.0,Subclinical
1,8.6,5.5,3.0,15,35.08,87.71,-30.0,Mild
1,9.0,5.5,3.0,14,33.92,93.5,-30.0,Subclinical
1,9.0,5.5,3.0,18,38.5,93.47,-30.0,Subclinical
1,8.6,5.5,3.0,7,37.92,97.06,-30.0,Mild
1,9.0,5.5,3.0,1,28.83,100.0,-30.0,Subclinical
1,9.0,5.5,3.0,2,36.92,98.06,-30.0,Subclinical
1,8.6,5.5,3.0,20,35.83,93.4,-30.0,Mild
1,8.6,5.5,3.0,21,38.67,93.87,-30.0,Mild
1,9.0,5.5,3.0,4,36.0,93.66,-30.0,Subclinical
1,9.0,5.5,3.0,19,32.25,100.0,-30.0,Subclinical
1,8.6,5.5,3.0,30,27.83,99.07,-30.0,Mild
1,8.6,5.5,3.0,30,27.25,96.5,-30.0,Mild
1,8.6,5.5,3.0,30,34.0,95.64,-30.0,Mild
1,8.6,5.5,3.0,30,18.0,83.67,-30.0,Mild
1,8.6,5.5,3.0,30,25.58,93.82,-30.0,Mild
1,8.6,5.5,3.0,30,29.58,94.12,-30.0,Mild
1,8.6,5.5,3.0,30,29.92,98.88,-30.0,Mild
1,8.6,5.5,3.0,30,24.92,90.6,-30.0,Mild
1,9.0,5.5,3.0,30,30.17,99.79,-30.0,Subclinical
1,8.6,5.5,3.0,30,17.83,86.02,-30.0,Mild
1,8.6,5.5,3.0,30,31.83,100.0,-30.0,Mild
1,8.2,5.5,3.0,0,18.0,100.0,-30.0,Moderate
1,8.6,5.5,3.0,30,29.92,97.0,-30.0,Mild
1,8.6,5.5,3.0,30,23.17,88.57,-30.0,Mild
1,8.6,5.5,3.0,30,20.08,77.22,-30.0,Mild
1,8.6,5.5,3.0,30,27.42,86.65,-30.0,Mild
1,8.6,5.5,3.0,30,20.42,79.82,-30.0,Mild
1,8.6,5.5,3.0,30,24.33,86.67,-30.0,Mild
1,8.6,5.5,3.0,30,19.67,77.5,-30.0,Mild
1,8.6,5.5,3.0,30,23.58,92.1,-30.0,Mild
1,8.6,5.5,3.0,30,22.83,85.53,-30.0,Mild
1,8.6,5.5,3.0,30,26.92,97.81,-30.0,Mild
1,8.6,5.5,3.0,30,16.83,72.6,-30.0,Mild
1,9.0,5.5,3.0,21,29.5,100.0,-30.0,Subclinical
1,9.0,5.5,3.0,10,20.08,90.17,-30.0,Subclinical
1,9.0,5.5,3.0,16,24.0,98.0,-30.0,Subclinical
1,9.0,5.5,3.0,19,33.75,100.0,-30.0,Subclinical
1,9.0,5.5,3.0,20,24.75,99.5,-30.0,Subclinical
1,9.0,5.5,3.0,12,29.33,100.0,-30.0,Subclinical
1,9.0,5.5,3.0,15,29.33,98.85,-30.0,Subclinical
1,9.0,5.5,3.0,11,17.08,76.25,-30.0,Subclinical
1,9.0,5.5,3.0,9,27.0,89.48,-30.0,Subclinical
1,9.0,5.5,3.0,1,28.92,93.33,-30.0,Subclinical
1,8.2,5.5,3.0,5,8.92,35.67,-30.0,Moderate
1,9.0,5.5,3.0,7,26.08,96.15,-30.0,Subclinical
1,9.0,5.5,3.0,17,31.92,100.0,-30.0,Subclinical
1,9.0,5.5,3.0,3,20.67,69.67,-30.0,Subclinical
1,9.0,5.5,3.0,14,24.83,97.58,-30.0,Subclinical
1,9.0,5.5,3.0,13,22.25,93.56,-30.0,Subclinical
1,9.0,5.5,3.0,6,21.5,84.67,-30.0,Subclinical
1,9.0,5.5,3.0,2,19.0,70.81,-30.0,Subclinical
1,9.0,5.5,3.0,8,31.0,100.0,-30.0,Subclinical
1,9.0,5.5,3.0,18,35.58,100.0,-30.0,Subclinical
1,8.2,5.5,3.0,4,9.0,42.27,-30.0,Moderate
2,8.6,5.5,3.0,21,18.0,82.17,-30.0,Mild
2,8.6,5.5,3.0,18,18.0,82.17,-30.0,Mild
2,8.2,5.5,3.0,3,18.0,73.03,-30.0,Moderate
2,8.2,5.5,3.0,12,18.0,100.0,-30.0,Moderate
2,8.2,5.5,3.0,13,18.0,100.0,-30.0,Moderate
2,8.6,5.5,3.0,15,18.0,87.37,-30.0,Mild
2,8.2,5.5,3.0,2,18.0,70.03,-30.0,Moderate
2,8.2,5.5,3.0,19,18.0,77.13,-30.0,Moderate
2,7.8,5.5,3.0,9,18.0,58.5,-30.0,Critical
2,8.2,5.5,3.0,10,18.0,70.63,-30.0,Moderate
2,8.2,5.5,3.0,5,18.0,69.07,-30.0,Moderate
2,8.2,5.5,3.0,11,18.0,61.33,-30.0,Moderate
2,8.6,5.5,3.0,20,18.0,83.1,-30.0,Mild
2,8.2,5.5,3.0,8,18.0,62.83,-30.0,Moderate
2,8.6,5.5,3.0,16,18.0,97.6,-30.0,Mild
2,8.6,5.5,3.0,7,18.0,77.93,-30.0,Mild
2,8.2,5.5,3.0,14,18.0,96.67,-30.0,Moderate
2,8.2,5.5,3.0,1,18.0,84.87,-30.0,Moderate
2,8.2,5.5,3.0,17,18.0,74.23,-30.0,Moderate
2,8.2,5.5,3.0,6,18.0,65.67,-30.0,Moderate
2,7.4,5.5,3.0,0,18.0,100.0,-30.0,Critical
2,8.2,5.5,3.0,4,18.0,76.03,-30.0,Moderate
2,8.6,5.5,3.0,13,34.75,86.02,-30.0,Mild
2,8.2,5.5,3.0,4,37.17,96.47,-30.0,Moderate
2,8.6,5.5,3.0,17,38.92,87.28,-30.0,Mild
2,8.6,5.5,3.0,14,32.42,82.66,-30.0,Mild
2,8.2,5.5,3.0,11,36.42,85.08,-30.0,Moderate
2,8.6,5.5,3.0,18,39.08,87.6,-30.0,Mild
2,8.6,5.5,3.0,19,35.08,89.12,-30.0,Mild
2,8.6,5.5,3.0,9,34.58,91.56,-30.0,Mild
2,8.6,5.5,3.0,2,41.0,100.0,-30.0,Mild
2,8.6,5.5,3.0,1,32.75,100.0,-30.0,Mild
2,8.6,5.5,3.0,21,45.17,95.92,-30.0,Mild
2,8.6,5.5,3.0,10,36.67,87.17,-30.0,Mild
2,8.6,5.5,3.0,3,35.0,74.46,-30.0,Mild
2,8.6,5.5,3.0,5,33.67,92.97,-30.0,Mild
2,7.8,5.5,3.0,0,18.0,100.0,-30.0,Critical
2,8.6,5.5,3.0,6,39.33,97.29,-30.0,Mild
2,8.6,5.5,3.0,8,31.08,85.78,-30.0,Mild
2,8.6,5.5,3.0,20,38.33,100.0,-30.0,Mild
2,8.6,5.5,3.0,7,35.42,90.06,-30.0,Mild
2,8.6,5.5,3.0,16,38.17,88.18,-30.0,Mild
2,8.6,5.5,3.0,12,34.83,89.39,-30.0,Mild
2,8.2,5.5,3.0,15,30.42,83.88,-30.0,Moderate
2,8.6,5.5,3.0,5,25.92,92.15,-30.0,Mild
2,8.2,5.5,3.0,15,39.5,100.0,-30.0,Moderate
2,8.6,5.5,3.0,18,45.75,100.0,-30.0,Mild
2,8.6,5.5,3.0,6,30.92,96.67,-30.0,Mild
2,8.6,5.5,3.0,21,40.0,100.0,-30.0,Mild
2,8.2,5.5,3.0,20,43.0,100.0,-30.0,Moderate
2,8.6,5.5,3.0,14,19.42,87.62,-30.0,Mild
2,8.6,5.5,3.0,19,37.75,100.0,-30.0,Mild
2,8.6,5.5,3.0,10,32.58,100.0,-30.0,Mild
2,8.6,5.5,3.0,13,34.17,86.88,-30.0,Mild
2,7.8,5.5,3.0,8,4.42,33.87,-30.0,Critical
2,8.6,5.5,3.0,12,35.92,93.22,-30.0,Mild
2,8.6,5.5,3.0,7,43.5,100.0,-30.0,Mild
2,7.4,5.5,3.0,0,18.0,100.0,-30.0,Critical
2,8.6,5.5,3.0,9,21.75,80.39,-30.0,Mild
2,8.2,5.5,3.0,17,42.83,100.0,-30.0,Moderate
2,8.6,5.5,3.0,2,33.67,85.28,-30.0,Mild
2,8.6,5.5,3.0,11,29.5,97.6,-30.0,Mild
2,8.6,5.5,3.0,16,50.42,100.0,-30.0,Mild
2,8.6,5.5,3.0,1,30.08,100.0,-30.0,Mild
2,8.6,5.5,3.0,19,32.42,100.0,-30.0,Mild
2,8.2,5.5,3.0,15,31.67,99.99,-30.0,Moderate
2,7.8,5.5,3.0,0,18.0,100.0,-30.0,Critical
2,8.2,5.5,3.0,10,30.08,100.0,-30.0,Moderate
2,8.6,5.5,3.0,18,29.92,100.0,-30.0,Mild
2,8.2,5.5,3.0,5,26.0,89.8,-30.0,Moderate
2,8.6,5.5,3.0,8,31.0,100.0,-30.0,Mild
2,8.6,5.5,3.0,9,29.92,100.0,-30.0,Mild
2,8.2,5.5,3.0,13,27.17,100.0,-30.0,Moderate
2,8.2,5.5,3.0,20,26.83,90.63,-30.0,Moderate
2,8.2,5.5,3.0,6,29.42,97.57,-30.0,Moderate
2,8.2,5.5,3.0,4,26.67,95.52,-30.0,Moderate
2,8.2,5.5,3.0,12,32.42,99.16,-30.0,Moderate
2,8.6,5.5,3.0,21,33.42,98.26,-30.0,Mild
2,8.6,5.5,3.0,17,28.75,100.0,-30.0,Mild
2,8.6,5.5,3.0,14,35.75,95.83,-30.0,Mild
2,8.6,5.5,3.0,16,33.0,100.0,-30.0,Mild
2,8.6,5.5,3.0,1,22.75,97.0,-30.0,Mild
2,8.2,5.5,3.0,11,30.92,100.0,-30.0,Moderate
2,8.2,5.5,3.0,2,31.17,100.0,-30.0,Moderate
2,8.2,5.5,3.0,7,21.67,95.56,-30.0,Moderate
2,8.2,5.5,3.0,3,34.42,100.0,-30.0,Moderate
1,9.0,5.5,3.0,17,21.92,93.83,-30.0,Subclinical
1,9.0,5.5,3.0,11,28.92,100.0,-30.0,Subclinical
1,9.0,5.5,3.0,9,27.5,98.75,-30.0,Subclinical
1,9.0,5.5,3.0,2,30.08,100.0,-30.0,Subclinical
1,9.0,5.5,3.0,21,31.5,100.0,-30.0,Subclinical
1,9.0,5.5,3.0,6,26.92,100.0,-30.0,Subclinical
1,9.0,5.5,3.0,20,25.83,100.0,-30.0,Subclinical
1,9.0,5.5,3.0,19,33.75,100.0,-30.0,Subclinical
1,9.0,5.5,3.0,15,32.25,100.0,-30.0,Subclinical
1,9.0,5.5,3.0,14,24.33,98.67,-30.0,Subclinical
1,9.0,5.5,3.0,1,33.83,97.92,-30.0,Subclinical
1,9.0,5.5,3.0,3,30.92,98.12,-30.0,Subclinical
1,9.0,5.5,3.0,16,33.17,100.0,-30.0,Subclinical
1,9.0,5.5,3.0,8,23.0,96.0,-30.0,Subclinical
1,9.0,5.5,3.0,4,30.92,100.0,-30.0,Subclinical
1,9.0,5.5,3.0,10,25.92,96.98,-30.0,Subclinical
1,9.0,5.5,3.0,13,29.33,100.0,-30.0,Subclinical
1,9.0,5.5,3.0,5,29.17,96.77,-30.0,Subclinical
1,9.0,5.5,3.0,7,30.92,100.0,-30.0,Subclinical
1,9.0,5.5,3.0,18,28.25,100.0,-30.0,Subclinical
1,9.0,5.5,3.0,12,26.5,100.0,-30.0,Subclinical
1,8.6,5.5,3.0,1,18.0,57.92,-30.0,Mild
1,9.0,5.5,3.0,4,49.75,82.92,-30.0,Subclinical
1,9.0,5.5,3.0,2,18.0,67.92,-30.0,Subclinical
1,8.6,5.5,3.0,3,18.0,59.79,-30.0,Mild
1,9.0,5.5,3.0,5,23.83,95.33,-30.0,Subclinical
2,8.2,5.5,3.0,21,33.75,100.0,-30.0,Moderate
2,8.2,5.5,3.0,16,36.83,98.77,-30.0,Moderate
2,8.2,5.5,3.0,13,34.0,97.6,-30.0,Moderate
2,8.2,5.5,3.0,4,30.83,88.31,-30.0,Moderate
2,8.2,5.5,3.0,6,36.08,100.0,-30.0,Moderate
2,8.2,5.5,3.0,2,41.0,95.98,-30.0,Moderate
2,8.2,5.5,3.0,5,31.58,89.92,-30.0,Moderate
2,8.2,5.5,3.0,1,32.58,92.58,-30.0,Moderate
2,8.6,5.5,3.0,11,41.92,100.0,-30.0,Mild
2,8.2,5.5,3.0,18,35.17,97.63,-30.0,Moderate
2,8.2,5.5,3.0,9,29.42,81.96,-30.0,Moderate
2,7.4,5.5,3.0,0,18.0,100.0,-30.0,Critical
2,8.2,5.5,3.0,15,35.08,92.91,-30.0,Moderate
2,8.2,5.5,3.0,7,41.67,100.0,-30.0,Moderate
2,8.6,5.5,3.0,10,19.0,76.82,-30.0,Mild
2,8.2,5.5,3.0,14,34.33,92.37,-30.0,Moderate
2,8.2,5.5,3.0,20,26.08,90.17,-30.0,Moderate
2,8.2,5.5,3.0,12,39.58,93.13,-30.0,Moderate
2,8.2,5.5,3.0,3,25.75,94.23,-30.0,Moderate
2,8.2,5.5,3.0,17,37.08,100.0,-30.0,Moderate
2,8.2,5.5,3.0,19,32.17,97.23,-30.0,Moderate
2,8.2,5.5,3.0,8,27.0,100.0,-30.0,Moderate
1,8.2,5.5,3.0,0,18.0,100.0,-30.0,Moderate
1,9.0,5.5,3.0,11,28.83,91.6,-30.0,Subclinical
1,9.0,5.5,3.0,4,21.25,95.0,-30.0,Subclinical
1,8.6,5.5,3.0,16,33.75,100.0,-30.0,Mild
1,9.0,5.5,3.0,2,22.58,96.78,-30.0,Subclinical
1,8.6,5.5,3.0,21,29.58,95.53,-30.0,Mild
1,9.0,5.5,3.0,13,29.5,100.0,-30.0,Subclinical
1,8.6,5.5,3.0,12,18.0,90.67,-30.0,Mild
1,9.0,5.5,3.0,9,20.08,86.68,-30.0,Subclinical
1,9.0,5.5,3.0,5,24.58,96.06,-30.0,Subclinical
1,8.6,5.5,3.0,19,21.33,84.48,-30.0,Mild
1,8.6,5.5,3.0,10,16.17,69.96,-30.0,Mild
1,8.6,5.5,3.0,1,12.0,71.9,-30.0,Mild
1,8.6,5.5,3.0,14,22.58,91.72,-30.0,Mild
1,9.0,5.5,3.0,3,22.33,96.44,-30.0,Subclinical
1,8.6,5.5,3.0,20,28.17,87.6,-30.0,Mild
1,8.6,5.5,3.0,18,26.83,89.73,-30.0,Mild
1,9.0,5.5,3.0,6,21.58,91.55,-30.0,Subclinical
1,8.6,5.5,3.0,15,26.42,98.28,-30.0,Mild
1,8.6,5.5,3.0,17,26.08,96.06,-30.0,Mild
1,9.0,5.5,3.0,7,19.75,86.03,-30.0,Subclinical
1,9.0,5.5,3.0,8,21.42,90.12,-30.0,Subclinical
2,8.6,5.5,3.0,3,33.17,85.3,-30.0,Mild
2,8.6,5.5,3.0,7,35.33,87.73,-30.0,Mild
2,8.6,5.5,3.0,6,32.0,87.58,-30.0,Mild
2,8.6,5.5,3.0,9,35.58,84.29,-30.0,Mild
2,8.2,5.5,3.0,18,33.42,89.91,-30.0,Moderate
2,8.6,5.5,3.0,4,36.33,87.62,-30.0,Mild
2,8.6,5.5,3.0,8,32.5,87.8,-30.0,Mild
2,8.6,5.5,3.0,16,29.83,88.39,-30.0,Mild
2,8.2,5.5,3.0,19,35.75,86.66,-30.0,Moderate
2,8.6,5.5,3.0,20,30.42,92.62,-30.0,Mild
2,7.4,5.5,3.0,0,18.0,100.0,-30.0,Critical
2,8.6,5.5,3.0,5,37.25,84.52,-30.0,Mild
2,8.6,5.5,3.0,1,32.08,93.33,-30.0,Mild
2,8.6,5.5,3.0,21,38.25,87.04,-30.0,Mild
2,8.2,5.5,3.0,14,24.92,88.19,-30.0,Moderate
2,8.2,5.5,3.0,11,30.42,88.7,-30.0,Moderate
2,8.6,5.5,3.0,12,33.75,91.56,-30.0,Mild
2,8.2,5.5,3.0,13,29.67,90.83,-30.0,Moderate
2,8.6,5.5,3.0,10,25.25,88.36,-30.0,Mild
2,8.6,5.5,3.0,17,27.08,89.08,-30.0,Mild
2,8.2,5.5,3.0,15,29.75,87.36,-30.0,Moderate
2,8.6,5.5,3.0,2,36.92,89.97,-30.0,Mild
1,9.0,5.5,3.0,6,28.25,89.97,-30.0,Subclinical
1,9.0,5.5,3.0,13,26.17,100.0,-30.0,Subclinical
1,9.0,5.5,3.0,17,20.42,85.1,-30.0,Subclinical
1,9.0,5.5,3.0,7,26.67,100.0,-30.0,Subclinical
1,8.2,5.5,3.0,0,18.0,100.0,-30.0,Moderate
1,9.0,5.5,3.0,15,18.33,74.17,-30.0,Subclinical
1,9.0,5.5,3.0,3,29.58,100.0,-30.0,Subclinical
1,9.0,5.5,3.0,2,23.92,95.52,-30.0,Subclinical
1,9.0,5.5,3.0,10,25.58,86.43,-30.0,Subclinical
1,9.0,5.5,3.0,1,19.83,88.78,-30.0,Subclinical
1,9.0,5.5,3.0,12,26.83,100.0,-30.0,Subclinical
1,9.0,5.5,3.0,18,14.75,72.31,-30.0,Subclinical
1,9.0,5.5,3.0,14,25.0,100.0,-30.0,Subclinical
1,9.0,5.5,3.0,20,15.0,60.0,-30.0,Subclinical
1,9.0,5.5,3.0,19,24.83,99.67,-30.0,Subclinical
1,9.0,5.5,3.0,16,24.0,84.35,-30.0,Subclinical
1,9.0,5.5,3.0,9,24.92,88.7,-30.0,Subclinical
1,9.0,5.5,3.0,5,28.75,91.66,-30.0,Subclinical
1,9.0,5.5,3.0,8,25.33,98.19,-30.0,Subclinical
1,9.0,5.5,3.0,4,20.5,85.87,-30.0,Subclinical
1,9.0,5.5,3.0,11,27.08,100.0,-30.0,Subclinical
1,8.6,5.5,3.0,2,34.58,90.22,-30.0,Mild
1,9.0,5.5,3.0,4,30.17,77.58,-30.0,Subclinical
1,8.6,5.5,3.0,3,39.25,96.66,-30.0,Mild
1,9.0,5.5,3.0,1,47.92,100.0,-30.0,Subclinical
1,7.8,5.5,3.0,0,18.0,100.0,-30.0,Critical
1,8.6,5.5,3.0,6,24.25,79.26,-30.0,Mild
1,9.0,5.5,3.0,1,33.92,100.0,-30.0,Subclinical
1,8.6,5.5,3.0,7,28.42,90.36,-30.0,Mild
1,8.6,5.5,3.0,4,36.83,96.02,-30.0,Mild
1,8.6,5.5,3.0,2,29.92,92.23,-30.0,Mild
1,9.0,5.5,3.0,5,41.75,100.0,-30.0,Subclinical
1,8.6,5.5,3.0,3,38.75,97.98,-30.0,Mild
1,9.0,5.5,3.0,9,20.58,83.05,-30.0,Subclinical
1,8.6,5.5,3.0,8,39.17,95.9,-30.0,Mild
1,7.8,5.5,3.0,0,18.0,100.0,-30.0,Critical
2,8.2,5.5,3.0,19,36.83,88.49,-30.0,Moderate
2,8.2,5.5,3.0,11,39.33,92.26,-30.0,Moderate
2,8.2,5.5,3.0,2,37.42,89.01,-30.0,Moderate
2,8.2,5.5,3.0,18,30.75,86.02,-30.0,Moderate
2,8.2,5.5,3.0,4,37.0,90.26,-30.0,Moderate
2,8.2,5.5,3.0,12,43.0,87.19,-30.0,Moderate
2,8.2,5.5,3.0,14,27.83,87.64,-30.0,Moderate
2,8.2,5.5,3.0,5,42.08,90.11,-30.0,Moderate
2,8.2,5.5,3.0,10,43.0,94.89,-30.0,Moderate
2,8.2,5.5,3.0,8,42.5,90.44,-30.0,Moderate
2,8.2,5.5,3.0,15,25.33,84.45,-30.0,Moderate
2,8.2,5.5,3.0,21,39.42,87.48,-30.0,Moderate
2,8.2,5.5,3.0,17,39.08,93.34,-30.0,Moderate
2,8.2,5.5,3.0,13,44.0,93.04,-30.0,Moderate
2,7.4,5.5,3.0,0,73.33,100.0,-30.0,Critical
2,8.2,5.5,3.0,16,34.58,90.78,-30.0,Moderate
2,8.2,5.5,3.0,6,40.0,91.01,-30.0,Moderate
2,8.2,5.5,3.0,3,42.75,94.67,-30.0,Moderate
2,8.2,5.5,3.0,9,45.75,93.94,-30.0,Moderate
2,8.2,5.5,3.0,7,42.25,93.99,-30.0,Moderate
2,8.2,5.5,3.0,20,33.42,85.08,-30.0,Moderate
2,8.6,5.5,3.0,1,42.75,97.09,-30.0,Mild
2,8.6,5.5,3.0,10,32.08,97.56,-30.0,Mild
2,8.6,5.5,3.0,17,37.92,99.9,-30.0,Mild
2,8.6,5.5,3.0,2,35.08,100.0,-30.0,Mild
2,8.6,5.5,3.0,20,34.42,100.0,-30.0,Mild
2,8.6,5.5,3.0,1,32.5,100.0,-30.0,Mild
2,8.6,5.5,3.0,4,29.58,100.0,-30.0,Mild
2,8.6,5.5,3.0,7,21.92,95.89,-30.0,Mild
2,8.2,5.5,3.0,21,32.0,95.11,-30.0,Moderate
2,8.6,5.5,3.0,11,31.33,99.19,-30.0,Mild
2,8.6,5.5,3.0,19,33.33,99.19,-30.0,Mild
2,8.6,5.5,3.0,12,35.92,100.0,-30.0,Mild
2,8.6,5.5,3.0,18,35.08,100.0,-30.0,Mild
2,8.6,5.5,3.0,5,36.67,94.69,-30.0,Mild
2,8.6,5.5,3.0,13,25.33,94.33,-30.0,Mild
2,8.6,5.5,3.0,15,30.58,100.0,-30.0,Mild
2,8.6,5.5,3.0,14,34.75,98.41,-30.0,Mild
2,8.6,5.5,3.0,9,32.0,100.0,-30.0,Mild
2,8.6,5.5,3.0,3,34.33,100.0,-30.0,Mild
2,8.6,5.5,3.0,6,35.42,100.0,-30.0,Mild
2,8.2,5.5,3.0,8,28.75,93.04,-30.0,Moderate
2,8.6,5.5,3.0,16,30.5,100.0,-30.0,Mild
2,7.8,5.5,3.0,0,18.0,100.0,-30.0,Critical
1,8.2,5.5,3.0,0,18.0,100.0,-30.0,Moderate
1,9.0,5.5,3.0,14,38.0,100.0,-30.0,Subclinical
1,9.0,5.5,3.0,16,18.0,96.43,-30.0,Subclinical
1,9.0,5.5,3.0,6,25.83,100.0,-30.0,Subclinical
1,9.0,5.5,3.0,1,26.25,100.0,-30.0,Subclinical
1,8.6,5.5,3.0,2,20.17,83.67,-30.0,Mild
1,8.6,5.5,3.0,5,26.83,99.8,-30.0,Mild
1,9.0,5.5,3.0,15,35.25,90.42,-30.0,Subclinical
1,8.6,5.5,3.0,7,20.67,88.32,-30.0,Mild
1,9.0,5.5,3.0,13,38.75,100.0,-30.0,Subclinical
1,8.6,5.5,3.0,8,25.92,100.0,-30.0,Mild
1,9.0,5.5,3.0,10,34.17,100.0,-30.0,Subclinical
1,8.6,5.5,3.0,9,28.67,97.0,-30.0,Mild
1,8.6,5.5,3.0,11,35.17,100.0,-30.0,Mild
1,9.0,5.5,3.0,4,27.75,100.0,-30.0,Subclinical
1,8.6,5.5,3.0,3,22.33,90.0,-30.0,Mild
1,9.0,5.5,3.0,12,39.08,100.0,-30.0,Subclinical
1,9.0,5.5,3.0,30,35.58,100.0,-30.0,Subclinical
1,8.2,5.5,3.0,8,4.67,46.78,-30.0,Moderate
1,9.0,5.5,3.0,30,27.08,97.85,-30.0,Subclinical
1,9.0,5.5,3.0,9,18.0,88.57,-30.0,Subclinical
1,8.6,5.5,3.0,30,22.42,80.99,-30.0,Mild
1,8.6,5.5,3.0,5,18.0,89.87,-30.0,Mild
1,8.6,5.5,3.0,30,28.0,95.06,-30.0,Mild
1,8.6,5.5,3.0,6,18.0,77.27,-30.0,Mild
1,8.6,5.5,3.0,3,18.0,73.33,-30.0,Mild
1,8.6,5.5,3.0,30,23.0,90.06,-30.0,Mild
1,9.0,5.5,3.0,11,18.0,70.2,-30.0,Subclinical
1,8.2,5.5,3.0,12,18.0,54.67,-30.0,Moderate
1,8.6,5.5,3.0,1,18.0,100.0,-30.0,Mild
1,8.6,5.5,3.0,2,18.0,92.27,-30.0,Mild
1,8.6,5.5,3.0,4,18.0,78.93,-30.0,Mild
1,8.6,5.5,3.0,30,18.0,100.0,-30.0,Mild
1,9.0,5.5,3.0,30,20.67,86.27,-30.0,Subclinical
1,9.0,5.5,3.0,30,29.58,98.37,-30.0,Subclinical
1,9.0,5.5,3.0,30,26.75,100.0,-30.0,Subclinical
1,9.0,5.5,3.0,30,25.92,95.38,-30.0,Subclinical
1,8.6,5.5,3.0,30,28.75,87.27,-30.0,Mild
1,9.0,5.5,3.0,30,25.83,100.0,-30.0,Subclinical
1,8.6,5.5,3.0,30,23.42,81.6,-30.0,Mild
1,9.0,5.5,3.0,10,18.0,79.17,-30.0,Subclinical
1,8.6,5.5,3.0,30,28.75,92.93,-30.0,Mild
1,8.6,5.5,3.0,30,26.58,96.64,-30.0,Mild
1,9.0,5.5,3.0,30,36.5,100.0,-30.0,Subclinical
1,8.6,5.5,3.0,30,20.08,79.73,-30.0,Mild
1,8.2,5.5,3.0,0,18.0,100.0,-30.0,Moderate
1,8.6,5.5,3.0,30,20.33,93.78,-30.0,Mild
1,9.0,5.5,3.0,30,25.67,100.0,-30.0,Subclinical
1,7.8,5.5,3.0,7,4.25,36.27,-30.0,Critical
1,9.0,5.5,3.0,30,23.08,97.44,-30.0,Subclinical
1,8.6,5.5,3.0,30,25.83,84.91,-30.0,Mild
1,9.0,5.5,3.0,30,25.92,100.0,-30.0,Subclinical
1,9.0,5.5,3.0,2,50.0,90.0,-30.0,Subclinical
1,9.0,5.5,3.0,4,48.92,84.69,-30.0,Subclinical
1,9.0,5.5,3.0,3,51.58,91.56,-30.0,Subclinical
1,9.0,5.5,3.0,5,47.25,86.77,-30.0,Subclinical
1,9.0,5.5,3.0,6,48.17,85.94,-30.0,Subclinical
1,9.0,5.5,3.0,1,51.42,100.0,-30.0,Subclinical
1,9.0,5.5,3.0,7,26.83,100.0,-30.0,Subclinical
1,9.0,5.5,3.0,14,35.58,100.0,-30.0,Subclinical
1,9.0,5.5,3.0,1,24.75,87.21,-30.0,Subclinical
1,9.0,5.5,3.0,12,28.25,100.0,-30.0,Subclinical
1,9.0,5.5,3.0,5,35.67,100.0,-30.0,Subclinical
1,9.0,5.5,3.0,15,33.33,100.0,-30.0,Subclinical
1,9.0,5.5,3.0,8,33.08,100.0,-30.0,Subclinical
1,9.0,5.5,3.0,4,19.33,84.08,-30.0,Subclinical
1,9.0,5.5,3.0,20,33.42,94.06,-30.0,Subclinical
1,9.0,5.5,3.0,2,24.75,95.23,-30.0,Subclinical
1,9.0,5.5,3.0,13,31.75,100.0,-30.0,Subclinical
1,9.0,5.5,3.0,9,33.92,100.0,-30.0,Subclinical
1,9.0,5.5,3.0,6,33.75,100.0,-30.0,Subclinical
1,9.0,5.5,3.0,3,29.42,90.94,-30.0,Subclinical
1,9.0,5.5,3.0,17,35.67,100.0,-30.0,Subclinical
1,9.0,5.5,3.0,18,31.83,100.0,-30.0,Subclinical
1,9.0,5.5,3.0,11,29.67,98.65,-30.0,Subclinical
1,9.0,5.5,3.0,10,24.08,98.17,-30.0,Subclinical
1,9.0,5.5,3.0,7,34.75,100.0,-30.0,Subclinical
1,9.0,5.5,3.0,16,30.5,100.0,-30.0,Subclinical
1,9.0,5.5,3.0,21,31.5,100.0,-30.0,Subclinical
1,9.0,5.5,3.0,19,29.17,100.0,-30.0,Subclinical
2,8.6,5.5,3.0,5,31.17,94.28,-30.0,Mild
2,8.6,5.5,3.0,12,30.0,97.93,-30.0,Mild
2,8.6,5.5,3.0,3,31.0,100.0,-30.0,Mild
2,8.6,5.5,3.0,10,32.75,94.49,-30.0,Mild
2,8.6,5.5,3.0,2,30.0,100.0,-30.0,Mild
2,8.6,5.5,3.0,21,31.42,97.9,-30.0,Mild
2,8.6,5.5,3.0,15,25.5,100.0,-30.0,Mild
2,8.6,5.5,3.0,4,27.92,98.97,-30.0,Mild
2,8.6,5.5,3.0,16,24.5,93.84,-30.0,Mild
2,8.6,5.5,3.0,7,33.25,98.94,-30.0,Mild
2,8.6,5.5,3.0,14,19.92,89.34,-30.0,Mild
2,8.6,5.5,3.0,8,23.75,93.51,-30.0,Mild
2,8.6,5.5,3.0,9,31.83,91.28,-30.0,Mild
2,8.6,5.5,3.0,18,29.83,94.5,-30.0,Mild
2,8.6,5.5,3.0,11,33.75,93.2,-30.0,Mild
2,8.6,5.5,3.0,19,28.58,100.0,-30.0,Mild
2,7.4,5.5,3.0,0,18.0,100.0,-30.0,Critical
2,8.6,5.5,3.0,1,27.42,100.0,-30.0,Mild
2,8.6,5.5,3.0,20,27.17,97.3,-30.0,Mild
2,8.6,5.5,3.0,17,29.5,92.39,-30.0,Mild
2,8.6,5.5,3.0,13,31.75,97.41,-30.0,Mild
2,8.2,5.5,3.0,6,30.17,95.11,-30.0,Moderate
2,8.6,5.5,3.0,12,35.25,100.0,-30.0,Mild
2,8.6,5.5,3.0,15,39.5,100.0,-30.0,Mild
2,8.6,5.5,3.0,11,44.5,100.0,-30.0,Mild
2,8.6,5.5,3.0,20,39.0,100.0,-30.0,Mild
2,8.6,5.5,3.0,9,33.0,92.92,-30.0,Mild
2,7.4,5.5,3.0,0,18.0,100.0,-30.0,Critical
2,8.6,5.5,3.0,13,48.5,100.0,-30.0,Mild
2,8.6,5.5,3.0,10,44.08,100.0,-30.0,Mild
2,8.6,5.5,3.0,6,28.25,90.97,-30.0,Mild
2,8.6,5.5,3.0,18,43.5,100.0,-30.0,Mild
2,8.6,5.5,3.0,1,49.33,93.82,-30.0,Mild
2,8.6,5.5,3.0,7,22.08,96.11,-30.0,Mild
2,8.6,5.5,3.0,16,42.42,100.0,-30.0,Mild
2,8.2,5.5,3.0,4,18.0,58.33,-30.0,Moderate
2,8.6,5.5,3.0,2,23.08,88.88,-30.0,Mild
2,8.2,5.5,3.0,17,45.25,100.0,-30.0,Moderate
2,8.6,5.5,3.0,14,37.42,100.0,-30.0,Mild
2,8.6,5.5,3.0,21,40.17,100.0,-30.0,Mild
2,7.8,5.5,3.0,8,7.58,45.59,-30.0,Critical
2,8.2,5.5,3.0,5,30.67,100.0,-30.0,Moderate
2,8.6,5.5,3.0,3,39.67,81.15,-30.0,Mild
2,8.6,5.5,3.0,19,35.75,100.0,-30.0,Mild
2,8.6,5.5,3.0,19,28.42,100.0,-30.0,Mild
2,8.6,5.5,3.0,17,29.92,100.0,-30.0,Mild
2,8.6,5.5,3.0,16,30.58,100.0,-30.0,Mild
2,8.6,5.5,3.0,4,20.42,89.81,-30.0,Mild
2,8.6,5.5,3.0,15,28.83,96.36,-30.0,Mild
2,8.6,5.5,3.0,7,31.92,100.0,-30.0,Mild
2,8.6,5.5,3.0,6,27.83,100.0,-30.0,Mild
2,8.6,5.5,3.0,13,22.25,91.19,-30.0,Mild
2,8.2,5.5,3.0,11,22.5,96.67,-30.0,Moderate
2,8.2,5.5,3.0,21,15.5,87.33,-30.0,Moderate
2,8.6,5.5,3.0,1,25.17,100.0,-30.0,Mild
2,8.6,5.5,3.0,12,24.83,99.78,-30.0,Mild
2,8.6,5.5,3.0,18,28.42,100.0,-30.0,Mild
2,8.2,5.5,3.0,2,19.5,81.92,-30.0,Moderate
2,8.2,5.5,3.0,9,24.75,89.24,-30.0,Moderate
2,8.6,5.5,3.0,10,24.92,99.89,-30.0,Mild
2,8.6,5.5,3.0,5,28.42,100.0,-30.0,Mild
2,7.4,5.5,3.0,0,18.0,100.0,-30.0,Critical
2,8.6,5.5,3.0,14,27.58,100.0,-30.0,Mild
2,8.6,5.5,3.0,3,18.08,88.9,-30.0,Mild
2,8.2,5.5,3.0,8,22.08,85.92,-30.0,Moderate
2,8.6,5.5,3.0,20,22.33,96.44,-30.0,Mild
1,8.6,5.5,3.0,11,34.5,99.93,-30.0,Mild
1,9.0,5.5,3.0,1,32.5,100.0,-30.0,Subclinical
1,8.6,5.5,3.0,9,32.08,99.86,-30.0,Mild
1,9.0,5.5,3.0,6,37.08,95.14,-30.0,Subclinical
1,8.2,5.5,3.0,0,18.0,100.0,-30.0,Moderate
1,8.6,5.5,3.0,21,29.42,98.19,-30.0,Mild
1,8.6,5.5,3.0,10,34.33,97.08,-30.0,Mild
1,9.0,5.5,3.0,20,30.5,98.54,-30.0,Subclinical
1,9.0,5.5,3.0,16,38.33,97.92,-30.0,Subclinical
1,8.6,5.5,3.0,2,29.5,100.0,-30.0,Mild
1,9.0,5.5,3.0,5,34.5,98.19,-30.0,Subclinical
1,9.0,5.5,3.0,4,38.33,97.92,-30.0,Subclinical
1,9.0,5.5,3.0,18,30.25,97.99,-30.0,Subclinical
1,9.0,5.5,3.0,12,34.83,93.12,-30.0,Subclinical
1,8.6,5.5,3.0,7,32.17,100.0,-30.0,Mild
1,8.6,5.5,3.0,15,28.67,100.0,-30.0,Mild
1,9.0,5.5,3.0,8,37.08,99.1,-30.0,Subclinical
1,8.6,5.5,3.0,13,27.33,97.15,-30.0,Mild
1,8.6,5.5,3.0,3,28.42,100.0,-30.0,Mild
1,8.6,5.5,3.0,14,34.25,100.0,-30.0,Mild
1,8.6,5.5,3.0,17,31.58,100.0,-30.0,Mild
1,8.6,5.5,3.0,19,30.83,96.88,-30.0,Mild
2,8.2,5.5,3.0,8,37.75,91.83,-30.0,Moderate
2,8.2,5.5,3.0,17,28.08,89.99,-30.0,Moderate
2,8.2,5.5,3.0,13,44.0,91.67,-30.0,Moderate
2,8.2,5.5,3.0,6,33.58,94.69,-30.0,Moderate
2,8.2,5.5,3.0,15,37.83,100.0,-30.0,Moderate
2,8.2,5.5,3.0,16,33.67,90.98,-30.0,Moderate
2,8.6,5.5,3.0,19,29.67,100.0,-30.0,Mild
2,8.2,5.5,3.0,7,35.25,92.79,-30.0,Moderate
2,8.2,5.5,3.0,10,38.58,90.71,-30.0,Moderate
2,8.6,5.5,3.0,21,36.5,95.82,-30.0,Mild
2,8.2,5.5,3.0,3,26.17,98.71,-30.0,Moderate
2,8.2,5.5,3.0,18,34.75,95.88,-30.0,Moderate
2,8.2,5.5,3.0,14,36.58,89.07,-30.0,Moderate
2,8.2,5.5,3.0,12,40.0,94.03,-30.0,Moderate
2,8.2,5.5,3.0,1,33.75,87.37,-30.0,Moderate
2,7.4,5.5,3.0,0,18.0,100.0,-30.0,Critical
2,8.6,5.5,3.0,20,45.5,97.69,-30.0,Mild
2,8.2,5.5,3.0,11,33.25,92.89,-30.0,Moderate
2,8.2,5.5,3.0,2,31.0,90.51,-30.0,Moderate
2,8.2,5.5,3.0,9,33.58,86.64,-30.0,Moderate
2,8.2,5.5,3.0,4,27.83,98.19,-30.0,Moderate
2,8.2,5.5,3.0,5,32.75,92.18,-30.0,Moderate
1,9.0,5.5,3.0,1,18.0,100.0,-30.0,Subclinical
1,7.8,5.5,3.0,0,18.0,100.0,-30.0,Critical
1,8.2,5.5,3.0,0,18.0,100.0,-30.0,Moderate
1,9.0,5.5,3.0,12,18.0,79.67,-30.0,Subclinical
1,9.0,5.5,3.0,18,18.0,90.23,-30.0,Subclinical
1,9.0,5.5,3.0,4,32.42,91.74,-30.0,Subclinical
1,8.6,5.5,3.0,5,18.0,57.73,-30.0,Mild
1,9.0,5.5,3.0,14,18.0,83.37,-30.0,Subclinical
1,9.0,5.5,3.0,10,18.0,67.77,-30.0,Subclinical
1,8.6,5.5,3.0,3,9.08,57.35,-30.0,Mild
1,9.0,5.5,3.0,21,18.0,73.73,-30.0,Subclinical
1,8.6,5.5,3.0,1,18.0,57.27,-30.0,Mild
1,9.0,5.5,3.0,17,18.0,76.07,-30.0,Subclinical
1,9.0,5.5,3.0,11,18.0,76.43,-30.0,Subclinical
1,8.6,5.5,3.0,20,3.5,53.3,-30.0,Mild
1,9.0,5.5,3.0,16,18.0,78.53,-30.0,Subclinical
1,8.6,5.5,3.0,8,18.0,46.97,-30.0,Mild
1,8.6,5.5,3.0,2,18.0,53.67,-30.0,Mild
1,9.0,5.5,3.0,15,18.0,72.4,-30.0,Subclinical
1,8.6,5.5,3.0,19,5.0,50.55,-30.0,Mild
1,9.0,5.5,3.0,6,18.0,61.8,-30.0,Subclinical
1,8.6,5.5,3.0,7,18.0,54.1,-30.0,Mild
1,8.6,5.5,3.0,9,3.58,50.98,-30.0,Mild
1,8.6,5.5,3.0,13,3.75,43.62,-30.0,Mild
1,9.0,5.5,3.0,2,21.33,95.11,-30.0,Subclinical
1,7.8,5.5,3.0,12,4.83,19.33,-30.0,Critical
1,9.0,5.5,3.0,3,22.67,96.89,-30.0,Subclinical
1,9.0,5.5,3.0,8,15.75,87.67,-30.0,Subclinical
1,8.2,5.5,3.0,0,18.0,100.0,-30.0,Moderate
1,9.0,5.5,3.0,5,27.5,100.0,-30.0,Subclinical
1,9.0,5.5,3.0,11,32.08,100.0,-30.0,Subclinical
1,9.0,5.5,3.0,4,29.83,100.0,-30.0,Subclinical
1,9.0,5.5,3.0,9,22.33,96.44,-30.0,Subclinical
1,9.0,5.5,3.0,10,22.58,96.78,-30.0,Subclinical
1,9.0,5.5,3.0,7,27.67,100.0,-30.0,Subclinical
1,9.0,5.5,3.0,6,29.25,100.0,-30.0,Subclinical
1,9.0,5.5,3.0,1,13.42,84.56,-30.0,Subclinical
1,9.0,5.5,3.0,3,21.0,94.67,-30.0,Subclinical
1,9.0,5.5,3.0,9,23.33,97.78,-30.0,Subclinical
1,8.6,5.5,3.0,16,25.17,98.47,-30.0,Mild
1,9.0,5.5,3.0,10,32.67,100.0,-30.0,Subclinical
1,9.0,5.5,3.0,6,27.58,100.0,-30.0,Subclinical
1,8.6,5.5,3.0,15,27.08,100.0,-30.0,Mild
1,9.0,5.5,3.0,4,25.17,100.0,-30.0,Subclinical
1,8.6,5.5,3.0,12,25.75,100.0,-30.0,Mild
1,9.0,5.5,3.0,17,31.17,100.0,-30.0,Subclinical
1,9.0,5.5,3.0,5,24.08,98.78,-30.0,Subclinical
1,9.0,5.5,3.0,21,29.42,100.0,-30.0,Subclinical
1,9.0,5.5,3.0,20,39.83,100.0,-30.0,Subclinical
1,8.6,5.5,3.0,11,30.92,99.78,-30.0,Mild
1,8.2,5.5,3.0,0,18.0,100.0,-30.0,Moderate
1,9.0,5.5,3.0,14,33.33,100.0,-30.0,Subclinical
1,9.0,5.5,3.0,2,24.17,98.89,-30.0,Subclinical
1,8.6,5.5,3.0,13,29.25,100.0,-30.0,Mild
1,9.0,5.5,3.0,19,30.58,100.0,-30.0,Subclinical
1,8.6,5.5,3.0,8,27.75,100.0,-30.0,Mild
1,9.0,5.5,3.0,1,25.08,100.0,-30.0,Subclinical
1,8.6,5.5,3.0,18,31.42,96.26,-30.0,Mild
1,9.0,5.5,3.0,7,28.17,100.0,-30.0,Subclinical
2,8.2,5.5,3.0,14,31.5,100.0,-30.0,Moderate
2,8.2,5.5,3.0,6,33.58,100.0,-30.0,Moderate
2,8.2,5.5,3.0,7,35.58,100.0,-30.0,Moderate
2,8.2,5.5,3.0,12,32.58,100.0,-30.0,Moderate
2,8.6,5.5,3.0,2,31.33,97.43,-30.0,Mild
2,8.2,5.5,3.0,8,34.58,100.0,-30.0,Moderate
2,8.2,5.5,3.0,5,37.17,99.51,-30.0,Moderate
2,8.2,5.5,3.0,3,29.83,100.0,-30.0,Moderate
2,8.6,5.5,3.0,1,35.92,91.74,-30.0,Mild
2,8.2,5.5,3.0,15,31.08,98.82,-30.0,Moderate
2,8.2,5.5,3.0,9,41.33,100.0,-30.0,Moderate
2,8.2,5.5,3.0,10,33.0,100.0,-30.0,Moderate
2,8.2,5.5,3.0,20,32.08,100.0,-30.0,Moderate
2,8.2,5.5,3.0,16,30.83,100.0,-30.0,Moderate
2,8.2,5.5,3.0,19,33.08,100.0,-30.0,Moderate
2,7.4,5.5,3.0,0,18.0,100.0,-30.0,Critical
2,8.2,5.5,3.0,4,33.17,100.0,-30.0,Moderate
2,8.2,5.5,3.0,21,35.0,100.0,-30.0,Moderate
2,8.2,5.5,3.0,17,36.5,100.0,-30.0,Moderate
2,8.2,5.5,3.0,18,28.58,99.94,-30.0,Moderate
2,8.2,5.5,3.0,11,31.25,100.0,-30.0,Moderate
2,8.2,5.5,3.0,13,36.67,100.0,-30.0,Moderate
2,8.6,5.5,3.0,11,18.0,66.87,-30.0,Mild
2,8.2,5.5,3.0,18,18.0,62.03,-30.0,Moderate
2,8.2,5.5,3.0,17,18.0,81.43,-30.0,Moderate
2,7.8,5.5,3.0,3,18.0,52.7,-30.0,Critical
2,8.6,5.5,3.0,19,18.0,76.73,-30.0,Mild
2,8.6,5.5,3.0,14,18.0,64.6,-30.0,Mild
2,8.2,5.5,3.0,9,18.0,70.4,-30.0,Moderate
2,7.4,5.5,3.0,0,18.0,100.0,-30.0,Critical
2,8.2,5.5,3.0,4,18.0,67.47,-30.0,Moderate
2,7.8,5.5,3.0,2,18.0,50.07,-30.0,Critical
2,8.2,5.5,3.0,8,18.0,66.83,-30.0,Moderate
2,8.2,5.5,3.0,7,18.0,74.53,-30.0,Moderate
2,8.2,5.5,3.0,12,18.0,78.33,-30.0,Moderate
2,8.2,5.5,3.0,13,18.0,72.7,-30.0,Moderate
2,8.2,5.5,3.0,16,18.0,70.3,-30.0,Moderate
2,8.2,5.5,3.0,15,18.0,66.9,-30.0,Moderate
2,8.2,5.5,3.0,20,18.0,66.47,-30.0,Moderate
2,8.2,5.5,3.0,10,18.0,79.7,-30.0,Moderate
2,8.2,5.5,3.0,1,18.0,98.43,-30.0,Moderate
2,7.8,5.5,3.0,6,18.0,58.73,-30.0,Critical
2,8.2,5.5,3.0,21,18.0,70.17,-30.0,Moderate
2,8.2,5.5,3.0,5,18.0,84.57,-30.0,Moderate
2,8.2,5.5,3.0,11,31.75,99.65,-30.0,Moderate
2,8.2,5.5,3.0,16,30.83,89.28,-30.0,Moderate
2,8.2,5.5,3.0,21,30.67,91.77,-30.0,Moderate
2,8.2,5.5,3.0,14,33.08,92.58,-30.0,Moderate
2,8.2,5.5,3.0,19,30.67,91.17,-30.0,Moderate
2,8.6,5.5,3.0,4,35.75,100.0,-30.0,Mild
2,8.2,5.5,3.0,12,37.67,100.0,-30.0,Moderate
2,8.2,5.5,3.0,17,20.5,89.97,-30.0,Moderate
2,8.2,5.5,3.0,9,29.25,99.51,-30.0,Moderate
2,8.2,5.5,3.0,5,32.83,100.0,-30.0,Moderate
2,8.2,5.5,3.0,1,31.08,100.0,-30.0,Moderate
2,8.2,5.5,3.0,8,34.92,95.76,-30.0,Moderate
2,8.2,5.5,3.0,10,33.25,97.15,-30.0,Moderate
2,8.2,5.5,3.0,18,26.92,87.39,-30.0,Moderate
2,8.2,5.5,3.0,7,32.0,100.0,-30.0,Moderate
2,8.2,5.5,3.0,15,36.0,89.89,-30.0,Moderate
2,8.2,5.5,3.0,6,33.5,97.99,-30.0,Moderate
2,8.2,5.5,3.0,3,31.25,99.44,-30.0,Moderate
2,8.6,5.5,3.0,2,30.83,98.12,-30.0,Mild
2,8.2,5.5,3.0,13,28.83,99.24,-30.0,Moderate
2,8.2,5.5,3.0,20,25.75,83.38,-30.0,Moderate
1,9.0,5.5,3.0,8,25.0,94.69,-30.0,Subclinical
1,9.0,5.5,3.0,5,18.58,78.42,-30.0,Subclinical
1,9.0,5.5,3.0,19,26.0,100.0,-30.0,Subclinical
1,9.0,5.5,3.0,7,20.92,89.75,-30.0,Subclinical
1,9.0,5.5,3.0,2,21.83,91.58,-30.0,Subclinical
1,9.0,5.5,3.0,14,25.67,93.85,-30.0,Subclinical
1,9.0,5.5,3.0,4,31.17,96.56,-30.0,Subclinical
1,9.0,5.5,3.0,10,23.33,96.35,-30.0,Subclinical
1,9.0,5.5,3.0,21,27.92,100.0,-30.0,Subclinical
1,9.0,5.5,3.0,13,22.83,95.67,-30.0,Subclinical
1,9.0,5.5,3.0,11,24.92,99.83,-30.0,Subclinical
1,9.0,5.5,3.0,12,32.67,93.96,-30.0,Subclinical
1,9.0,5.5,3.0,9,16.17,79.21,-30.0,Subclinical
1,9.0,5.5,3.0,17,29.58,100.0,-30.0,Subclinical
1,9.0,5.5,3.0,18,28.0,100.0,-30.0,Subclinical
1,9.0,5.5,3.0,15,27.17,100.0,-30.0,Subclinical
1,9.0,5.5,3.0,1,21.67,89.06,-30.0,Subclinical
1,9.0,5.5,3.0,6,17.92,73.02,-30.0,Subclinical
1,9.0,5.5,3.0,3,29.08,91.67,-30.0,Subclinical
1,9.0,5.5,3.0,16,28.83,100.0,-30.0,Subclinical
1,9.0,5.5,3.0,20,26.42,100.0,-30.0,Subclinical
1,8.6,5.5,3.0,13,28.75,97.99,-30.0,Mild
1,8.6,5.5,3.0,18,32.5,96.67,-30.0,Mild
1,9.0,5.5,3.0,3,28.33,92.71,-30.0,Subclinical
1,8.6,5.5,3.0,9,26.08,97.5,-30.0,Mild
1,8.6,5.5,3.0,16,31.58,97.15,-30.0,Mild
1,9.0,5.5,3.0,17,36.17,94.51,-30.0,Subclinical
1,8.6,5.5,3.0,8,36.83,93.75,-30.0,Mild
1,9.0,5.5,3.0,2,33.33,97.01,-30.0,Subclinical
1,8.6,5.5,3.0,7,26.58,98.06,-30.0,Mild
1,9.0,5.5,3.0,1,30.67,97.08,-30.0,Subclinical
1,8.6,5.5,3.0,15,37.33,90.28,-30.0,Mild
1,8.6,5.5,3.0,6,33.83,91.81,-30.0,Mild
1,8.6,5.5,3.0,20,31.83,100.0,-30.0,Mild
1,9.0,5.5,3.0,5,29.42,100.0,-30.0,Subclinical
1,9.0,5.5,3.0,21,35.42,93.33,-30.0,Subclinical
1,8.6,5.5,3.0,12,32.92,90.07,-30.0,Mild
1,8.6,5.5,3.0,11,28.42,100.0,-30.0,Mild
1,8.6,5.5,3.0,19,33.08,100.0,-30.0,Mild
1,9.0,5.5,3.0,10,31.17,95.9,-30.0,Subclinical
1,9.0,5.5,3.0,4,33.08,94.65,-30.0,Subclinical
1,8.6,5.5,3.0,14,36.17,96.25,-30.0,Mild
1,9.0,5.5,3.0,15,27.42,100.0,-30.0,Subclinical
1,8.6,5.5,3.0,17,26.67,98.2,-30.0,Mild
1,8.6,5.5,3.0,16,23.33,92.87,-30.0,Mild
1,7.8,5.5,3.0,0,18.0,100.0,-30.0,Critical
1,8.6,5.5,3.0,20,27.25,99.11,-30.0,Mild
1,9.0,5.5,3.0,9,23.58,98.11,-30.0,Subclinical
1,8.6,5.5,3.0,14,27.0,98.93,-30.0,Mild
1,8.6,5.5,3.0,18,33.75,100.0,-30.0,Mild
1,8.6,5.5,3.0,4,13.67,71.98,-30.0,Mild
1,8.6,5.5,3.0,8,26.17,96.33,-30.0,Mild
1,8.6,5.5,3.0,6,25.58,95.48,-30.0,Mild
1,8.6,5.5,3.0,5,20.42,91.04,-30.0,Mild
1,8.6,5.5,3.0,2,14.08,76.55,-30.0,Mild
1,8.6,5.5,3.0,19,25.0,100.0,-30.0,Mild
1,8.6,5.5,3.0,21,28.0,96.91,-30.0,Mild
1,8.6,5.5,3.0,12,29.67,100.0,-30.0,Mild
1,9.0,5.5,3.0,7,15.75,87.67,-30.0,Subclinical
1,9.0,5.5,3.0,10,26.92,100.0,-30.0,Subclinical
1,9.0,5.5,3.0,11,20.92,94.56,-30.0,Subclinical
1,9.0,5.5,3.0,13,31.25,100.0,-30.0,Subclinical
1,9.0,5.5,3.0,1,20.58,92.31,-30.0,Subclinical
1,8.6,5.5,3.0,3,13.67,68.64,-30.0,Mild
1,9.0,5.5,3.0,17,39.0,98.85,-30.0,Subclinical
1,9.0,5.5,3.0,20,32.17,91.04,-30.0,Subclinical
1,9.0,5.5,3.0,13,31.92,90.83,-30.0,Subclinical
1,9.0,5.5,3.0,16,29.67,100.0,-30.0,Subclinical
1,9.0,5.5,3.0,19,37.58,99.58,-30.0,Subclinical
1,9.0,5.5,3.0,9,36.83,84.06,-30.0,Subclinical
1,9.0,5.5,3.0,7,38.25,90.73,-30.0,Subclinical
1,9.0,5.5,3.0,15,29.75,93.44,-30.0,Subclinical
1,9.0,5.5,3.0,11,31.5,79.06,-30.0,Subclinical
1,9.0,5.5,3.0,18,32.33,100.0,-30.0,Subclinical
1,9.0,5.5,3.0,8,36.67,100.0,-30.0,Subclinical
1,9.0,5.5,3.0,5,28.0,77.4,-30.0,Subclinical
1,9.0,5.5,3.0,6,35.92,87.92,-30.0,Subclinical
1,9.0,5.5,3.0,14,37.42,94.48,-30.0,Subclinical
1,9.0,5.5,3.0,1,21.33,85.33,-30.0,Subclinical
1,9.0,5.5,3.0,12,27.58,93.65,-30.0,Subclinical
1,9.0,5.5,3.0,21,32.25,84.17,-30.0,Subclinical
1,9.0,5.5,3.0,10,34.0,91.56,-30.0,Subclinical
2,8.2,5.5,3.0,15,39.67,100.0,-30.0,Moderate
2,8.6,5.5,3.0,20,33.58,100.0,-30.0,Mild
2,8.2,5.5,3.0,3,32.67,100.0,-30.0,Moderate
2,8.2,5.5,3.0,14,36.67,98.64,-30.0,Moderate
2,8.2,5.5,3.0,5,29.08,100.0,-30.0,Moderate
2,8.2,5.5,3.0,13,38.67,98.1,-30.0,Moderate
2,8.2,5.5,3.0,9,38.42,100.0,-30.0,Moderate
2,8.2,5.5,3.0,7,41.75,100.0,-30.0,Moderate
2,8.2,5.5,3.0,16,41.08,100.0,-30.0,Moderate
2,8.2,5.5,3.0,1,32.33,100.0,-30.0,Moderate
2,8.2,5.5,3.0,17,43.17,100.0,-30.0,Moderate
2,8.2,5.5,3.0,2,36.5,100.0,-30.0,Moderate
2,8.2,5.5,3.0,12,30.17,100.0,-30.0,Moderate
2,7.4,5.5,3.0,0,18.0,100.0,-30.0,Critical
2,8.2,5.5,3.0,18,34.75,99.03,-30.0,Moderate
2,8.2,5.5,3.0,10,36.75,100.0,-30.0,Moderate
2,8.2,5.5,3.0,6,32.33,100.0,-30.0,Moderate
2,8.2,5.5,3.0,11,38.25,100.0,-30.0,Moderate
2,8.2,5.5,3.0,8,39.08,100.0,-30.0,Moderate
2,8.2,5.5,3.0,4,26.75,100.0,-30.0,Moderate
2,8.2,5.5,3.0,19,36.17,100.0,-30.0,Moderate
2,8.2,5.5,3.0,21,36.17,93.54,-30.0,Moderate
2,8.6,5.5,3.0,11,37.5,100.0,-30.0,Mild
2,8.6,5.5,3.0,6,38.17,97.71,-30.0,Mild
2,8.6,5.5,3.0,7,39.33,100.0,-30.0,Mild
2,8.6,5.5,3.0,3,28.25,96.06,-30.0,Mild
2,8.6,5.5,3.0,15,32.17,91.34,-30.0,Mild
2,8.6,5.5,3.0,2,36.92,97.29,-30.0,Mild
2,8.6,5.5,3.0,13,41.75,100.0,-30.0,Mild
2,8.6,5.5,3.0,1,36.83,98.28,-30.0,Mild
2,8.6,5.5,3.0,16,30.58,97.3,-30.0,Mild
2,7.8,5.5,3.0,0,18.0,100.0,-30.0,Critical
2,8.6,5.5,3.0,14,31.75,94.04,-30.0,Mild
2,8.2,5.5,3.0,18,34.33,92.8,-30.0,Moderate
2,8.2,5.5,3.0,19,30.25,88.49,-30.0,Moderate
2,8.6,5.5,3.0,8,34.67,100.0,-30.0,Mild
2,8.6,5.5,3.0,9,35.92,100.0,-30.0,Mild
2,8.2,5.5,3.0,12,23.92,91.77,-30.0,Moderate
2,8.6,5.5,3.0,4,32.58,100.0,-30.0,Mild
2,8.6,5.5,3.0,21,36.83,91.04,-30.0,Mild
2,8.6,5.5,3.0,5,29.58,93.54,-30.0,Mild
2,8.2,5.5,3.0,10,26.42,72.96,-30.0,Moderate
2,8.2,5.5,3.0,20,34.5,89.24,-30.0,Moderate
2,8.2,5.5,3.0,17,34.42,90.27,-30.0,Moderate
1,8.2,5.5,3.0,0,18.0,100.0,-30.0,Moderate
2,8.2,5.5,3.0,15,26.42,88.77,-30.0,Moderate
2,8.2,5.5,3.0,6,36.92,99.63,-30.0,Moderate
2,8.6,5.5,3.0,12,29.17,100.0,-30.0,Mild
2,8.2,5.5,3.0,19,29.0,90.7,-30.0,Moderate
2,8.2,5.5,3.0,3,31.25,100.0,-30.0,Moderate
2,8.2,5.5,3.0,11,27.5,100.0,-30.0,Moderate
2,8.2,5.5,3.0,1,28.75,98.57,-30.0,Moderate
2,8.2,5.5,3.0,7,31.58,95.0,-30.0,Moderate
2,8.2,5.5,3.0,17,27.0,94.43,-30.0,Moderate
2,8.2,5.5,3.0,5,30.67,96.81,-30.0,Moderate
2,8.2,5.5,3.0,10,31.17,97.89,-30.0,Moderate
2,8.2,5.5,3.0,20,26.42,89.1,-30.0,Moderate
2,8.2,5.5,3.0,8,35.58,99.77,-30.0,Moderate
2,8.6,5.5,3.0,16,31.33,97.99,-30.0,Mild
2,8.2,5.5,3.0,2,32.0,98.78,-30.0,Moderate
2,8.6,5.5,3.0,13,25.5,100.0,-30.0,Mild
2,8.2,5.5,3.0,21,32.92,93.11,-30.0,Moderate
2,8.6,5.5,3.0,14,32.58,99.5,-30.0,Mild
2,8.2,5.5,3.0,4,35.58,100.0,-30.0,Moderate
2,8.2,5.5,3.0,18,29.42,91.64,-30.0,Moderate
2,7.4,5.5,3.0,0,18.0,100.0,-30.0,Critical
2,8.2,5.5,3.0,9,29.08,94.99,-30.0,Moderate
1,9.0,5.5,3.0,21,18.0,77.2,-30.0,Subclinical
1,9.0,5.5,3.0,20,18.0,71.2,-30.0,Subclinical
1,8.6,5.5,3.0,4,18.0,70.27,-30.0,Mild
1,9.0,5.5,3.0,14,18.0,73.97,-30.0,Subclinical
1,8.6,5.5,3.0,2,18.0,68.07,-30.0,Mild
1,9.0,5.5,3.0,11,35.5,97.43,-30.0,Subclinical
1,8.6,5.5,3.0,6,18.0,62.73,-30.0,Mild
1,8.6,5.5,3.0,19,4.83,47.52,-30.0,Mild
1,8.2,5.5,3.0,1,18.0,58.63,-30.0,Moderate
1,8.6,5.5,3.0,5,18.0,60.8,-30.0,Mild
1,9.0,5.5,3.0,16,18.0,84.9,-30.0,Subclinical
1,9.0,5.5,3.0,10,16.75,64.42,-30.0,Subclinical
1,9.0,5.5,3.0,15,18.0,78.8,-30.0,Subclinical
1,8.6,5.5,3.0,8,18.0,75.27,-30.0,Mild
1,7.8,5.5,3.0,9,18.0,39.6,-30.0,Critical
1,8.6,5.5,3.0,7,18.0,77.53,-30.0,Mild
1,7.8,5.5,3.0,0,18.0,100.0,-30.0,Critical
1,8.6,5.5,3.0,12,10.08,59.13,-30.0,Mild
1,8.6,5.5,3.0,13,3.75,46.77,-30.0,Mild
1,8.6,5.5,3.0,3,18.0,66.93,-30.0,Mild
1,9.0,5.5,3.0,17,18.0,85.5,-30.0,Subclinical
1,8.6,5.5,3.0,18,4.0,45.42,-30.0,Mild
1,9.0,5.5,3.0,1,24.08,97.65,-30.0,Subclinical
1,9.0,5.5,3.0,3,37.92,100.0,-30.0,Subclinical
1,9.0,5.5,3.0,5,38.08,100.0,-30.0,Subclinical
1,9.0,5.5,3.0,4,40.0,98.96,-30.0,Subclinical
1,9.0,5.5,3.0,2,39.17,100.0,-30.0,Subclinical
1,8.6,5.5,3.0,6,29.67,100.0,-30.0,Mild
1,8.2,5.5,3.0,7,32.92,66.68,-30.0,Moderate
1,9.0,5.5,3.0,4,36.08,100.0,-30.0,Subclinical
1,9.0,5.5,3.0,3,34.92,100.0,-30.0,Subclinical
1,8.6,5.5,3.0,9,15.58,57.62,-30.0,Mild
1,7.8,5.5,3.0,0,18.0,100.0,-30.0,Critical
1,9.0,5.5,3.0,2,30.67,100.0,-30.0,Subclinical
1,8.6,5.5,3.0,8,37.5,100.0,-30.0,Mild
1,9.0,5.5,3.0,1,32.42,100.0,-30.0,Subclinical
1,8.6,5.5,3.0,5,33.33,100.0,-30.0,Mild
1,8.6,5.5,3.0,4,24.83,97.01,-30.0,Mild
1,8.2,5.5,3.0,6,8.17,32.33,-30.0,Moderate
1,9.0,5.5,3.0,2,21.75,86.57,-30.0,Subclinical
1,8.6,5.5,3.0,3,20.58,90.49,-30.0,Mild
1,8.6,5.5,3.0,5,24.75,93.21,-30.0,Mild
1,8.6,5.5,3.0,1,24.92,99.89,-30.0,Mild
1,7.8,5.5,3.0,0,18.0,100.0,-30.0,Critical
2,8.6,5.5,3.0,11,30.33,96.46,-30.0,Mild
2,8.6,5.5,3.0,7,44.83,87.6,-30.0,Mild
2,8.6,5.5,3.0,19,38.08,87.29,-30.0,Mild
2,8.6,5.5,3.0,18,49.75,96.77,-30.0,Mild
2,8.6,5.5,3.0,21,38.58,82.4,-30.0,Mild
2,8.6,5.5,3.0,16,43.67,100.0,-30.0,Mild
2,8.6,5.5,3.0,20,41.58,94.69,-30.0,Mild
2,8.6,5.5,3.0,15,43.33,100.0,-30.0,Mild
2,8.6,5.5,3.0,8,43.33,100.0,-30.0,Mild
2,8.6,5.5,3.0,4,31.67,100.0,-30.0,Mild
2,8.6,5.5,3.0,9,45.83,100.0,-30.0,Mild
2,8.6,5.5,3.0,12,46.5,98.85,-30.0,Mild
2,8.6,5.5,3.0,5,46.33,89.58,-30.0,Mild
2,8.6,5.5,3.0,13,34.25,93.02,-30.0,Mild
2,8.6,5.5,3.0,1,43.75,95.62,-30.0,Mild
2,8.6,5.5,3.0,3,37.75,100.0,-30.0,Mild
2,8.6,5.5,3.0,2,38.92,98.54,-30.0,Mild
2,8.6,5.5,3.0,17,36.67,90.73,-30.0,Mild
2,8.6,5.5,3.0,6,37.67,83.85,-30.0,Mild
2,8.6,5.5,3.0,10,42.25,100.0,-30.0,Mild
2,8.6,5.5,3.0,14,34.42,91.35,-30.0,Mild
1,9.0,5.5,3.0,14,32.33,91.15,-30.0,Subclinical
1,9.0,5.5,3.0,9,30.67,85.21,-30.0,Subclinical
1,9.0,5.5,3.0,2,20.33,67.65,-30.0,Subclinical
1,9.0,5.5,3.0,11,30.25,81.25,-30.0,Subclinical
1,9.0,5.5,3.0,6,27.17,86.77,-30.0,Subclinical
1,9.0,5.5,3.0,7,28.42,90.1,-30.0,Subclinical
1,9.0,5.5,3.0,16,23.92,91.27,-30.0,Subclinical
1,9.0,5.5,3.0,21,28.33,86.25,-30.0,Subclinical
1,9.0,5.5,3.0,8,33.17,90.94,-30.0,Subclinical
1,9.0,5.5,3.0,18,30.92,91.25,-30.0,Subclinical
1,9.0,5.5,3.0,13,26.17,94.06,-30.0,Subclinical
1,9.0,5.5,3.0,10,31.75,96.15,-30.0,Subclinical
1,9.0,5.5,3.0,5,21.17,73.17,-30.0,Subclinical
1,9.0,5.5,3.0,19,34.83,91.46,-30.0,Subclinical
1,9.0,5.5,3.0,4,24.17,80.94,-30.0,Subclinical
1,9.0,5.5,3.0,3,24.42,77.38,-30.0,Subclinical
1,9.0,5.5,3.0,17,32.25,88.65,-30.0,Subclinical
1,9.0,5.5,3.0,20,29.17,90.62,-30.0,Subclinical
1,9.0,5.5,3.0,12,28.67,94.38,-30.0,Subclinical
1,9.0,5.5,3.0,15,31.17,85.83,-30.0,Subclinical
1,9.0,5.5,3.0,1,24.58,98.33,-30.0,Subclinical
2,8.6,5.5,3.0,18,27.67,100.0,-30.0,Mild
2,8.6,5.5,3.0,11,26.58,98.84,-30.0,Mild
2,7.4,5.5,3.0,0,18.0,100.0,-30.0,Critical
2,8.6,5.5,3.0,20,31.17,100.0,-30.0,Mild
2,8.6,5.5,3.0,10,25.25,100.0,-30.0,Mild
2,8.6,5.5,3.0,7,29.33,100.0,-30.0,Mild
2,8.6,5.5,3.0,6,26.33,100.0,-30.0,Mild
2,8.6,5.5,3.0,9,26.25,100.0,-30.0,Mild
2,8.6,5.5,3.0,2,25.67,100.0,-30.0,Mild
2,8.6,5.5,3.0,3,22.58,96.42,-30.0,Mild
2,8.6,5.5,3.0,17,26.17,94.7,-30.0,Mild
2,8.6,5.5,3.0,4,22.25,96.33,-30.0,Mild
2,8.6,5.5,3.0,19,24.67,85.78,-30.0,Mild
2,8.2,5.5,3.0,13,29.0,93.6,-30.0,Moderate
2,8.6,5.5,3.0,15,29.08,91.09,-30.0,Mild
2,8.2,5.5,3.0,16,26.17,92.46,-30.0,Moderate
2,8.6,5.5,3.0,12,27.58,100.0,-30.0,Mild
2,8.2,5.5,3.0,8,25.42,100.0,-30.0,Moderate
2,8.6,5.5,3.0,14,27.67,100.0,-30.0,Mild
2,8.6,5.5,3.0,21,26.33,100.0,-30.0,Mild
2,8.6,5.5,3.0,1,27.5,100.0,-30.0,Mild
2,8.6,5.5,3.0,5,26.67,100.0,-30.0,Mild
2,8.6,5.5,3.0,2,33.0,100.0,-30.0,Mild
2,8.6,5.5,3.0,21,39.75,100.0,-30.0,Mild
2,8.6,5.5,3.0,10,35.0,100.0,-30.0,Mild
2,8.6,5.5,3.0,11,35.17,96.61,-30.0,Mild
2,8.6,5.5,3.0,16,32.42,100.0,-30.0,Mild
2,8.6,5.5,3.0,4,32.25,100.0,-30.0,Mild
2,8.2,5.5,3.0,1,30.17,93.6,-30.0,Moderate
2,8.6,5.5,3.0,18,31.08,100.0,-30.0,Mild
2,8.6,5.5,3.0,7,32.58,99.26,-30.0,Mild
2,8.6,5.5,3.0,15,37.83,100.0,-30.0,Mild
2,8.6,5.5,3.0,12,31.92,100.0,-30.0,Mild
2,8.6,5.5,3.0,17,34.25,100.0,-30.0,Mild
2,8.6,5.5,3.0,5,27.17,100.0,-30.0,Mild
2,8.6,5.5,3.0,8,33.83,99.06,-30.0,Mild
2,8.6,5.5,3.0,9,35.17,100.0,-30.0,Mild
2,8.6,5.5,3.0,19,34.5,100.0,-30.0,Mild
2,7.4,5.5,3.0,0,18.0,100.0,-30.0,Critical
2,8.6,5.5,3.0,6,35.67,100.0,-30.0,Mild
2,8.6,5.5,3.0,20,45.83,100.0,-30.0,Mild
2,8.2,5.5,3.0,13,33.17,100.0,-30.0,Moderate
2,8.6,5.5,3.0,14,38.08,100.0,-30.0,Mild
2,8.2,5.5,3.0,3,36.83,99.17,-30.0,Moderate
2,8.6,5.5,3.0,12,41.75,100.0,-30.0,Mild
2,8.6,5.5,3.0,21,40.0,100.0,-30.0,Mild
2,8.6,5.5,3.0,6,45.58,100.0,-30.0,Mild
2,8.6,5.5,3.0,4,25.0,100.0,-30.0,Mild
2,7.8,5.5,3.0,3,10.58,46.58,-30.0,Critical
2,8.6,5.5,3.0,2,10.83,71.67,-30.0,Mild
2,8.6,5.5,3.0,20,35.5,100.0,-30.0,Mild
2,8.6,5.5,3.0,10,41.33,100.0,-30.0,Mild
2,8.6,5.5,3.0,11,45.17,100.0,-30.0,Mild
2,8.6,5.5,3.0,13,41.0,100.0,-30.0,Mild
2,8.6,5.5,3.0,14,37.58,100.0,-30.0,Mild
2,8.6,5.5,3.0,19,37.0,100.0,-30.0,Mild
2,8.6,5.5,3.0,5,44.67,100.0,-30.0,Mild
2,7.8,5.5,3.0,0,18.0,100.0,-30.0,Critical
2,8.6,5.5,3.0,15,40.67,99.38,-30.0,Mild
2,8.6,5.5,3.0,9,44.0,100.0,-30.0,Mild
2,8.6,5.5,3.0,16,33.25,100.0,-30.0,Mild
2,8.6,5.5,3.0,8,43.42,100.0,-30.0,Mild
2,8.6,5.5,3.0,17,34.33,100.0,-30.0,Mild
2,8.6,5.5,3.0,18,37.83,100.0,-30.0,Mild
2,8.6,5.5,3.0,1,19.67,71.94,-30.0,Mild
2,8.6,5.5,3.0,7,43.33,100.0,-30.0,Mild
2,8.2,5.5,3.0,17,17.58,83.39,-30.0,Moderate
2,8.2,5.5,3.0,9,15.5,71.0,-30.0,Moderate
2,8.2,5.5,3.0,30,16.17,68.7,-30.0,Moderate
2,8.2,5.5,3.0,30,20.67,78.76,-30.0,Moderate
2,8.2,5.5,3.0,14,14.17,73.61,-30.0,Moderate
2,8.2,5.5,3.0,30,17.0,67.61,-30.0,Moderate
2,8.2,5.5,3.0,21,27.5,91.68,-30.0,Moderate
2,8.2,5.5,3.0,30,18.67,71.91,-30.0,Moderate
2,8.2,5.5,3.0,30,19.92,74.62,-30.0,Moderate
2,8.2,5.5,3.0,30,18.0,100.0,-30.0,Moderate
2,8.2,5.5,3.0,20,25.25,92.37,-30.0,Moderate
2,8.2,5.5,3.0,8,18.0,81.8,-30.0,Moderate
2,8.2,5.5,3.0,30,14.33,67.59,-30.0,Moderate
2,8.2,5.5,3.0,30,24.83,78.02,-30.0,Moderate
2,8.2,5.5,3.0,7,14.92,75.26,-30.0,Moderate
2,8.2,5.5,3.0,30,15.42,67.74,-30.0,Moderate
2,8.2,5.5,3.0,30,16.75,63.96,-30.0,Moderate
2,8.2,5.5,3.0,30,15.58,65.57,-30.0,Moderate
2,8.2,5.5,3.0,10,19.58,84.76,-30.0,Moderate
2,8.2,5.5,3.0,6,15.75,74.99,-30.0,Moderate
2,8.2,5.5,3.0,30,18.67,73.11,-30.0,Moderate
2,8.2,5.5,3.0,30,18.25,71.52,-30.0,Moderate
2,8.2,5.5,3.0,30,19.25,82.0,-30.0,Moderate
2,8.2,5.5,3.0,18,21.67,85.84,-30.0,Moderate
2,7.4,5.5,3.0,0,18.0,100.0,-30.0,Critical
2,8.2,5.5,3.0,30,19.33,77.12,-30.0,Moderate
2,8.2,5.5,3.0,30,20.17,81.98,-30.0,Moderate
2,8.2,5.5,3.0,30,19.83,77.51,-30.0,Moderate
2,8.2,5.5,3.0,13,17.33,79.5,-30.0,Moderate
2,8.2,5.5,3.0,19,27.25,97.31,-30.0,Moderate
2,8.2,5.5,3.0,5,15.25,80.21,-30.0,Moderate
2,8.2,5.5,3.0,16,17.67,80.36,-30.0,Moderate
2,8.2,5.5,3.0,30,17.67,70.91,-30.0,Moderate
2,8.2,5.5,3.0,3,13.5,78.2,-30.0,Moderate
2,8.2,5.5,3.0,4,12.17,75.98,-30.0,Moderate
2,8.6,5.5,3.0,1,22.25,96.33,-30.0,Mild
2,8.2,5.5,3.0,12,19.42,82.26,-30.0,Moderate
2,8.2,5.5,3.0,30,16.08,72.38,-30.0,Moderate
2,8.2,5.5,3.0,30,16.58,69.92,-30.0,Moderate
2,8.2,5.5,3.0,2,19.17,85.74,-30.0,Moderate
2,8.2,5.5,3.0,15,21.67,83.08,-30.0,Moderate
2,8.2,5.5,3.0,11,15.92,73.1,-30.0,Moderate
2,8.2,5.5,3.0,30,22.92,81.73,-30.0,Moderate
2,8.2,5.5,3.0,30,14.08,66.24,-30.0,Moderate
1,9.0,5.5,3.0,13,26.17,100.0,-30.0,Subclinical
1,9.0,5.5,3.0,8,25.42,87.5,-30.0,Subclinical
1,9.0,5.5,3.0,15,25.17,100.0,-30.0,Subclinical
1,9.0,5.5,3.0,2,23.67,86.08,-30.0,Subclinical
1,9.0,5.5,3.0,1,16.92,70.92,-30.0,Subclinical
1,9.0,5.5,3.0,11,31.25,93.85,-30.0,Subclinical
1,9.0,5.5,3.0,4,20.92,77.46,-30.0,Subclinical
1,9.0,5.5,3.0,3,20.25,79.77,-30.0,Subclinical
1,9.0,5.5,3.0,10,38.83,100.0,-30.0,Subclinical
1,9.0,5.5,3.0,20,32.42,100.0,-30.0,Subclinical
1,9.0,5.5,3.0,7,29.08,100.0,-30.0,Subclinical
1,9.0,5.5,3.0,12,40.0,87.71,-30.0,Subclinical
1,9.0,5.5,3.0,5,26.92,84.9,-30.0,Subclinical
1,9.0,5.5,3.0,16,35.58,100.0,-30.0,Subclinical
1,9.0,5.5,3.0,19,20.5,91.0,-30.0,Subclinical
1,9.0,5.5,3.0,9,30.33,91.88,-30.0,Subclinical
1,9.0,5.5,3.0,21,33.83,100.0,-30.0,Subclinical
1,9.0,5.5,3.0,14,30.08,100.0,-30.0,Subclinical
1,9.0,5.5,3.0,18,38.42,100.0,-30.0,Subclinical
1,9.0,5.5,3.0,17,28.42,100.0,-30.0,Subclinical
1,9.0,5.5,3.0,6,30.17,94.69,-30.0,Subclinical
1,9.0,5.5,3.0,2,33.17,100.0,-30.0,Subclinical
1,9.0,5.5,3.0,3,40.75,100.0,-30.0,Subclinical
1,9.0,5.5,3.0,4,35.92,95.1,-30.0,Subclinical
1,9.0,5.5,3.0,9,45.17,90.0,-30.0,Subclinical
1,9.0,5.5,3.0,13,41.0,99.9,-30.0,Subclinical
1,9.0,5.5,3.0,8,41.0,96.77,-30.0,Subclinical
1,9.0,5.5,3.0,5,21.0,82.94,-30.0,Subclinical
1,9.0,5.5,3.0,18,40.75,100.0,-30.0,Subclinical
1,9.0,5.5,3.0,17,40.08,96.88,-30.0,Subclinical
1,9.0,5.5,3.0,11,41.0,100.0,-30.0,Subclinical
1,9.0,5.5,3.0,1,40.25,96.88,-30.0,Subclinical
1,9.0,5.5,3.0,15,46.0,100.0,-30.0,Subclinical
1,9.0,5.5,3.0,19,37.92,100.0,-30.0,Subclinical
1,9.0,5.5,3.0,12,42.58,100.0,-30.0,Subclinical
1,9.0,5.5,3.0,7,30.67,100.0,-30.0,Subclinical
1,9.0,5.5,3.0,21,40.92,90.1,-30.0,Subclinical
1,9.0,5.5,3.0,10,33.0,98.12,-30.0,Subclinical
1,9.0,5.5,3.0,16,39.25,100.0,-30.0,Subclinical
1,9.0,5.5,3.0,6,44.25,95.21,-30.0,Subclinical
1,9.0,5.5,3.0,14,36.42,100.0,-30.0,Subclinical
1,9.0,5.5,3.0,20,41.83,100.0,-30.0,Subclinical
2,8.6,5.5,3.0,20,46.17,99.79,-30.0,Mild
2,8.6,5.5,3.0,7,32.08,100.0,-30.0,Mild
2,8.6,5.5,3.0,18,41.33,86.77,-30.0,Mild
2,8.6,5.5,3.0,15,34.75,100.0,-30.0,Mild
2,7.4,5.5,3.0,0,18.0,100.0,-30.0,Critical
2,8.6,5.5,3.0,10,27.75,100.0,-30.0,Mild
2,8.6,5.5,3.0,2,40.5,100.0,-30.0,Mild
2,8.6,5.5,3.0,9,37.33,100.0,-30.0,Mild
2,8.6,5.5,3.0,17,48.0,80.1,-30.0,Mild
2,8.6,5.5,3.0,16,36.0,100.0,-30.0,Mild
2,8.6,5.5,3.0,5,44.67,93.02,-30.0,Mild
2,8.6,5.5,3.0,11,38.25,97.15,-30.0,Mild
2,8.6,5.5,3.0,6,29.75,98.06,-30.0,Mild
2,8.6,5.5,3.0,19,49.33,84.17,-30.0,Mild
2,8.6,5.5,3.0,3,26.83,95.94,-30.0,Mild
2,8.6,5.5,3.0,21,42.58,100.0,-30.0,Mild
2,8.6,5.5,3.0,4,33.25,96.77,-30.0,Mild
2,8.6,5.5,3.0,12,40.5,99.38,-30.0,Mild
2,8.6,5.5,3.0,1,38.08,100.0,-30.0,Mild
2,8.6,5.5,3.0,13,44.83,94.38,-30.0,Mild
2,8.6,5.5,3.0,14,39.42,100.0,-30.0,Mild
2,8.6,5.5,3.0,8,26.75,100.0,-30.0,Mild
2,8.2,5.5,3.0,21,28.92,78.62,-30.0,Moderate
2,8.2,5.5,3.0,3,20.58,80.7,-30.0,Moderate
2,7.8,5.5,3.0,0,18.0,100.0,-30.0,Critical
2,8.2,5.5,3.0,18,30.75,81.58,-30.0,Moderate
2,8.2,5.5,3.0,8,26.0,83.0,-30.0,Moderate
2,8.2,5.5,3.0,16,30.0,81.38,-30.0,Moderate
2,8.2,5.5,3.0,11,30.17,86.41,-30.0,Moderate
2,8.2,5.5,3.0,10,26.25,86.79,-30.0,Moderate
2,8.2,5.5,3.0,5,22.58,79.88,-30.0,Moderate
2,8.2,5.5,3.0,13,16.5,79.76,-30.0,Moderate
2,8.6,5.5,3.0,2,18.5,77.71,-30.0,Mild
2,8.2,5.5,3.0,9,24.58,91.93,-30.0,Moderate
2,8.6,5.5,3.0,19,38.83,100.0,-30.0,Mild
2,8.2,5.5,3.0,4,27.42,85.54,-30.0,Moderate
2,8.2,5.5,3.0,20,34.92,84.56,-30.0,Moderate
2,8.2,5.5,3.0,7,29.08,91.54,-30.0,Moderate
2,8.6,5.5,3.0,15,38.17,100.0,-30.0,Mild
2,8.2,5.5,3.0,6,22.75,84.32,-30.0,Moderate
2,8.6,5.5,3.0,14,25.75,100.0,-30.0,Mild
2,8.6,5.5,3.0,1,18.75,86.77,-30.0,Mild
2,8.2,5.5,3.0,17,34.17,84.08,-30.0,Moderate
2,8.2,5.5,3.0,12,24.25,88.9,-30.0,Moderate
2,8.2,5.5,3.0,15,29.17,95.24,-30.0,Moderate
2,8.2,5.5,3.0,13,32.5,94.06,-30.0,Moderate
2,8.2,5.5,3.0,4,32.08,100.0,-30.0,Moderate
2,8.2,5.5,3.0,1,26.08,100.0,-30.0,Moderate
2,7.4,5.5,3.0,0,18.0,100.0,-30.0,Critical
2,8.2,5.5,3.0,5,31.08,100.0,-30.0,Moderate
2,8.2,5.5,3.0,17,36.5,100.0,-30.0,Moderate
2,8.2,5.5,3.0,16,32.33,98.36,-30.0,Moderate
2,8.2,5.5,3.0,18,30.33,99.14,-30.0,Moderate
2,8.6,5.5,3.0,10,32.75,100.0,-30.0,Mild
2,8.2,5.5,3.0,8,31.33,100.0,-30.0,Moderate
2,8.2,5.5,3.0,19,33.0,96.38,-30.0,Moderate
2,8.6,5.5,3.0,7,31.75,100.0,-30.0,Mild
2,8.2,5.5,3.0,14,29.83,88.22,-30.0,Moderate
2,8.6,5.5,3.0,9,31.5,100.0,-30.0,Mild
2,8.2,5.5,3.0,6,31.92,97.81,-30.0,Moderate
2,8.2,5.5,3.0,21,29.17,99.58,-30.0,Moderate
2,8.2,5.5,3.0,2,26.0,98.09,-30.0,Moderate
2,8.2,5.5,3.0,20,31.83,100.0,-30.0,Moderate
2,8.2,5.5,3.0,3,27.92,92.37,-30.0,Moderate
2,8.2,5.5,3.0,11,30.67,91.86,-30.0,Moderate
2,8.2,5.5,3.0,12,28.0,93.6,-30.0,Moderate
1,8.6,5.5,3.0,20,29.5,100.0,-30.0,Mild
1,9.0,5.5,3.0,4,7.58,74.63,-30.0,Subclinical
1,8.2,5.5,3.0,0,18.0,100.0,-30.0,Moderate
1,8.6,5.5,3.0,16,27.83,100.0,-30.0,Mild
1,9.0,5.5,3.0,5,19.08,92.11,-30.0,Subclinical
1,9.0,5.5,3.0,6,16.67,88.89,-30.0,Subclinical
1,8.6,5.5,3.0,13,32.33,100.0,-30.0,Mild
1,8.6,5.5,3.0,12,22.42,96.56,-30.0,Mild
1,8.6,5.5,3.0,10,17.92,88.44,-30.0,Mild
1,8.6,5.5,3.0,15,17.58,86.08,-30.0,Mild
1,8.6,5.5,3.0,21,26.92,100.0,-30.0,Mild
1,8.6,5.5,3.0,17,26.08,100.0,-30.0,Mild
1,8.6,5.5,3.0,8,27.33,100.0,-30.0,Mild
1,8.6,5.5,3.0,11,18.0,88.02,-30.0,Mild
1,8.6,5.5,3.0,14,20.33,93.78,-30.0,Mild
1,9.0,5.5,3.0,7,19.92,93.22,-30.0,Subclinical
1,8.6,5.5,3.0,19,23.58,98.11,-30.0,Mild
1,8.6,5.5,3.0,18,22.5,96.67,-30.0,Mild
1,8.6,5.5,3.0,9,19.33,92.44,-30.0,Mild
1,9.0,5.5,3.0,1,8.17,77.56,-30.0,Subclinical
1,9.0,5.5,3.0,2,8.33,73.96,-30.0,Subclinical
1,9.0,5.5,3.0,3,14.75,80.64,-30.0,Subclinical
2,8.2,5.5,3.0,19,38.33,85.9,-30.0,Moderate
2,7.4,5.5,3.0,0,18.0,100.0,-30.0,Critical
2,8.2,5.5,3.0,21,38.17,89.46,-30.0,Moderate
2,8.6,5.5,3.0,15,39.5,92.06,-30.0,Mild
2,8.2,5.5,3.0,14,35.58,92.78,-30.0,Moderate
2,8.2,5.5,3.0,12,39.83,88.89,-30.0,Moderate
2,8.2,5.5,3.0,1,33.08,98.17,-30.0,Moderate
2,8.2,5.5,3.0,5,37.08,91.99,-30.0,Moderate
2,8.2,5.5,3.0,20,39.75,87.89,-30.0,Moderate
2,8.2,5.5,3.0,7,39.08,92.69,-30.0,Moderate
2,8.2,5.5,3.0,16,34.0,86.17,-30.0,Moderate
2,8.2,5.5,3.0,10,33.0,85.64,-30.0,Moderate
2,8.2,5.5,3.0,9,40.83,86.82,-30.0,Moderate
2,8.2,5.5,3.0,3,36.25,91.98,-30.0,Moderate
2,8.6,5.5,3.0,17,44.25,91.84,-30.0,Mild
2,8.2,5.5,3.0,18,37.17,86.69,-30.0,Moderate
2,8.2,5.5,3.0,13,42.83,88.48,-30.0,Moderate
2,8.2,5.5,3.0,2,33.08,88.48,-30.0,Moderate
2,8.2,5.5,3.0,6,34.08,95.42,-30.0,Moderate
2,8.2,5.5,3.0,11,36.58,91.71,-30.0,Moderate
2,8.2,5.5,3.0,8,30.5,88.32,-30.0,Moderate
2,8.2,5.5,3.0,4,33.75,87.64,-30.0,Moderate
2,8.6,5.5,3.0,4,25.08,100.0,-30.0,Mild
2,8.2,5.5,3.0,6,24.5,99.33,-30.0,Moderate
2,8.6,5.5,3.0,20,25.0,100.0,-30.0,Mild
2,8.6,5.5,3.0,1,32.08,100.0,-30.0,Mild
2,8.6,5.5,3.0,2,37.5,100.0,-30.0,Mild
2,8.6,5.5,3.0,10,30.75,100.0,-30.0,Mild
2,8.6,5.5,3.0,17,25.58,100.0,-30.0,Mild
2,8.2,5.5,3.0,14,29.67,100.0,-30.0,Moderate
2,8.6,5.5,3.0,16,27.33,100.0,-30.0,Mild
2,8.2,5.5,3.0,18,22.92,93.52,-30.0,Moderate
2,7.4,5.5,3.0,0,18.0,100.0,-30.0,Critical
2,8.2,5.5,3.0,5,22.83,97.11,-30.0,Moderate
2,8.6,5.5,3.0,7,35.42,100.0,-30.0,Mild
2,8.6,5.5,3.0,12,33.25,100.0,-30.0,Mild
2,8.6,5.5,3.0,11,30.17,99.51,-30.0,Mild
2,8.6,5.5,3.0,13,28.75,100.0,-30.0,Mild
2,8.6,5.5,3.0,8,48.5,92.15,-30.0,Mild
2,8.2,5.5,3.0,9,26.75,100.0,-30.0,Moderate
2,8.6,5.5,3.0,19,27.83,100.0,-30.0,Mild
2,8.2,5.5,3.0,21,20.17,90.1,-30.0,Moderate
2,8.2,5.5,3.0,3,25.92,100.0,-30.0,Moderate
2,8.2,5.5,3.0,15,26.75,100.0,-30.0,Moderate
2,8.6,5.5,3.0,21,29.75,100.0,-30.0,Mild
2,8.6,5.5,3.0,20,36.17,100.0,-30.0,Mild
2,8.6,5.5,3.0,14,37.67,98.69,-30.0,Mild
2,8.6,5.5,3.0,19,37.33,100.0,-30.0,Mild
2,8.6,5.5,3.0,12,31.42,99.06,-30.0,Mild
2,8.6,5.5,3.0,3,40.08,98.73,-30.0,Mild
2,8.6,5.5,3.0,8,43.58,100.0,-30.0,Mild
2,8.6,5.5,3.0,5,39.08,100.0,-30.0,Mild
2,8.6,5.5,3.0,10,36.75,99.08,-30.0,Mild
2,8.2,5.5,3.0,6,35.5,92.11,-30.0,Moderate
2,8.2,5.5,3.0,18,29.25,100.0,-30.0,Moderate
2,7.4,5.5,3.0,0,18.0,100.0,-30.0,Critical
2,8.6,5.5,3.0,11,38.0,100.0,-30.0,Mild
2,8.2,5.5,3.0,2,36.92,92.4,-30.0,Moderate
2,8.2,5.5,3.0,4,38.92,96.34,-30.0,Moderate
2,8.6,5.5,3.0,9,37.92,100.0,-30.0,Mild
2,8.2,5.5,3.0,17,33.42,100.0,-30.0,Moderate
2,8.2,5.5,3.0,15,33.08,91.83,-30.0,Moderate
2,8.2,5.5,3.0,1,35.5,91.31,-30.0,Moderate
2,8.2,5.5,3.0,7,36.0,97.49,-30.0,Moderate
2,8.6,5.5,3.0,13,43.33,100.0,-30.0,Mild
2,8.6,5.5,3.0,16,27.92,100.0,-30.0,Mild
2,8.6,5.5,3.0,10,38.0,100.0,-30.0,Mild
2,8.6,5.5,3.0,3,26.58,95.97,-30.0,Mild
2,8.6,5.5,3.0,11,34.0,100.0,-30.0,Mild
2,8.6,5.5,3.0,2,35.42,98.54,-30.0,Mild
2,8.6,5.5,3.0,21,42.0,100.0,-30.0,Mild
2,8.6,5.5,3.0,14,32.92,100.0,-30.0,Mild
2,8.6,5.5,3.0,5,37.17,99.24,-30.0,Mild
2,8.6,5.5,3.0,8,34.0,100.0,-30.0,Mild
2,8.6,5.5,3.0,7,29.67,100.0,-30.0,Mild
2,8.6,5.5,3.0,17,36.5,100.0,-30.0,Mild
2,8.6,5.5,3.0,9,34.5,100.0,-30.0,Mild
2,7.4,5.5,3.0,0,18.0,100.0,-30.0,Critical
2,8.6,5.5,3.0,20,38.58,100.0,-30.0,Mild
2,8.6,5.5,3.0,4,31.0,100.0,-30.0,Mild
2,8.6,5.5,3.0,12,33.58,99.17,-30.0,Mild
2,8.6,5.5,3.0,13,38.83,100.0,-30.0,Mild
2,8.6,5.5,3.0,16,33.83,100.0,-30.0,Mild
2,8.2,5.5,3.0,1,26.83,95.35,-30.0,Moderate
2,8.6,5.5,3.0,18,30.92,100.0,-30.0,Mild
2,8.2,5.5,3.0,6,29.33,100.0,-30.0,Moderate
2,8.6,5.5,3.0,19,38.58,100.0,-30.0,Mild
2,8.6,5.5,3.0,15,32.75,97.36,-30.0,Mild
2,8.6,5.5,3.0,21,35.67,95.7,-30.0,Mild
2,8.6,5.5,3.0,20,43.0,97.61,-30.0,Mild
2,8.6,5.5,3.0,13,33.75,96.39,-30.0,Mild
2,8.6,5.5,3.0,14,41.5,94.98,-30.0,Mild
2,8.6,5.5,3.0,2,33.92,97.13,-30.0,Mild
2,8.6,5.5,3.0,10,44.08,97.39,-30.0,Mild
2,8.2,5.5,3.0,5,35.58,90.06,-30.0,Moderate
2,8.6,5.5,3.0,8,42.17,95.21,-30.0,Mild
2,8.6,5.5,3.0,11,36.08,92.96,-30.0,Mild
2,8.6,5.5,3.0,7,36.08,92.72,-30.0,Mild
2,8.2,5.5,3.0,12,37.17,89.14,-30.0,Moderate
2,8.6,5.5,3.0,16,37.67,99.94,-30.0,Mild
2,8.2,5.5,3.0,3,37.83,92.9,-30.0,Moderate
2,8.6,5.5,3.0,17,37.17,92.04,-30.0,Mild
2,7.4,5.5,3.0,0,18.0,100.0,-30.0,Critical
2,8.6,5.5,3.0,19,39.0,94.96,-30.0,Mild
2,8.6,5.5,3.0,18,35.75,93.31,-30.0,Mild
2,8.2,5.5,3.0,1,34.5,90.29,-30.0,Moderate
2,8.2,5.5,3.0,6,32.25,94.42,-30.0,Moderate
2,8.6,5.5,3.0,4,35.33,98.34,-30.0,Mild
2,8.2,5.5,3.0,9,38.83,93.53,-30.0,Moderate
2,8.2,5.5,3.0,15,38.0,94.3,-30.0,Moderate
2,8.2,5.5,3.0,12,18.0,82.67,-30.0,Moderate
2,7.4,5.5,3.0,0,18.0,100.0,-30.0,Critical
2,8.2,5.5,3.0,2,18.0,94.37,-30.0,Moderate
2,8.2,5.5,3.0,8,18.0,77.7,-30.0,Moderate
2,8.2,5.5,3.0,18,18.0,95.9,-30.0,Moderate
2,8.2,5.5,3.0,4,18.0,76.0,-30.0,Moderate
2,8.2,5.5,3.0,17,18.0,100.0,-30.0,Moderate
2,8.2,5.5,3.0,11,18.0,99.97,-30.0,Moderate
2,8.2,5.5,3.0,9,18.0,82.3,-30.0,Moderate
2,8.2,5.5,3.0,20,18.0,92.8,-30.0,Moderate
2,8.2,5.5,3.0,15,18.0,92.1,-30.0,Moderate
2,8.2,5.5,3.0,13,18.0,73.33,-30.0,Moderate
2,8.2,5.5,3.0,10,18.0,70.6,-30.0,Moderate
2,8.2,5.5,3.0,19,18.0,95.57,-30.0,Moderate
2,8.2,5.5,3.0,5,18.0,81.57,-30.0,Moderate
2,8.2,5.5,3.0,16,18.0,83.17,-30.0,Moderate
2,8.2,5.5,3.0,3,18.0,100.0,-30.0,Moderate
2,8.2,5.5,3.0,6,18.0,67.23,-30.0,Moderate
2,8.2,5.5,3.0,1,18.0,89.23,-30.0,Moderate
2,8.2,5.5,3.0,21,18.0,100.0,-30.0,Moderate
2,8.2,5.5,3.0,7,18.0,82.2,-30.0,Moderate
2,8.2,5.5,3.0,14,18.0,87.47,-30.0,Moderate
1,9.0,5.5,3.0,7,18.0,100.0,-30.0,Subclinical
1,8.6,5.5,3.0,17,18.0,100.0,-30.0,Mild
1,9.0,5.5,3.0,19,18.0,96.9,-30.0,Subclinical
1,9.0,5.5,3.0,15,18.0,100.0,-30.0,Subclinical
1,9.0,5.5,3.0,5,18.0,100.0,-30.0,Subclinical
1,9.0,5.5,3.0,2,18.0,100.0,-30.0,Subclinical
1,9.0,5.5,3.0,20,18.0,100.0,-30.0,Subclinical
1,9.0,5.5,3.0,10,18.0,100.0,-30.0,Subclinical
1,8.6,5.5,3.0,13,18.0,100.0,-30.0,Mild
1,9.0,5.5,3.0,4,18.0,100.0,-30.0,Subclinical
1,8.2,5.5,3.0,0,18.0,100.0,-30.0,Moderate
1,9.0,5.5,3.0,3,18.0,100.0,-30.0,Subclinical
1,9.0,5.5,3.0,12,18.0,100.0,-30.0,Subclinical
1,9.0,5.5,3.0,16,18.0,100.0,-30.0,Subclinical
1,9.0,5.5,3.0,6,18.0,100.0,-30.0,Subclinical
1,9.0,5.5,3.0,8,18.0,100.0,-30.0,Subclinical
1,9.0,5.5,3.0,11,18.0,100.0,-30.0,Subclinical
1,9.0,5.5,3.0,1,18.0,100.0,-30.0,Subclinical
1,9.0,5.5,3.0,18,18.0,100.0,-30.0,Subclinical
1,9.0,5.5,3.0,9,18.0,100.0,-30.0,Subclinical
1,9.0,5.5,3.0,14,18.0,100.0,-30.0,Subclinical
1,9.0,5.5,3.0,21,18.0,100.0,-30.0,Subclinical
2,7.8,5.5,3.0,0,18.0,100.0,-30.0,Critical
2,8.2,5.5,3.0,9,51.0,75.0,-30.0,Moderate
2,8.6,5.5,3.0,6,37.42,100.0,-30.0,Mild
2,8.6,5.5,3.0,4,40.08,92.08,-30.0,Mild
2,8.6,5.5,3.0,20,48.92,92.43,-30.0,Mild
2,7.8,5.5,3.0,3,18.0,48.96,-30.0,Critical
2,8.6,5.5,3.0,13,47.75,79.06,-30.0,Mild
2,8.6,5.5,3.0,2,50.92,100.0,-30.0,Mild
2,8.6,5.5,3.0,19,47.67,89.9,-30.0,Mild
2,8.2,5.5,3.0,14,18.0,55.0,-30.0,Moderate
2,8.6,5.5,3.0,15,39.33,100.0,-30.0,Mild
2,8.6,5.5,3.0,21,43.25,100.0,-30.0,Mild
2,8.6,5.5,3.0,5,25.25,100.0,-30.0,Mild
2,8.6,5.5,3.0,8,45.67,88.75,-30.0,Mild
2,8.2,5.5,3.0,7,32.42,83.75,-30.0,Moderate
2,8.6,5.5,3.0,11,44.33,96.04,-30.0,Mild
2,8.2,5.5,3.0,12,18.0,57.29,-30.0,Moderate
2,8.6,5.5,3.0,10,44.17,87.19,-30.0,Mild
2,8.6,5.5,3.0,18,47.5,85.83,-30.0,Mild
2,7.8,5.5,3.0,16,18.0,48.96,-30.0,Critical
2,8.6,5.5,3.0,7,38.92,100.0,-30.0,Mild
2,8.6,5.5,3.0,21,46.92,100.0,-30.0,Mild
2,8.6,5.5,3.0,3,36.5,99.24,-30.0,Mild
2,8.6,5.5,3.0,18,44.92,95.42,-30.0,Mild
2,8.6,5.5,3.0,8,38.42,100.0,-30.0,Mild
2,8.6,5.5,3.0,12,46.33,100.0,-30.0,Mild
2,8.6,5.5,3.0,10,39.5,100.0,-30.0,Mild
2,8.6,5.5,3.0,6,40.25,99.79,-30.0,Mild
2,8.6,5.5,3.0,17,36.67,100.0,-30.0,Mild
2,8.6,5.5,3.0,2,41.92,100.0,-30.0,Mild
2,8.6,5.5,3.0,11,38.83,100.0,-30.0,Mild
2,8.6,5.5,3.0,16,41.17,100.0,-30.0,Mild
2,7.4,5.5,3.0,0,18.0,100.0,-30.0,Critical
2,8.6,5.5,3.0,15,41.0,100.0,-30.0,Mild
2,8.6,5.5,3.0,9,43.5,100.0,-30.0,Mild
2,8.6,5.5,3.0,1,34.33,100.0,-30.0,Mild
2,8.6,5.5,3.0,19,35.33,87.29,-30.0,Mild
2,8.6,5.5,3.0,13,43.92,100.0,-30.0,Mild
2,8.6,5.5,3.0,14,44.25,100.0,-30.0,Mild
2,8.6,5.5,3.0,20,45.25,95.97,-30.0,Mild
2,8.6,5.5,3.0,4,35.17,98.13,-30.0,Mild
2,8.6,5.5,3.0,5,41.0,100.0,-30.0,Mild
2,8.6,5.5,3.0,10,42.67,99.65,-30.0,Mild
2,8.6,5.5,3.0,20,35.75,100.0,-30.0,Mild
2,8.2,5.5,3.0,17,37.83,93.18,-30.0,Moderate
2,8.6,5.5,3.0,9,38.25,97.3,-30.0,Mild
2,8.6,5.5,3.0,1,32.08,100.0,-30.0,Mild
2,8.6,5.5,3.0,21,40.25,100.0,-30.0,Mild
2,8.6,5.5,3.0,19,40.58,100.0,-30.0,Mild
2,8.6,5.5,3.0,8,40.0,99.3,-30.0,Mild
2,8.6,5.5,3.0,5,39.5,95.35,-30.0,Mild
2,8.2,5.5,3.0,6,37.92,100.0,-30.0,Moderate
2,8.6,5.5,3.0,3,36.5,99.61,-30.0,Mild
2,8.6,5.5,3.0,15,38.0,97.46,-30.0,Mild
2,7.4,5.5,3.0,0,18.0,100.0,-30.0,Critical
2,8.6,5.5,3.0,13,36.25,99.13,-30.0,Mild
2,8.2,5.5,3.0,7,37.92,99.6,-30.0,Moderate
2,8.6,5.5,3.0,18,41.92,96.81,-30.0,Mild
2,8.6,5.5,3.0,4,35.08,99.1,-30.0,Mild
2,8.6,5.5,3.0,12,41.67,100.0,-30.0,Mild
2,8.6,5.5,3.0,11,38.75,98.89,-30.0,Mild
2,8.6,5.5,3.0,16,43.67,97.76,-30.0,Mild
2,8.6,5.5,3.0,14,38.75,100.0,-30.0,Mild
2,8.6,5.5,3.0,2,39.0,100.0,-30.0,Mild
2,8.2,5.5,3.0,14,23.08,93.28,-30.0,Moderate
2,8.2,5.5,3.0,3,22.75,97.0,-30.0,Moderate
2,8.2,5.5,3.0,11,23.17,90.66,-30.0,Moderate
2,8.2,5.5,3.0,7,19.92,92.67,-30.0,Moderate
2,8.2,5.5,3.0,18,21.33,95.11,-30.0,Moderate
2,8.2,5.5,3.0,2,19.58,83.02,-30.0,Moderate
2,8.2,5.5,3.0,12,29.0,97.57,-30.0,Moderate
2,8.2,5.5,3.0,20,20.58,94.11,-30.0,Moderate
2,8.2,5.5,3.0,1,23.08,96.5,-30.0,Moderate
2,7.4,5.5,3.0,0,18.0,100.0,-30.0,Critical
2,8.2,5.5,3.0,21,20.5,89.62,-30.0,Moderate
2,8.6,5.5,3.0,6,22.75,97.0,-30.0,Mild
2,8.2,5.5,3.0,5,19.58,91.47,-30.0,Moderate
2,8.2,5.5,3.0,19,23.67,91.54,-30.0,Moderate
2,8.2,5.5,3.0,4,17.67,88.07,-30.0,Moderate
2,8.2,5.5,3.0,8,22.42,93.28,-30.0,Moderate
2,8.2,5.5,3.0,15,21.5,95.33,-30.0,Moderate
2,8.2,5.5,3.0,10,23.17,89.36,-30.0,Moderate
2,8.2,5.5,3.0,13,24.67,99.56,-30.0,Moderate
2,8.6,5.5,3.0,17,25.75,100.0,-30.0,Mild
2,8.2,5.5,3.0,16,18.08,84.53,-30.0,Moderate
2,8.2,5.5,3.0,9,17.33,85.47,-30.0,Moderate
2,8.6,5.5,3.0,17,34.42,87.0,-30.0,Mild
2,8.2,5.5,3.0,14,29.08,87.93,-30.0,Moderate
2,8.2,5.5,3.0,9,21.5,83.69,-30.0,Moderate
2,8.6,5.5,3.0,20,36.67,94.76,-30.0,Mild
2,8.6,5.5,3.0,18,33.0,95.03,-30.0,Mild
2,8.2,5.5,3.0,1,19.0,78.78,-30.0,Moderate
2,8.2,5.5,3.0,6,27.25,87.67,-30.0,Moderate
2,7.4,5.5,3.0,0,46.83,100.0,-30.0,Critical
2,8.2,5.5,3.0,16,29.83,90.1,-30.0,Moderate
2,8.2,5.5,3.0,13,30.17,89.2,-30.0,Moderate
2,8.2,5.5,3.0,3,24.25,85.94,-30.0,Moderate
2,8.6,5.5,3.0,4,32.0,100.0,-30.0,Mild
2,8.6,5.5,3.0,10,32.5,93.84,-30.0,Mild
2,8.2,5.5,3.0,11,25.75,89.89,-30.0,Moderate
2,8.6,5.5,3.0,5,27.5,93.33,-30.0,Mild
2,8.6,5.5,3.0,21,35.75,90.42,-30.0,Mild
2,8.2,5.5,3.0,12,24.25,86.26,-30.0,Moderate
2,8.2,5.5,3.0,8,23.17,85.19,-30.0,Moderate
2,8.2,5.5,3.0,7,32.58,91.71,-30.0,Moderate
2,8.6,5.5,3.0,15,31.83,92.98,-30.0,Mild
2,8.6,5.5,3.0,19,36.0,90.5,-30.0,Mild
2,8.2,5.5,3.0,2,23.83,88.6,-30.0,Moderate
