parity,blood_calcium,blood_phosphorus,bcs,days_to_calving,milk_yield_day1,activity_level,dcad,stage
7,3.5,8.39205837928856,2.9,9,17.979635814392825,36.50148368561453,-57.80751121235314,Critical
4,6.433598164141679,5.765789947934073,2.4,5,17.793701736749696,60.375515782972826,-184.6705706434261,Mild
5,10.170130540315109,5.525536524524876,2.4,16,21.748727377191734,58.74214200250184,-179.0694588963952,Subclinical
7,8.617643091830372,6.564078831465451,4.1,17,7.925493837466959,62.76849227355013,-49.386144534279495,Mild
3,10.382974646816985,4.719000729244044,3.9,4,19.67163527276752,34.45496224989742,-156.01257241582096,Mild
5,5.962730944161148,5.502215146277207,4.3,17,16.550093227816802,22.976376023768537,118.40693114676016,Critical
5,5.049086718204698,5.5676035441745455,4.8,16,13.80749691808024,67.51182605013119,-214.92184896898,Critical
7,8.832587394765573,4.88542512118224,4.1,15,14.287566111152003,84.69283723753016,-114.01402389312832,Mild
2,8.432040927833084,6.939565695023097,2.5,7,16.92731167741018,34.47292755220208,-48.66393061859597,Mild
3,8.549997776679065,5.237614706204915,2.7,12,0.0,86.78882567123397,-79.21063502366276,Subclinical
7,9.679393956771024,3.6362415359574047,4.5,15,14.49355214604225,60.67822117472762,-138.3316365331135,Mild
3,8.759032863042068,5.138203163774952,2.6,10,13.620925876768531,54.85874190898341,-126.63422715962145,Subclinical
3,8.730111667652682,5.799014406056677,2.2,5,20.66391604661312,47.04902606908444,-129.2523261999391,Subclinical
5,9.287012624842053,4.42780811933487,4.1,2,13.972366587447397,27.309639611500067,-72.93773558560503,Moderate
4,8.904349937936649,4.522486248195474,3.2,0,16.92443099914755,74.754570318492,106.1543271613939,Mild
3,9.543402677091333,4.844489154248751,4.8,17,25.71138313830651,39.487872771247936,-43.76501627534322,Mild
6,9.815337484601448,6.965482792080353,4.0,4,22.971757599077115,39.403866485248,44.63203915100192,Moderate
5,10.757039842233649,4.915410372825153,2.3,12,22.511356999717265,74.8385261977391,-9.441892333748669,Subclinical
2,6.831455615173377,7.214940422261237,4.8,9,15.50063784794574,17.34033106656547,39.10899183857764,Critical
4,8.865011793339345,4.7620594742219975,2.8,4,20.715161396448263,24.528043786636665,-273.9971442074869,Mild
6,7.333417936524866,5.8900169635078505,3.0,13,16.83051099773203,54.63731512983836,-74.35664169185836,Mild
6,6.49959382289732,4.964508790936298,3.2,16,17.01953394661531,60.86568858009704,54.57083385205709,Moderate
2,6.758827422055341,6.404899804348567,2.2,0,20.04842671873275,64.69469295937847,-95.7388658199467,Mild
4,8.890919931610746,4.158071014521665,3.5,1,15.015032057895338,48.96403013207495,90.99785318956896,Moderate
5,8.752854598614801,6.391431375492678,2.4,6,25.465015522216017,100.0,68.71121230142093,Mild
1,8.720741652629187,5.63664328037162,3.2,9,17.199349302010315,50.44214882468332,-87.53045729019699,Subclinical
4,7.5937154343752,4.732009819867061,3.1,19,21.091802831298324,50.38427695794556,-90.25308152370854,Mild
2,8.00614655212114,5.30053421834782,4.3,6,25.27800239628649,39.06026662372245,-131.08846738835751,Mild
6,9.47195485257689,7.34062592923861,4.4,15,23.15826887287588,57.47813633042142,-100.3675385491038,Mild
5,5.319092492631249,5.66541340585694,2.5,4,10.955404486547376,67.29922464093549,-148.60712513351322,Moderate
4,8.044355777171452,4.656726380904834,3.1,11,20.22447947504942,79.0715610906692,-15.695105565359556,Mild
1,8.16192106662822,4.054368060606265,3.1,16,22.253596972303235,25.21431471119564,-166.48371946771468,Mild
1,9.35594768433977,6.106485128117196,2.5,15,22.459315110803743,50.08009323288599,-1.7013587047822585,Subclinical
3,5.569552858502915,5.735014296412823,4.4,19,12.433525829426843,63.93407221618288,0.2462957520198898,Critical
3,10.691240741931342,6.334024834105868,4.1,15,14.71482381491338,66.74115069189071,-182.89635241471385,Subclinical
7,8.384534763971319,3.7453303123721895,2.6,18,22.972791178708107,55.13097315609078,73.98548850626716,Mild
2,8.479844984050885,4.0932874565302,3.1,14,14.191198146586771,65.84847939064204,-8.911256446782254,Subclinical
4,7.277516436801992,6.876255039102279,2.3,11,16.50151971667843,38.82072214148399,9.975841715589516,Moderate
4,8.968440238634319,5.897609976135208,3.9,20,25.879379047509847,86.15810864636714,-110.6932161234218,Mild
7,8.08631729050959,6.1400810214850745,2.4,9,17.76100374807605,74.85256205958859,-0.2096705221505033,Mild
6,10.17616749939164,4.344775561470456,5.0,1,14.366129310830786,28.101444258696556,40.11147597776525,Critical
6,5.4053103534854925,4.322815362005298,4.3,6,13.611913215685474,33.49793903766489,-57.88867192037418,Critical
7,8.315982493802915,6.689510389830506,3.2,12,19.66359664792594,34.06156499786188,110.15379673986888,Moderate
6,8.735322227079367,6.7460531857181785,3.7,2,11.334259957613956,68.55939941793056,-46.47482920696498,Mild
3,7.664529690146435,4.194016615565135,4.7,14,16.76332018051791,29.30544467165065,41.26286403619795,Moderate
4,7.271601518047317,3.964755404976586,3.7,0,19.66615267495011,48.37951331583839,-26.5592954193076,Moderate
7,7.346676897856327,5.369688435145067,2.5,2,24.495749102738337,64.09408792833548,-3.1582773714505805,Moderate
4,8.31435068486209,4.540781855948793,3.1,9,21.337740401849977,53.676681309071306,-183.70658141078175,Mild
1,4.742073978234729,4.515787745144769,4.5,14,14.429674410089106,60.17775031425411,-20.31570094277095,Moderate
3,9.737026929913814,3.998346104287129,3.9,5,23.8920965878186,33.68394577302483,-108.79800810058128,Mild
5,7.135762638147469,4.93787938206356,4.0,19,16.50242481226261,66.89708746794489,-117.71186446221502,Moderate
3,8.230044855260209,4.114366308840561,4.6,14,11.821484889752956,42.73576215048007,89.52825475727826,Moderate
7,8.660784080218521,4.185518916388916,4.7,20,17.13979320367264,48.50760651204118,-67.10161984498791,Mild
5,7.053550302836678,5.858070215879565,4.8,6,25.19084600572851,59.75463455811972,-130.26414647803972,Moderate
1,7.764130867401807,5.433762118855149,2.3,20,18.826200250324625,57.06156443061696,-78.73053024870998,Subclinical
7,4.336567566874093,6.081854417838558,3.6,4,18.06260932164893,55.47960038031186,-154.03601831375312,Moderate
2,9.317822493199529,3.5211598775808324,4.2,3,26.186058223514262,39.98746356046489,64.7107574557016,Mild
4,9.944124200579896,5.5118567317957154,4.3,17,10.843225764727864,49.00901177601616,-105.6544595333212,Mild
1,4.938211606510244,7.990765050599005,3.8,2,11.57200442973614,55.04367181674072,-7.656005284506463,Moderate
4,7.268312821946728,5.053273018857281,2.5,16,9.92076764516584,27.498295336658305,58.48853713682601,Critical
6,5.786235119166534,6.489698807886757,4.4,17,19.863240932400277,45.74934067373242,-90.01221449717835,Critical
2,7.680067421322669,6.479208218529308,4.2,17,18.832465635575623,62.75359758065693,-7.438205418177119,Mild
2,9.16754540249773,6.538238329601531,2.3,1,25.71368183639888,29.45126792309315,-132.4068843923544,Mild
1,9.777156018661923,5.699994024468787,3.4,12,19.21737538568385,78.1316330318848,145.66156552909473,Subclinical
2,10.019335740968328,6.179303179293057,2.5,14,15.979214202603488,80.39226525199686,24.91041076932977,Subclinical
5,10.358978884445984,6.338816344015607,3.0,4,18.008974364390536,30.096988480798288,-65.40851510086448,Mild
2,7.599656998779982,6.262535233977229,2.1,2,18.58853709230479,82.15239266100278,-111.82669847111713,Mild
4,5.935474468279809,4.159098191783925,3.2,4,9.641193633359164,52.12836822575731,-59.11972422717011,Moderate
4,7.793737459445656,3.451138620947216,3.6,4,31.551658221674465,63.3702911831411,-77.19869778812154,Mild
7,9.139881504146436,3.635699747902232,3.9,4,20.59935509050956,45.06697895743507,106.23556431996052,Moderate
4,5.790932394342457,5.175808009140804,4.0,2,19.050041540112947,73.46089654453525,-148.0427777771922,Critical
7,10.988246516206836,6.212712081307173,4.5,2,21.075819921392903,63.121880376973344,-39.21588613678372,Mild
4,9.616199369768616,4.174706466986098,2.6,19,21.547054902933024,38.71693486804793,-51.4670453306968,Mild
5,7.628179096823608,6.608764550301284,2.4,17,17.297232572487843,31.695960000694228,-59.39282402758956,Mild
7,6.720430525259766,4.897269790590537,4.6,19,14.843794318796498,25.793951295815543,-58.6893323950674,Critical
3,6.795582053997243,4.908693746567105,2.5,3,20.99725343160852,58.758835528655126,-59.28566480963868,Mild
6,8.13357118484028,4.49667160494448,4.9,0,19.928554202657264,66.44942823559472,19.845285306567973,Moderate
1,7.587075315085366,3.238256369180472,4.5,15,13.95054950455296,68.01931357558882,-1.2812442806051934,Subclinical
4,9.710904959508724,5.7751769541215765,3.5,7,25.09517805683632,52.64037810785244,-16.487071090177082,Subclinical
2,7.382643509055268,7.555201255406283,4.9,16,19.46676018161492,31.86007088671272,-292.7191489716215,Moderate
4,8.909903259100684,5.424802571760924,2.3,7,21.649096811338158,41.35850403952434,-26.016410066946897,Mild
2,7.947935208485234,3.279242029966177,2.9,6,24.959604438399595,78.04697277923852,-182.4511488136066,Subclinical
6,8.485404843314727,6.436411373939736,3.9,7,18.10944410582417,45.30742870799837,1.7056130508660343,Moderate
6,7.585898415926511,3.550242411876413,3.1,20,19.584760034920578,57.868352613629526,67.95978940564117,Mild
6,9.273887974249316,4.049158723612978,4.8,11,22.05013619253058,33.48699032850225,-124.09912900708407,Mild
2,9.30057214452214,5.213994193223715,2.2,15,14.375694580999738,61.7316609091807,-70.94245778741654,Subclinical
4,8.82787224647986,5.647412126248238,3.6,11,18.27025831423001,45.846308766418446,-97.94845640423976,Mild
6,9.093525788869108,4.289603198599806,3.8,18,18.627742933255742,75.93425427551527,48.83454206054407,Mild
5,6.300136200422505,5.167220732120823,4.0,9,13.219707241583029,70.47115412413626,-42.39776917823416,Moderate
7,8.581842373236164,6.358194880912821,2.8,6,29.588183943369398,45.085881068502005,88.26635044530667,Mild
2,10.24856318147756,6.522614661769622,3.1,11,10.963532782537987,52.466719453046736,-16.899663764208995,Subclinical
2,8.884528220635096,7.001747706177118,4.5,19,11.50948048156421,43.97767519918742,-30.60398554913445,Mild
4,6.144708494957258,7.791302382752193,2.6,4,24.571132878517894,26.611336069099806,-44.54345739177309,Moderate
2,7.910420282631647,6.47186718599334,4.5,15,21.56633125398271,37.85115140905567,15.439367940586934,Moderate
2,8.674960289011477,5.239916182714912,3.7,8,12.87017591259611,58.9643465544164,-189.01489585962747,Subclinical
6,6.636680869583044,6.531176549347567,4.3,6,21.036445075508464,61.50518996459164,-43.1724835583592,Moderate
4,5.555111845897965,6.060059480806219,4.1,19,25.33925222498655,57.97095807185278,-55.60371549823719,Critical
6,7.431023836814251,6.107640373031505,2.6,13,17.84868471201507,48.965338920827286,8.033506172621287,Moderate
7,6.666501665658135,5.712662542086022,3.7,10,30.99411450037291,73.66133211441971,-65.01612846992295,Mild
7,7.974279743498056,4.405535077415312,4.6,6,9.379690945659824,56.27083809121875,-133.0987547330136,Mild
6,5.135471634506681,4.266284310613684,3.3,9,21.46911726929551,69.06507656191894,-49.41194600642407,Moderate
7,9.01646191256508,5.3834581587098285,4.9,8,23.832641681105017,19.524497355949627,-136.62724230946748,Moderate
4,6.857710936471958,5.678692091015646,3.4,3,22.456719508026232,0.0,-204.02097700699883,Moderate
1,9.79235402602644,4.684670892481945,2.4,15,16.97822136677176,60.6757605567616,8.169798518839436,Subclinical
6,7.501582088366519,6.0080103383302905,3.2,9,16.547792589944255,26.50468692557021,-3.67507418442635,Moderate
5,7.954299716507923,7.996919084847027,4.9,18,20.220725855436285,50.75096594573888,-12.632724480514035,Mild
5,7.688537218345548,3.406803136866091,3.0,16,22.078772433260347,48.958059179507885,54.23427375566489,Moderate
2,6.76131255781951,6.198693373076513,4.6,8,21.01236718141182,86.74801204831074,-103.20255122431402,Mild
7,12.0,5.420830454931028,4.6,12,23.200289453966946,62.99993105887213,-164.4891314217004,Mild
5,7.107440879586887,6.040786666401585,3.1,0,12.905650214666323,58.317180535973456,-55.60238214464356,Moderate
2,9.842338740438189,4.98314235944765,2.2,1,16.861145104381826,71.73982309267348,-77.80002397647283,Subclinical
1,6.031467897085889,5.324728137943399,4.2,12,13.299920339381227,62.36995173678078,-117.3836573416055,Mild
4,8.669836503967689,5.655400541209719,2.9,8,16.069436119569293,45.846460140231336,-56.38793227902368,Mild
4,8.861969895077305,5.138039339757687,4.3,6,23.076104459071527,76.4295186050912,-98.92841169636678,Mild
4,7.956481441223366,3.6753504191561217,3.3,15,18.539919603626146,32.80499744223452,-196.8804226685465,Mild
5,6.972191504648768,5.219301963226656,3.5,18,31.034295815748848,61.464943750671246,-85.29413526350083,Mild
1,7.526020575294865,3.800279646164567,4.3,6,18.967031835948585,24.048604117273776,-140.91001333630857,Mild
5,7.274078896448383,6.283831732696371,3.1,5,18.298459402898683,59.0788771503199,-31.46815427112618,Mild
7,12.0,3.261345878706253,3.3,17,18.53091459720108,58.85979283545859,-102.4827806592524,Subclinical
5,7.959314438999325,6.734385255347068,3.1,18,14.81095653570032,88.52909923829326,38.93051793128413,Mild
1,8.94479980159511,6.015475600244176,3.1,10,17.710816938112032,23.70052213116441,78.30928538142925,Mild
1,11.20692516276566,6.020066338880674,3.6,11,23.63894013555823,42.98225648292375,4.3505098409524905,Subclinical
7,6.422626397646473,2.9028281585825924,4.4,9,18.56985334063886,71.45364853148288,-174.0820945586656,Moderate
1,8.067788419702287,5.105680674290133,3.1,12,14.032701350582643,61.70634512794616,70.41567991032316,Subclinical
1,7.5154649629735,6.884276114391832,3.6,11,13.374576897606824,58.60610102675006,76.0576360299012,Subclinical
4,7.844950798129945,4.877670425163647,4.0,20,15.748990541670782,35.87728594082921,-48.49675909536474,Moderate
7,7.677778459188526,4.206325420043543,2.8,9,18.3693171720544,43.183633038171415,55.83409282684256,Moderate
3,6.682621245865609,4.7359958859931455,2.8,19,23.96793267738131,79.90082016446513,-94.13401104373423,Mild
3,8.35173851299394,5.418066852832794,4.8,17,11.297556793167816,53.96981612492144,-199.29967478796715,Mild
1,6.087261000651017,4.478355459624627,4.2,3,16.40086861055622,62.50719392288946,-110.8227550897275,Mild
3,9.779988927156232,6.9805806785071525,3.7,4,18.721550097175395,52.69623342447042,88.34406928358052,Subclinical
3,9.121957651978288,5.4223989640115295,3.9,4,8.831471161852827,31.338289695004697,-169.28639388891787,Mild
1,7.111766930544771,4.833316782462486,2.1,11,13.83200858516797,73.67620852149993,-50.03829744548044,Subclinical
3,7.199030021527053,3.938387767797305,3.9,2,14.600557301319068,65.06464769064992,-47.268488532783024,Moderate
5,8.495919012226855,6.0813359263347255,3.5,7,14.020148130747508,100.0,-91.03793951742496,Mild
2,6.562618431908872,6.053999553653636,3.6,1,18.95944772510824,34.6883724069891,-85.4817279869692,Moderate
7,11.261564223442768,4.54934931257837,3.1,17,17.197201952491014,71.45145842400962,-44.22006926110378,Subclinical
2,8.644266311645184,2.8164051660230256,2.2,8,15.22356948699482,28.769120679259977,-94.97298735477818,Mild
1,8.707873672490619,5.992914627491061,2.6,12,20.139813132763173,58.146931353461554,-163.7646797734345,Subclinical
4,9.226601144643114,5.275835930486798,4.9,6,26.61537358823125,74.5301317812633,-32.79744456452352,Mild
7,6.956966106673874,5.903285401510803,3.2,9,26.19628258370876,13.557297678070263,35.869326595597784,Critical
1,9.960217967212593,7.848609440367566,3.4,8,8.386141139688318,50.90135051516784,19.56580149227369,Subclinical
4,8.206160059187836,5.467801787549129,2.2,14,20.885360919175696,43.7358053191476,-114.77883739118492,Mild
2,9.710261847797897,4.883393659788673,2.1,4,17.10988354968081,40.960854034097565,-150.09823323021408,Subclinical
1,7.643684372177005,4.123213638821992,4.2,11,18.77577671432678,62.70425304518709,-72.73503057238229,Subclinical
7,10.371100808116134,5.125093850205941,3.6,0,16.00858483228726,77.4137141284519,75.42332078365312,Mild
7,8.72241852864462,5.692692819538769,3.5,11,18.58794314943601,52.33442569541689,1.6478463167636477,Mild
6,11.928512643518758,5.563968904718513,2.7,5,18.75703698036009,59.109728551200405,6.317174143538686,Mild
5,7.334861089719986,7.5681584080805235,4.2,18,15.105241213255384,57.28617506118496,21.188556142839573,Moderate
3,8.368188912963342,6.098902678559131,2.5,18,13.518162260874096,55.03607012712828,-16.338674998513092,Subclinical
4,6.143162755633716,5.338238954191349,2.6,15,15.75652158690258,33.213147245757874,-40.35131619091371,Moderate
6,7.0472631724168044,4.652127305399833,3.4,18,19.171296322283823,77.16889203445785,2.984551731837435,Moderate
3,9.113635786126231,5.820007316539985,2.9,2,20.99498170842132,60.90390736317672,-93.69328833744156,Subclinical
3,10.0327839875711,4.411590209940809,2.7,9,22.26674488670073,62.897629800051554,-163.15704090930566,Subclinical
1,12.0,5.715797295445488,3.9,17,15.529049884665437,38.86980741948835,7.839754769945856,Mild
3,7.826067968078203,6.084896712285812,4.0,12,19.419222836513683,45.81559204021519,49.019048459938006,Moderate
5,6.320215866237924,5.240257332674263,4.5,17,22.812512959766494,51.477316045784434,-139.4585551484825,Moderate
7,9.355986368679034,4.74365626712183,3.3,2,23.82797447572064,24.31750613102297,15.753718593272026,Moderate
6,5.969911003097649,2.877643783198113,2.2,2,17.70583572934239,21.239313496046435,84.4612570710552,Critical
3,9.015699298448126,6.872604071704469,2.8,11,16.895341375301935,42.98504138722865,-50.17969614056968,Subclinical
1,7.095939710850577,5.983960468294338,4.9,19,18.95562116918196,65.4504153288478,-115.4401747793397,Mild
5,8.380870946684707,6.013140737901739,3.8,6,12.251462635512972,41.93725220140118,-40.15850611785955,Mild
2,9.9638829838964,3.626377197067241,4.1,7,17.03195244482246,34.62389604818573,-94.04271745605612,Mild
7,7.800679827654747,7.155806439688068,2.0,8,21.72293199236565,38.7062869352466,-99.33840879651214,Mild
7,9.679182351791518,4.941739760058304,3.6,13,21.209735647218505,45.89315153709375,-15.34527461827659,Mild
6,9.571685387514467,5.153445636760616,2.1,4,16.648661978180556,47.92282074359792,-178.29835800239164,Mild
7,4.644203249043629,4.21685577349741,3.7,20,19.088591005435838,98.31042904413113,-165.51431379937816,Moderate
3,6.37711865713597,3.3556651223921823,4.8,18,13.876748298546564,76.09241256974636,-48.456729570084576,Mild
1,5.188747649488152,6.88881557406828,4.9,20,21.517460741125124,75.49548224563456,-51.78468311299449,Moderate
7,11.603126784554243,7.043916843277149,3.6,15,17.610892819317634,78.37160728546763,-22.51563383680514,Subclinical
7,7.8102945342128125,5.301366218376007,3.4,11,16.62024274151931,35.02358261331901,100.01803107867109,Moderate
2,11.205492583339955,4.68473851623238,4.8,20,16.191380819533066,30.55270770025522,-41.63887711393431,Mild
2,5.06068589502443,5.04754699703889,4.0,3,17.68553066550071,32.86259416931887,-2.1462279732164404,Critical
4,6.969016835812654,5.080462011957341,2.2,7,15.760611775340209,81.69012266675676,-128.04263484917055,Mild
5,9.440896835178751,4.060168333384482,3.4,6,21.290715180012818,44.056164222350176,11.435013081322971,Mild
3,8.322694287968032,5.149293741467392,2.7,14,16.023582259919095,29.97287635521426,-92.11126920885422,Mild
7,8.959147807064225,5.68372239152119,3.4,5,25.964820480136908,46.38007599560374,-44.28633339351255,Mild
7,5.743145179172137,6.721788697178503,3.4,4,25.326052517406904,50.227889365707455,-58.70789000553293,Moderate
1,10.478246287182074,5.517092996816454,3.7,13,13.542282550727476,60.36826547389124,32.63793879312247,Subclinical
4,9.39862897236312,3.608377949320677,3.1,20,18.3485213471464,60.019020414240856,-154.79812434999997,Subclinical
5,8.722925909884651,5.924257435838412,2.5,12,14.746716893319023,38.43638872252984,-232.65909076920315,Mild
4,6.765901494052746,5.192883325996296,3.5,9,16.36676218405694,68.71312785027422,-67.07461576703396,Mild
6,8.582840229690701,7.14449163278064,4.5,17,28.012137338223987,42.21612932499684,-12.517499447590067,Mild
5,7.475318037811718,7.215349362452809,4.0,3,16.462142914421005,51.87447326589914,-37.8184499354,Moderate
7,5.029115821932029,7.25734517472076,3.0,7,19.801130185387144,68.7354814100671,48.5763389931129,Critical
7,7.909238866901322,4.826094477552065,4.8,10,20.706606470041397,42.16357192111317,-15.010186065626534,Moderate
5,7.717885283199453,7.887826088005069,4.7,16,12.996853137583797,43.61297152837725,-95.1078665487888,Moderate
7,9.912322717775217,5.921131005874848,2.6,17,13.724522627953975,66.83336099386261,-236.0336123311744,Subclinical
3,3.978032403834435,7.451656486802359,2.1,20,11.969888142959404,37.845336467899614,-68.98497873561746,Moderate
5,8.423359691938462,4.896856463401888,4.2,10,13.570146330511117,47.304159527918586,32.23672018062385,Moderate
4,5.919977513409709,5.141683914868448,4.5,15,3.7498494534140896,66.11484356085785,-81.36382261336917,Critical
5,8.574602015951983,5.828832823206502,4.9,11,20.72291200396814,96.0818488287195,-47.73437890577886,Mild
7,8.673704100039151,5.682253131536728,4.7,12,28.27096920628035,67.10809009525494,-16.291179655463317,Mild
3,7.843679401165655,7.005774332163004,3.8,15,18.739103695182635,64.45279525980024,-131.22338993998528,Subclinical
3,9.453127624659952,5.221444817741855,3.6,20,10.918655703296965,65.61603167345459,-0.1411282688946045,Subclinical
6,5.757621093620541,6.897537988372427,2.1,0,14.78611808550026,33.536194518659016,80.96974320013646,Critical
4,9.99389681050706,6.378681408559184,2.7,15,15.705615774875016,57.31193477359816,-63.82506815147251,Subclinical
2,6.725458040850546,5.243929337671422,3.4,14,12.91207611393312,54.404670233271965,-140.32515374658414,Mild
2,5.199382429118188,6.285611940978776,3.9,5,22.300913191975784,61.431690807455126,-55.3280821617579,Moderate
5,7.509687253100344,4.932081943800341,3.7,11,22.05130022187667,57.330161049517415,-227.9507286887095,Mild
6,4.228716459176026,8.320246960006866,4.2,7,12.222741030911704,62.59399354834225,-23.04773888187072,Critical
1,8.457513006043163,2.302801214710664,2.8,6,21.62540522223754,48.77065610201597,-13.818049788113695,Subclinical
5,7.533349203355594,6.307531845394047,3.7,1,25.634063317886326,56.17217834743585,84.05090350764499,Moderate
6,10.220636458476864,3.382484908867544,2.3,11,27.5127910261478,30.44342867886016,-65.51958340533001,Mild
4,9.168063578912593,5.229211956138317,3.2,20,32.32606011542981,48.601854439941725,-17.32117294828238,Mild
4,5.494406593061582,5.397270292634505,4.3,13,13.490036752784013,82.81667096353287,-118.90304819087208,Critical
4,6.490902515987806,7.30916027069642,4.1,15,32.121102131976016,61.37616679256512,-78.5141696420063,Moderate
4,8.937195956961576,4.669417345507732,5.0,10,16.228968057456058,54.581579252338464,-172.01483493297584,Mild
4,9.524742217973062,7.069614298794134,2.8,19,15.037672723097428,92.92246552508692,-65.58316970265885,Subclinical
6,10.200501646796384,4.085420031730244,3.5,8,19.635361874389226,27.783300433978415,-74.42473228148519,Mild
6,10.186116713549628,7.116003668505839,3.0,9,15.089693329534938,32.81088889107561,-26.06401871288833,Mild
3,7.83885930155377,4.930785469715833,3.3,16,19.99522070323263,89.25422822552545,-99.88775042661116,Subclinical
2,8.652780120052103,5.588121423089342,4.6,11,11.399614061313493,55.91921872097868,-43.332371921992646,Subclinical
7,10.337729307098831,5.096345604267516,4.1,5,16.80623698968283,50.148339274204126,-76.67040444861325,Mild
4,7.454044768515293,7.038836168938724,4.6,18,24.4279111718084,31.015913498087137,-76.51995106396114,Moderate
1,8.683507136492223,6.805287811880497,2.6,10,17.71469354284422,63.95392532790024,-43.57101392295759,Subclinical
7,7.411614596576627,6.03220206470143,4.6,8,18.707978933699412,65.88919739054924,-46.758164614639206,Moderate
6,7.008293393962231,4.117757938495871,2.2,20,20.37629302358656,33.11011278330207,10.893923124131078,Moderate
1,8.087093212914446,4.641973758363709,4.7,5,23.8533081465883,52.19448828899144,-59.65144273038679,Subclinical
1,6.762421787588735,4.265708169392649,3.0,15,9.723876439052836,48.28968335933868,-77.99082792984025,Mild
1,7.764351249014451,2.802228535849404,2.9,19,20.922620259187173,60.119542928375424,-64.4645956069781,Subclinical
3,6.137081243842161,7.013581722220056,3.5,15,16.659304303791185,32.614995155587124,-107.1731293472794,Mild
6,7.658010103071717,5.106611768388764,4.8,5,18.83318947655919,80.03894909026315,-78.79288748533372,Mild
1,8.807102528508551,5.093807242849243,2.1,4,23.299750848811883,73.31647563195209,112.4926970458585,Subclinical
4,6.940225634827767,7.295322680110671,3.1,20,12.02906674294078,47.73648882534368,-123.01430085566936,Moderate
5,8.016725154555642,4.928813677136359,4.6,3,12.936777792784552,50.67162576723258,-72.29250671034475,Mild
1,8.250816668518276,4.491434877176883,3.2,1,8.322850201430969,52.27155699444768,-80.99909306157522,Subclinical
3,8.814562805278403,5.230305255382018,2.6,5,15.254205291181115,39.43382893986993,-69.77372897955196,Subclinical
7,7.7595562856506115,4.140797137747724,3.3,8,24.65216172189408,46.13141163529929,-76.4991447102716,Mild
6,9.95455941536205,5.913226923145547,3.2,16,17.39706405763265,49.59459264650782,-27.66079190232002,Mild
3,4.218346049386548,5.051605506082995,4.7,13,11.299375521726072,87.25736741414256,-186.81400811134355,Moderate
1,12.0,4.891274307287425,4.3,6,15.571606277124763,73.93236616660873,32.97371780256036,Subclinical
6,6.43195922473247,4.787316193575638,3.5,18,10.560691482546886,73.69309414673248,0.6066239713757824,Moderate
5,8.72610204203734,5.372534207389586,5.0,0,12.37406949134419,62.398512260087806,-149.4297268850508,Mild
1,6.310757761629472,5.600177350623821,3.4,19,19.944094551318567,32.65345982137531,-231.5261818361921,Mild
3,9.159682687116742,4.876029893910974,2.2,14,12.130633368469857,54.170177908452416,-128.1657716913121,Subclinical
2,8.49782447467087,5.069480876685824,2.8,17,23.56317152601651,74.4097691922676,-69.4133169141698,Subclinical
4,6.828715632778839,5.402172607816781,3.3,2,17.64439854584832,29.834707412654243,156.423351895262,Critical
7,9.931557221738563,5.281098237352554,2.5,17,18.427973519722627,67.73106413746528,-6.539442802058133,Subclinical
3,7.704870416716542,5.5372911602500166,4.8,1,16.60813516196053,100.0,-194.6071719345166,Mild
6,8.984988688502607,4.687995036102383,4.3,9,21.86423919271861,76.23633291979463,-105.17244039207552,Mild
1,6.349112350647135,6.705511490951789,2.8,10,21.915799438885053,83.28058271123975,-54.25699490183866,Subclinical
4,7.944402255971156,5.616193812891421,3.8,2,19.675271759560857,59.36677500884321,-29.705315656152248,Mild
1,11.606133080927789,4.895383896610148,4.2,6,20.82394552953824,74.3586389752998,-155.17990882483383,Subclinical
6,9.733337952405432,5.913261060854242,4.8,7,16.93955165039787,40.64293571291929,-60.79921823816491,Mild
1,8.553717359811893,5.410757681417542,4.6,18,20.71101503454524,70.91727624682453,-107.41113100884326,Subclinical
2,7.191942510302368,3.4194083746195982,3.5,17,16.310611122630966,68.08776268121527,-138.30068500818533,Mild
4,8.121497364575015,5.909143228265951,4.3,12,18.01115811081201,60.79822348075326,-29.232348264083686,Mild
4,8.355618782310287,4.276592557138976,3.7,12,16.626781253168513,81.32014839436997,11.910173875425784,Mild
6,8.808611182855541,6.6213133398775685,3.7,18,15.71390730340402,44.22430324305223,17.28330215692955,Mild
7,6.062011085280202,5.209900433327864,2.3,11,14.554441011391049,51.25884967052675,-4.049091909289913,Mild
2,9.203134329696256,6.4360843568692765,2.4,16,20.338450519294422,56.90924082716593,-89.78956265122102,Subclinical
3,6.038732423069625,4.743737736162871,3.6,11,24.55302956406732,34.407780578211984,7.163980917080465,Moderate
1,10.93602653410737,5.583915120568768,2.8,12,23.8555098583478,59.53863887600496,-25.275644951656968,Subclinical
5,6.611069019649619,6.952292200608252,2.1,11,11.717173320272824,20.62139174092306,-39.28464936383895,Moderate
1,8.533930975417116,5.177180144302213,4.2,18,24.446015257034368,75.93909068856419,-98.93544973614388,Subclinical
1,9.809256631900432,4.791019481517035,2.1,13,16.409207491910355,55.93274733131931,-89.75009018732226,Subclinical
3,7.545715921763991,6.286048736538147,3.8,6,21.00366507572796,44.58214192192473,-44.08904511003568,Mild
1,8.613080034379745,6.2627939161011525,3.6,12,13.468923339763943,38.31252775409757,145.1899573588401,Subclinical
2,10.583326788542092,4.841501039902218,4.9,5,18.709899569370027,50.30841940761625,-25.900601592688787,Subclinical
2,9.01592537820788,3.117446775498685,3.5,18,19.568615914484536,68.76519421544828,-98.89508018002287,Subclinical
4,8.639991133413835,4.767972427001973,2.2,18,10.576976040401735,65.95477957475121,-116.59115559755544,Subclinical
6,4.967386289323168,6.312831426023706,3.7,3,21.041335831720943,40.889241054430784,-89.34132901249623,Critical
7,6.319299945067599,4.569958972691532,4.5,18,24.729675039191577,38.07920654744731,124.18347580392523,Critical
5,9.884456229770022,5.486874595580566,5.0,8,17.12676027159186,68.13797412639295,-81.94053167567697,Mild
1,9.025910549614489,4.711018074440387,3.3,15,24.800840654140064,40.55305190769941,22.549642768822796,Subclinical
1,9.298639292813132,3.1813994049687406,3.0,3,17.051532532737962,56.19819548159007,-80.07425963770851,Subclinical
3,9.143714477986816,4.689422587552087,4.7,5,22.247922655233086,57.47509285048554,-29.105236697629707,Subclinical
6,10.321561751075674,6.307758424827655,2.6,7,6.907150170244503,61.24124263453477,13.33962192069778,Mild
2,7.529480135080779,2.6556970239210256,3.8,15,30.09388889656732,72.16540860363743,-95.75222798479392,Subclinical
5,8.216899925820742,5.8026008205706905,3.2,4,25.477291226214785,29.740741262653543,-101.28893233222158,Moderate
4,6.148386200367649,4.0767169223207045,2.1,20,16.576872478731605,16.776813494790247,82.70957555642639,Critical
2,5.699559349814523,6.230130483369031,3.0,9,8.13955486678091,43.65105437543296,28.76743159166375,Critical
6,5.041266711941496,6.357182723048384,2.8,12,19.44014184152745,91.03056815664372,13.253785495258256,Critical
7,6.406705701800274,5.2936624781064685,4.1,13,10.780372264631216,95.44348200174755,12.98210344983312,Moderate
4,10.794611267881356,5.2963982094625335,4.8,6,20.22426768778744,91.62354271131775,-13.233960935114766,Mild
7,5.205091277931132,4.532364763436439,2.8,19,20.05782859582141,51.14037264478621,111.4220650540052,Critical
3,7.453635225961044,3.8852999198740408,4.4,5,13.292984154989876,19.357698360303424,-46.48733584982746,Moderate
3,5.672338417436915,7.53771148760048,2.2,6,23.60483511807189,8.139217966963187,-3.819010623926445,Critical
1,6.91824686659395,4.461914287394647,3.6,4,22.027873514030865,42.71923676901178,-166.073034287521,Mild
7,8.305448826233635,7.381355357435766,2.2,20,22.879116686442817,51.0385273970128,-115.99685492729928,Mild
6,6.739791428230985,4.468599952239788,4.8,17,18.04428851834448,81.01250802111917,-146.06551998680322,Moderate
5,9.96139675702963,6.130228468405274,4.3,11,10.922379665431468,72.35610919084891,51.92508668129194,Mild
4,10.76116061752922,4.134631408415638,4.0,5,22.889361361055688,59.54810157983241,-254.20321216166,Mild
2,3.951627689499309,6.128074020282418,4.5,0,16.648143004321042,37.203104581177165,-82.18480182021781,Critical
6,6.770613805367979,5.109295171416254,3.9,3,11.051099284036654,35.7844088351022,-289.49652821284985,Moderate
6,8.10645582009036,5.124980607189196,4.9,18,24.76019682987163,60.08255374142871,-116.5030316385512,Mild
3,10.027010646827684,6.232027803741341,4.1,11,28.49703760251255,68.94101957679453,-89.2759159785493,Subclinical
7,7.182360304724128,4.937030361905082,4.8,14,17.793759355103983,62.83762524491169,60.78968750352352,Moderate
1,7.964116288557541,3.7862218054658823,3.6,2,28.795605773016455,34.3080408078669,-18.269764862283427,Mild
1,5.9178603949064925,6.413566676091343,2.4,19,18.45657364305675,68.01335257584172,-116.6513218663173,Mild
4,5.240967465927778,4.124919292021206,3.6,7,16.097720479168245,63.51821934202823,35.27709757854608,Critical
3,10.60169244124928,6.119820741277492,2.4,10,14.847707729072612,33.586671876196434,-48.5734196376194,Subclinical
6,4.716674226992714,6.6675958543996,3.8,15,26.185412039963712,39.313580593994885,-46.994651303419815,Critical
5,12.0,5.049407336377339,3.4,8,14.099280593061142,68.76991949123133,-146.21372062175936,Subclinical
3,9.305272518887136,6.918823412910141,3.9,2,21.676346549874932,50.30984929708218,-129.20109711225115,Mild
4,9.22395153593016,6.0781404494335405,2.0,4,15.204180824703958,86.78294603272914,-116.00778399564194,Subclinical
4,9.035843601489974,4.664966295826269,2.6,19,15.698466187128185,65.02258552129153,-46.28309814766483,Subclinical
3,7.545165761598265,7.18171480271929,3.5,13,23.15124846984784,45.267376236214616,-43.769141841546016,Mild
4,8.705752153461566,4.129993813912732,4.9,14,16.09981576855323,54.79588799218135,73.52741308192361,Mild
3,7.659985961987944,5.047959484115721,3.2,5,15.976023102898534,56.26766785275437,-19.19558656497325,Subclinical
2,8.995531897592864,5.252422235656805,3.3,3,23.66402348587404,40.4321937351658,-266.60525549376865,Subclinical
3,7.939364251564311,6.226268441221906,4.1,7,25.986986466108117,36.748236036447466,-28.98864097026476,Mild
7,6.289373270416878,6.838519956857361,3.8,18,21.223449016421167,69.02779787619,-166.00130849340263,Mild
3,6.432969290728838,6.763349868283257,2.9,4,14.726151121880251,71.9054659408419,-127.27767396892293,Mild
4,6.228309724473494,5.768497983489167,3.2,12,15.446957503512104,67.07562939105918,-114.9735577381064,Mild
7,9.747621317481755,5.16367707464372,2.7,15,18.399576318700188,85.30636188647604,-103.06706588098416,Subclinical
4,6.888596097573624,3.308818910046844,4.9,0,19.604650309628287,44.16453527976796,-160.01195136322423,Critical
1,4.558214310047251,3.92302497465374,2.4,12,13.06067044930114,88.48541532142261,-33.721439723816985,Mild
1,8.71430959852785,7.619986587149722,3.1,10,21.61518969789932,36.98157762891695,-162.86418280727673,Subclinical
7,10.726131612661248,3.296713614996953,2.1,20,18.427566648197995,34.74628873263015,-21.466591420012247,Mild
2,9.391549740519547,4.558611228109468,2.7,7,9.421458406809354,19.800822357014997,128.95768616493035,Mild
1,6.914017582600918,6.873527538460108,4.3,7,13.355367587696348,46.08409372346366,-156.3487247147251,Mild
3,5.143738911928839,5.751655959036841,2.6,13,15.47935663174168,44.925553263410926,-72.76082434713777,Moderate
4,7.7583174139564814,6.61365408520683,2.2,12,17.635711555794725,65.51874560509302,-251.8765890009976,Mild
1,7.713397019425922,6.151394021524812,3.4,2,27.446393977519985,59.87781883240902,-74.07482343761066,Subclinical
1,6.255440701435221,7.263499044833064,2.0,3,19.19085653069814,31.140532579617265,1.4173722105186997,Mild
2,8.991867144036567,5.854512743877862,2.3,19,13.796140550506877,47.14547523148365,7.6511385085813615,Mild
7,11.323927701494853,6.296137274981813,4.4,14,19.10315402153581,47.57075957824629,-43.81090157727226,Mild
7,8.400108891424912,4.630904161529991,4.3,14,16.239561262730597,19.48035506076215,21.141073980718065,Critical
6,8.288857172597922,6.203599570693764,4.7,20,19.62379119766771,35.38106545973261,153.68436287542335,Moderate
2,6.312989512099119,5.024648682412925,4.6,12,20.90283843517808,39.58372738771821,86.98437499500795,Moderate
3,10.51534646550867,4.9562729584231455,4.0,8,24.04615323611969,83.67250039641893,-91.80167435277096,Subclinical
7,7.86474049974197,6.573668217576565,2.2,9,17.87856752164987,58.82901431914705,-166.08831891733908,Mild
4,6.957866140650492,6.581948051271237,4.3,11,26.194802637999167,68.24337507895,-82.49211332590428,Moderate
2,8.11463910857291,7.526130586895357,4.5,13,22.54011331268096,25.02729005701576,-125.75862124938786,Moderate
1,8.849530399843896,7.447915822583441,4.4,0,14.462802275939062,78.88428966027983,-13.892196170829386,Subclinical
4,8.250587735560826,6.60077819363053,3.5,13,29.04927832874232,81.02204126048186,-144.49548315435985,Mild
4,10.171076112207064,3.435465267715945,2.7,13,19.634972566350488,15.033100657107482,-55.825794607227365,Mild
1,8.691148794584352,7.693217179539635,4.5,7,13.824377480138825,40.89366552168303,17.04112436290484,Mild
2,7.488904740411437,6.601561204799634,4.2,15,26.26456525615211,64.9153114603102,-58.05566982537416,Mild
1,8.722145989388402,4.580967891896437,4.9,13,28.388887925992226,67.88776907076364,-125.70510581982371,Subclinical
6,8.899346782026724,6.374690986675339,2.5,0,17.834873681402197,41.43010539025556,43.98512460685535,Moderate
4,5.666523345325084,4.2552811108447255,2.7,15,15.481748698122018,48.89001073892694,-200.31847558030617,Critical
5,10.068955510874687,6.242356144131691,2.6,17,17.13812521273169,43.05237877909714,-76.22360447019705,Mild
5,7.458372765149553,3.920475950711081,4.4,6,21.573658637588498,57.20836093892239,-53.33280187050678,Moderate
3,7.504418197690226,4.530137909456037,2.6,14,24.38928327515257,78.94357062923825,-48.72730732802951,Subclinical
7,9.352476776736705,6.351914955040632,2.2,16,20.852436654317867,39.57915685717591,-35.56031551375351,Mild
1,9.344897403667249,6.787464091591472,5.0,18,18.50861604235885,75.01640995536829,-1.1648144152405493,Subclinical
1,6.738502978041046,5.890524231320573,2.1,12,25.490058851522136,39.36655855306225,-52.83259512362807,Mild
3,9.445222912662237,5.156597635974435,4.5,8,16.43581763474239,38.04745575006231,-79.44466257149446,Mild
3,6.9911933273188565,2.962160445979612,3.1,14,23.15459669183453,71.37189236686427,-82.60714757277565,Mild
3,11.27523148405758,5.249174680418369,4.5,2,16.559686008243606,73.43872756015233,-98.92126416306836,Mild
4,6.509250833721625,6.140182092189433,3.7,0,20.155114790054466,72.02819873525308,13.00346594614922,Moderate
6,8.431059431070613,5.119881872877223,4.7,15,17.432187176047744,28.684051835637177,-101.72227835812116,Moderate
1,6.592368253566306,5.4729064706866986,4.8,7,17.720739086735946,45.68098043855898,17.741688720659553,Moderate
4,12.0,5.277259038498495,2.0,12,16.11306741268895,71.45977184006642,-48.48007341921032,Subclinical
3,5.771922300643191,5.11395253861428,2.2,7,24.724270155903472,55.83083681127789,-91.70038454849036,Moderate
1,8.943852945055239,5.591052867951775,2.8,16,14.335369809457324,33.526143076050715,-0.5274227404692127,Subclinical
4,6.6771612539399605,5.172766501417048,4.0,13,14.298838737256458,64.16635878250884,-108.19631397784946,Moderate
6,7.362606245393623,7.231947464358331,4.7,20,28.604967829225547,40.70385482017059,1.0547232582570274,Critical
4,8.816368100741316,2.8522973819395205,3.4,20,22.889237823271657,90.89049696784424,-32.98191030465721,Subclinical
6,10.20425198772706,4.844988896834707,3.8,6,6.074431506534818,85.89682924836517,-97.70597512735364,Subclinical
3,10.92211381213828,4.45569253177933,2.6,14,15.173706303947982,67.08194852711135,-7.709214773235267,Subclinical
6,5.233493671952623,5.762932720041292,4.4,15,8.940053312189729,82.22013409539548,-6.272821944908898,Critical
1,8.481952203856032,5.592573743059751,4.9,18,13.246546532923723,56.295827002467625,42.60156846479661,Mild
3,10.627088486090338,7.446631721859314,2.8,5,2.3074266688298017,70.30874988750031,27.29176099274368,Subclinical
1,4.966440310228506,7.841370457957353,3.5,0,17.31505211153029,84.5544059060415,-10.698078341897372,Moderate
5,8.565890289298725,4.572299853315423,2.3,11,12.290290904193444,59.90997363588625,-140.20727609670104,Subclinical
2,7.996249164643669,5.500600078040355,3.7,17,18.299526283982196,49.896256569714325,145.88695905392456,Mild
6,8.746175265883618,5.735565300309227,3.5,15,9.874393705587377,20.907560836457684,-162.28929688574482,Mild
2,6.609852754412344,4.542623501995196,2.4,11,18.4145592658602,53.33732948557012,25.94105394258472,Mild
2,5.415886109215808,6.254058443245148,3.3,19,15.925418609398363,71.46846369124623,-15.49729464909612,Moderate
6,4.5564084346777545,5.212591157482066,3.0,12,25.50976482594298,73.9126685513526,-143.93138979848916,Moderate
3,9.757491116231783,4.218838179278826,3.6,7,25.05678430872813,65.08730131436819,-59.94407511027993,Subclinical
5,9.987288445670035,5.164518034880148,3.8,0,21.926728015051417,44.174018100755205,-56.30023089957124,Mild
1,8.544833628192775,4.302790512711222,2.0,20,16.366931096693936,15.46356862104819,54.44661726484188,Mild
4,7.038532970561426,6.743976195303107,4.3,6,27.926901976301465,45.0956980399053,-107.06487202241692,Moderate
1,5.0785173917616575,7.781871106136404,4.1,14,10.234823610800897,48.91310257892097,-70.95560051394831,Moderate
4,9.014021832509044,5.793783248673448,3.1,12,10.982206852181688,48.74142065619972,-236.88556840170105,Mild
1,6.018597290893967,5.633532121663931,2.2,12,17.581084500554677,67.3711271395585,88.78102344988616,Mild
6,6.719662475431032,5.682921720249023,4.3,8,29.2701905446056,94.7135282202968,-135.6374594416057,Moderate
5,6.944184656787106,6.918680834725978,4.9,14,16.988305465649564,57.47058403682186,-23.84713086086601,Moderate
4,7.644436593745458,6.89283880431662,2.7,3,17.08377378395359,50.66536421687077,-58.11262637774912,Mild
7,6.6337271950244325,5.361215717742123,3.0,12,10.790448219440954,49.81556373991815,-57.84007734266719,Moderate
3,8.060225787786145,5.80310791285491,2.6,11,22.72964792635189,57.48769533815428,14.788958789670003,Mild
1,6.880727059088496,6.283175688612494,3.7,4,22.76588127164677,38.43412479303202,83.70099682429077,Mild
1,9.2624715167106,4.134775052139119,2.5,6,21.94537600699955,57.403971174921104,-29.880506404640663,Subclinical
4,9.855913245178495,6.955129884904547,3.1,7,14.853896635763189,64.016246726636,2.406241410442071,Mild
3,8.195376816851189,7.581798269472673,4.1,4,14.46646615813497,59.19372127148976,-23.68867706183673,Mild
3,8.832727403685984,6.898038525807348,3.7,8,11.534388747975148,64.15083868009563,31.40251391445011,Subclinical
6,11.812140709326602,4.005287306062535,3.2,13,18.419362508804667,63.67495218697071,-87.03331035890616,Subclinical
7,5.889314137649631,3.135999453497351,3.3,11,12.597963353607492,19.562066355071124,36.03124435331311,Critical
6,5.77975741769581,6.350462408221517,3.7,3,12.112917473753557,67.73740316790807,38.83998925179071,Critical
6,9.250996221398374,4.587772661245497,2.0,19,15.88154641544662,41.579703086750925,36.60296069463279,Mild
6,11.503777107526576,5.844560024947583,2.2,7,15.55421912407892,33.08321673992084,-102.81182938691808,Mild
6,7.531102588510299,7.342178464009058,4.6,16,15.310107355890224,32.91096344290008,-63.46701073897527,Moderate
6,11.10830091599377,4.711653788321908,2.2,7,20.332222984201305,63.67083220945059,-30.842640897565204,Subclinical
5,8.173580693828281,5.046934412309248,4.1,20,18.3952390107514,50.548501455502944,-159.66736358632045,Mild
3,6.774402892329653,5.832067567105979,4.8,0,16.55921984744441,21.360624320291784,77.59361664688117,Critical
6,6.216753700452134,3.9429884320213233,2.8,19,18.91506464155741,64.56075630384566,-50.98212268017407,Mild
3,9.132944452796217,4.590572564792948,3.1,1,13.04236479447684,26.207837384023453,-27.285768991622277,Mild
3,6.353073677991146,5.529829004501523,3.7,3,18.52639311954839,57.79642717036422,-96.16035517817625,Mild
2,8.14629831698065,5.139454157418698,4.6,20,18.75301246422317,59.76997851346108,-156.15020474936182,Mild
5,10.850237045691369,6.230089304559072,4.8,0,10.484765703212595,72.7115416339009,-98.32239083798169,Mild
6,7.447795292831533,8.819175537327121,4.2,6,22.97846877185181,90.63369572933703,-32.463664989312925,Moderate
1,10.365217054359018,5.61896600730175,2.3,0,13.592831473865022,27.706473481989168,3.874305020295481,Mild
4,5.813821718492468,4.489945664754389,4.0,8,18.451548996032173,53.95052287873901,-37.05667675178239,Critical
7,7.03896361762976,7.201888425709077,3.2,2,23.82205870267635,49.473294099115655,-22.26207870064397,Moderate
1,5.467140752813151,3.593417829615735,3.4,11,22.628383788569348,63.674993719219245,-76.96210997451013,Mild
5,8.131394160752043,3.833310194765071,2.1,18,18.171666942844176,59.31337541867237,-10.300114700365754,Mild
4,9.40414072348985,4.785875873622732,2.6,14,16.18750498558966,47.9490751452676,68.62662931087256,Mild
5,8.135336757691135,5.1605359353764495,4.4,15,22.73755954287784,46.18195622778289,6.383155395118948,Moderate
3,10.208690107946271,4.75711271617935,3.4,9,21.3734748890431,32.670982896319046,14.763351060235223,Mild
4,6.6514773668675655,5.462185210692373,2.9,5,14.90817489977935,74.75723164813019,-26.47868805546952,Mild
3,8.405616956640321,5.829690283295614,3.2,16,14.025531764991548,64.18408363199059,-170.25240556796814,Subclinical
1,7.0505552174950585,6.782751442330166,4.6,20,7.638224091520009,73.35536395590275,-133.57332245049946,Mild
1,8.651017853762578,5.609425928612539,4.2,16,18.770159208417937,48.79207727048973,-13.609935946892534,Subclinical
4,8.906724883182367,4.825664502765878,2.8,20,17.586511274908005,41.86329062611139,-50.87512415680687,Mild
4,9.048312727971313,6.717574463727294,2.4,18,23.68095687321271,33.43369866741544,-14.81256908217376,Mild
6,6.072930191175916,4.518741429123844,2.8,17,19.795275467401837,62.17835167481319,84.11387342752587,Moderate
5,6.398457016784176,3.5408767051752124,4.8,10,24.671145970863453,34.204135509435304,8.082879938346693,Critical
6,6.7322821252558604,6.947147221485451,3.7,6,14.513178860419146,91.973261379331,50.710896459425726,Moderate
5,7.570014653840125,6.870223893773166,3.6,9,23.69075165483809,28.84714837813119,-42.42548884234159,Moderate
6,8.156935527571575,4.549241929355072,3.8,6,15.355418104476724,60.47320238425004,-114.57725419875518,Mild
3,9.274560419342018,5.021081375414889,3.1,4,21.88798030896136,86.33709414427572,-54.62929273714728,Subclinical
4,6.473422341189383,4.399686945604085,4.4,11,10.706208037346531,66.98179518527618,-114.38014509753104,Moderate
1,5.118165264136845,5.891949061078161,3.6,15,19.175676496830945,58.51347424983559,74.66359654179584,Moderate
5,11.880337693772224,7.578459149641699,2.4,20,8.07656029277045,35.630327060762085,13.231286122837568,Mild
5,5.963384562825626,6.343458158314147,2.4,17,16.664312570291226,27.36461622864592,-8.359000269737635,Critical
1,9.505382701391992,6.742869571099639,3.6,2,20.201769969389566,70.40100217835172,48.87545617824827,Subclinical
6,8.056280379047614,6.483673998029214,4.8,19,15.39515724384452,85.12294481549893,-211.604513161858,Mild
5,8.452350153451485,5.499857021729087,2.9,14,12.747811856220164,46.22300019043657,-2.948963892587237,Mild
7,7.997209089495375,6.8000085254935785,4.6,4,22.230592346479668,32.21876984767298,-154.85166274434982,Moderate
3,7.307284612495174,6.394036675495359,4.3,12,17.482686050765384,5.83661138901963,-50.580455877252895,Moderate
4,8.835150109262226,7.227334858183763,2.7,18,15.552146764846642,35.384703126749244,-74.93660739737716,Mild
1,7.2105430287368675,4.948541270605892,2.1,11,18.20947960577138,52.7268631500192,2.938928967755828,Mild
4,10.09934494502622,3.414266032545536,2.3,20,31.183345709727945,86.98246481673468,-31.74501688312357,Subclinical
7,9.02319381126108,6.7543012178476936,4.2,4,23.76751424890772,68.46267384465938,57.60937388894307,Mild
5,9.07926940390669,5.91972342472727,2.6,5,23.8128683409392,61.10170809413506,-98.1517728746091,Subclinical
5,7.087178491898138,5.144744679614517,3.1,6,20.17773159496182,46.99760677397738,6.729151170662711,Moderate
7,7.574561473239807,5.211816625231011,3.5,9,18.83242636288573,43.33668565488088,-37.02214264809345,Mild
1,5.8617569444442825,8.565623591082538,4.2,15,6.01958855834792,83.11295195015927,-180.8232216057242,Moderate
3,7.364571097893988,4.729366416958875,2.3,7,14.60509826768434,59.01477081516779,-123.4893166818426,Mild
2,6.134163350558665,4.4760360318084,3.2,8,15.597127933987627,12.947986161579555,-61.990242681773466,Moderate
1,10.363523328059689,5.602341080192022,3.5,3,8.625539679762335,41.52920704205514,38.98339599133821,Subclinical
2,8.090964468069211,6.916589053567553,3.6,20,12.212921048922832,37.83567936456747,-12.90215539543084,Mild
7,8.306895023072775,8.234082383835073,4.5,20,8.09581764538683,44.0747198164507,-143.40006591045716,Moderate
6,7.594736250769961,6.288837956067486,2.5,7,17.808380821513136,66.25821320570171,-61.225298243772784,Mild
2,8.355642059692535,3.975509507224684,4.4,6,22.09382985424408,52.851102364115015,111.4245159034424,Mild
3,12.0,7.865037124861359,4.1,14,23.533872593121643,53.46269185992676,-41.10213321273136,Subclinical
6,7.459747488093515,5.476637561107483,3.7,20,20.07392231039621,81.26946322650474,-76.18604600579167,Mild
2,6.829256537522012,4.494748681726037,4.1,2,13.183018294007155,41.07077820426623,-10.660828739502357,Moderate
7,8.953447639229797,4.204729051480776,3.2,16,8.339674207400202,92.283990517747,11.071446366557602,Mild
6,3.5,6.503594463202547,2.4,10,9.215656502992491,41.57384817257828,-86.49346779840472,Critical
7,8.11512221643968,5.786595263423696,4.0,8,11.655087113727507,56.783963932251424,-9.794018050285032,Mild
2,7.330916774072778,5.914090452335021,3.6,4,13.555701509821628,49.37592809194466,-76.31115973366474,Mild
7,6.213836121135031,7.043803742886317,3.9,9,17.201257510042065,57.46838267001922,7.54620814635507,Moderate
3,8.9139638065607,4.537414490188427,3.0,14,12.92917890936516,63.891839901462575,-36.4245473622973,Subclinical
2,8.097179153202427,7.139385553928378,4.7,13,19.694879468341306,63.67670480177753,-11.442573835768629,Mild
2,4.75566396651041,4.877011212647572,3.8,3,16.838632486002638,39.9376533875884,-110.73468369340034,Moderate
2,6.836246861853612,8.096808848694828,2.3,20,18.052728558705127,32.54170645104858,-115.70291072582874,Mild
1,3.5,6.218486819191768,3.3,19,23.701252763356024,100.0,25.639784372751578,Moderate
1,8.527884765440305,4.395713764268347,4.3,1,12.09884132899815,45.32031320798894,-56.3517105108395,Mild
1,8.509938953192282,3.069498300015425,4.4,11,20.09352289146184,68.98424877343973,-27.19722063205108,Subclinical
3,6.572092591099388,6.470709666734813,3.5,0,17.930133857619634,22.847173789536065,-74.51163416692157,Moderate
6,8.972202881029627,5.05098366881178,4.7,19,16.332568595151525,49.40774560190646,21.89814192109152,Moderate
7,5.69150248198126,5.313321166573798,2.8,4,22.4262816043298,52.45601232035114,-98.62479840237262,Moderate
5,6.260269353317012,6.4194352110089286,3.2,5,22.39507077278504,64.45630139855665,-60.84809919207063,Mild
2,8.750942835888615,6.712496591500787,4.7,10,13.26754602005786,0.5509171801612212,12.879425016250536,Moderate
7,6.760399841066702,6.968452408803149,4.7,7,17.08919708071038,58.32281226156661,43.83741593314127,Moderate
2,7.8872174788356,4.090190429940476,4.1,6,19.406058412920327,32.00517089264214,-91.90074328213468,Mild
3,6.985431750632583,7.211073699549507,4.6,3,16.63496625988708,61.48691422389848,106.77471855647065,Moderate
2,7.260323918661468,4.805145596598221,2.3,5,20.925106661438992,34.27341606323674,-24.940664504510693,Mild
1,7.338996411281013,2.792500078302128,4.6,15,19.405960089551375,37.89034608148837,-133.43426094469902,Mild
5,6.72783783700728,4.085871583767945,3.0,19,27.162806201780064,49.52744779213464,-20.47583611280256,Moderate
4,8.544409485848224,5.761630110559078,2.5,14,10.34860432035106,33.95341060793609,-80.63993715867662,Mild
2,6.869728723842892,4.3254229047026325,2.7,13,17.387820051263013,45.4893110652929,-15.274521025345855,Mild
7,8.028236084832084,5.394346636988748,3.3,11,13.457487442439046,31.132484629133693,-53.42849981282704,Mild
1,6.688282973526074,5.905902985035014,2.8,11,21.02053727719522,18.336590966025447,-44.05810478478842,Mild
4,5.238262472507975,5.282337516268857,3.0,15,9.914140549772275,75.35914104858719,-122.92747012689168,Moderate
5,9.6423834486665,4.906774794571939,2.4,14,19.731563551124434,29.079026143521432,29.2048984573088,Moderate
4,8.899148573171734,3.9991647244141286,2.9,12,14.849757843258296,51.42638224784033,-142.49018937208257,Subclinical
1,12.0,5.526332569858399,3.7,10,14.32919066939493,70.0578216298757,-138.70119163239963,Subclinical
6,6.120848888003136,3.022051134898318,3.3,16,10.767508982296564,42.70111794967914,-20.611172068201068,Moderate
6,7.623871122802345,4.676802349936694,3.0,20,15.67462026899497,38.49668200508924,78.22753977423756,Moderate
4,7.768686534459549,4.386659069127087,4.2,14,23.42250265145463,59.52476177334843,-78.20744776515258,Mild
3,9.780864988907837,5.212747778189303,4.7,13,17.8740565823526,77.35867645454304,6.07778581631726,Mild
7,7.087205790561305,5.244004240828877,4.3,9,21.138402089372374,31.61369469827062,35.86721414908362,Critical
7,5.892124662483462,6.651948009320495,3.0,11,26.32320910983137,51.99704335965122,15.174754983525531,Critical
4,10.174056755229804,7.400172732699519,4.2,15,19.31877792411288,20.35010810065345,-74.89666313389452,Moderate
2,7.43002994732979,4.158665391715636,2.5,14,15.206002139688296,47.1359799263562,-137.28373737552596,Mild
2,9.581558317506875,7.891399150324036,2.4,9,20.33626107591395,55.68409369076151,-226.6038052537084,Subclinical
7,9.37195712142598,4.564845280574282,3.0,3,15.27851926842854,37.90750716489869,-71.02723995699145,Mild
7,7.946197146975859,5.707032139507708,4.4,8,15.477886583514152,45.86016332349537,44.246989484973966,Moderate
6,7.686235330937453,6.113035586977981,2.7,20,10.400536001905076,26.835464633851,-139.9332787809547,Moderate
3,7.295183348606351,8.433499303099007,2.2,19,22.63128745542196,56.54157222762987,6.016787801501231,Mild
1,7.972652368214019,4.849261194684803,2.4,8,16.069987121752803,76.11388497766299,-126.01220240414978,Subclinical
2,9.553580407107136,3.3439143844263364,4.6,20,18.91049122907931,33.05712260459073,-41.51419388905294,Mild
7,6.566407674092757,7.288455364231577,3.9,19,12.820190356966805,42.54656466895234,6.623329132401416,Critical
6,8.195922134376417,4.499951729445479,2.8,10,20.17973814857736,65.05092492908364,-102.75963494707425,Mild
5,5.986463429242146,5.0660937033092885,3.7,10,14.19029380932458,79.24181438645472,-36.36122554424688,Moderate
6,6.210608780524053,4.15870041528859,3.6,6,17.29145639149088,25.136203755821374,-83.2073069380263,Moderate
2,7.944309805119876,5.069555472341297,4.0,20,22.38913015619563,51.624305251681015,6.411892715054137,Mild
2,4.471715585071102,4.491530156553471,2.7,9,21.953796561162648,60.6626164463905,-31.174626521229023,Moderate
6,11.709005509908891,6.3117301797937255,4.6,3,17.8898496374153,52.95887218742304,-45.47938604565861,Mild
1,5.852492081161575,5.596949955666375,2.9,4,9.159344836466408,5.46415866245826,74.66799681135822,Critical
4,7.927840677218204,4.682733807262386,4.1,4,32.964052850303204,65.02180018617544,2.984491389464168,Moderate
2,10.102791899270356,6.695046371990713,2.0,10,26.72929485136568,85.38672702181287,-105.22814929010312,Subclinical
6,6.446770390249103,5.8059961008095184,3.1,8,21.61337412444149,57.33323502339007,-56.86911206382095,Mild
7,3.85514541881951,3.2847420994671337,3.1,15,14.233981092045148,34.37787893411473,-56.07190280637286,Critical
6,7.199097631775591,6.603643976901163,3.6,8,17.432039191490176,44.73745507271434,-43.57443418998305,Moderate
3,6.425323315862986,5.721841460623161,2.2,3,15.282897851117417,90.39826135311186,151.96074212859958,Mild
4,3.902527684534396,7.168878985109851,4.4,1,24.319279695481946,73.19925081721118,-20.33184858312025,Critical
5,8.512801806629959,5.648700911611174,2.7,13,19.31251445425917,67.80053236768659,-212.87220560838207,Subclinical
1,8.372768952019312,4.549948779318886,4.0,2,14.079180708200836,62.12825167068752,-93.4239177373572,Mild
5,10.056187618169034,5.254845600037796,4.4,17,15.64622450437609,41.77725775618055,-204.58976699966468,Mild
4,5.982519742063303,6.464703197056864,3.7,20,23.605940712849524,50.98857638688463,-76.38386056366718,Moderate
4,5.121554324395377,4.575115528358965,4.2,5,26.00048923410239,53.44154528642968,-208.98481837811428,Critical
4,7.267898450516149,4.97164385547093,4.0,10,25.641657817431227,65.99148632128887,-119.72723768547424,Moderate
5,7.840983213783629,5.233973704001119,3.1,20,21.78516032526989,85.17837788533807,-171.65772237072957,Mild
7,9.658429285375693,4.120754067740952,4.4,17,16.736875655986815,77.36676273586255,-19.2671857626018,Mild
4,10.539022409009286,4.59241189044571,2.9,11,1.792430873354398,26.612312884079188,-49.956850989689706,Mild
6,10.186062441033224,5.707060230165029,3.7,4,19.48580011904111,59.479899378020974,-25.763015400101512,Subclinical
5,8.4977786004068,6.94297329718361,4.2,8,17.990856205779497,69.73526690335794,-58.36411108548211,Mild
4,9.439098656307468,5.8805763816525705,3.1,19,18.699910481606768,67.37720660289271,-161.54382001635344,Subclinical
6,6.847111817415469,5.444966488757174,2.9,17,18.269486735166037,42.41532473225161,-8.918290459621176,Moderate
7,8.303111346455443,4.502475071257227,3.4,18,11.368689190254216,100.0,103.77796482155622,Mild
3,5.8556777492819485,6.814192494064278,4.5,2,20.787042784255927,29.458308753377622,-17.262993711476263,Critical
7,8.112833714396372,6.020206599936211,4.8,8,21.16108157015925,33.336231066679005,-84.07396794540529,Moderate
4,8.159564055316423,4.651924283776912,3.6,3,21.411693910298297,59.67190162523153,-164.2453740884356,Mild
5,11.099831490232946,6.57837815042188,4.0,16,22.73288501786693,97.33606109927706,-122.64535766079725,Mild
2,7.587830849317556,6.1714924738125605,4.7,16,21.02025822460812,38.27610298591658,-13.75682747423528,Mild
4,8.162077107775914,4.523763580760517,2.3,1,15.949852942305446,49.68343268706016,35.84944214395,Moderate
2,8.426530548281677,5.37834609248296,2.7,8,17.64581576041955,76.54587346031386,-29.130706022241924,Subclinical
6,7.181323431400784,4.908672726108476,4.1,8,18.455624336266883,54.64275690224533,13.99098317647868,Moderate
3,6.555513080219034,8.660245528037926,4.5,4,18.53849724553309,48.30792290939409,6.614259522179431,Moderate
1,10.337860384724694,6.138093859750791,4.6,14,22.991088279858648,66.3126580377344,-9.47724868912659,Subclinical
7,6.234348602671464,5.724114465817888,3.2,14,21.21834376511245,60.45035980459186,-102.67788762090048,Mild
3,5.609747470962908,6.067195667292056,2.3,2,28.38671719784977,75.60877571273582,-36.0861190419878,Moderate
4,9.224477682731864,7.154995105836997,3.3,18,29.03234489942336,80.82937778130727,-117.87022431057106,Subclinical
2,10.084066715643218,5.399943826673842,2.7,2,18.398247913069625,61.14006120010723,-48.605683763351855,Subclinical
7,7.18746261631885,4.792108842561093,2.9,5,0.0,60.83465450756618,-23.530917514647047,Mild
2,7.215103722230217,6.513139873716901,4.3,3,24.184162330636333,59.28221964572267,84.3027045909484,Moderate
5,8.508578346992227,5.290066520798425,2.2,12,15.298118305064728,64.78261113298575,-154.77855794941058,Subclinical
2,6.72586518186227,4.216125605103396,4.5,12,13.992580390844966,56.10341275742928,-11.47938952069557,Mild
5,6.592917462898456,3.98237628189273,3.3,10,16.007773625053165,54.98783035355421,68.49892732988758,Moderate
6,9.58326665837546,7.33515586100744,3.8,4,15.766784765926968,78.93254241654485,10.70782126710371,Mild
7,9.092835981410513,5.657973480303141,2.3,0,21.061349050526964,85.32232360710086,16.63563542600332,Mild
7,10.36008599537259,4.792519139209118,3.0,8,10.202821104368873,24.848941107331584,-2.9844078505750247,Mild
1,5.745339777742108,5.218798106749524,2.3,16,12.611396271041992,55.20042303481138,53.86675918203335,Moderate
4,7.09556752356089,6.468933661610022,4.9,0,19.715792770987083,41.2261113310953,-136.99825344898943,Critical
5,8.506123212085015,5.147913380989546,4.4,2,21.11472015206654,48.78057067027855,-160.8741332776197,Moderate
1,6.333882470406141,3.760696324987098,3.4,14,21.20770822468006,63.05032419470643,-50.50673123722048,Subclinical
2,9.15503738687837,5.89100902257751,2.7,20,14.064818605333503,68.38876743084937,-222.8929682857368,Subclinical
2,10.204328757007396,6.950017381088276,4.8,9,13.1086717536688,52.7574711277731,48.4516643342409,Mild
1,6.949955649990773,6.869757181566701,3.0,7,15.466825831060405,16.733193305543942,47.65721563963531,Moderate
7,8.069465492408659,4.828804074235306,2.5,11,19.199363761423623,35.69908838847641,-84.66804440676209,Mild
2,10.62011364214601,7.023007187750055,3.7,14,25.427386846362747,72.92999340400331,-79.66164773284078,Subclinical
6,11.2386888350342,5.755539968405947,4.8,8,7.762814071146248,0.1914715593013767,-55.787798012053706,Moderate
6,9.342442251908729,6.989376812654472,2.0,9,16.89635621520817,78.74854303364,-45.83834796483042,Subclinical
1,9.068172511748497,6.188424436003064,2.7,19,11.33660779487398,65.42459981289083,-39.82608646445717,Subclinical
5,6.463274237567159,3.6740837888407967,4.8,8,9.738786613232552,81.32352163060044,-5.341431449735751,Moderate
5,8.646576920824113,7.596086725010016,2.5,14,22.834783226724085,51.0286162623808,-63.81010824067825,Subclinical
1,9.002277513394997,5.562140621438744,2.3,20,20.72312287249669,13.771891519541905,25.45546427822352,Mild
5,7.621333714590118,6.1921525886965805,3.7,20,20.24716757973631,63.60725283012996,-14.32417782997574,Mild
7,6.929402741799808,3.887146445833787,4.6,0,22.605129198654968,80.49306248076682,-98.55707566981084,Moderate
7,5.693664187741661,6.106391800093678,3.4,1,15.60140551616932,73.49443611026842,56.80901342432779,Critical
5,4.872086440907674,6.823513279291192,5.0,18,15.83681241833236,41.746170330239295,-158.66055888979895,Critical
6,4.493809676021907,7.822384403918084,4.0,13,28.928653083612872,56.73522150925294,-57.37326486571812,Critical
5,9.04299663116107,7.180479753754339,2.2,7,16.767144728702128,44.34327462440152,27.35339208603743,Mild
7,8.265858785408199,6.165069644735247,5.0,5,21.67566056527045,38.61467071621256,-107.84584839297156,Moderate
3,7.129139963226026,3.646747175981937,3.2,11,18.03190770481657,74.10777142359701,-25.235548258627883,Mild
4,7.40337866409565,5.658727348596906,2.9,14,8.758707349607924,31.04935377469676,-6.532832240076161,Moderate
2,8.378846974754872,4.788988521744484,3.7,13,7.776854980993658,37.12367138836775,-118.84190943849912,Mild
3,7.703786472184531,5.781973449779496,2.9,20,15.105078900300477,32.919487330552286,-55.798217567522805,Mild
5,5.58700427599311,4.040409000645881,2.3,0,23.280506258349945,25.195049534019063,-62.520306416736815,Critical
6,9.64340039649374,5.247799710649718,2.0,10,21.94145828318002,57.92828583685207,-94.13902814658344,Subclinical
1,8.547427107205657,4.879380299432718,3.3,2,22.57038582112017,78.23006096963951,134.13398816406198,Subclinical
5,8.478617263664926,4.8422003728369045,4.5,18,13.064769105318424,51.302464875094685,-111.04850827563806,Mild
6,9.50761286604507,4.854116576810615,3.7,17,26.07936245061157,24.88504398871667,30.394423525430653,Moderate
4,6.535438359092586,5.336974340334106,5.0,19,13.175533499068075,71.79889079484056,-81.42408135049135,Moderate
5,10.184716587906514,5.843433710857626,2.9,1,19.064121993349843,88.71403508069943,-136.93089511082255,Mild
7,7.747922866503972,2.501807694554259,2.8,6,17.948238550461316,42.07515351706811,-41.774860547594486,Mild
1,9.599477984595577,2.648280572394564,2.5,7,17.130630898427068,45.42891466564564,1.9274707510000584,Subclinical
6,9.322008260277778,5.09357039209375,2.5,18,24.692960691478035,65.31321260166789,23.640766005254303,Mild
6,6.130156709595399,5.262677146353263,2.9,14,14.474447399170195,87.43747495570102,74.98120885240554,Moderate
6,8.905220728845444,5.726933459924728,4.4,9,11.25197372144036,44.60331708549548,185.619703194808,Moderate
4,8.587294407524034,4.626793174172531,4.7,0,18.099977431032094,28.3510043800359,-29.95886369955223,Moderate
5,8.054560983489816,5.511358232827218,4.9,5,16.00086632856737,67.62837212544812,-103.04737390603104,Mild
4,7.830130849936314,5.651827846021666,2.7,12,34.88691459541323,70.98136146284598,-13.7700538564087,Mild
2,7.845392150507975,4.618530283761435,4.6,13,21.382537382199875,55.122629008704536,-71.29703603251933,Mild
2,9.462840966159192,6.716146986089321,3.0,2,15.95329712390688,43.83733480685099,24.077290388178383,Mild
5,9.04023892482472,5.712383573746073,2.3,10,12.719442154064566,74.88757461984093,-153.77314370925774,Subclinical
7,8.054861930478197,6.156353314555949,4.6,2,8.598557947156076,65.56072009095928,139.46676339203498,Moderate
4,5.314514936351525,5.582614877540624,3.9,18,12.873904571312837,39.63128966193014,18.483847582041022,Critical
1,8.889998145350514,8.024407723674065,2.5,9,18.57470885879566,55.98189462611343,-184.7203214236932,Subclinical
6,9.302504514520002,6.215676482941184,3.3,14,25.136643257973848,27.965849359507068,-106.72231218519778,Mild
6,12.0,4.914408020551329,2.9,10,23.608445711939595,68.7178091287584,15.286483529115102,Mild
5,9.935779513589068,6.485160261242081,4.2,14,19.1454741582319,49.75532861234288,44.10752449371637,Moderate
7,4.581482501752158,3.534874099051994,3.4,12,16.384161671487576,46.28578335230526,-151.77901017855706,Critical
2,8.141172918233558,5.643520315200525,5.0,4,19.34406178206077,54.34251029695132,7.042068034635911,Mild
2,11.260475051596966,5.882992348110388,2.2,3,15.40681001257712,55.80615398660496,-205.78718981295387,Subclinical
6,9.122387942422948,5.657224914494438,3.1,12,26.59181997881938,72.8986012313112,-57.14686923768368,Subclinical
5,8.591573888671777,5.099465354993336,3.4,8,17.0540490936246,66.82181062650443,38.963747368256506,Mild
4,9.620411586047425,4.285271971795582,3.5,16,17.568310708766365,51.87181442414395,-94.12125840823845,Subclinical
2,6.879719249016555,4.552783585538845,2.9,1,6.920887874896659,70.27336299437991,-170.5537839310411,Mild
4,8.860561993929421,5.622489899496861,4.2,4,17.02282576738618,63.01474507383226,-38.30281628979526,Mild
7,7.549157529814561,4.163776921086409,4.6,15,22.182420689824703,46.46800727427926,-98.37750933083824,Moderate
2,7.964677725541145,7.624201138776727,4.8,6,12.661387114807274,52.50563683527028,0.3646692852668565,Mild
2,9.491218128251193,2.330922784787553,4.4,0,14.246398327535935,52.03554222313758,-120.82611457744484,Mild
3,6.3319164155140735,5.111874558946475,4.6,11,21.96355508866832,65.10522686348403,-111.81095117224802,Mild
2,10.318368452843488,5.632467566929236,3.7,20,10.616713882409734,47.65954770556717,-211.6801856700995,Subclinical
1,7.238938470046022,6.108905113399946,4.5,10,23.289005037709597,47.19181627156733,-36.40442311588137,Mild
5,8.469193099670733,4.400890327285088,2.9,11,15.33928054913449,94.37514618867915,-62.8723950621279,Mild
5,5.479085671505103,6.861153752665855,3.2,18,16.057158897543985,73.79470963494208,-145.07077365920566,Moderate
4,9.295707123568503,3.827402747424492,3.0,11,12.38060797437203,39.78798671149722,-34.49610289863264,Mild
7,10.60370708470384,4.820645693670919,3.4,11,19.890231302139416,66.41881987884396,32.165624051531125,Mild
2,7.073645211407335,6.244897066335309,2.9,13,30.299359925146906,57.36700131310354,-67.24543547351598,Mild
1,6.00159790428272,6.748226277751303,4.9,1,21.90748619730316,62.83102350520188,-28.546644014242094,Mild
4,8.500369516536875,3.8151984443426823,2.9,1,13.67857369029732,57.74682649130209,-28.135100033186863,Mild
3,10.618659160985136,8.67404414849819,2.3,3,23.67810292745738,78.79285290970472,-146.34638617431682,Subclinical
4,5.390258182134369,4.423010124199348,3.6,19,16.416602270328752,61.91240689302892,114.52686565660768,Critical
4,6.008645273788984,3.9253810269666607,2.2,15,24.8724249071378,53.75822603571425,-87.66798640978271,Mild
2,7.182458795039272,6.1032578701279085,2.3,9,22.03338201082181,75.84381153966035,2.4892961488216585,Mild
3,6.523381115844748,5.082047855702252,2.7,12,3.284292172641333,59.66570082175744,11.537222178323963,Mild
4,6.529066160103808,4.9047372249523065,3.4,1,12.979601835224862,57.429571586581154,-61.16761016926014,Moderate
1,4.2305828702052,6.214772869083664,3.3,2,22.72192611417695,61.28045204972229,-1.4563979952292243,Moderate
1,9.06030250533056,3.6672451714866288,4.4,18,18.758286360725087,53.12781953267267,-30.33446225468887,Subclinical
5,8.609696905165343,3.4574387200303573,4.2,5,12.881220261460747,55.18453985990938,-163.41118057819247,Mild
3,4.942071440353438,4.783091961828126,3.3,18,14.832052422530936,43.26610822476255,-76.58181610000706,Moderate
3,10.622952367921243,6.793482087343991,3.0,20,8.468816899553097,39.97665560752242,-99.00407218832495,Subclinical
5,11.025966166874875,4.83513364790466,2.9,19,17.55813356236802,35.02859227035121,-86.93960330769016,Mild
4,6.648370010395794,7.4189880214343376,4.3,18,29.053448630078822,27.16033426405848,-154.320254226931,Critical
3,10.099787463758611,6.941217713406268,2.2,7,22.02466695366163,37.40565277230887,40.11469733968241,Mild
1,6.968603951016297,5.839535421408982,2.0,13,28.95208500594212,51.514659310661486,78.15941236907304,Mild
1,8.32600971837991,5.907668631249709,4.4,9,22.4119854489499,57.06235164891274,28.240238079872697,Mild
2,6.495628156962364,5.838403150020227,3.4,2,23.137396716763455,49.57406873704719,51.64233793177144,Moderate
3,11.985652742232096,5.69166127441852,2.4,5,27.87039343872512,7.8859301974528435,-77.5707869606525,Mild
4,7.467168990806184,5.060509963026185,2.7,14,19.886316296711133,86.49172715524685,-100.90054679888291,Mild
5,8.227608241082232,5.199774600151405,4.8,17,17.0638633924656,76.72960245780763,-112.28696374493693,Mild
5,6.761712702565111,4.216047812088902,4.6,13,23.163287583110066,63.915197024342575,1.525193836577813,Moderate
4,11.35036807502551,2.8479486528517843,4.1,18,25.269201185609425,93.14981345106536,-31.83495574846803,Mild
7,11.395906362960938,6.82488473113846,3.4,9,15.600176786438954,35.45271765032579,-56.17773692787406,Mild
6,10.935672526273294,5.688710124142358,3.6,14,14.392154588299851,92.7525024125201,53.61188353562744,Mild
2,9.72159262702572,5.507453626746143,4.9,3,18.6942801621544,35.69571846498904,-17.604691694772555,Mild
5,6.8753788155187054,5.978138947429455,4.9,1,22.15749433465831,59.77475850582713,-117.0926110016468,Moderate
3,9.490130172732352,4.505923054247621,2.6,2,21.990455243307807,29.523253497315917,-104.47270633085556,Mild
2,7.987322961935476,4.29872534393868,4.4,6,10.879161999062005,55.293881910887336,4.559463940331639,Mild
3,10.36233551913674,5.159578367586217,2.6,15,27.55803033531661,62.72332995996777,33.338628212367766,Subclinical
7,10.00862369605765,7.141718178116575,2.6,9,14.794175353015747,51.90619337730891,-5.865581419522442,Subclinical
1,6.831321959463336,4.097510765808249,4.0,18,16.674675015557103,69.27754888180274,101.7510998297665,Mild
2,9.706086445106989,2.347521571830201,3.2,16,13.486728200060902,56.98028898974515,80.80057325851351,Subclinical
5,9.227662010079069,4.874318689817497,4.8,18,31.49164417968544,44.551705432449815,-14.717133211938972,Mild
2,3.5,6.87123989948222,2.3,4,19.210353351439835,43.663733643953215,-117.08645275852018,Moderate
2,9.441685951333032,3.420947170774776,3.5,19,13.745124596592175,71.21827545231393,-154.7990009385414,Subclinical
2,7.222767580447629,4.083659675412554,4.8,12,22.31961774981223,41.92515940386065,-80.99053960117719,Moderate
6,6.405123582202988,5.816256088693803,4.7,12,21.845678896550165,73.30805940969874,10.257075713292558,Moderate
2,6.482130912271264,8.583888442570402,2.5,10,17.06136488210058,79.45423585663862,96.13176634495504,Mild
3,7.756562787862343,3.8701459977685655,3.1,10,22.20303356391692,21.6257227530774,-16.604237247136012,Mild
1,8.86410724415603,3.823679090238449,3.9,15,13.873540195845678,77.6585277460207,43.49782353849892,Subclinical
7,5.542168360054076,5.906438042607022,2.5,14,15.53540862525374,96.20845396889398,-69.62459889502419,Moderate
4,8.341726105182437,6.945609327992445,4.9,16,7.948916727169685,60.04007522403857,-0.1784699817959918,Mild
2,9.03816451914753,4.751081545209148,4.7,17,11.380244578902186,66.98168370589644,15.868546358173802,Mild
5,11.351250410605337,3.554327012653397,2.5,18,27.03815402835343,75.74010648738317,-208.36754206820223,Subclinical
2,6.061957695394765,6.020499065063615,2.4,3,26.20714313861157,49.490353696419554,-83.07510419012081,Mild
5,7.370698063799954,6.237809676763568,2.3,4,18.32894324324481,58.64560447075739,25.976030742229582,Moderate
3,8.470993350853663,7.634386151845899,4.7,6,26.314657235949188,28.71600940753781,-28.042533149074806,Moderate
5,10.06533679434489,6.288336534789135,2.6,1,17.199627566958476,57.77270057060902,-145.72120385207464,Mild
4,7.452397013890735,6.493679291646855,3.2,0,16.78294848716046,64.96223991289082,-244.4097900581885,Moderate
1,10.157554469583893,5.185425827358513,3.3,11,18.282553242327783,65.32326045852939,-79.26245962416051,Subclinical
5,4.512747830342372,8.429805210603362,3.8,9,17.375392023382172,76.3084944719516,-55.72685543151032,Moderate
5,5.743973252380606,5.022229587293836,2.2,7,16.924018382199097,39.50395643728942,-120.71383598626764,Critical
1,8.627559819801597,4.765693454305876,2.7,0,23.71699053574776,44.34786486653008,-38.55320503776045,Subclinical
4,5.4605159034418245,7.671417902222328,4.8,11,18.750678269781016,92.9101469198271,-9.489060221368426,Critical
2,5.885953051819909,3.730915265325508,4.7,1,21.562408822169026,51.993432524725804,3.6549736580986254,Critical
5,7.050001644357309,3.283109938566502,4.3,9,23.156902626386653,59.00067574624656,-238.47351399458577,Moderate
1,9.388590185448484,5.643468309518182,2.1,16,19.940928978273668,53.65979916549558,-155.14280782464962,Subclinical
3,4.58726328564688,5.497916172069165,3.0,2,13.148643370458808,38.56638347389955,-74.36981186837885,Critical
1,8.30653705189231,5.226534422139205,3.9,6,11.235670555179803,87.47058421783612,-4.226149517002924,Subclinical
3,9.85933510487505,6.692715708545983,2.8,11,18.743903174036525,44.44597176158789,-10.861278915997154,Subclinical
4,7.649098624827875,4.410152581253716,4.7,7,17.14371847587533,32.4542895258614,-12.250404169865938,Moderate
2,7.336105586733428,5.5770005507496085,3.9,19,18.43695714460061,45.98519445394497,-80.67343535751455,Moderate
1,8.723188308605433,5.067872856834176,2.2,11,17.91972980375707,14.965879965489329,-76.21067498479687,Subclinical
7,7.654200105101408,4.4305377998719,4.7,2,30.91786830083284,41.97425070033636,-108.26634147373926,Moderate
7,10.502899606233344,5.42579189924718,4.9,16,11.348868721793307,35.637428042953466,11.45553024846783,Moderate
6,5.999456578158017,6.523114963954123,2.2,8,8.050268650894376,67.34857261854648,-123.63910301916626,Moderate
5,7.907040520702847,8.044681744516602,3.6,9,19.66188416759805,41.53171520880255,18.002911615165587,Moderate
4,8.370235474929231,6.195302779478763,2.9,5,16.117887227059022,72.75607871157698,-33.37174094898832,Mild
1,7.318782706676373,2.4869979983182584,3.2,0,19.580339348649755,82.96967986138642,-53.603558276412286,Mild
7,3.5,5.454231897470021,2.5,11,20.919415111420005,70.62350672575198,-102.53683198211732,Moderate
5,7.710371165511453,5.559763349083399,3.7,4,24.420523475894488,50.69223422279847,-158.44334889313012,Mild
7,9.62031857644244,6.62345081149594,4.9,12,10.463870898080309,57.82228993411186,-101.81222051024363,Mild
1,9.400596535026832,5.721772362987687,3.5,14,15.216410510714184,24.50030119711881,-76.40054948999091,Subclinical
3,8.63860126790636,7.003706700762492,2.2,10,20.14380629440382,52.32441254957521,-239.5219449265001,Subclinical
1,6.023847754971397,5.970004738738326,3.9,7,21.852317978436133,37.791230638663336,-65.78841242677314,Mild
6,8.71155703242527,7.370557683397466,3.0,4,28.967247751441928,68.88652762298598,23.948589442080447,Mild
1,6.967811921223971,4.973504895942048,4.6,1,22.778519855569336,100.0,-4.622567565290197,Mild
1,8.636269230707601,5.673212160756033,3.3,11,17.716057020568613,64.99643271947619,-89.6964700593206,Subclinical
6,8.218709020523088,6.491969842467876,2.6,1,13.547821235286692,15.177197020906668,-46.24509612678178,Moderate
4,6.242524511689931,4.813367115647868,2.6,15,15.178550736404905,47.77539614171254,-94.49316555375998,Moderate
1,6.393579489157574,4.551984637502708,4.3,20,15.036485885214468,57.44981850748909,-38.09914133314431,Mild
6,8.63904041795873,4.744777480375978,2.8,2,21.276168142568803,56.74714850520528,73.20862589952253,Mild
5,7.601996428480697,4.600941259493293,4.3,9,19.284987227929157,40.38373748782494,27.47990420999008,Moderate
3,6.487493424817168,6.127074305050392,2.6,18,11.381752145789106,59.90583485273871,-8.336455544579778,Mild
3,6.338905658491701,3.2982303644385333,3.0,7,15.820492654547834,30.149983261612256,-89.43079299069746,Mild
1,7.453104473624811,3.632835968418512,3.4,6,22.387737767257104,36.101825546298656,9.995071435587086,Mild
4,10.822588630492778,7.735295790828715,4.8,0,19.758311774870293,67.91595283207423,-184.95015610984424,Mild
4,7.053059542018474,4.629883934830987,4.8,11,20.84322308006385,34.686735382403484,-70.18827855927124,Moderate
5,7.974764831136341,5.740017821406098,2.6,4,19.914608550286317,65.76423210984514,-3.3030864140840066,Mild
1,8.182959717841118,3.713024298521046,3.1,15,26.132153673044296,27.61072450687884,9.233697123820114,Mild
3,5.964152495314503,5.612949121347131,2.4,3,19.18021531912185,90.29651767583472,3.590759217259283,Moderate
4,4.826901529083148,4.637191998782315,3.5,16,16.06988601064651,39.51460155191891,-26.41354486322444,Critical
1,6.152046677475685,3.624292602207503,3.4,20,13.421224794332195,50.52666856393112,-65.65799832671064,Subclinical
7,8.444739280051346,7.104304525077656,4.7,1,19.24804729104856,61.61226522180812,-6.961922413880892,Moderate
4,8.157195904247736,6.919078872473046,4.8,11,5.796479926124579,43.693000949978114,-126.22888324690403,Moderate
6,9.264331824471917,5.37117425114318,3.2,0,17.07855499083644,57.86811922142609,-117.57418106346,Mild
7,8.17414981092641,6.699302839213494,3.5,11,16.97080070039328,66.5071344904025,-45.06122588317626,Mild
4,7.802811275355434,7.783951225272592,4.7,11,11.177645731913596,74.2122646500697,-36.144188583300206,Mild
3,6.912777905134771,6.404891119789707,4.4,11,13.35867080672002,70.82994871945914,-196.0492142851717,Mild
2,9.592292221752848,6.075615687411956,2.0,18,22.048287650741205,51.56379072394652,-13.588289524038515,Subclinical
7,6.34547575030271,5.738739635779972,3.0,16,19.153558745374813,52.06736451912796,11.818270233551466,Moderate
5,6.001280868867163,6.279396837831087,3.3,19,18.50894166853664,100.0,-56.18281899730363,Mild
5,9.020699931298584,5.063296727812436,2.7,10,19.531737669660117,73.99778136498584,139.95730266271937,Mild
3,5.600316840823421,5.168036957006264,2.6,12,18.463137939744616,36.56352687359573,-104.63480850521488,Moderate
4,12.0,6.041069650255018,2.1,7,24.21431281429157,56.99976327531104,-78.88697307094957,Subclinical
1,8.143988085006459,4.931362155808565,3.9,9,18.617145908518243,48.29713722443615,-81.60535249017676,Mild
4,8.626231009384794,5.061040392647797,2.8,7,10.708934430906249,52.29331532153781,-56.0950089032814,Subclinical
3,6.544844315857903,5.500223997561968,2.2,19,26.150649824372053,30.41009684583824,-76.29798503730328,Mild
5,7.432523280365217,6.880729060711683,2.7,7,19.85170133664423,46.76153531228094,-162.54484356838975,Moderate
4,7.231837189611762,4.140803495728423,4.4,8,15.053731346024662,91.23111546387828,-93.72386369891802,Moderate
5,7.024697022196445,6.411014203246313,4.6,6,11.732991408524908,66.58152601751006,-57.80965566192609,Moderate
7,9.139331152717688,6.450155695364164,3.4,13,19.979571104790228,5.176771836970801,48.2857665649598,Moderate
1,7.190763131194494,6.442974411156171,3.2,1,17.414139975128123,79.33446984995894,126.17946186983306,Mild
7,9.831502212351529,4.5319043437486135,4.9,10,25.870733930162043,76.79259045818323,56.83791182805237,Mild
5,12.0,3.468782061386876,2.6,7,16.27046359666586,47.81429391387167,-112.03032237380852,Mild
5,7.468025767736211,6.171640566893706,2.6,12,13.813096051587666,69.3452708756643,-105.66476885009324,Mild
2,8.274167924437924,5.725046541296754,2.9,20,22.47898109117964,37.81201578365599,-62.74628620074808,Mild
2,8.683067702897914,6.705251961715758,2.5,14,22.62640946358416,45.59488567467285,92.76471110828687,Mild
7,11.26070866266833,4.659355806388554,3.1,2,18.843256838050976,84.97092721339708,-63.23392417455148,Mild
6,7.85123398693126,6.412142051507633,4.7,13,21.38178523837454,49.56539920260583,-156.20059924299446,Moderate
7,6.507769544614948,6.765294534663294,3.8,14,17.811564396288812,17.605366760900182,-90.0941709562428,Moderate
2,5.7205870898737325,5.38562833474078,3.2,1,19.169325505046235,53.73393554437327,10.56448014555336,Critical
5,7.895628894621979,6.00031540391778,4.8,18,23.82495441281961,53.42823214171286,5.195222151686949,Moderate
3,7.192915605703012,5.958359749028914,2.1,11,21.12659167010752,78.9673713874692,-66.0173333193325,Mild
7,11.618016720740002,4.51423656516442,2.6,19,17.153627808336875,55.2867284435152,4.673173884802452,Mild
5,11.18575235721854,6.137315922741529,3.7,3,24.761812729630755,46.56835377119415,-231.85377620374652,Mild
3,6.138128909737524,7.446998009081216,3.8,2,6.175723136042439,75.90112290462412,-41.69366119738419,Mild
3,6.720631813611479,5.526644721451164,2.1,4,28.26036655710968,57.4158046500222,18.854833709490407,Mild
2,8.132786194196395,3.746890073618011,3.2,2,9.470204525546324,39.99954636868566,-116.6290620123628,Mild
7,10.515007560605774,4.675328162903188,3.9,14,14.86453587613852,78.09995121083236,-116.90708291970304,Mild
4,8.102623645467892,3.364684661378047,4.1,18,17.795412324024653,58.873235290335984,-199.315852221078,Mild
1,6.834966851621516,7.048313354855278,3.9,1,17.267596646359195,55.05851933358876,77.19164758485553,Moderate
2,7.894012742175096,6.416926355593714,3.0,11,23.03205520013277,58.55816782823309,-107.61231816172534,Subclinical
2,6.868727244987116,4.898356873998618,2.3,4,12.710816906948828,33.58663257166806,-30.71653777103106,Mild
4,9.084458976991067,3.798328093637276,3.3,16,19.30383408741532,44.44692447643325,-1.686636681330036,Mild
1,6.723739319003531,4.500046050109011,2.4,13,15.10893950890123,55.071652036655664,70.96543593131625,Mild
5,7.081215105631459,4.734067641163423,4.8,9,19.475704896687084,51.1067260995064,-62.311821918850825,Moderate
6,10.091480864220973,5.63128911882407,3.4,2,17.67613870101062,80.4485676563319,-93.15438350227348,Mild
7,6.61694309483467,5.590911211838056,3.0,3,18.46467826341489,59.34811705454007,-36.15458811435572,Mild
6,5.396969541391708,7.109718370448443,4.3,5,15.250375837678272,72.09807845272805,52.72642212338296,Critical
5,8.170988752441348,4.668694170762349,3.5,15,15.449680249519588,55.18790709151699,-63.61380251206271,Mild
2,7.351147872431727,3.690174574775286,2.9,6,19.43636257013713,76.12576967492245,-126.38952652672612,Mild
1,8.920547901673917,4.11162582982925,4.4,14,22.718577528780223,62.95055513146308,-173.260624665229,Subclinical
2,8.571449482515963,5.472370174664199,4.6,20,15.00860332901076,55.2684097077692,-147.70379076841803,Subclinical
3,7.942546709641948,4.625586319665051,4.0,19,13.65616227713545,54.73433822081961,19.151319792533187,Mild
2,7.890121834154008,5.149589745384369,2.1,10,21.067300828359187,35.911227474180734,-75.64995810454492,Mild
2,6.675454791218897,4.955159703616667,3.7,20,17.837480534711553,65.13831440272621,-98.60167279365685,Mild
5,8.150024727787837,6.688286144446219,4.3,0,22.15249066992976,54.19590530927242,-107.27737785471538,Moderate
5,9.586312606578984,4.795641175489213,2.4,4,13.471013933144262,44.96016079637591,-43.19633118398546,Mild
5,6.247795865480943,5.047189507662628,2.7,12,9.102805372882846,77.12923541624143,-69.1564075012467,Mild
6,7.990284722549238,6.360740297390531,4.6,20,15.334979590868327,29.995679482103977,-71.8505714975402,Moderate
3,9.8690997603223,4.822021706761509,2.1,13,14.16823695367492,46.55008209135132,57.94591422485914,Mild
5,8.909763367790058,6.007854849348421,4.3,8,17.6060579995985,75.55437497559066,73.04130254893067,Mild
1,10.357051213431284,5.89778231442611,3.4,16,14.815773928648053,61.31045881840507,-178.80173383271972,Subclinical
6,6.977343806298197,5.670119030753296,3.3,14,21.705084756682247,54.042821446944856,-23.79258150856339,Mild
4,4.704616792889241,4.138724340752212,2.0,20,16.55924868788742,60.02007086300293,-112.14896788971136,Moderate
1,8.361173247120236,6.9757290694263245,4.5,6,18.752372493869505,58.58828342097683,-69.86008910888748,Subclinical
7,8.652627467047672,8.164820555899738,3.1,11,18.78817279220472,24.66674907428157,-25.257729189864445,Mild
7,10.463159518050816,5.5105937659208735,3.6,5,18.974775462060936,48.01476229304077,-67.01759335447355,Mild
1,10.138662322472571,4.24437415195555,4.0,20,17.879354447725134,87.33043309027498,-31.563209549789345,Subclinical
5,8.966138521422431,5.534923249990027,4.1,15,20.553003452051566,41.81351730445665,3.837616482553401,Moderate
4,9.37770238550678,6.687832168703199,4.9,4,14.021724330870963,48.63397971791332,-26.43385595677441,Mild
4,7.65472137522805,4.761774789141271,3.6,8,24.99708963326941,44.16758473381625,-101.74690433340989,Mild
6,5.80559369962541,5.345320979058172,3.2,13,16.817313083157323,53.25969553363725,-100.3359685576259,Moderate
4,8.211898191285638,5.908784963694569,4.9,7,11.442254310506591,43.33754337351404,-165.17642372944283,Moderate
7,9.76863223453,6.943657422647109,3.9,13,18.940366784958865,64.7348300431612,-118.31362380165746,Mild
3,9.181449565691388,6.43050847970725,2.9,11,13.744097587762576,58.94626824580533,106.96546895188226,Subclinical
5,9.500853210486856,6.480241563438715,2.4,9,21.326672672544376,70.47095230214036,-113.36028592761956,Subclinical
4,7.230039763315847,4.98847773198829,4.5,19,29.04802788021189,33.98117667622079,-145.4703049955056,Moderate
6,7.522015691566837,5.982302746208708,3.1,19,14.06713954221075,48.193190342341936,-24.40577105241813,Mild
7,8.870165878606286,4.633644007449845,4.0,20,19.661861666119925,50.4855473677573,-58.82918074334879,Mild
3,7.016286689884242,6.514631319862254,3.4,12,9.222472056476862,64.1129382017719,-65.64745894793803,Mild
2,7.071709274120596,6.881463568942737,2.6,18,20.269526147206737,39.13557605585931,62.7236773129672,Moderate
2,8.536368025479414,6.164036282527147,3.8,14,13.57143100100155,73.31307608516688,-6.069865955330791,Subclinical
3,9.369628537682434,5.059107295846221,2.2,7,14.875826907827587,78.72831181035218,-92.39943453627802,Subclinical
7,7.640848388007064,5.255527446350082,3.2,20,12.49356755080086,35.22255304728832,-83.9580734073424,Mild
6,5.906258970103449,7.6678194527944115,3.6,9,21.66075613027368,45.182542102128686,-90.2069211124548,Critical
3,6.6755529529229065,5.079147466451805,3.3,2,23.03652178736631,44.36136983415816,19.979169726420565,Moderate
5,8.366609752807577,6.759993000940682,4.2,20,18.11692607329254,100.0,-74.65181035625099,Mild
5,8.344737734958736,5.906669917862226,4.5,2,13.6778664733214,46.40199789584226,-193.45228019633203,Moderate
2,8.434228647779626,5.099036261848188,4.3,4,25.947615180519318,88.5525088431227,-53.865574298747546,Mild
4,8.938331523072362,3.8864211670366897,2.1,15,14.24794936122672,29.667360097867807,-172.96208009023434,Mild
6,8.01045900537641,5.753920456706208,2.6,16,7.189838500362805,35.20698067671273,124.73844814039214,Moderate
2,8.47710088071256,5.609321039927347,3.6,5,20.29194504978534,41.26790936303598,-127.25343310777848,Mild
4,7.91895171890804,7.667841605751199,4.8,19,12.476126631792416,38.08621377106955,-62.94918122861846,Moderate
4,10.06772026927299,4.467768765493002,4.5,19,22.943043967495875,49.64202531683003,-29.343781223909048,Mild
5,10.578215656191505,8.253722309857341,4.5,15,16.094311516632906,40.82443594557004,-73.0926528543384,Mild
7,5.8597796917159375,5.954572635395912,2.9,1,21.01856620272098,38.61316814530853,-73.20243211729542,Critical
1,7.540546504215944,5.953395065466589,3.3,19,25.00750173276079,78.16943992946655,-16.253817107129834,Subclinical
7,8.058904084773273,4.788313438681324,3.4,14,11.95570567689639,79.4758724502633,72.09727670370229,Mild
1,7.519553518374222,5.8776475690653625,2.5,17,15.170314345537973,73.98592996750631,11.400726545383796,Subclinical
3,11.227260664395573,6.067661113879855,2.1,0,17.621644636714684,65.47997911168656,68.28111028588341,Mild
5,8.403119500561523,6.624792750185052,4.8,18,25.68775659517172,56.854861315591045,-133.72952864748015,Mild
4,6.550330711309381,4.326013350889669,2.7,11,14.708086410297772,45.05938618668183,-24.61098933957109,Moderate
6,9.073596211209209,7.188137026945646,2.7,7,15.027481520254964,35.93684990489816,-37.58031583533766,Mild
1,8.487754169923146,5.933698628526376,2.3,5,20.39070287777904,62.25991406865375,-21.912696665861212,Subclinical
7,8.547547255196159,6.229874674368775,4.8,11,15.113856371447143,31.52739214906404,60.098557650845805,Moderate
4,11.254177085838542,5.234869286194288,3.7,6,18.76262941448808,35.121581416492134,-67.66313198336432,Mild
1,8.631413316358657,4.38622883406514,4.0,17,10.242312895159364,78.0582651240962,-82.44026932432702,Subclinical
1,7.453409257026807,5.587269552883945,4.7,13,29.071649712782985,93.01298083444176,-7.281536206506885,Mild
1,4.480502432641818,5.724754659787862,3.0,7,11.261453848452984,62.865902763329615,-192.2562182052678,Mild
6,7.702281767341678,3.8374860782626112,3.9,19,16.39123648004896,77.12914304589289,-68.94816392977427,Mild
5,10.35074585118894,6.45194248619815,2.1,13,17.837594820789526,50.08303365112033,-60.73581514283624,Subclinical
6,7.835895584798863,6.695829560675897,2.6,4,27.56344067178398,28.24651627824632,-123.62868930455404,Moderate
2,3.9679101826648937,4.624402451414648,4.5,8,11.3757710953363,67.24343237237169,34.56472090852617,Critical
4,7.102947694053596,4.27289757967349,4.3,7,27.91852067739376,66.38578646540128,-134.97922538746275,Moderate
5,9.786839370043026,5.136446347750839,3.1,1,21.785884105510117,56.43337107760488,-60.8698438691037,Mild
5,8.982470914211627,5.528674116383559,3.1,15,20.085476622116232,50.15249083789777,-26.54742197416253,Subclinical
5,6.488214386280676,5.182994788101599,3.6,12,13.076831564910222,74.24421157162196,58.27612491808948,Moderate
7,6.982487402481652,5.42689860067506,2.0,6,20.85570621019037,35.285339331450515,-50.84451479046827,Moderate
5,7.26072441361565,5.7657732372111,2.7,15,14.382566887901,39.524388422186846,24.89228753025684,Moderate
6,6.807115210646725,3.858077273529245,2.6,6,24.33330626599206,34.83786986479144,6.047631782170193,Moderate
5,4.346587038068751,3.996045247236082,2.8,13,13.144689854461332,56.699459252716544,-40.1233955064686,Moderate
3,9.37446398111574,2.2332667108922264,4.4,13,17.43420752771958,33.24213975781483,-137.16107266187643,Mild
4,10.262707922040368,6.631054274144166,2.8,11,15.223634559934142,41.31515638969513,-164.7664688723479,Mild
5,5.266791900863468,5.518272424740939,2.6,0,13.062385187865026,40.88488875545604,-41.47956788646509,Critical
4,10.238935278655369,6.757421357758188,3.5,0,21.70659908453957,49.78783335332084,-93.4157499122091,Mild
3,7.814558237485012,4.13471440502633,4.6,11,20.677293737048167,25.252511071920463,23.54088733450334,Moderate
3,10.205238226702177,5.529288807439794,2.7,19,24.045050994504987,56.74409984074534,9.668521447886206,Subclinical
4,8.068310785322803,5.757791807339921,2.2,20,9.100624458959164,79.94607301329356,-64.76887955496399,Mild
1,8.243980265885535,4.825861006203982,3.1,14,23.32085351170522,57.70982744633524,-142.61703391530153,Subclinical
2,8.670382364567983,3.635886641839849,4.2,3,30.527244526784468,85.82642289602641,-9.141156031418127,Subclinical
7,6.577880614756499,7.5950456033621885,3.7,6,15.741794554115266,81.6799637175385,-131.43595569081202,Mild
1,10.15041345979044,7.179140009524061,4.5,15,27.47574306054485,70.55470094495709,-110.6771138344692,Subclinical
1,5.981514851465388,5.041681273929562,4.9,2,16.684193639700865,56.49371685273771,-128.35325905721237,Moderate
6,7.276279859869993,6.112273174203529,4.4,6,11.137951312193463,55.45000776490879,-61.08008175519628,Moderate
7,8.943676419757704,4.918251188371729,3.8,5,16.471837787966024,70.2759954472652,43.615386725644925,Mild
7,7.083448567126165,4.305515676370304,3.5,15,23.24101983837638,47.16658780991935,-50.403269617882295,Moderate
1,9.3995562334669,7.692713805948417,2.1,7,13.809117588342342,17.349584970650724,-85.45749539421566,Subclinical
5,10.476559111731122,3.513557342313038,5.0,5,14.998306704967565,64.8400810820592,-172.04919440361954,Mild
6,9.822582801896909,5.157395563634662,3.2,9,20.967697161465956,32.37862740130058,-5.830033221612567,Mild
6,4.514992435378481,5.601188592690681,2.5,15,18.015300583692863,35.757175436192306,-112.4323684742902,Critical
3,8.226524545314843,7.481483894424743,4.0,10,20.923114762433705,55.00447895991576,-40.59859046735227,Mild
7,9.851628699253506,6.575906385083222,2.9,12,19.18914770379168,53.097502448930605,-78.33748927333124,Subclinical
1,5.629852075720297,3.4933002705192178,3.8,5,20.398126597757862,26.758487873687397,17.05417756795501,Critical
3,9.302499057011977,5.496699710758981,3.8,0,15.838494070952294,58.309831282662806,-62.578911362284174,Subclinical
4,9.201429406950762,5.525272238037231,3.3,20,19.158654710151964,74.32279321722098,-54.714108361844126,Subclinical
2,5.818238194511123,5.2259939976406695,4.5,18,13.363134971520331,32.433168594684346,-11.140228203563233,Critical
6,9.50161879833229,6.243770929036361,2.8,11,24.442168112516946,80.44966661697518,118.55521458105486,Mild
4,8.490856028353884,3.8090716866928274,3.3,5,14.828626415913432,23.79658349740112,21.07575442868435,Moderate
4,9.170687219698284,5.009636904955996,3.6,17,23.64423743774695,97.34648288741909,-57.08848850788876,Subclinical
5,6.260637705622761,6.07458249785569,4.0,12,16.831965195085672,46.774791390330336,-49.74416075077693,Moderate
2,8.270245009468493,6.3154908221927695,4.4,6,19.009995053786607,57.91233993653783,-91.98875682595477,Mild
4,4.931218602561817,5.679303368211036,3.2,12,15.525177245546496,17.159328550286602,-125.9996562815756,Critical
4,3.901415826440508,5.153929359639641,3.9,20,12.920022844159854,53.75727867061383,-94.22006296530576,Critical
2,8.25349116774995,5.356070471648233,2.5,7,9.276198061973492,59.56964355436384,-111.7719170969554,Subclinical
2,9.98107569217036,6.388488546852685,4.8,20,12.723379207037702,53.27675791801011,2.2694707036708337,Mild
4,8.455286265677143,5.540680940950552,3.1,16,16.380455733920392,43.738378458952525,-135.69558862951888,Mild
2,7.885797084900537,4.249782945471366,4.2,8,19.05939589414442,36.0687096294437,56.656844910403535,Moderate
4,7.662438583901228,4.019802899266116,2.1,19,23.05189656641632,77.61053239074622,10.163710689506374,Mild
4,6.303382295402482,3.712435094276669,2.6,12,15.771212701015756,55.616142699959,-48.35986165058653,Mild
5,7.600650373168449,7.246696982187224,3.5,1,13.59019617866413,85.81504753033545,-49.974511082794535,Mild
1,8.759032042876001,6.468954202734934,4.6,3,10.786426069986437,44.47035290410154,-94.58250476916427,Subclinical
4,7.216599980958868,5.372214540183343,3.6,1,20.40031808952052,46.30410613255566,-28.393247092178875,Moderate
3,9.351056336904398,4.955449017803099,4.8,3,24.91597257664672,71.31188489192326,37.04739705668713,Mild
6,8.352755060956286,4.811283990439171,3.5,17,24.331651339781445,22.54050075992872,-106.2525169804651,Moderate
7,8.570562951992132,6.811884529098652,3.5,4,21.549663740736182,30.73073279694154,-172.67136711349843,Mild
1,9.599592956391728,7.785320209809688,2.4,18,21.192716586337998,76.94969942706328,6.2574603885395135,Subclinical
1,7.051840221221017,4.773528491286953,4.4,9,26.488118898546706,31.561321415536103,-24.05072206049596,Mild
1,9.186885055136512,6.866098624786851,2.7,17,19.660407307084053,18.618979693949044,-139.61590411529437,Subclinical
5,7.304341908946446,5.533615498430667,4.7,20,21.230648380120854,92.37054376146182,-108.67130967312944,Moderate
4,8.611126070873912,5.24508528410744,4.7,9,16.396080690740003,27.12364704251589,-118.72834192401126,Moderate
5,6.837611568854177,7.305057139395908,4.8,4,11.189783145726214,58.68238796656339,-107.96258152273992,Moderate
4,6.360733118483482,5.487801135108668,3.6,16,14.580755497502118,56.38170385448542,-75.89462032329502,Mild
5,8.165356542167288,5.855637327105563,4.0,12,17.954204807326725,0.0,-71.32378434245979,Moderate
5,4.606639906361989,5.797928719493735,4.3,16,18.303926862506515,49.65365953664382,-102.0634924054768,Critical
6,7.466718601684013,3.549280760008658,2.4,8,27.631429274276968,63.9682649895822,-110.65310555999426,Mild
3,5.108521389903475,5.846093378459274,3.8,11,18.406385837955344,62.08618763037721,-68.30274751355053,Moderate
5,9.402621261764494,4.82476957067172,2.1,13,23.89421722012822,73.07041367607003,-36.5846772112351,Subclinical
6,9.890199072996046,3.794616231825255,3.5,13,15.82461379211842,47.25017370189132,-75.30372290918757,Mild
2,6.444887801442549,4.879435503461485,2.5,7,16.44162057117383,69.25008884184321,42.69336186730413,Mild
3,8.770963332452293,4.869533356435665,2.5,4,11.35496181388276,41.213418638398565,-9.352982846337085,Subclinical
5,9.618444284637484,6.7358590469563975,3.1,18,14.28835993561714,26.7906516717445,-177.26766854869567,Mild
7,9.62444460050321,4.223452460677562,3.3,13,20.634906956818767,29.045432486375347,-8.101778766891726,Mild
1,8.386011501148953,4.552183073140895,3.9,8,18.037800901970662,25.757790896091706,-1.5564813931533903,Mild
2,9.321748416010694,5.782465912657615,2.2,6,22.71469309948617,75.19171935782387,-84.7787974499353,Subclinical
2,6.831203638543291,3.909047474374903,3.5,7,18.90626974172525,24.70852981882887,-169.61580698425246,Moderate
6,8.149620438182025,4.7091918901212,2.5,13,16.23773134181129,60.48077681298607,-49.35465924710911,Mild
2,7.159213867776603,3.5026279176001336,3.7,13,28.741484318934795,49.68151611855134,-50.61669211857953,Mild
3,6.679181647186345,6.604013752006475,3.9,10,17.530482156434765,52.94702853098737,-139.7316989226556,Mild
5,8.064914104645329,5.138364255471777,3.7,13,23.81500484852652,82.27214590399399,-166.09753730079484,Mild
5,8.625554677084533,5.480898585997309,4.2,20,15.993953967276612,46.23145265569453,-57.004283716275154,Mild
7,10.094315782318976,6.599212383749308,3.0,7,21.547997396917832,67.23203123099367,-68.64617536406575,Subclinical
1,8.477279949137998,4.633277339615336,4.3,2,22.640078295758435,55.75126702762224,-83.38122922579149,Mild
6,9.155474962930793,5.125615589622395,3.3,17,19.042459852877904,51.959621887346046,-56.67285877972491,Subclinical
1,9.175909711849169,4.23240640083311,3.5,2,6.227585386516989,100.0,-138.22210990562553,Subclinical
2,12.0,4.229795534805025,3.9,12,18.09126230428057,26.17316508569261,-84.78564902928913,Mild
7,4.741941674109357,4.395300527192945,2.1,11,24.15230023879988,80.7826367087489,-7.333997550852196,Moderate
1,6.76171903969308,4.909011530999601,4.0,14,20.63740416513865,68.12813130979944,-77.9976064281031,Mild
3,10.653300894478544,5.038245358992322,3.9,17,20.229194376146232,45.40950010736432,-183.75779774340413,Mild
5,7.366376465263746,5.846358581078055,2.9,4,9.388715330212404,87.58637034883225,-87.81538221788574,Mild
2,9.594445647683097,4.43053966234972,2.3,6,14.397724646624706,18.037797752229267,-135.61267708054885,Mild
7,8.414017142773107,5.883559211100971,2.3,10,20.0567881557572,44.56466685401857,-28.62909628306154,Mild
1,11.78936432217442,6.082001549827874,4.8,10,20.05191638393446,30.83035591461848,-24.49300772956597,Subclinical
6,5.996502031285319,4.93861338060128,4.1,14,24.07333390066451,63.241669297429205,-182.70197000688248,Critical
3,10.199240994533865,4.534330513097943,2.4,9,17.27566622426953,32.73871797625645,10.72103764657512,Mild
3,11.1492463494905,5.602094838375988,3.1,14,20.029120433369076,63.66127893482639,-138.97490410228468,Subclinical
1,6.174046021097601,5.256499044387466,3.8,12,18.08187120965647,51.27127168356892,74.7345832385881,Mild
5,9.409166438446425,5.764422195128255,4.5,13,13.065286317492216,45.41292114687831,-53.90210116004935,Mild
1,6.2621036255077,7.383839723511961,2.1,16,6.721043344526262,62.77294492066621,-149.711479883133,Subclinical
2,8.054290830563225,5.5823644581132585,2.7,12,20.155048460650384,49.62756752123872,-141.3588856554145,Mild
1,7.538141725672087,4.732923326463841,4.7,9,18.86973604206405,33.227303138819224,-22.15237665701241,Mild
3,3.675042917180563,4.43093246566953,2.0,0,14.909124789499156,100.0,-81.30399119187021,Moderate
7,8.763621667481418,4.4773580424141,2.6,0,9.904134717420677,45.25665633941711,-57.73231276945127,Mild
1,8.258010501691215,3.744680431466655,4.9,14,21.14869757204369,10.647818396959709,79.02241861576314,Moderate
5,10.662342152130368,6.619292330014694,3.8,15,16.67039962902224,38.15802620557223,-105.93952513832602,Mild
7,9.100058578369175,2.8200654167730828,2.8,11,20.784373611840728,29.6544662325454,-45.20297138434347,Mild
6,12.0,6.085725781263167,2.2,5,27.32024265205879,71.52291232081032,63.587558989844254,Mild
4,8.192676287741685,4.458323311989723,2.1,5,7.292845598401476,61.43305319183172,-28.358921962687987,Mild
1,7.810045906395847,4.885113742451058,2.7,11,14.50199595648818,62.97425603580688,-178.52821882864046,Subclinical
5,7.668158028709228,4.422414830146733,4.6,14,16.953121933440435,47.59955068325512,-9.568879061429058,Moderate
7,7.208740320142807,7.235037591570437,3.2,3,25.27413087073325,49.41299505886157,-143.04022862267553,Moderate
5,4.026048350511376,5.519578722022932,4.2,3,9.817984903967576,47.58137792784663,62.544602298637216,Critical
6,7.603649671385677,6.448454230051423,4.8,1,27.679305128403023,53.37613631729061,-115.82940839983824,Moderate
3,4.277861492415214,7.060632230315207,3.2,11,18.679279507831453,71.7066687072967,187.5607606196532,Moderate
5,8.813660020254384,5.6960865688268845,2.6,6,17.519996691330707,61.72150825010693,67.39007906621426,Mild
7,5.7678914735529485,4.065251474973746,3.6,19,17.009701183905467,65.00225659241734,-113.72900557023829,Moderate
5,6.390201278440845,5.235228699861073,4.7,8,15.818684839099856,64.99117816498405,-48.39889559987116,Moderate
5,6.795061649301407,4.609302383720557,4.4,8,23.24058379634577,72.68884874763475,10.291542530677084,Moderate
5,7.631116931936158,4.895795005735241,2.2,7,12.657396229587809,60.76300083080509,12.69283793813662,Mild
2,8.012362858890267,5.3864514488208535,4.1,13,19.727070908219268,62.17696145357837,-14.613099201904229,Mild
2,9.952063249531529,5.339013229489283,3.7,0,16.07909167146512,78.77612482386313,50.1727229572888,Mild
3,6.960445831686403,5.994530993224344,4.7,20,14.189332757429511,41.69908163993776,-59.83751573074956,Moderate
1,8.864263045200266,6.168765152536584,2.4,11,30.92987587841948,37.885148400969854,-79.33741348608265,Subclinical
5,12.0,5.339025788480251,3.6,1,20.0952536737673,31.28156801626288,-77.74911903396884,Mild
6,8.679231264973813,5.984162701729501,4.6,12,21.06632772330572,58.65829127240512,18.669858557770183,Mild
1,7.67511837992306,4.84076817407747,3.2,3,23.68888390334331,17.925355175617533,-20.785516775788317,Mild
6,6.597527026529065,7.0777357907158045,3.4,19,10.893250273407263,64.24308192119355,-26.69730674477949,Mild
1,7.650203218243408,4.821386454138825,2.2,17,26.76145954561016,52.81613810998895,13.618739940574557,Subclinical
3,6.404803381503069,6.936623781546913,2.8,18,5.455214107524622,77.69279399642113,-214.0841926283084,Mild
5,8.48359056803079,3.728719489873934,3.0,15,14.156167949807395,41.56165379070019,-25.19449408998797,Mild
5,8.186379449550907,5.043511291106984,4.8,13,15.7048416341055,50.93363429164987,-32.51448889010274,Mild
4,4.108005402347972,5.102826191663674,2.8,7,20.90861682485253,77.44406666586738,83.50464650405641,Critical
6,7.966595589621078,5.834790153698169,3.4,11,19.09359133070744,82.66271293556305,-172.28703858109336,Mild
1,9.937063362752024,6.5341801638625885,4.0,8,17.165926296508033,41.3969526849636,74.57493059014064,Mild
1,7.28159866603505,4.000725756328567,2.5,5,17.940013276861382,58.6356246517432,-43.96726968602674,Subclinical
2,6.824785809659188,4.170420349548511,3.5,17,13.10988488238716,60.88837955368096,-10.8808375471964,Mild
4,5.520138608389665,3.817710318740515,4.2,1,10.513838027579132,62.473068112422965,84.07350300875012,Critical
7,4.655614325076072,7.084221036638101,4.6,7,21.6325581116803,49.74848681368756,-5.1390985595541565,Critical
7,9.496428680713858,5.8571259313565465,3.9,13,21.468530562680925,80.6276679624727,-17.970536842995124,Mild
2,7.673339006757447,4.1987545498514525,4.0,5,25.92247187578529,17.205930327569092,-30.616705135814527,Moderate
2,9.389638811606162,4.968286151252715,2.4,9,14.04991451592396,46.57739530397832,-88.67825079955016,Subclinical
2,10.756382740243044,6.918113674793793,4.8,7,21.464076051504613,63.95861465545894,-52.27912996083143,Subclinical
6,9.658245832838622,5.166256923626515,2.4,16,16.581466358176343,64.14449623898687,-107.24102128981988,Subclinical
6,7.023729821410168,5.095374234650593,4.3,11,23.95237492596741,82.05518061229526,-53.56535195403856,Moderate
3,8.2607617963836,4.56244395181233,2.8,16,23.109813883390707,78.96450786402573,-236.8744557644077,Subclinical
3,6.893408842717547,4.2700092234174845,4.8,12,19.056046996122284,49.28916749385552,-15.676834594596109,Moderate
2,6.725080767317007,6.919988572531788,4.2,18,16.302349216670066,80.9974248706121,-59.73898030269004,Mild
4,8.617067292324723,7.508681906490472,4.3,11,22.80466089304131,40.7191651244509,-76.89629893334114,Mild
1,6.50187101038729,4.317766716655183,2.7,15,21.234522616282828,73.61774765583675,-32.41935328478854,Subclinical
6,4.023527085640338,7.185930795061744,3.3,4,14.577797989569088,91.21044956841986,-164.68511383723524,Moderate
4,6.401333787690723,4.915132700451874,3.9,15,11.361006632602844,79.29888213709938,104.3415997297026,Moderate
5,7.447613932362729,6.140377594442665,4.3,5,16.55733549659102,57.11540767048246,-58.22139691900797,Moderate
6,10.73851729609746,7.1922565657772894,2.3,10,25.577069076741047,48.36442456455755,-61.66755463777517,Mild
6,7.116312590231543,5.325908085155642,4.9,16,23.73243579366519,24.42817407481428,-127.2316968106338,Critical
3,8.921463363852695,5.106469695679169,4.7,13,12.438362651647097,61.21079275828408,-48.0842894040591,Subclinical
1,7.697045178868275,6.461297156545823,2.8,5,12.161212920500397,32.69565544058162,60.95679122186243,Mild
1,10.20752925896669,4.168056595556501,4.5,10,24.373419248397436,39.13730672772127,32.87329675456272,Mild
7,10.082773493835123,6.8764736534085165,3.6,11,12.321820476210856,31.18508398526657,18.355020091244484,Mild
7,10.117115189431855,5.6713712709311,3.4,12,20.54647661821004,45.7921533468669,-6.288083866618273,Mild
7,4.878829647048765,4.806699390214988,2.9,3,14.919643923318382,54.44061171026036,-78.68340220500878,Moderate
7,8.372103285040989,4.774998876020975,3.7,6,26.08522462260841,60.472291623314106,-166.01305336293615,Mild
5,9.366089480219506,3.8398449858059607,4.2,1,14.147876004310604,42.989867291720735,-66.08310174933081,Moderate
5,8.686769412660796,4.856593400051213,3.2,5,23.716807651029143,76.38567412790366,-68.86971716269417,Subclinical
6,9.145873386479291,5.183154685606719,3.9,5,18.924293270301824,50.83589484020068,33.903555173699274,Mild
2,8.105031807713859,4.226447761946222,4.1,17,19.260974271171435,39.245551334689615,-25.248764603214383,Mild
3,6.659388427892251,5.4454420286451946,4.1,19,8.148457093242996,59.52584534486873,78.98492223228385,Moderate
3,4.945224707024747,6.067500501430595,2.2,7,6.985433233971406,94.27105667087632,45.799083203053954,Moderate
7,6.837975028432744,5.243833436800697,4.6,7,16.89717029866343,61.70321133070236,-86.51964876032766,Moderate
6,12.0,6.29527099182312,3.4,7,19.23453031708306,47.74288745252786,-193.61033572958948,Mild
4,7.125827883036791,4.531432020424797,2.8,7,12.374010861311383,24.45077287762592,60.84601871531848,Critical
2,4.473097593036661,6.704059317063928,2.7,0,12.55653294761829,50.61175358055859,58.75081785845953,Critical
6,9.318768849312349,5.6461776469298295,3.4,1,20.807363149130666,59.69856250176231,-159.2969272721781,Mild
2,9.53982801562876,7.354308603705691,4.7,11,20.814272402285653,47.2483821748886,70.73920158620005,Mild
2,10.317183902273852,8.39706077468648,3.1,14,17.311294698060365,21.69230723518001,-19.43062635259857,Mild
2,8.847761306672204,4.935707689236063,4.2,3,21.90100860593037,37.98869220993132,-37.14516014994776,Mild
6,9.522082726040512,4.98512334771825,2.3,2,12.128988521399268,84.09076921775515,79.1826603397862,Mild
7,11.312390842715583,5.204509453661539,3.4,13,16.220325414565146,83.68002007460922,57.57481385844919,Mild
3,6.658147714288193,6.2148427002106175,5.0,7,26.239388028918366,37.26721661590804,2.106476159616306,Moderate
3,6.301068730237309,7.091163964570108,4.3,12,18.34161064969909,68.45513574398844,-12.142634735041357,Mild
7,6.029744228804728,4.716629818996236,2.6,18,18.631562572935,31.428544304596528,-0.6884567575712737,Moderate
2,7.52161474431083,5.957493119773687,3.5,4,29.529732929838698,83.08632563989904,-82.00459471060208,Subclinical
4,10.580160355685305,5.33688725217308,2.7,12,11.003289170756146,59.90471695788473,-54.40811597858568,Subclinical
1,8.950523061943223,6.241730923048706,3.2,19,21.98215183321055,73.99282997233067,-122.18537236756342,Subclinical
6,8.879645514876593,7.311349232089228,4.3,0,26.3199313990405,20.69813305634922,-76.6431820591135,Moderate
1,4.725245728403498,5.211606115080382,4.3,15,16.37571036750727,68.55274203849777,-79.33071029351464,Moderate
7,6.752263710974446,3.496158799991523,2.7,1,22.298153934274232,54.84651872630993,-100.82442956973316,Moderate
4,4.695816260848334,6.392682012256351,4.8,6,13.089902513945477,72.03858141581685,-39.06027978812296,Critical
6,10.10824242077878,4.500753737673457,3.8,5,14.566338022163242,73.297355961957,-75.91846805604618,Subclinical
7,10.85416368719432,5.328261115643467,3.1,4,19.92483208023817,56.315693789494986,-9.821222371842085,Subclinical
2,9.403220109032686,6.444437004245937,3.5,3,21.99283336555295,42.98340721808171,-179.78564906350124,Subclinical
3,6.223785117668819,5.856873824237329,3.8,1,23.60468256203123,70.59392364358989,-59.06838352858398,Mild
1,10.667640488508424,5.377935969336346,3.7,9,25.848142934697464,53.796910011897445,-39.47586878580034,Subclinical
5,7.544141161954622,4.808941945050015,3.5,4,17.66276720722409,37.54430092944715,-74.85033918695045,Mild
5,5.813973294645209,2.020127463670001,3.5,17,23.96805877586294,36.59695537084629,-63.79141598473851,Critical
4,6.264072341698954,6.337984978907443,2.5,9,16.288475782754254,25.45671167375237,-176.8196808583886,Moderate
2,7.225718055934694,5.196457960929084,4.4,14,22.51045655794134,44.79417680873873,-21.481831626440638,Moderate
1,8.089241336872472,7.316003534026871,3.6,8,19.037443989260908,77.05384092148756,1.808478605365636,Subclinical
2,7.709580419026771,5.977633635954244,2.4,10,20.22838953540962,58.55659599410868,-10.517016463698653,Subclinical
1,5.457196847292151,4.850649552958188,4.3,20,20.117539370110187,44.40464588153919,33.098164755374626,Critical
4,10.183969536534155,6.780244106051248,4.8,16,9.97647495101094,71.0971187636016,-33.87763153739984,Mild
4,7.728909345013682,6.8813552871498285,4.8,20,12.379390705696132,38.35046756553223,-11.705505547925036,Moderate
5,6.7152430587128285,5.2371618227770265,3.1,8,18.51270719908761,56.90700548665557,-37.51274092345181,Mild
2,9.998544251568976,6.932373838687873,2.4,15,9.563604601794156,51.40739254548969,5.004057567399528,Subclinical
6,5.869868861120244,4.833630333536743,3.6,5,22.15605551599878,70.58261251176704,-176.17837089056977,Moderate
5,5.067997669565873,5.691577323289484,2.3,10,22.35777983144071,23.455432581609983,-121.48647743824088,Critical
2,10.29047740387773,6.185690065262537,4.8,16,19.63585276438895,37.99604508370689,76.95197256264728,Mild
5,11.40449812919061,6.441737900817027,2.6,3,12.39432993621039,22.23508681810933,-246.8348657676964,Mild
6,7.168227166427483,6.245826218339068,2.8,14,24.900694694342576,49.8080655638146,-61.21423438602751,Moderate
3,7.917253985749139,5.100811383324193,3.2,0,28.18605319859179,79.2285500726486,43.781996768645456,Mild
3,5.936003513862374,6.81243716882973,3.1,19,18.735384137229868,44.89105580692946,-57.46085324334117,Moderate
3,8.009886590438107,5.350687212272298,4.4,0,20.55267689225618,44.78632123608698,-82.4008857160558,Moderate
3,7.143730525283845,4.817167165269768,3.4,8,19.00869327398022,72.43448848368273,-39.64626585477597,Mild
7,7.816168807937001,4.8347944392240025,2.5,11,20.651845944994,76.37099116910599,-78.24961440019572,Mild
1,8.736665097675036,7.827986069771602,2.8,3,17.40220621686802,53.2285786546242,-47.53204057944487,Subclinical
7,6.023338139544476,4.609619886289666,3.5,12,17.827178800780985,68.69429708099784,-104.67048292161036,Mild
7,7.348739589381378,7.049962272112536,2.4,6,22.528588002486828,33.46090918244107,38.69395359645793,Moderate
7,4.753193440799279,4.137439965027796,3.8,7,29.728120809482203,82.55948667850828,63.86119368525287,Critical
3,7.361022888596081,6.085486534089023,3.7,12,10.999643827991306,97.97412587874103,-60.6712257689298,Mild
6,7.831818672349401,5.856500141789002,4.1,10,17.480937577985166,65.42431582377449,-160.91915365529945,Mild
4,8.41216836510994,7.445472255671474,4.8,8,12.09769757383959,13.313367573143992,-91.9074536250716,Moderate
4,8.431237772653775,4.714717725797782,4.7,15,25.960124492880414,43.83539475204432,-64.71909280823714,Moderate
1,9.62706095132634,4.383202938447536,4.8,9,15.061310153400507,67.25650643338642,-9.55688984774335,Subclinical
3,5.228600265308025,5.360187545983622,2.7,10,10.78399603107103,46.57034005667275,-130.64105785365425,Moderate
3,5.324701346089471,7.4977621950885425,2.4,11,21.190934994242863,80.44397108500195,-111.53298549137205,Moderate
3,8.952124285506537,4.439009824067479,2.9,13,26.721555573715555,66.76314528871731,-9.145908971295412,Subclinical
5,4.329869701390251,2.3939000413549603,4.7,18,21.317989342803813,40.87048998468407,25.112706563164625,Critical
2,8.329940381788987,5.571721404847939,4.9,11,19.023989386409585,55.645296215425056,-99.72752361365474,Mild
5,5.875472708738191,6.639427501553211,4.6,17,20.04570461387997,37.12333558721819,-156.65736431607968,Critical
2,10.831066353650924,4.283432880832164,2.3,20,25.07420331412777,51.348302431751165,212.7294561030307,Subclinical
3,8.45081433391,6.5175186080239165,4.8,16,13.62900364992925,43.90813519134896,12.66433896709708,Moderate
3,7.605519164516489,4.256906817985053,3.3,2,17.440764479568436,78.49523600466077,-71.36030094136252,Mild
5,10.20989757885052,5.3241297571699855,2.0,0,15.736549257452332,97.3202411366199,19.52250204246718,Mild
5,6.085876388172288,6.403218778343269,3.3,18,12.16067346354145,26.37623333528496,-59.95653037715377,Moderate
2,6.427862658641945,4.075041517913874,2.1,3,16.35812370291599,16.535674275804958,19.372551128014905,Moderate
4,5.729381299420804,5.7178159978090655,3.6,15,23.53860547991224,50.09655156297229,-37.24854417790223,Moderate
2,6.442929392571813,6.957968213550684,3.0,11,20.833010741963623,24.631686023426347,-42.69824814659414,Moderate
5,8.110008096861298,6.068720919053621,3.4,20,21.221552500541,55.924232073418345,-59.08654945846309,Mild
6,8.889113369588697,4.635248730891079,3.8,20,18.73237805826659,69.97872227611853,-165.79050667704718,Subclinical
5,9.730559033661576,7.322462023260153,4.6,12,20.61661891364294,84.8828379453365,105.04759195145118,Mild
6,4.71549671557867,6.290071014306988,4.0,16,13.997048288259473,59.02789117430562,-125.32271362141948,Critical
1,7.690646624366074,3.267462400090832,3.3,7,16.452450570363855,51.13689550300842,-158.80188610484757,Subclinical
5,6.005303843856557,6.537092337681072,4.5,12,18.960021184843384,15.432301668538315,-67.02879062050938,Critical
1,7.630483235321418,4.814350897099268,4.7,19,19.38757929440945,55.52370298371597,-126.91774508084052,Subclinical
4,12.0,5.735876257170958,2.4,4,19.600939274609367,56.425745210989234,-54.13702324482168,Subclinical
2,8.525351171600027,6.709604805151912,3.6,17,17.30832358991811,67.7791362842549,5.021107884941493,Subclinical
6,9.619036948066842,4.840474498402199,2.9,14,16.11288299434835,40.83023796941818,29.62423204233784,Mild
2,11.529244289889885,3.525288863149824,2.1,11,33.78885641522149,46.2989479952828,15.178457729734532,Mild
1,10.029244837714565,7.306654230286994,4.0,16,22.533936364661997,25.439954893916315,-74.45056438285442,Mild
6,7.193753936563428,6.897500165442337,4.6,14,20.065737379763117,9.174143862318694,-46.03265378707313,Critical
2,5.703502244174111,5.395292784180465,2.5,1,16.83395750896803,32.830058184064335,-17.369675928200728,Critical
5,7.945740314862468,6.524105741790538,4.4,5,15.743905865280617,23.59348371493967,-190.6229939153658,Moderate
3,6.978129588406366,5.056735921523579,4.6,16,17.345997031365222,61.73424590841223,-4.35322399041123,Mild
1,5.255861684085486,5.61636421211302,4.7,15,19.464144217933416,44.63731886666285,-166.58394300670653,Moderate
2,8.433664995121044,5.326854468835912,2.8,16,8.597822279684593,44.23525739850422,113.22772791251911,Mild
1,8.4785953365068,5.105267097571238,4.7,19,10.15305202312658,35.311739076495755,-82.36120677133562,Mild
7,11.184410060473915,5.931163096102906,3.0,8,14.815588055305213,0.0,-64.7900141755673,Mild
1,7.348826476093735,4.050185411625295,3.7,4,19.035697183892843,85.166214974951,-111.57656793902844,Subclinical
6,8.504218500145008,5.198103003081306,2.2,0,16.803634264240742,34.99458954446423,-100.39760254845518,Mild
7,6.802126253557613,5.877375366980086,2.1,5,25.39060613049742,46.75159860300186,131.92748553145918,Moderate
6,9.571704975248238,7.705720849553963,4.2,13,10.588016065021156,25.90215669421379,25.22957508986381,Moderate
3,7.775687966857767,4.098958941624765,3.3,16,14.243272651983148,74.43860686881268,-173.93619561182706,Subclinical
7,5.889335104065063,6.124663669278912,2.8,18,25.600458704955507,57.868578740746486,70.33703205481837,Critical
5,7.975750721002716,6.2561785317134335,2.6,0,18.655596623375736,38.47269429468263,45.45938201131452,Moderate
1,8.702941215617003,3.247937523180716,4.0,0,22.424212914005796,47.15540777311952,-72.49699698306307,Mild
2,8.459492097344413,5.992638417291103,2.0,12,28.256234716347315,88.56359844249741,-25.464244637612996,Subclinical
4,9.882614087892565,6.556342094780537,4.4,13,14.530977910490886,53.54061136237444,-51.19552635368594,Mild
1,5.393498530326759,6.206383215258922,2.2,5,17.50342831103984,51.365329247681885,107.80639235575458,Moderate
1,6.483063337973105,5.399287294152789,2.6,5,16.637865495345643,36.172370277214696,-113.70321511936724,Mild
3,9.151617197231968,5.899888043826914,3.2,0,8.227034977583623,17.108376990553943,-38.31915121794184,Mild
5,6.694515839670071,5.703813636698836,3.5,13,16.448015981220156,51.79922652841312,-84.25162647942437,Mild
4,8.432848248794372,3.4726511940217666,3.1,2,22.405310936903327,61.50970224649235,-164.64323236942835,Mild
7,3.644458554658828,5.731984389705359,3.0,9,20.70294770906121,76.9916892865534,125.33106040439895,Critical
7,12.0,5.059515512821993,4.9,18,21.09541584694005,10.030069310006894,-144.525326328193,Moderate
7,7.514506643196795,4.6542133948024205,3.9,18,16.122455096802504,32.49807345953942,-32.38966500097793,Moderate
6,10.1491212679789,8.481963944303985,2.1,18,14.719513819971793,43.385178188871,-189.25604851042684,Mild
6,7.3935839139497155,7.003138863543469,3.3,3,24.346278359493105,54.93038302853597,-81.92564313944746,Mild
2,8.746457351715597,4.119793527622734,4.6,19,15.513414268211651,52.09932616943155,-16.242494285323403,Subclinical
4,10.68545536342149,5.915963435879007,2.9,18,19.47041019396607,52.56622628625461,-115.97871836018902,Subclinical
7,10.098450834575091,7.249630330677189,2.3,9,18.816673403387693,63.16192117139889,-3.055851941147594,Subclinical
6,7.631981036566596,3.7045610151087978,4.3,1,25.308585081285592,36.93413778441781,-71.5232873510466,Moderate
2,7.756542214291354,5.592379769688585,3.8,3,22.8570617883618,73.68282884467389,42.806600991889056,Mild
5,9.806419808329911,5.648887270863392,3.7,5,11.523706896664397,63.66904883398961,58.940873067217865,Mild
2,12.0,3.970608541001173,2.2,6,12.0622341661248,48.603354717438414,-96.93958085840094,Subclinical
6,8.346108813918274,5.955460365534676,2.4,15,20.89454909034567,87.01815983777831,-43.86137124856345,Mild
3,11.522714552974954,6.83949566862175,3.9,6,17.67831176310417,86.12832071143534,-35.32366188222139,Subclinical
3,7.565454061243629,7.309657109702984,2.6,17,15.72414108023118,73.65790710387617,-0.4520563652241165,Subclinical
7,9.713528654317644,5.200763078048865,3.5,19,23.078139419972352,0.0,-48.84944030045874,Mild
3,9.982080372045116,8.501974042162136,3.6,18,18.937296910444555,86.57890185435951,-34.78312325257262,Subclinical
7,7.262071093065008,3.030439895923894,2.9,8,18.26228693444722,70.89517044943868,-69.47251798360956,Mild
7,6.655259457257046,5.927460051777355,4.8,19,21.89914320377525,95.12817275425874,-40.780810642238535,Moderate
6,10.061700539385235,3.8052468160841735,4.5,9,16.124455025282177,79.74929183467077,53.8352154828106,Mild
3,7.0431975129624975,5.60821916499628,4.2,12,25.84259492736277,86.5668535499457,1.6866592969483492,Moderate
7,6.390170157184275,4.873711899873965,2.2,17,14.05976188383496,72.57309700360759,6.100451155469521,Moderate
4,6.768872896761625,6.1082529476686735,2.3,15,21.28464533171044,81.97386397291024,7.845625930846261,Moderate
5,7.035895990834259,5.347743143077367,3.5,16,25.169164193299224,94.8824748146888,-62.30470223048284,Mild
2,9.54191078832622,4.508818986368181,2.5,12,11.1135225536395,59.33109476756412,-24.493836513637568,Subclinical
2,8.927076811897138,4.587650862923224,4.9,11,16.283324120737753,23.555389118437407,-136.81389426685956,Mild
6,9.288184840564204,7.818951396939463,2.5,9,23.71103696442779,48.85078199969716,51.50461250535656,Mild
3,8.758483659976548,6.032228486154898,3.5,0,23.786222738655127,62.79891198766873,-272.63683458745766,Subclinical
3,6.93108770795605,3.4574455521539345,3.1,7,17.142521998058804,56.49775168743116,-56.97187138683401,Mild
7,9.25478514063489,6.1609452821401165,3.9,20,14.326644531615704,30.068760676811472,41.271678172021936,Moderate
1,10.128416887889546,5.266388005170404,2.4,17,22.779679111653813,22.37864749610042,-159.1094346903473,Subclinical
7,9.052105789014757,5.505521304516567,3.3,1,23.917745512908024,40.176746627303416,-18.017606590651912,Mild
5,8.80938063192653,6.483865784778157,2.8,15,12.176683257438023,71.15479111968303,-104.46131572632214,Subclinical
4,6.619301888172783,6.919872608455415,4.7,11,11.980431755168098,86.60679541645939,-79.5042612151095,Moderate
2,8.38127074215406,4.469424726495173,2.1,8,19.126283409918,73.33135227555402,25.67527685115502,Mild
7,6.523565606992337,5.464310015013539,4.7,2,21.146803167144466,76.14854574228272,-34.155445929187984,Moderate
1,7.956749855454912,4.8446667967137165,4.5,20,16.504654573849727,53.38368853672885,-212.74846943074903,Subclinical
1,5.047520049394431,6.216234617289115,2.9,3,21.396469099911748,20.15835084588072,-128.11404317852788,Moderate
7,5.061394874614232,5.221234607516597,4.4,1,14.44931696581309,45.89558838234589,28.026858791100764,Critical
6,7.656114158095346,5.535101775642251,2.1,7,7.426532004631323,49.824711762552425,-14.084582544560192,Mild
2,7.012808590711418,5.175667886787802,4.9,9,15.88049463833702,45.05895026328636,89.85084580194274,Moderate
6,8.192216948253511,5.372656581316802,3.6,15,18.316160732565507,56.093897307492526,84.61180752106378,Mild
4,7.757416557592785,7.545581207113762,2.9,10,16.620800200517717,63.82839519785901,-77.37961041174334,Mild
1,8.054343416978279,8.36891939772127,3.1,17,12.206983681702576,72.06030376486996,150.25902440555907,Subclinical
1,9.095493396242134,5.952510512490972,2.2,13,8.921755120605912,49.43760271267332,-48.04162641184714,Subclinical
5,7.166115879810501,5.380036264219716,5.0,7,15.429555978160511,16.924811887108135,-127.01348275272204,Critical
4,7.6050011390392465,3.5852358869323804,2.1,14,22.48827885824872,45.3424456141773,-100.6911892728462,Mild
1,10.619038200973694,4.587498160226351,4.0,16,24.280987197068413,55.87420793983968,-230.5380084231535,Subclinical
4,8.005551428285049,5.347916757056913,3.3,20,23.938566920692278,79.45615844266817,78.56152065994249,Mild
2,7.6774211456743,4.641924135235088,4.8,17,13.920452324257235,43.64384315631789,77.58095912350909,Moderate
3,8.14852285878174,4.768119084553693,2.7,5,12.23146838184818,65.25087256798804,-131.2405951050657,Subclinical
1,7.709544128582845,7.390467368867398,3.6,13,20.48317307489948,60.80175799270864,-68.23074307055248,Subclinical
5,6.722769872684196,5.534548976486178,3.4,2,21.175500057989627,55.878010662467766,-42.35139647099379,Moderate
2,6.203546293076503,5.641854389682324,4.1,6,20.000848026002487,73.61066638649183,-126.82824417136912,Mild
7,6.625823587729991,4.690971327594128,2.2,14,7.929683628811183,41.78317606494839,-190.4081625016929,Moderate
4,9.571254536187416,6.913053669723503,2.6,20,13.665577075582668,43.49627100712967,-66.82860830215294,Mild
7,6.8661705415068575,5.244905646413718,2.6,15,17.851556048570107,54.76198353811544,-75.68635435673974,Mild
6,7.721135716694702,4.874963601818973,4.2,15,20.436090973152137,42.197069898126,-81.07289927910202,Moderate
2,9.261325313239215,3.6030990192286714,2.6,7,21.836536813012437,65.16024582109199,-32.18271499192283,Subclinical
7,7.498895892540239,5.426677703498361,3.7,6,18.7212676114102,40.73615391267735,64.36157268207937,Moderate
1,9.140050366718574,4.837530397867118,2.6,5,19.65391903269118,59.52608415490269,-74.24741757533809,Subclinical
4,5.226572523624439,7.521495695220279,4.6,1,18.42432729180552,52.99654462426487,-36.36456010229097,Critical
3,7.761469976824586,7.71267843040234,4.8,12,21.42809687109241,59.29851929553411,8.149641899594883,Mild
2,8.142012973877316,4.01766340628047,3.6,11,19.564328257454555,45.80517209873922,-5.668565878980097,Mild
1,8.041649701576702,4.153416114542804,3.1,14,18.32868830023644,48.21823410946346,-99.15388195582736,Subclinical
5,5.024746343890008,5.168416437848263,2.7,8,16.658156004313096,56.920185359941,-42.28983015087713,Moderate
6,10.165602763575448,4.520754525526874,2.1,1,18.406457125212405,59.041490123226254,-6.196814386475737,Mild
4,6.4615886990514495,5.7608998908240565,2.8,16,20.42295689419637,54.91596169217688,-140.26810700086222,Mild
2,8.603066825472443,5.108051813097319,4.0,4,19.337376944490305,89.10724713026168,51.08312086372065,Mild
2,8.014335708765195,5.83663880866631,3.6,10,19.904132091726268,35.18526162517432,64.52711241712889,Mild
3,9.80667714285922,6.71931222597636,4.8,18,24.713609306755927,53.71592410094573,-107.82242043555952,Subclinical
3,11.937479892873572,4.222934187597391,3.2,6,19.325819613732936,23.52741955766031,-34.506398532146505,Mild
5,5.677343927822895,6.694253466972878,4.1,1,14.755007397634213,62.441629573347726,1.382260533682533,Critical
6,6.831955013709502,4.625617102815788,3.5,15,22.418033929970846,32.69506927246372,-93.64913250630022,Moderate
5,8.340366488910293,8.07817941897853,3.5,11,11.169008311655412,49.43379488246848,-11.470892344952446,Mild
1,6.010364028404975,7.445171159499266,2.8,14,12.592933096303565,47.55871349337348,-36.939549896626765,Mild
1,9.407928694320368,5.364303596936518,3.4,0,19.679236323600342,60.61782253202343,-167.43345421110405,Subclinical
5,9.518070719882706,4.34369986656395,3.4,12,20.581983338932893,43.9441816490964,-13.267094721715353,Mild
6,9.007008336791067,4.1141608243905,4.1,5,11.774743882480024,43.09388604612035,-138.01139330168286,Mild
5,8.425847151577155,6.548354202489436,4.8,12,16.08591259506625,83.71712928171796,25.13622813296378,Moderate
6,10.465475800345605,5.463516680163401,3.0,17,14.969580838901706,60.691335809490525,-103.6968860107111,Subclinical
6,5.919874132996048,6.61224026290235,2.1,2,15.566618385592015,43.77898295955464,-62.9028346928916,Critical
7,8.117482751616595,8.145074763154769,3.5,0,22.71798888136473,49.983326563775385,59.782313075726,Moderate
4,6.670154836285601,4.575540473540652,3.6,14,21.532527317736264,87.9070990454149,-10.289468277692386,Mild
6,9.601849398617304,4.023834107490295,2.5,12,17.904389100731464,50.29670243497806,-136.35791356596363,Subclinical
3,4.699985903888421,5.731072281439151,4.3,4,15.27019036442536,41.21446753695224,-131.19332566392671,Critical
6,7.9494490419326365,6.873711533742757,5.0,12,11.251751648899296,41.30007699747215,-97.94422308989805,Moderate
6,8.603429636725908,4.371447652257091,4.8,4,25.100924693909743,44.01747038020845,-18.42847333146672,Mild
6,6.294514157047206,5.541549686511095,2.6,18,20.960569501424597,43.110045551465554,-21.33601480537855,Moderate
7,6.87285794200118,7.144052393405188,4.6,20,14.466654479634297,29.40704303301514,-117.44818437302952,Critical
7,8.02768216646979,3.540546593811553,4.1,17,21.597997488124456,32.51599806106044,-143.37675884914873,Moderate
1,9.719173482994655,5.782381553726919,3.4,20,17.64888189712687,38.4135925127726,-27.473327593133263,Subclinical
7,6.140835388543303,4.851876287681458,3.6,9,16.564452475688284,66.83142036906196,-64.54880526321296,Mild
3,6.454790107325565,5.648987909165563,4.5,7,20.17605764144801,47.37525425454253,122.577270995819,Moderate
3,10.02605798787262,6.351741148700426,3.4,14,14.292508750436376,50.8567662181192,-47.07170747495368,Subclinical
7,7.508644280144296,5.76497020946571,3.1,20,16.28121740244945,80.40176050509794,95.14022621602196,Mild
5,6.600429728279041,4.287733117465774,3.5,19,18.607305320997728,80.90014299876836,-143.6306878483472,Mild
4,9.311632634990447,4.898504634119826,3.7,3,15.502744035573931,49.3575011372453,-175.85703516493658,Mild
7,7.121245404981956,7.211911576389359,2.6,1,21.34542605133762,42.38272978633182,-139.60681060204277,Moderate
6,9.849358763609793,5.894719472708918,4.7,5,27.345332518391302,37.711393726529245,45.13038251627731,Moderate
2,6.805303321436518,6.508382953101818,4.0,2,14.228509336964288,68.85551539416475,90.4881271754827,Moderate
4,7.712729788715007,5.800354372219651,3.9,6,9.674373518479776,50.90585532955424,-112.57435631621073,Mild
4,9.700948997699715,6.470939281890304,2.3,9,7.9912991626186916,47.2701021935442,-86.84528238076462,Mild
3,7.592730431887247,5.024624692075214,3.8,5,17.24765929252509,38.72670849724895,-143.51847281699995,Mild
4,9.360895979741564,4.578986023879077,2.4,15,14.684177049369088,39.60667181977223,-194.93118776947097,Mild
7,7.882014307794191,6.416437259017656,2.2,1,19.039302505335403,61.40116382986489,7.472935822130381,Moderate
6,11.567045251520051,6.852848812534667,3.6,16,18.662988360130505,28.69123468225476,-32.15837576302695,Mild
6,10.823801487385127,4.402862427044029,3.2,12,9.98391576692952,74.89737387575877,-49.160961386089966,Subclinical
1,5.609426727619253,4.808866226291526,3.8,0,8.92558085259297,44.32310712370163,-162.00452297307038,Moderate
6,8.940038626246418,5.304128286122912,2.3,5,19.47966620173048,52.00728111496415,81.19653454629284,Mild
6,6.5304728250181245,7.443789525979178,3.3,4,18.677144173599785,28.260440837188916,-90.26853904395784,Moderate
3,8.344712489826914,6.175762546201911,2.5,12,15.870910008167243,54.75268123515271,-7.309886014681936,Subclinical
6,8.12306713275847,3.911095804160936,5.0,17,9.714282074338476,48.4335811461888,-166.36491241957796,Moderate
1,6.100303369233522,5.388420650092598,3.7,11,20.356956313824952,53.99838802287066,-65.242015169603,Subclinical
2,9.905272178354585,5.204945493099479,4.1,6,24.35949772711972,84.43417796723782,-26.69004350091329,Subclinical
7,8.365945298424334,4.092076532795284,3.0,14,19.38991220109461,58.5539609158048,-23.833982555735396,Mild
3,7.48757053578935,5.374249699726327,2.3,2,13.762630547174677,39.106816317083926,-37.62811654106999,Moderate
2,7.2114023163615295,5.1519550724723535,4.9,15,18.22276082785576,40.77360178906864,-10.438200636098196,Moderate
3,8.251598545579224,5.066040971659409,2.9,0,11.169429595331575,66.90262371827538,-140.4416364826369,Mild
5,8.734265031525714,5.011142359141827,3.3,15,23.289803569193964,80.97386581986848,-34.2101915648272,Subclinical
4,7.775043584555121,7.265672258018564,3.9,11,18.409221672647693,60.638360415021,-40.89938532157781,Mild
5,3.5,5.063556260679381,2.1,18,9.15921544123384,68.7742548910954,-31.466185264395133,Moderate
6,8.030403289236471,5.559605267560317,4.4,7,16.496628197781586,67.1947544667341,-44.212382614465454,Mild
2,5.4053322891024,5.429482345267925,3.6,11,20.316507551171156,83.38128826715042,-151.8570219130718,Moderate
6,7.622985381831664,4.893979779559197,2.8,14,16.334761895122387,16.008196545479343,-155.4239801687179,Moderate
4,5.471784337274645,5.595405678841237,2.2,1,16.62052139279913,68.34437878609057,-227.1414548707641,Critical
3,5.450304256856959,5.578420715317316,2.5,16,11.877988964763642,74.67472087807127,15.402760787623803,Moderate
4,10.22321927950735,5.595707832279059,4.7,6,20.83270493540828,28.225525877288533,16.212600778815897,Moderate
1,7.4238344343000975,4.468920229484295,4.1,12,14.757653999904312,37.28663631987168,17.484023297769625,Moderate
4,7.286008112320548,5.25265059129683,2.7,0,7.217773114974836,37.98434502743693,-25.456803003083856,Moderate
1,8.868543287891464,6.4123862504198295,2.2,5,16.143713146648032,40.42419607245233,-220.64953741744887,Subclinical
4,7.332937058469587,5.284220042343952,4.1,12,22.905748577851767,45.365658981289485,-132.1368393428213,Moderate
7,11.786850965829338,5.69413829512151,3.7,10,16.065352767000263,59.85205626109883,-36.366766592551045,Subclinical
1,7.508564430693165,5.700444400871626,3.2,9,26.689924925617603,72.31349302334739,-39.15855977665636,Subclinical
2,8.65722574156942,6.0008741568807,3.1,15,20.144839742742587,76.62633915537073,-67.8198570521617,Subclinical
6,9.74769439647835,6.1703810980165725,2.7,19,19.69379081140183,38.24353877664437,-20.486623767340262,Mild
6,10.884055806092436,5.291019268300936,4.0,16,17.358008670411955,38.10594002594034,-49.06786338518035,Mild
5,6.664388955816248,4.406397636289484,4.9,16,17.658568961178545,81.31643680032445,-40.33836275589107,Moderate
6,7.24766569309044,4.03754160559015,2.5,3,16.68288182440248,67.93487870837289,-101.1252266265613,Mild
3,10.294265375528326,6.721223695283631,3.8,4,16.48865303958737,56.65729683737992,28.56087888972722,Subclinical
7,9.458112147294845,6.42430053756528,3.3,13,20.654335810335745,64.46673351109933,-84.46172869443072,Subclinical
4,9.935316684203226,6.279237621205032,3.3,19,13.320843851047172,54.40392436297119,-156.45192664165012,Subclinical
5,5.536331821592597,6.473444233435208,2.8,9,12.620530856378702,65.4916936609523,-111.67992102549827,Moderate
3,10.786399557063234,5.3061328196489335,4.5,13,12.384024745623112,48.27866606988519,-77.87729530895842,Mild
3,6.629466422087351,4.75014829868134,3.5,0,28.22827273838577,60.376098688784616,29.520223069507736,Moderate
1,8.346127360655412,4.3235111082423545,3.6,10,20.6517145083529,24.789078992610072,-53.381439874783446,Mild
6,7.733198820334813,4.192780004097401,2.9,17,19.522461008400725,41.24431410349138,-64.89185751725192,Mild
2,6.418730894213474,6.954590426260397,2.5,15,12.712426648532842,41.459776464193126,-149.8930739810102,Mild
2,5.457435625842194,4.908226173095022,2.3,17,21.11671150337414,47.51219933586172,12.838607186366104,Critical
5,4.861073390060784,6.765830883053064,4.1,7,17.41714326773336,36.46973490440504,-102.15617232187086,Critical
7,8.214233130897155,5.275737003543219,2.6,9,19.07084470565875,44.329127483538365,-58.00222871530687,Mild
2,5.25442563757978,4.688510550109092,4.1,9,13.11689842068222,24.711718752037587,68.41464615054917,Critical
4,5.95913192884361,4.186762242939828,3.2,4,18.801344287087883,65.974009527898,-9.29893351605564,Moderate
2,7.607535419243204,4.794214771614699,3.2,9,15.880832308967584,53.34972962177211,-180.260323817214,Subclinical
5,3.5,7.201886539487548,3.4,17,14.17194421484906,20.89584784447966,-191.56081890819777,Critical
2,9.402163481679205,4.198947904264225,3.1,20,21.670531679036245,38.30340178906654,-55.14483600953969,Subclinical
4,3.662201299207745,8.04009618577558,2.3,5,10.311460957349988,61.73202855124334,-147.0192491899844,Moderate
1,7.860729695601009,4.491271087036427,2.9,2,20.823881321570752,44.13956107228421,1.883739810639824,Mild
7,8.027034607869721,6.399939964781495,4.0,7,21.42243066776498,41.06117079723806,-46.61895480280167,Moderate
5,8.968511096327257,5.325698446894013,4.0,8,13.601781622243797,53.50814645983847,-36.76921847809096,Mild
1,7.924974555698191,5.115328500968578,2.9,4,13.898357694337662,61.87195070356432,-106.53945453138824,Subclinical
1,11.63223433489983,3.974295067449837,3.4,1,16.884871593667988,26.272950859216788,89.31069242293646,Mild
1,8.389370386823302,5.3819284206985145,2.6,1,19.410181052311103,66.00256962435759,177.40749824083676,Mild
3,9.89650231863859,4.110056804360795,2.6,6,17.235725040928873,38.99413436785247,-72.28677790053717,Subclinical
7,6.697766944033482,3.482107480279072,2.1,16,20.1678123009594,54.64144063500402,-21.756860126799925,Mild
6,8.217362251141042,5.643518413860939,4.7,9,26.814898262686995,54.29159718616981,-42.20661255485499,Mild
7,10.785626171052067,4.737492271797094,2.6,11,15.461416154251433,44.45867763520452,-70.77494907528549,Mild
3,7.572148775558646,7.5212182193499775,2.7,1,9.424100146482898,34.52680507738571,-116.56563741862374,Mild
6,8.346022575551416,6.700026058111387,2.8,9,22.129617915153265,49.28626903815473,-136.79743899843817,Mild
7,9.765536208447456,7.536918617604124,2.4,19,26.41657287963765,87.5066061815039,-140.84778124204195,Subclinical
1,6.663986863655058,4.682940514590522,3.9,0,19.963841815255623,27.766499390727382,-17.580797956068366,Moderate
5,4.109191400025452,5.663365288157545,2.2,3,12.56125662323166,88.84626038209751,-91.57395825629082,Moderate
6,8.460032576682265,2.3551948483827365,2.4,12,17.380538183823994,49.80557657846935,-256.2634280112424,Mild
4,9.779604504844404,5.161837143175931,3.9,11,12.40738257894184,55.70742834177278,-14.411342352134213,Mild
4,5.567397623194452,5.618198017629617,3.0,10,21.21427746981474,33.265783772305454,-53.06090259713247,Critical
2,9.20639581509921,5.684857693242127,4.1,9,11.243547986507828,39.57461166645038,57.73384011209168,Mild
6,9.218539497211168,5.449157907349992,3.7,14,16.499356065859,44.94180699923962,-20.15020823271925,Mild
5,3.9077067335924527,5.579911086102002,2.8,4,12.978310868530468,34.08610058244176,-168.2938877048238,Critical
3,6.31468046166781,2.244108839003906,4.0,16,18.634123425674808,50.82164085258256,-228.37413125839848,Mild
1,7.287508194683008,5.8074662032983735,2.3,4,16.16829161431121,46.859682163864576,-107.557790747035,Mild
2,7.676676799576573,6.080127870316047,3.6,1,18.88381051625132,92.01562284871468,-100.0085936554922,Mild
4,6.662358323417629,7.105630483154621,3.3,8,18.111752774831828,31.680516286390777,25.452736080013334,Moderate
3,6.565394953552072,5.942485671132316,2.8,5,13.06670486137945,57.05381033497174,-50.70967458316587,Mild
3,11.008669204127768,5.3431155199441145,3.8,17,21.13438531764511,59.956925638036495,40.69507984788072,Subclinical
1,7.806393562653965,6.825930306677166,4.6,13,17.756171740784424,33.59358902696325,-155.98664445621077,Mild
6,6.7489214117304686,2.6711989304806254,5.0,18,13.057354960670498,68.73654990905678,27.22115075043584,Moderate
4,7.92589494155741,4.882061763247427,3.8,13,29.204632781028963,47.03345974236744,7.679132274473559,Moderate
5,8.966763499510058,4.581028023929546,3.2,7,20.382150833585623,5.152206968338653,-211.4587289144957,Mild
3,8.092927478080174,5.458573840202427,2.7,16,17.233697233003472,68.1969922420913,55.809427300861785,Mild
1,7.629690336509648,2.8615686253250026,2.8,2,25.07602263350912,32.66118231795272,-42.52332065869178,Mild
5,6.829969996393184,7.083562794692463,3.4,9,27.20907804693304,34.044501077218015,-18.636439690519545,Moderate
6,6.8081644781583215,5.200228120378905,3.1,16,17.273252888430573,68.75804165784797,-119.19168899427382,Mild
4,6.923944904326353,5.88255602939072,4.7,10,19.73698743217381,48.056770351631,52.01976103375779,Critical
6,8.609866281459327,5.767709470071873,3.1,7,13.059985909985295,73.35544301103,-144.86818633910957,Subclinical
3,6.210475833676783,7.01498787385234,3.1,0,17.264036246159943,79.20332190730637,16.56736146991568,Moderate
5,8.7078846022464,3.2656598381511435,3.2,12,17.004687231200652,42.10143079355405,15.648598072693702,Mild
5,10.543390560128294,5.634785398563775,4.5,20,18.92413516810827,70.86524991910062,-127.93339425377778,Mild
5,8.58627324406376,6.875413912845833,4.0,3,19.66380239318505,39.89078397214236,108.66988795380593,Moderate
3,7.334746047949153,5.382416263935171,3.8,6,20.7991422441403,99.66231834264352,-31.477721582598463,Mild
3,5.663371606901665,4.358476728234038,3.0,13,19.188213281499795,41.1408599093757,2.311408821681937,Critical
6,10.840592254240724,4.775331861213057,4.5,4,11.946286866854177,75.52174881920008,-172.16966362686043,Mild
2,5.893968228921958,5.028469597832315,2.1,10,13.307664471294576,71.87580051763152,119.41840024068516,Moderate
6,9.527411662056346,4.634739964572413,4.6,16,15.267961902681634,61.32175644217868,-147.96455521800718,Mild
4,9.149332149070071,5.3166266595191685,3.5,4,16.588797040383856,41.58913677166634,31.990914621274428,Mild
1,7.573816514664693,7.309896883822002,3.2,19,23.253871452360567,51.972050161171815,-129.58173743453565,Subclinical
5,7.52663815319478,4.783162281355021,3.5,2,12.185305065735434,11.928237741108958,-99.5191042278146,Moderate
2,4.6957197067261625,4.914791230865201,4.0,4,16.2129247591465,59.48840076764501,13.100323510835771,Critical
1,8.594117001462719,6.051736700860376,2.0,14,22.76504749107025,61.9923066205677,32.20421709401258,Subclinical
2,9.11586739831245,5.290215563243349,4.6,18,16.50061262751694,57.66998838122743,-151.70273992912817,Subclinical
7,6.039655790933952,3.904977839986141,3.3,15,20.30207824921412,0.0,37.23777352455952,Critical
6,7.719521346207615,5.426573874665174,3.0,7,17.302289785360482,29.68727109820378,33.59843961065552,Moderate
3,8.06815144701611,5.38133028112369,2.4,12,19.28391628662361,40.03818034302675,-125.0362727075914,Mild
5,9.052230730309224,6.670814014525784,3.3,15,16.857637280952297,60.83317866378092,77.89180748728882,Mild
6,8.006845537021738,4.333417122156806,3.5,2,21.33532736364177,60.78677811285969,-166.54861025984303,Mild
1,5.072625162869148,6.678783379306532,3.2,0,10.274717962967824,51.59552416057642,-99.98180662220923,Moderate
7,7.04611201496752,5.382603025480067,4.0,8,16.183439958057274,67.70491073207913,-11.679790072640898,Moderate
7,8.404326413700234,4.170469994902005,3.3,8,19.48286338347154,34.475152493942005,-118.28530277620852,Mild
7,9.514751015671566,3.929466025507685,4.9,16,20.66847624003097,67.20470011387992,-28.89447314565272,Mild
1,6.888254103090356,7.821266233490236,3.8,1,25.464763113769138,64.49484209679783,-30.713913695736387,Mild
1,11.937769774190034,5.308100772597472,4.4,8,16.044876665672117,62.55109465675821,-64.96594159381765,Subclinical
1,4.589948476093463,6.623804940076585,2.3,18,25.39740880930437,51.35919137828688,16.592043087244775,Moderate
1,6.985339684895778,3.4502567264702444,3.2,12,14.704880866701648,91.61487649662524,-68.26886341261113,Subclinical
7,7.850539513713008,8.665233865556681,3.0,4,24.643232057723218,64.86391376979758,-31.476714494895543,Mild
7,7.6386515056048445,6.571893554040554,3.7,8,22.08733563349186,35.63328273492883,41.71775019903221,Moderate
2,5.782143806333301,5.193471743013749,4.6,12,13.432707101838886,59.96610951471968,13.254896802067227,Critical
6,8.806151145953228,5.132600970573388,2.2,0,19.53519618625911,70.04966754148437,12.881383265136684,Mild
5,8.66796929236506,6.381517753963595,2.2,14,17.743820822339043,43.237828021513806,-141.9343681773424,Mild
3,8.086330602766784,6.312618024070057,4.6,3,21.127922968375003,76.78544493862198,-8.016593959894259,Mild
7,8.597318953865328,5.719035136476927,2.6,3,16.883642057833452,62.64067411432021,-120.27990327756038,Subclinical
3,7.237202459393544,5.513054509842677,4.0,19,16.463768871691343,8.150433246693055,-152.5131983822421,Moderate
6,5.088746689804578,6.173280500831099,3.6,9,24.845472913814252,60.99343954675852,-55.73650770279747,Moderate
6,6.71004823390596,3.409955736303788,4.5,5,17.506395527721637,46.87941691174569,-122.34361493212718,Moderate
3,8.282698246536993,5.054470344862897,2.4,11,22.13211162095883,65.74359629083472,13.249417507198174,Mild
7,8.292939946723513,3.523763370048585,2.4,19,16.873242574779002,73.88429680503629,15.162836775625934,Mild
3,8.074482294654526,6.225510813643006,3.7,15,26.333316296137617,58.90324094283636,-202.21009891451536,Subclinical
2,8.987674882373057,4.6890232347600165,4.8,2,14.608326853322533,88.30504467889392,-116.2642031661512,Mild
4,6.9539371181899705,3.6141063055849862,3.2,13,14.929282343764076,51.42586230873009,-166.78293375343992,Mild
7,8.048025902798965,4.547456171177236,3.0,0,25.62258590557952,67.49635646107751,-87.01034212743124,Mild
7,9.029767001128858,5.679227441758942,3.8,9,15.775268045523736,71.09885147274694,-13.585946410494053,Subclinical
5,7.847198326695764,5.253725940933028,4.8,14,26.00537153082196,53.05308062214535,-69.38304785427107,Mild
1,5.762016928869022,4.092212129160672,4.5,6,22.459202897974063,70.57548615955565,-97.18073925337085,Moderate
4,6.2693209346200325,3.454157677923261,5.0,3,17.226751467195832,43.106540256756624,54.01412214505115,Critical
6,9.49553418370286,5.588719344436602,2.1,13,8.933532639914208,46.54863161957563,-234.3885738077031,Mild
7,10.506449893296631,4.803078271899447,2.3,15,17.90340847864082,28.75022619327375,48.94975148145798,Moderate
3,10.115509594083289,5.190303148163139,3.8,13,18.508150267667123,59.82818232740094,-93.54306345243884,Subclinical
4,8.417880709535662,5.308377775014041,4.5,2,23.836088666521864,61.50503351708688,-56.24872080902316,Moderate
5,5.834361316369953,6.016078824610382,2.9,16,25.94223588120056,78.58526317158459,-92.18906701760868,Moderate
6,7.988567197808837,6.516335802123896,2.7,20,14.575064104281262,70.82280008711767,73.43104844312947,Mild
1,10.81205923751076,5.675811041150132,4.4,13,22.005908819940917,49.30408886705133,-148.47827974442075,Subclinical
1,9.113279084821656,5.115444940288428,2.2,17,21.827010780066747,31.436406253314463,-49.06109042224513,Subclinical
5,7.626540459169029,5.529716245714964,3.1,2,23.367063512052223,63.65700805039948,-7.804907851200262,Mild
5,9.13152541911419,5.092915639288455,3.5,18,20.49344956067772,77.21506344829284,-178.8802214308134,Subclinical
3,5.715088628091912,3.5289359756402545,3.7,2,8.287511545191151,70.10369947607887,-123.59185363569227,Moderate
7,6.747791519873236,6.81033540554749,4.2,11,17.222887837361203,76.68955049714575,-61.85428267985833,Moderate
1,6.048455496159815,6.584126634985364,3.1,4,12.221462125415425,50.76220937603515,-120.93320277475,Subclinical
6,8.84522927302718,7.8860007922967155,3.8,9,16.986971135409632,45.66762063648709,-115.247341697532,Mild
4,9.285386299496167,8.236599167773129,3.8,8,22.90002118066947,40.26197295536402,-77.98901304611499,Mild
6,7.72311315104294,4.088775841296688,3.6,0,19.525754179374864,53.88207066772809,1.9665065316938524,Moderate
2,6.428726581868781,5.097520095545406,3.9,12,23.740454331987163,53.42818408062361,-77.41742215025155,Mild
2,7.964451631637671,8.513847516244171,2.8,2,19.708769603567696,59.13355257078233,36.27409555783572,Mild
5,7.124156196787147,5.451339261301318,2.3,18,11.508370301655486,52.41405085928984,-129.82062261274837,Mild
3,6.56689273155126,5.793053083056102,2.4,10,5.395764967136326,52.32744540546457,-150.1537808378762,Mild
2,8.610188633556643,3.674644057966505,2.7,15,18.74404380839795,39.46611894055712,104.10763245769073,Mild
1,6.635613999466387,5.6803463578921285,3.5,5,16.930367668244173,73.83238027102982,-102.6366502132409,Subclinical
6,5.180570480664633,7.818328449710907,4.5,2,13.115271303090587,56.53036124487423,-154.8729605657728,Critical
6,5.580593953346264,7.043950972124234,4.1,18,9.49686375174311,51.51112131429436,-189.3643153417464,Critical
5,5.114131159731291,4.768018454177748,4.4,5,14.326283932636452,40.05141493501591,36.008276304715125,Critical
7,8.445521449837168,5.024420360117901,3.1,7,17.02754257567612,28.36173779217828,-77.30436117280473,Moderate
7,8.270729788717095,4.142919649006884,3.2,12,21.32938911853195,81.15928385098687,-70.29677880531187,Mild
4,8.180936170114691,4.478604231700353,3.2,11,18.9431554078399,66.09277416263615,-62.73613692693117,Mild
5,9.057916974463897,3.2077456854562363,2.6,9,26.040336235863645,22.52164314860066,31.035430773582505,Moderate
4,10.14552594101081,5.398216390408309,2.2,2,12.82197971977303,70.26284601419314,-64.36238671807364,Mild
7,6.933920244514793,7.312132815916493,3.8,3,22.40529446028717,73.44962340466219,137.52430230661008,Moderate
5,8.731659459029153,5.926518308912499,5.0,0,18.23649371564364,57.48752244601859,-39.29915407566166,Mild
5,5.1566920866694215,7.139486787958878,2.5,12,21.473345620592923,86.96221791503518,34.94278135666569,Critical
5,10.481677543274031,6.787899281111198,2.1,3,15.817425683672283,59.33439284245766,14.419188632352544,Mild
7,5.759303771207318,4.843830292512847,4.3,10,23.358401869452948,26.6635294410162,-52.91578562064301,Critical
4,6.721853985727212,4.588592006312262,2.8,18,19.476123791726213,62.30338002096642,-96.95767888163708,Mild
4,6.924122875280434,4.634578531778254,4.5,10,14.602775075411254,59.89794603425459,-23.442885714675707,Moderate
5,5.252712205900018,3.4395256618695416,4.1,11,17.93987985543406,42.9340630244369,-9.192101503418158,Critical
2,8.058636039335411,5.538796279354689,4.8,10,16.802220705314504,66.4711767375485,-95.80688385012218,Mild
3,8.385026962762668,2.014642724107496,3.2,5,20.445891753188967,21.64669467618276,-36.692890723947535,Mild
7,7.659055392233211,6.209698611143663,4.0,11,12.101116253127458,74.81133654885579,48.89639826076768,Moderate
3,5.227554262344062,5.58625712286265,3.4,8,17.853241489421528,37.437565927890944,115.59581912557432,Critical
3,11.57009522273308,6.065727839793808,3.9,9,19.97653626324665,35.30107749765935,18.34954562795372,Mild
4,8.988615433702966,6.768419539537763,3.3,2,18.165116535965165,52.72350455385046,99.02077491042256,Mild
4,12.0,5.738553506006625,2.6,2,24.73470622194498,63.65945856087271,-100.34993689651644,Mild
2,6.550803368204674,7.457886085185707,3.5,19,21.87011387035526,58.27848127186859,6.150580164743509,Mild
3,9.724188010718558,6.246334973142652,3.6,15,17.962596016296267,40.146816684552434,57.081560686501774,Mild
3,9.402692997309494,4.59144778382074,4.4,2,19.083445487488365,44.87821417616223,-121.70666663775968,Mild
5,7.476964814424748,5.214746749424945,4.2,9,19.47832775741,32.33915305245076,-88.84720896360074,Moderate
4,10.539891621906603,2.786450767899836,4.0,10,20.01649802083412,50.5064019674026,89.03238094682001,Mild
3,7.270261986295199,4.417371471433401,2.3,7,8.87171002167696,76.50042429021819,-128.0079084629552,Mild
6,7.350395445035707,5.042804312879931,4.2,5,16.492368521153264,54.91474124712248,-157.29040261245686,Moderate
2,3.5,6.155528331469199,3.5,19,10.577804659032868,72.18828509518906,72.2385258911609,Moderate
6,8.736250496736748,4.599566765749827,4.7,10,24.39140473729743,84.10802675452383,45.74105799843508,Mild
6,5.614082158971668,4.004483183278683,4.8,20,17.695752399985363,43.23962961926066,-15.43038048129845,Critical
7,7.00870184774808,3.234961716390249,2.2,11,17.033295251601885,51.26853493889271,-53.6568603716662,Mild
7,6.15280465025895,4.784298977688018,4.5,15,22.48398666016617,98.4238572212499,-85.08196044839855,Moderate
2,7.340783229227129,7.841022162841515,2.1,17,20.111623987249374,83.8868682395989,-27.444090095275907,Mild
6,8.798984414391384,5.825328441876439,3.1,12,12.356827428103964,21.55190948375295,76.38455659212399,Moderate
3,8.020054813487763,6.627495294826215,3.6,2,17.645473187363155,62.74296632121813,-30.91470990863392,Mild
4,9.277354322910451,4.419934920802901,2.4,14,16.324165133868075,55.01119984679391,123.35674137975728,Mild
2,10.278133164054136,3.611860287877338,4.2,20,9.27733555696973,71.52906221717525,-121.83535885121844,Subclinical
5,7.336167313979896,4.034707043094319,2.0,13,14.548618833813975,40.10042465029889,-51.57446034626155,Moderate
6,7.138578964370995,5.383442669010836,2.5,17,17.08229838991767,38.20783255918656,-79.84469341311325,Moderate
2,9.723909776591617,3.107045387824892,3.7,13,17.425245342540787,41.47858569412781,-136.81132345298664,Subclinical
1,9.866685119731873,4.292091500308275,4.1,4,10.588842881613456,43.56142907603135,-62.24669864077244,Subclinical
1,9.333063562585483,4.796367176834448,4.7,20,23.758327915237377,71.30648333618029,-16.61365586716483,Subclinical
7,6.286078147869171,3.914889632724039,4.1,13,17.489484705542804,31.3759765370224,-8.0615856038376,Moderate
4,8.760779117902887,2.951580379210205,4.0,7,18.18776538330281,42.54772200081362,123.63617431556447,Moderate
3,8.19704708728512,5.84758443785171,3.2,14,20.003208191699184,19.21975218997117,-12.84260242211522,Mild
4,9.894552094429391,5.555045733861478,2.0,14,14.059618730481644,75.14235646824746,42.01094429436928,Mild
4,6.968830238832052,6.434835841156155,2.4,18,20.28177986566348,80.4206019886228,-44.71246029608193,Mild
4,5.000101475930151,4.167489100897069,3.6,19,16.164626769909084,48.458531382724274,84.24444803620761,Critical
4,9.242426240684493,6.4119072916569655,4.0,5,13.517072296764042,49.04101270373554,141.87594284704556,Moderate
5,3.5,7.335165033384262,3.3,18,20.867237466776995,64.06443804565795,-7.513189521924019,Moderate
5,6.683275872986606,5.814657678684226,4.2,7,25.45836929400904,84.48964014756511,-129.41272123612652,Moderate
7,6.15824807962707,4.768076446664008,3.6,5,21.62414686742916,63.17221495127835,-93.90440182217348,Mild
2,6.146117592369656,5.674096779411093,2.2,19,22.614887825702155,41.04916115049771,-27.445255743587037,Mild
1,6.651743352280828,4.710655132845307,2.6,14,15.396846967188504,22.62354856027119,-13.480157179948328,Mild
4,10.191272425552937,4.510859730785498,4.5,2,10.011901354157718,32.69747474673025,5.874010750749754,Moderate
7,9.476999754211471,6.319912467403991,4.2,9,25.450687610499205,56.4643890062493,-13.184185501596716,Mild
2,7.546884772413491,5.3331396162553615,4.7,14,28.2725744470238,41.89344953598411,-49.441206699524905,Mild
1,10.040522249346289,6.946114784140034,2.4,15,25.71403386884841,58.89935411981517,-100.89587529617027,Subclinical
6,6.087865120700527,4.969092412907716,5.0,16,16.32107030510125,43.94151967527532,-17.908939098861644,Moderate
3,5.843089905655115,5.090590503195987,2.6,18,12.22682830635578,33.83707137411177,98.39898859845252,Critical
5,9.554473986643863,4.8201868057222335,2.0,10,12.671586510902166,31.45936737093858,31.59428843422037,Mild
6,9.043357812780764,4.155779873575354,5.0,15,9.581337161929756,86.2470901874646,-7.223684029104156,Mild
1,7.171525877150018,6.477309878339909,2.8,4,17.463106907949772,72.77975498367286,32.365353905820086,Mild
6,5.956170391343365,8.122853997536986,4.0,4,26.028389790412277,89.61035903655917,-79.6851223120682,Critical
3,10.627517375068292,5.041327313720618,2.5,13,17.291686840638782,65.79901801510206,-90.66121168666564,Subclinical
7,4.903815408293927,4.683404867589992,3.7,17,19.511614501741374,46.40017182770322,-109.82280834927856,Critical
1,6.922833316381592,4.605611819551491,4.7,7,24.877984821521043,81.46681844979875,-60.02292982155503,Mild
6,8.411437749532215,4.684320126879544,3.0,4,15.979523440838,54.33863997276464,-83.76047173672642,Mild
5,11.243896655176602,7.479740423488962,4.0,6,28.177657283597974,59.41683540580705,46.661979252171136,Mild
5,8.689580381731796,4.6378233762881305,2.6,15,27.960472037487268,54.14351241848962,-88.0258734145751,Subclinical
2,8.864548375423938,4.797679838932552,3.9,13,17.344443306597586,0.0,-114.21773729799332,Mild
6,6.975109339733371,4.011574897418834,3.0,4,15.112328679903936,87.09470024589706,105.40617430645054,Moderate
4,9.023264405494276,5.852378528635684,2.6,8,21.486190231951564,64.82007891915507,-86.11001848650749,Subclinical
6,8.189556777582357,5.419324525418816,2.9,3,16.26237528740571,61.5964612173702,-37.71772341997192,Mild
7,5.140763827248396,4.135385469036928,2.5,3,12.217223914663318,53.76447875458879,-13.894174020527068,Moderate
1,9.427282736287593,4.4286044832183045,4.7,15,24.406193267614903,58.26855640772262,-140.93544951366522,Subclinical
1,9.746708101724332,7.3395200446426685,3.2,16,24.0822369363854,43.05442128307504,48.83870156024554,Subclinical
7,9.446057087878092,5.539249307522521,2.7,14,18.777558018817803,67.33158704614542,0.9695232328982044,Mild
6,8.059990266198444,5.622022474536757,3.3,3,11.68567623135911,28.858033112017356,74.67072095046254,Moderate
7,6.278881610330635,5.626784590031273,3.0,5,11.852368743913068,58.72136864941093,-104.33775497744804,Mild
3,3.8434692836872415,7.173550465853412,4.2,15,18.536146442095763,66.2314694114221,-42.0699366019072,Moderate
7,8.28269648972261,4.245742765215148,4.9,3,15.500644827474838,51.02661732354194,-46.85153960046437,Mild
5,9.947495707533529,5.024325375788255,3.3,5,16.294535339291958,62.417355849420495,-28.888920451998253,Subclinical
7,9.791958444349545,5.297241752004987,4.6,4,23.109815775300017,35.173312155315,-166.36917988617287,Mild
1,9.468931118108928,3.434589009652331,3.7,15,21.66589658711279,35.68346458208072,-41.13308970462221,Subclinical
5,7.866420238611097,4.400630180102388,2.5,15,24.890713402488064,59.73434242052787,-164.11711291389963,Mild
1,9.957435513256694,6.7560097927371245,4.1,9,13.046883883113711,68.57099309242103,-21.333274304246288,Subclinical
2,9.663491282940624,6.412256195596141,3.5,8,16.28404215656644,17.50268688996578,-220.2919299614816,Mild
4,7.239259590701195,6.624480250122438,4.0,3,21.794908477300563,65.44041270221533,-198.1269467432469,Moderate
1,9.217876429908523,4.793091732962319,4.7,13,20.240391705064457,44.13596999247326,15.483897315199869,Mild
5,7.035273538263275,4.941165711857396,3.3,3,25.66190191293811,51.14387825385175,-93.7470764155826,Mild
2,8.97204361691046,3.354321405954361,4.7,11,20.10268352952035,28.209641528699255,-129.02864589057927,Mild
1,5.661590040258079,6.618321450779572,4.3,9,27.24054552052776,37.96765519626584,51.667649686043845,Critical
3,5.800018744388741,6.815982722519316,3.5,3,20.700089008615706,74.32250651060622,-23.7899026137268,Moderate
7,9.904772684499031,6.80070515984273,3.8,17,23.3108372379433,55.657267479604265,19.76721564270269,Mild
4,9.687608219968578,7.424909504172687,3.0,12,16.382425266077714,47.34443196580883,-63.29936578566644,Mild
1,9.140500773036496,6.006530312187887,5.0,12,18.071436059419945,52.6702329473793,164.37029551200024,Subclinical
2,8.158343877895096,7.368258203856031,4.0,13,22.554722019197374,64.78423649328602,-98.3611088447836,Mild
3,3.695706024156532,5.259430469010546,2.1,17,26.06489085296527,63.80988992326675,89.55964394879106,Moderate
6,7.865223311228319,3.37958756199334,3.0,0,21.646184746553764,53.49945999206398,-54.90928320799303,Mild
2,8.817529700941709,6.532869612688141,3.9,20,17.584141140326903,76.85918221793337,-182.36083159301967,Subclinical
7,7.037480154392735,3.3353330487895656,2.2,15,24.88667514764171,74.40925273813332,-11.372100340151311,Mild
2,6.717510452945172,5.704242459392038,2.1,14,7.040106718600596,63.26744058260792,-24.818995083586906,Mild
3,10.599956698676646,6.646388562549107,3.4,4,10.888827492465632,56.09223565820141,-134.10574513913838,Subclinical
2,7.891479815495098,5.889110555242237,3.0,5,21.408171118341944,68.14642190239078,-123.77754217077718,Subclinical
3,8.818631305356284,8.23389168469873,3.3,5,18.070541781265625,61.28534843602367,-51.975811446799376,Subclinical
1,9.393436630914858,3.1408852070236266,2.8,2,21.027568255620828,76.21600143611894,-22.02017478016148,Subclinical
3,6.19741326229086,5.400567192956902,2.5,15,18.32203761215971,72.99122753476615,-247.65306263035205,Mild
3,8.347773360885549,5.520946558303187,4.1,11,20.854728473019364,34.634921971645426,34.24971620190422,Moderate
4,10.37536009005914,3.887076620581104,3.5,3,13.927985895034046,33.28073658516587,-89.55983790519821,Mild
3,11.274601729939498,4.115520651130858,2.6,0,20.852430430398453,40.97500911191848,-156.5397987518541,Mild
3,8.071885514986443,4.48584566700808,3.0,3,22.97207264103792,74.52277380133842,25.285324116154456,Mild
6,7.571701614775265,4.180423247140885,3.8,0,24.102753019656163,23.473820064575087,-51.88943835347651,Moderate
1,8.48424332264756,5.370406419803358,2.2,20,28.067771473243496,62.89514778215987,47.293262142580346,Subclinical
7,8.438546684649538,4.776442119817409,2.4,7,19.22049221751193,62.250861821859225,-14.96381896161956,Mild
4,10.496164519036077,5.88149006091481,2.2,4,19.36955543423589,78.25296117372386,-50.12116023584368,Subclinical
6,6.206494959499279,6.279316559443675,4.4,1,10.38413767913076,58.60677381327775,-62.21839559841249,Moderate
5,7.496228444901161,6.198134751662667,4.3,11,15.342942994307876,28.135812188321985,-11.382979155508975,Critical
1,5.9891456116222805,5.007848505778292,4.3,16,17.034589629966938,35.81290078703754,-83.08250070474642,Moderate
1,6.178229205564361,5.841370755357366,4.1,6,23.25159776138177,31.360089562043505,-118.20580709971996,Mild
5,8.677833227250424,6.74215469941208,4.0,10,14.944994379551854,44.24112067333719,-1.207270187628488,Mild
7,9.457744114946648,6.034677497532988,3.4,3,21.981700098744163,51.34196865152146,-61.55902731555435,Subclinical
3,6.831094951261258,7.730773233332104,3.9,4,17.9918914151831,31.69116947557886,-47.31458815447952,Moderate
6,9.38977062015552,6.678614784120025,2.1,5,17.11415942442619,84.41323981304578,37.150386892368616,Mild
2,10.000841582837545,7.562088487178153,3.9,10,19.24446984566628,28.49437256095118,-59.11012861885928,Mild
4,11.482470797180104,2.5091882464839226,4.3,0,16.044218138735786,81.92206847724961,-48.79728595665676,Mild
2,8.125544327913888,5.616011345368278,3.5,9,15.854813759536672,78.70326062878681,-97.97196091607456,Subclinical
5,6.848423850600561,5.111280998857338,3.1,19,9.476070471049429,72.9660509937807,-15.540805281451938,Mild
1,6.1955505231093895,5.350024323622942,2.8,20,16.760228963360554,41.124667850065,-22.01376698559296,Mild
7,6.016772243744192,4.534048695875033,3.9,10,15.600159269256368,61.84901758353803,22.06201054324464,Moderate
1,10.249605262526492,5.975439280461016,4.1,16,15.420095053254602,29.45257732898764,-96.33030696055008,Mild
4,5.27282838267983,3.329972281099105,4.6,7,20.0843653129502,73.21814070067498,-86.62535756721485,Critical
1,10.19194727417216,5.984124235445549,3.0,12,21.29315976395255,53.52030436927462,13.370991931637548,Subclinical
1,6.436806147346132,4.573946535783351,4.3,19,19.16097252321164,46.81359570826629,-29.82295973097093,Mild
4,6.76662884385307,4.899536691855479,3.7,17,22.97707595224737,30.52510306687461,-122.49745009541556,Moderate
6,7.727200180982036,6.026202123478885,4.6,15,20.877809629151827,5.449877627419667,54.52432541876006,Critical
6,6.73342181078028,5.5945332734396,3.6,1,16.52471905097179,34.22918285928488,-185.87604547202008,Moderate
4,9.677563558927234,6.764705093687744,3.6,4,15.6857185714281,77.25596391225812,12.742780261100144,Mild
7,11.264019113568995,4.336595792984813,3.7,17,19.564111183834232,46.94333143050392,-151.2169628798557,Mild
5,6.816622116404352,5.403153217339447,4.2,2,20.868835549509505,51.61342285769906,100.86308131884216,Critical
1,7.221971889503671,6.566527740413381,4.9,16,24.98922153515749,68.11108716576905,-173.56797815244988,Mild
7,7.706022546888983,5.933439692501678,2.2,15,23.95586522470048,91.1133775623253,42.18005214981987,Mild
1,8.973902174286748,6.010713104155355,2.2,5,15.292634967464156,81.50009309891277,-56.53074880089952,Subclinical
5,7.723728297879458,6.829651430059881,4.8,18,17.489968599363692,35.553299923676235,-79.32820558709952,Moderate
6,10.497063339894671,5.012509061356567,3.6,6,21.35508902458885,16.14858857125187,-35.1682674825791,Mild
7,10.06392304981147,4.759802947453275,3.8,17,23.339988890294865,100.0,0.5520271326250352,Mild
3,5.86616776352882,6.191085324318803,3.4,13,22.69484734352396,100.0,-122.35204018646957,Moderate
3,8.937742698034691,5.320682216786693,2.3,5,17.680610835843268,58.76907192858565,-115.26301801348578,Subclinical
3,10.736610627157106,6.846644281237259,4.3,7,11.729886737857417,29.590235088363567,1.9683892090308677,Moderate
6,7.10939429761961,5.943728124538067,4.2,14,13.005318118772044,74.26453067787878,-186.587436291968,Moderate
6,7.470323230771598,4.751979183651686,2.9,14,19.36316757159707,52.8403262797478,-96.73832745536684,Mild
5,7.049533403864681,5.90606083217337,2.9,14,19.711127897121727,52.74037753786779,193.25495633275528,Moderate
1,7.08726389205769,4.41676040293296,4.5,15,12.506603132828076,72.88917686210257,-127.44103716714248,Mild
5,4.996787206560114,6.636314162028468,2.2,0,18.22284805444636,61.68749493746597,41.82422334078021,Critical
5,5.609033087362908,3.823417232142218,4.6,10,21.156121784858914,31.283701779701097,-96.87606149710496,Critical
6,8.139452693727014,6.9664783290354215,2.8,4,12.243866712464278,48.50516129836052,-9.276388416228484,Mild
3,10.724476354375,5.885051813421493,3.8,4,23.524986009022072,68.22305857322694,2.3484552476973946,Subclinical
2,6.89595053746709,5.302526836452791,4.8,20,16.112344257200874,65.20504444810037,40.316538814635805,Moderate
1,6.843036854692596,6.416000981120652,4.0,5,24.28806556288325,60.24033148716951,-66.02030614502206,Mild
6,11.062737926757322,6.113591972994826,3.2,1,15.3327377711205,73.66845908951728,109.11077110038826,Mild
3,6.005136568731224,7.0964580227896725,4.1,5,12.866872585579106,47.76566024365471,-97.14692516681444,Moderate
7,5.00976230712844,7.08527408602416,3.0,13,15.709315050791403,58.57339550438144,-31.2623669120352,Moderate
2,6.5086722149525,5.922748532999544,2.8,10,17.524259384613398,0.0,-30.3778454225914,Moderate
2,6.806987938170141,4.453875174350108,5.0,3,16.057600466142596,46.00699612314372,-139.75744959595323,Moderate
6,4.854584447548882,4.850189199464511,4.3,8,16.919992892134434,70.27805817151288,-72.86978039832965,Critical
4,7.7695249287056996,5.414023737026022,3.9,2,19.66982574838095,47.19211065765715,-37.078920060927416,Moderate
1,9.707203429750765,6.798066033274113,3.1,15,17.144103151018,45.67545216565776,-84.56968345035358,Subclinical
2,5.685281407313313,4.95233624639503,2.1,10,17.669438030239967,34.17094096450363,145.27391723652278,Critical
6,8.15764079411646,5.052471375483837,2.1,3,9.45386800398702,75.06731785458291,-117.08989388796246,Mild
6,8.712684216128192,7.718020755120913,3.7,0,19.958490080052364,65.96926547081141,44.35395745123422,Mild
3,7.849908304506273,5.374841786346728,4.3,20,17.55398351154166,71.5082919564617,18.516785051902914,Mild
7,8.334246661533907,4.738321731680074,3.6,15,26.051464902414352,20.475720760842208,-51.108970760341705,Moderate
4,8.35518907267138,6.4319752340729766,4.5,18,13.302174163730207,51.79099913468732,-119.21672430817976,Mild
1,6.537089677546822,5.432638860448498,2.1,15,8.958523357502427,49.397779844999874,-111.4604256313416,Mild
5,10.697448629621364,3.832481003879722,3.1,10,21.09034246965021,49.38856586802895,-91.4373839373208,Mild
7,10.245962301337189,6.7490968993688485,2.7,7,19.732635091565,42.679449125640886,-192.85930255570105,Mild
7,10.1418405150341,4.60355281516087,3.3,0,12.95783489734427,48.07791456439969,-130.27723406394324,Mild
3,9.824616332978954,5.552302718067491,2.2,20,10.351255224979544,71.99289565413304,-168.59812122909142,Subclinical
2,5.1650369550205575,5.4182330634551725,4.9,8,25.68698365342145,16.74297293304341,57.67000025421734,Critical
2,9.666912280061538,5.776121408163836,2.7,11,25.07055195303391,90.54589536060908,-0.5230086089425185,Subclinical
3,9.180082569589114,2.8707111129224026,4.8,7,5.562716206469354,64.67682250052923,12.877927909236831,Mild
6,5.23425749310119,5.097880625440919,3.3,16,15.708884853717496,54.15336208679575,-2.8934438766441843,Moderate
2,7.613161360729859,6.8498044721388425,5.0,9,26.320960273919496,73.13668292745852,-36.64259013326695,Mild
4,8.49822820878552,7.018534623869985,3.7,6,15.619687211110666,25.9633050966313,66.85442657033096,Moderate
1,10.995770776624344,4.310451542031615,4.8,18,15.546938829866736,41.70598189697972,-98.86101245853898,Subclinical
7,9.304502944209666,6.604717891254179,2.0,5,16.58620336185316,52.57849135218892,-41.46642757063641,Subclinical
7,6.443781690899057,4.5862842946893,4.2,20,12.395515131159204,82.31120740864355,9.76470622592985,Moderate
4,11.051699225213534,5.05056128873526,4.7,18,9.47612127885978,54.07006837746884,-155.69673854849032,Mild
2,8.078803572885,5.113618760248898,2.4,17,23.262736553673744,64.00109342370293,197.72711169140396,Mild
7,7.539485953574434,5.63056445164649,2.3,14,8.785315468761622,43.208420081277445,-47.71473897779311,Mild
5,7.411187246140138,6.701639747549034,3.3,1,19.23635726054378,64.73684137934981,-38.64084395395258,Moderate
1,5.07760057155836,5.817501443234933,4.8,13,22.432897463788247,88.54479185948914,50.55024253399374,Moderate
1,7.802414893130944,5.348641887611387,3.6,20,10.74386850549421,74.91053383348228,23.196426640817904,Subclinical
7,8.895473463150184,6.660773479645859,3.6,9,13.378657987024642,53.37088024444241,-46.95375844828327,Subclinical
3,7.306310010454611,4.536806331719543,2.4,15,24.065895941957947,68.5098169453094,-39.58964495215664,Mild
7,8.756814459045605,5.4073390678384605,2.0,6,20.6644586011352,66.55033909214424,-170.3318824758383,Subclinical
3,6.4440960723544745,6.6949374740530345,4.4,7,14.913571465605564,65.13175343394552,-94.51726222799807,Mild
7,7.746329754300285,6.135167454148688,2.3,9,24.01124501680585,77.23906721720817,-8.623182707283178,Mild
5,8.569772587895537,4.9404352270661045,3.9,14,24.03267861727151,77.08955407674932,-14.488572876569071,Mild
6,8.341389578714157,3.684451880079679,4.7,7,19.34526346507853,52.45682806250231,47.693260000326944,Moderate
1,5.110162838505717,5.873029828953774,2.6,12,13.499198860631688,67.83758122955538,-59.64008465786597,Mild
7,7.2097892884317885,3.605589757716413,4.0,11,15.932756482641024,47.33810157680412,-160.9829210744693,Moderate
5,11.01943327456269,5.244998362370602,2.2,7,19.43193371977695,36.53855207368845,34.53843446205424,Mild
3,7.113597066205068,6.914738079084001,3.8,14,17.05702585426256,49.61012488592027,64.88714769456126,Moderate
3,8.028453579401312,6.216110375562219,2.5,11,22.694785891174256,53.47443696520835,21.859565828498347,Mild
1,7.8438396490119,3.0716152263853997,4.2,10,10.35112959945332,21.76838021644016,-63.090693668599314,Mild
4,10.822831566055372,5.74054180520838,2.9,18,10.528682354668806,72.2066511883344,33.55088415012632,Mild
7,10.322662619950409,5.116996102476887,3.4,13,18.904355557412163,0.0,224.31283824065707,Moderate
2,9.453555799673858,3.971539119129461,3.8,17,15.542277930965476,100.0,-40.78781484476195,Subclinical
3,6.248163835929439,5.902025554962523,2.5,12,14.864756926511296,85.03758267592637,-154.93893537960997,Mild
6,8.646529488545744,4.909914581451128,4.2,3,9.159716404128014,49.77982551655373,-96.90280396417216,Mild
6,9.022295137535238,4.917359153632603,2.9,16,18.09772922399091,55.18852721127546,0.0380800243240742,Mild
3,6.742511295927102,5.648854142112064,4.0,18,17.736224459996173,61.05943747174567,-178.38434487184503,Mild
4,6.43306920947416,4.748938562918219,2.5,8,21.267394909758703,43.21679224022116,-36.44775400703444,Moderate
4,11.069025464972654,5.614883000639876,4.1,6,18.34453066560486,58.852382951738726,-19.573067974729376,Mild
5,7.458554038009528,4.788010132444079,2.4,0,17.336979608797517,52.12000044596678,72.80973918501216,Moderate
6,10.906958274040068,4.8538462472529496,3.3,6,23.885003183951685,53.11454565538068,54.81558848434403,Mild
5,9.79476875989016,6.691515723154634,2.7,6,11.437663482757252,58.62922126961277,19.16678334014168,Mild
6,8.734178208275578,6.813605963656332,4.2,19,20.68194609423788,28.729444032920117,-223.0143208411624,Moderate
7,8.814556585447072,3.4496149034288504,2.8,6,9.644264176023256,55.79139448267296,23.68425024383401,Mild
7,5.479244791404618,6.396487412615863,4.6,7,13.808190599995962,58.26895493234954,6.441070884819709,Critical
2,8.37219460370195,7.178309205551327,4.7,15,11.936714336883432,57.576992427118284,-29.52444983373228,Mild
7,10.550636743366928,7.368852180884291,2.6,2,21.90971267725959,50.68338489127691,-188.41777009163883,Mild
2,9.226411105734096,6.124455671062143,3.8,12,17.67294883202303,77.75715551938744,-112.14191273496482,Subclinical
7,8.277806036715939,4.231122570707323,2.3,9,17.932483777035117,47.92694890236898,-143.3458215627253,Mild
1,11.081486952470652,6.255977008417041,3.2,17,12.466335061352744,59.5465181364638,-211.20067516056724,Subclinical
7,7.666926699210553,4.4568971737409,4.1,6,16.501532520335555,80.94595067851091,-50.23321211318356,Mild
5,6.884799784960968,5.088441800612015,4.0,20,14.182673483454442,53.41247719959375,-113.82576971542235,Moderate
3,8.276897448940863,5.959698588453783,3.9,20,19.91727507427108,59.28926534935103,160.02444642151292,Mild
5,9.379641262600872,4.534288784057513,2.8,4,13.044544323341931,53.07230727370206,-63.50175515503277,Subclinical
3,4.90797062754513,4.124319631938659,3.1,6,24.64897182602538,79.74739587127198,53.50025246927683,Moderate
4,8.512763558282751,6.058927982188988,2.3,16,9.622097751879528,49.845508768274094,-175.52792197545796,Mild
5,9.45862102796536,7.740669045174778,4.2,3,13.967400837717191,80.66709154576411,-92.40716688038958,Mild
4,7.51464507446565,6.991881196575356,3.5,15,26.38600254983048,52.92824210705871,-42.24816991725484,Mild
2,9.992536579344756,6.348623422060114,4.1,18,15.824306260189829,37.81080553103966,-122.65231588861364,Mild
2,9.154135992339926,6.67502252270768,2.7,9,11.42560667797794,68.58746341148242,-83.77605478437954,Subclinical
1,11.854489613319938,6.265263396618299,3.0,2,19.09535781268834,48.90664332488688,-67.43607249948309,Subclinical
7,6.648914784353813,6.039880275291272,3.0,2,15.623038788927287,67.41001798198326,-68.71263883559155,Moderate
5,9.49527773089296,6.578341407518376,2.1,16,13.820648721908473,0.4119123015253194,98.4094858428277,Moderate
4,6.168816965964671,3.8579642895351736,3.0,9,12.520645946006413,55.10410523789893,-19.741897165479187,Mild
3,5.092340387701893,5.739382359331496,4.4,16,31.84186802812972,45.80789402485039,-11.639154964695734,Critical
2,4.336044482927829,5.402862152507388,4.7,16,16.74224049907932,33.73482626937444,-6.827618052394364,Critical
7,8.968983240314468,5.594683397373476,3.6,20,8.372163198335615,43.935179963204014,-0.9898898130309988,Mild
2,8.331646245099385,4.946353342303852,3.4,3,25.468548795027672,43.52593711414697,-56.63095870998923,Mild
3,7.137708096748844,6.124585413729078,2.1,20,21.05535452555285,54.04028410298838,-75.6597097183077,Mild
7,4.807692198890697,4.518486388374871,4.6,5,14.16766784490106,27.653470774300885,-36.65471523853781,Critical
7,6.757304072950383,4.859374084729559,2.0,11,13.334404556569291,61.32547560519427,42.54431591307781,Moderate
4,8.007367413815821,4.71534410361748,4.8,19,21.367363980791158,82.32429570411576,40.09905507491069,Moderate
4,9.427704860227577,6.536735964723842,3.5,16,16.765408362552726,60.618569938956526,-69.23187805507288,Subclinical
5,7.970235649554274,5.485931796148968,3.0,16,8.370110907774494,71.17977218458017,11.427495573448915,Mild
5,8.4537086168695,4.947001192243884,4.8,9,26.936199823023344,76.89124909227591,-65.56677304317343,Mild
6,7.3229617142465555,5.051884365980583,2.1,6,15.830047688920216,79.72979024368354,-47.29035604518046,Mild
6,11.148603564548878,5.504656740016489,3.7,15,25.477858682412133,92.40277385642612,-87.8818705243358,Subclinical
1,6.16715064020919,7.446609902643824,3.6,12,24.392174789828573,45.0159600344814,-64.53161111249868,Mild
2,6.74137120888677,4.016175596383993,2.7,2,12.994952277585927,40.63032029677767,57.30640556397441,Moderate
5,7.113755466811677,6.310611997215743,3.3,1,23.165949321815734,70.66931296649469,-42.60630821286109,Moderate
4,8.976867916358103,6.066234805637209,4.0,15,14.742787250681594,69.165324393148,-39.17739931581457,Mild
3,6.130052378383615,4.440441521863869,4.2,5,8.666497065980291,70.51350599231378,-165.77742234063666,Mild
4,8.244293462986397,7.260247948185624,2.0,5,15.877009169889288,92.78564908500503,-74.73951261061836,Mild
2,8.296838258167803,6.147136541056812,4.8,12,19.9881875088814,55.22739817596988,-69.3051922995783,Mild
6,6.750155652679916,4.890720036124292,2.5,6,15.686316760018313,63.5231311929237,-116.3314788354724,Mild
4,8.593963029722342,3.2687040088644883,2.7,4,16.464758295374494,35.392234970330506,-48.26676706371492,Mild
1,6.185934982272624,5.774976201398935,2.8,6,23.717830224643063,97.70642247951916,-84.33458321821234,Subclinical
2,5.989266543568856,5.44630529829282,2.1,1,18.532469901450455,48.26910157581778,-43.60033158051343,Critical
6,8.179290361738593,4.263144482480657,2.4,16,13.783508443575236,48.8356814367834,-40.279759214485246,Mild
3,5.012439946139487,4.247662707837236,5.0,12,21.510151618336632,48.06500217983515,-126.46034862581156,Critical
6,4.139355135409572,6.5422118405434055,2.9,20,18.988377834771224,42.10208282711324,-81.89614259865515,Critical
7,8.959099941434241,3.153166111214806,2.3,20,5.391975992689785,40.411259023047016,-43.81005737913331,Mild
1,9.888145896664106,5.877139306087644,2.3,15,20.141764568857244,44.5259143422095,44.74395449253804,Subclinical
2,7.159754386353447,5.275075629626966,4.2,19,19.95914353858051,27.684081438981107,-29.46246617634076,Moderate
3,6.797472826224013,6.096585794024128,4.6,1,18.1006056479043,39.293641594735234,-102.95481439339422,Moderate
1,9.809963406754209,5.146833988167758,2.8,4,22.45850290534788,93.97926222895238,-18.07961926049181,Subclinical
6,5.938031207601944,5.851929958312377,2.1,17,14.63803207836749,69.71310287282738,86.60391114574085,Critical
1,5.545929275501915,4.608670186565549,2.7,6,19.682498944104506,73.51808353455436,23.33651780712148,Moderate
2,9.273745562675275,5.4409541005919575,2.2,10,10.165203144163236,78.54417574833829,-6.197877565150385,Subclinical
5,8.016268735722154,6.086900653780891,2.3,10,20.03545191699416,91.68269128724782,8.047214038585722,Mild
1,9.916778130722427,5.681046245530564,3.3,16,27.76529847769948,19.57154897112312,65.19632331429045,Mild
7,4.147521418199638,5.956368210881853,2.7,15,13.025718237662296,30.40233769426919,36.05014352141281,Critical
1,5.478786815986586,4.386494440658024,3.5,12,14.200989340061124,38.925526782106296,-4.659169510587375,Moderate
6,8.025797707719482,4.791190525738178,2.8,4,14.449922785542238,45.605404070208046,35.4913775672068,Moderate
6,8.751812657270817,4.811992192940866,4.8,19,18.649991129007976,48.98861218829502,-136.53208770112485,Mild
3,9.524594757841026,5.1682122932958965,4.7,15,12.684818635731409,46.06044894387918,-170.1812201872225,Mild
6,8.3146719838558,7.130299443541394,3.7,15,20.106236893454906,59.38617826264108,-37.43210794849359,Mild
4,8.296379279645425,5.074985493357159,3.1,15,22.234199727345825,55.70590781490432,-44.505543227956935,Mild
2,7.299077222545643,4.1277286482814,3.1,13,20.67173606726892,40.54330409643501,-93.5128042810606,Mild
2,10.863628828828132,6.149974825420711,3.2,5,9.15792287180964,11.4890244602486,16.068213586216757,Mild
5,6.014557780153104,7.115972117721378,4.2,1,22.97583832579303,35.14262589242604,-199.0290869160989,Critical
5,8.64623627460069,3.986545777777229,3.4,13,22.6868370712684,44.015226933748494,-92.7817804846243,Mild
2,6.221944097741565,7.867372905661708,4.6,15,22.15080686173152,50.05841126384561,-88.7964435902092,Mild
7,8.962601382449018,5.998211922787686,4.8,19,19.86421124327913,32.40665081378926,-180.9041428079568,Mild
5,6.1333683751020205,6.740668946882069,3.0,12,19.100946571025663,45.1838706700716,69.57848058154433,Moderate
3,9.338868257300824,7.260485962051978,3.7,14,23.161946990631986,32.38025223028828,-158.73610149306586,Subclinical
6,8.20178890428413,6.66714117124929,2.3,11,27.617567438017275,52.48361296903334,-97.06720458461488,Mild
2,11.140350511865629,5.367357283590781,2.6,8,13.234797683175753,33.5381734327477,22.6383806244107,Mild
5,7.4941646349111455,6.961237773029698,3.2,17,23.39062697897386,38.02190687259071,1.683627474298525,Moderate
2,8.764939009245582,5.805519723845103,2.6,20,17.568914509962735,28.82631738021722,-138.65397571877972,Mild
4,6.596618695170722,6.808581669889168,4.6,13,17.351634739856998,51.92998608860432,4.599136740850923,Moderate
1,7.481792588405669,6.939850580536819,2.5,19,10.317346548089809,37.67104460095203,-26.81724170734225,Mild
6,8.190349062999836,4.190924092032677,3.4,3,16.576052952423026,73.13568533350859,136.6428449689174,Mild
2,5.251004139551527,6.453161358372408,3.8,7,13.013675210157924,63.11700533385798,-17.68476671453564,Moderate
1,5.4482769184674105,5.2817296977839545,4.1,7,15.680727852470271,53.60296263632714,-61.29934568548254,Moderate
5,9.07974673970416,5.665828764140818,3.1,15,12.509068081109252,39.05029005312423,-118.52015656955382,Mild
1,7.737043721242976,5.6525112986113575,4.6,9,15.755458063434968,62.61040610632606,-109.5394693564457,Subclinical
6,6.932732240513561,5.60436426109043,3.7,20,15.969448214882984,68.81401778697274,-116.06152763745266,Mild
2,6.67342487524984,7.328230374674847,3.3,16,18.483774592194003,57.85376824403261,59.68790511295376,Mild
4,6.742720167697351,3.860262847727124,2.2,0,9.926250688543345,87.0740371093386,-48.56240679868235,Moderate
7,8.202591287014812,3.433187971756257,3.4,17,10.772409261273385,64.19274636149632,-4.780230082021603,Mild
5,8.801064555409141,3.180051914001312,4.5,9,19.809571353652636,73.27214435136068,71.13980799847097,Mild
2,4.234206986674597,6.782973116723096,3.8,20,14.012809414649505,57.67130831071957,-238.6771313765972,Moderate
6,10.543101302185804,4.571875009758808,4.5,3,23.372648951149657,68.51328906513953,52.30990117603,Mild
5,10.415061373295586,5.658623763417864,3.5,0,19.126348610075237,39.064375346616494,-45.56824705733327,Mild
3,3.804821425615581,5.362339451050505,2.4,3,21.03381075103204,45.83203273574412,-15.196130268764447,Moderate
1,9.954668053381036,4.436349831232024,2.0,3,25.053461602104477,61.9872710696476,-116.2722577398601,Subclinical
7,9.899393932395876,6.521772685066838,2.9,3,16.451445940967137,61.841989631147634,-110.40995187588148,Subclinical
6,8.00080188953758,5.347044438139139,4.1,16,15.12756647291862,65.15223645886495,-10.892328814960967,Mild
3,5.665096480607223,5.214717907553938,4.4,8,22.358512927994067,77.00785784557459,140.76782402651756,Critical
2,9.82741056499713,5.779445569288301,2.9,18,20.547567819648428,26.50057656369176,30.265065025192115,Mild
4,7.565784080664767,6.3649265018058605,3.5,12,17.063348450893496,35.51094904779408,51.24183371348323,Moderate
5,8.987981918874121,4.349228507758663,3.3,3,24.95728983477971,59.59145282148506,-65.36010162091358,Subclinical
1,11.9945622895312,6.547502016799944,3.2,4,16.938778450800346,40.51272736393079,-98.01633796685024,Subclinical
5,8.453306151122513,7.23982422372802,2.7,12,18.163868187778903,100.0,-112.46439612631949,Mild
7,6.349607554906589,3.7886531574865887,2.4,15,18.10611325417129,65.31439238340272,-89.06189797573504,Mild
2,7.395684209144501,5.833958774953397,2.6,4,13.327030525507643,53.43338302139686,-214.22259465364203,Mild
5,6.578998351566222,5.134093345171207,2.2,7,18.387926947431957,44.69061453832282,-107.99354743132815,Moderate
1,8.78028149140734,6.3390766968641685,2.6,15,24.98380088699245,45.39675433613911,-94.82825248478746,Subclinical
2,6.549078394250351,4.040008944967779,2.0,0,20.22484157688088,55.602813226303546,-64.02865395158729,Mild
5,7.148867439770642,7.45472587077229,3.9,5,18.155317131994657,57.23963865242516,-39.459991220216665,Moderate
4,5.68802532606632,3.570526232285117,2.9,10,17.191163594171655,45.86601710612974,-21.003930509951157,Critical
6,7.762243390065541,5.206862872268159,4.9,15,19.654335142031755,49.536955069601966,-51.194029795436805,Moderate
2,8.318158627943689,6.021155291194432,2.6,4,21.748833142445925,81.88569150469192,-96.51544690742055,Subclinical
6,3.5,4.67639578367821,3.0,15,21.046194154448763,82.69009925302069,-207.06869146124168,Moderate
2,8.467232410664398,4.487918141851555,3.1,6,16.340675690890105,60.04067959869754,-96.02468867214348,Subclinical
4,7.917739584025798,5.766682763956629,2.0,18,19.62390797055057,28.174805455265247,-127.7960510149604,Moderate
6,6.623014492238971,5.593311903989297,4.5,0,20.399698705741397,65.77006313278088,-12.714660137711697,Moderate
3,11.65153206368577,5.507125803298179,2.1,8,12.964025062365108,86.08564883222051,22.742991735495508,Subclinical
1,9.72525774968856,6.530426213758751,4.8,17,18.84115270591847,82.39562203924757,25.08568536479514,Subclinical
3,6.026475524927477,5.026632767886374,4.7,12,7.193480568488191,69.68851705619335,10.556218890225608,Moderate
5,9.508826383228053,5.883511179754006,3.6,14,20.412668549105923,83.44845910571644,-60.68205883619906,Subclinical
4,10.240096536837903,4.892076630069022,3.6,2,21.301715272813407,56.06768544958044,-91.75644523807172,Mild
3,8.237637660711602,4.48080461700471,4.0,9,21.737730628932297,67.5620593966741,-109.7682202933653,Mild
2,8.650595666505186,5.158289645811978,3.2,8,16.024765739152162,41.38448867349639,-170.59991332814005,Subclinical
5,8.609024000458863,4.9014817753676425,3.9,12,19.54523417512017,60.84530912311424,29.34829604062861,Mild
5,4.24553145393808,4.961435438604663,2.1,15,25.119769227705834,81.59068487941049,-63.97688303439796,Moderate
3,7.663634725669281,6.898392901362594,2.2,2,25.06884824145629,43.21153177026218,-149.7072234896699,Mild
3,7.569956884428748,5.195075855157335,3.4,14,17.854136503867196,37.77113141071428,-116.11931005681878,Mild
4,10.57428014580778,4.704511993264163,3.6,16,18.6965981536478,56.949778780473935,-119.35787651460416,Subclinical
1,8.600710154411372,5.5336945288575885,4.7,13,23.554555723672166,50.46675592552001,-46.55804119878986,Subclinical
3,7.464300268189949,5.625073526954089,2.3,6,10.495989923689129,67.98295442140841,35.397428085654866,Mild
7,7.83777546621618,4.075742524487114,4.5,19,16.384621286614877,45.93480948105916,-77.83916396764666,Moderate
3,9.842094046929322,5.141912473691388,2.6,15,24.677852277683783,89.36879231205428,-230.20268118269195,Subclinical
6,7.667747606158432,5.093578811081684,3.2,20,22.87600270842383,29.206478040778883,-65.13442681271361,Moderate
2,6.743248040435104,5.293426871549832,2.9,7,19.846318888249524,80.07469572439469,-62.49551200777566,Mild
7,7.503736052742441,6.370634047645583,3.2,3,10.470837973346898,39.70301543383794,-67.99361847484174,Mild
7,9.693253058880828,5.664006245395459,2.5,19,17.75044883479419,19.080345308319536,-100.19689331805614,Mild
6,8.893096830076285,6.973524816862397,3.5,14,15.050423018750337,59.75750312697735,-32.60487354193261,Subclinical
6,8.079682352028405,5.4860075729334215,4.4,4,19.655194514086062,49.90784027972233,-44.70871078807986,Moderate
5,8.344770739000694,7.631304736456077,3.3,12,13.953266576025598,32.807812641939385,-51.98642513013177,Mild
1,6.992463547528132,4.947069983522017,3.5,5,12.871383025126963,21.37246216569472,-16.988691084562745,Mild
2,7.650891079203223,4.5765251426018505,4.5,4,7.675673611581793,54.83278425457087,-84.38662585182828,Mild
4,6.806052220805869,6.156763209732368,4.1,16,24.109023424883507,74.51673783247635,-88.92685357605225,Moderate
7,7.469397288260462,7.136898324958021,3.5,6,16.001147442784713,66.69906986172889,60.409863166832,Moderate
4,10.423120874527925,3.845436034497729,2.8,5,18.78572891851267,56.13413297678531,-5.251567222765118,Subclinical
3,6.059830739521058,5.2636112221428215,4.7,1,17.988809417629096,64.5769514643547,16.155684875423972,Moderate
3,6.760308200438753,4.767061665896955,3.7,10,12.662830335197503,54.45571735244286,48.08836682672548,Mild
4,5.742262046715647,5.671421215590496,2.7,6,11.704675442759031,26.405515139392577,-7.924465550015995,Critical
3,5.352364237062323,5.512021508199286,2.8,20,12.973424370013824,26.582120295531134,24.27109433089369,Critical
1,7.663810554448475,7.114457497153265,4.4,7,14.384157805853036,50.93662942030642,-176.34761296562084,Subclinical
6,6.888303472758584,5.36991424855026,2.1,4,19.833031235069026,51.78693427267851,-33.667690240317825,Mild
3,11.171040075425946,7.149740918764275,5.0,17,14.021411682396945,72.0196535701353,-64.6174769451462,Subclinical
5,7.490876216879972,5.121879596777577,2.4,15,26.732453157973108,70.14608447549494,84.21472727198474,Moderate
3,10.320914354174043,6.611778250126259,4.4,13,23.135755179465757,67.10266031517898,24.211642544263995,Mild
2,9.74241165489314,5.774395633764063,3.2,11,22.04179774832854,49.39434573845639,-100.4356152634544,Subclinical
1,7.623882520596775,7.575862478420134,3.5,16,17.40170548763425,27.38695659779721,-20.17646731766353,Mild
2,11.79824404775412,3.727582164622686,4.6,4,25.57140367860242,63.24142274132048,-36.58549332406082,Subclinical
2,8.483361175636656,4.103370738688211,3.2,13,16.90997184439438,65.50338626524336,-13.653485347821707,Subclinical
5,10.72341667880718,7.697946741590064,3.6,5,17.84369292922877,7.229370750446279,-131.50739754997215,Mild
1,10.513874404846275,4.620081887816376,2.1,14,18.849872698746346,38.31323626834674,-21.19868278094198,Subclinical
1,8.746366373188609,4.696235970308966,2.0,6,21.50911520271672,41.17891245212208,-68.25210794305875,Subclinical
1,9.352035526050532,4.4491316974001744,2.7,13,21.184540395014928,57.36700402246873,-27.40401887555196,Subclinical
1,9.123328547215056,6.878135147840468,4.0,17,15.624373607776985,38.93279134468612,-107.9508132097736,Subclinical
1,5.9403294234949255,3.9958508641298502,2.4,0,15.335031402870232,54.23730862350719,-96.80505371172796,Moderate
5,8.10312263801543,5.526940494733193,2.3,5,21.19951478576042,50.78930119294016,43.90736162933621,Mild
3,9.93364502110039,5.181253813863354,3.2,2,21.57618291945616,51.81701056924544,-134.12380466721288,Subclinical
2,10.747135371250993,6.743818700205321,3.9,4,16.033244375885637,40.67211412598508,-128.22035208336388,Mild
1,6.702848590702491,4.823580805202026,4.1,11,10.06405965160773,42.22029891866645,-54.12650057724624,Mild
7,8.951896343263435,5.998327094935929,2.5,10,16.963419519958777,33.39465880438615,-111.75123001487636,Mild
3,8.271566383899563,4.094540591947276,2.2,12,21.11762899412929,62.60134881147664,-120.8022905810239,Subclinical
3,7.787826683753128,8.228729246412641,4.8,15,27.027084232098904,66.42205257182736,-41.5939223033364,Mild
2,8.640804732605048,5.21248921041555,2.8,17,12.01021018829669,39.58764099749322,-170.40526855229638,Subclinical
5,8.392395339199048,5.510516181862441,4.6,16,15.867143735847131,85.41280192034088,-130.63697879309103,Mild
4,8.97453362397066,7.485705230620651,4.6,16,16.05298219237312,48.70797105115902,114.32764663389148,Moderate
4,10.595090169710094,4.795992670833749,4.3,10,24.779026697157505,85.60371247593122,-13.241995282479271,Mild
3,9.41142966355646,7.50085881152634,2.5,19,17.825292497706837,42.157456523367934,-109.72506818159287,Subclinical
6,8.559064265970864,5.006234591034447,4.5,9,13.463367203138672,14.468444468011292,-16.542793738704233,Moderate
6,11.35632510228154,6.306037820585511,4.3,15,20.793476414609096,63.04395649824703,-4.61356184106964,Mild
2,9.997873272584604,4.812782031808841,3.8,1,15.976807399795268,59.97090210237975,29.553153607219077,Mild
4,7.833682810513973,3.872756265826319,3.0,16,11.878063633210228,55.68787590615166,-60.17248235653844,Mild
3,5.80918327576477,5.997513220648739,2.8,19,13.536133463619247,42.15535043112021,28.119816221831144,Critical
5,6.221904774343162,6.267884081180239,2.4,9,26.670209772113097,54.30855549028362,-213.0757219905738,Mild
4,9.679818406968142,3.9209371092085137,3.5,12,19.92104610824731,44.774810842609455,-134.50465043806025,Mild
3,6.865437537344634,5.1315300173095455,3.8,11,18.53880027726272,48.95300867336499,-36.89028786108354,Mild
3,6.185500141198493,6.940910753844288,3.1,14,16.750531320939768,71.8326451153015,-23.62931737537668,Mild
1,6.6354464119630405,6.220142740955932,3.4,6,19.460744210593997,58.68434459060187,-122.94258301349134,Subclinical
5,6.76270823823674,5.025741997859139,3.1,20,19.401179730012476,67.19902774663954,-29.24640069894727,Mild
1,9.531165802008053,4.782969158038654,3.9,12,19.46084414103663,50.3626298674842,-99.90721989498084,Subclinical
2,7.717864263591903,7.837893190161732,4.7,11,18.574225451388767,48.1596530839045,-72.15672753817324,Mild
1,5.529725719461069,3.7636815162365695,2.5,11,22.343991691527748,31.930349382227128,31.98190405320088,Moderate
7,8.055880815972243,5.428961710709677,3.1,1,18.115521730003657,47.59926774863606,22.714999751087973,Moderate
1,8.400079038406835,3.742363751567267,2.4,4,13.110305822236809,0.0,-129.764826189061,Mild
7,7.137193649406467,7.077777573813138,3.9,1,14.93788554549566,43.1955606738873,-134.58011696160827,Critical
4,10.08059315154686,5.491451665349996,4.2,19,8.10490653255144,53.36251645618322,-82.8938716442653,Mild
6,7.242310005753888,5.713808901723322,4.8,12,28.134085580211963,66.27347308540313,-52.13970409383401,Moderate
3,9.99500783594687,8.822670771553131,2.8,2,22.313772959763437,49.626442449500864,-102.63187908597928,Mild
7,9.074209003414955,4.787832789116328,4.9,10,13.849647524353816,61.95347084489999,33.251395423973435,Mild
5,9.667889914479932,7.59829109687024,2.2,15,16.5907757530145,11.404226772195088,-22.20881266331558,Mild
1,6.0226084865484895,5.031121702710174,3.8,0,14.815617628967834,53.863262955861,-17.513191210045676,Mild
7,8.176958346028584,5.219785050898122,2.2,18,25.712736056870583,21.40994414173193,-151.32310631559773,Moderate
5,7.904909591765415,8.665810307944719,4.7,10,10.900614178645355,30.833929686813345,43.3832573907024,Moderate
6,5.44038825516644,5.306691547285992,3.6,8,18.572380294093897,51.25668904272278,-275.61350577925526,Moderate
6,9.989109313645235,3.850754314845703,4.0,13,17.457360787175762,80.52527975747108,16.72443614794952,Mild
1,6.528678385566771,5.838302545751574,4.5,8,22.13419315354557,62.42413526940118,24.744939013661693,Mild
2,6.902777908095231,5.292715809799595,2.5,6,17.479953861376526,55.36461994274234,-84.59209498223692,Mild
1,6.176031495924093,5.940515010080633,2.1,15,9.208955616722823,54.60939221065796,51.83281737979391,Mild
4,9.262135386926673,5.339682648006677,4.6,2,16.744410826787796,40.72742213591066,-55.04780423634772,Moderate
7,5.253326506209328,8.158653539445718,2.9,18,13.139188910283377,44.120331732546326,-45.00546373380456,Critical
3,9.112174640836225,6.168083006603123,2.4,3,18.3978977327828,63.54752090941594,-22.837697007662698,Subclinical
2,9.880125175238229,4.210042446729019,3.4,6,25.170885182601637,27.29278963111011,204.9259929448844,Mild
1,8.966921169726369,5.649456162428625,3.8,11,9.30287377883861,66.86108100566042,57.554712646640354,Subclinical
5,9.282731270923572,4.540444210999554,2.1,17,13.99888632300048,47.22985865762294,6.090496057033441,Mild
2,9.367183645240477,5.202743388996455,2.8,4,15.236535231082517,71.5111414973913,-123.0243589280956,Subclinical
7,6.2910362118936245,4.4074711473198125,2.1,9,16.091844522933943,74.22186914464166,-38.512813961640624,Mild
2,10.58252296339582,8.028542227847227,3.3,11,21.70062832052622,21.5383197498852,-115.04992750771092,Mild
7,7.171862742559703,4.670338461786134,4.7,7,17.13227791219306,43.36838473545564,15.768867782625035,Critical
1,7.88050228833805,6.325077222392964,4.9,18,20.079013628602222,37.88944624118753,-38.762641941211456,Mild
7,7.401252826968274,5.111824693748048,3.9,14,14.87113478134112,18.745440698537134,-139.96173436911164,Critical
2,8.884775817579158,4.109904192912651,2.5,0,19.149621727089688,34.34933447581179,-43.51003332651977,Mild
5,7.03153296235264,5.737179163479408,4.7,2,21.88898815438857,100.0,-117.95339757730444,Moderate
6,8.120448303627263,5.980830204502848,3.5,17,14.33850225131456,67.1901979242488,-37.90270229299624,Mild
2,5.776381129137191,6.170351839305416,2.5,17,21.906790599032576,93.34575937211508,-118.72618530922053,Moderate
7,10.096397375302828,2.353337014550869,4.8,1,18.261863843637844,71.58196880036671,-47.80098933113498,Mild
6,9.207333702710368,4.018185143597091,4.3,4,23.22730120241126,40.163136779830495,10.037588954807582,Moderate
7,7.4739324285768145,6.649065662826262,4.2,0,16.992900499615132,47.36457606651914,-54.24415935400849,Critical
5,7.1555317459535415,4.39167164486945,4.1,9,19.906223275810493,66.76872360480614,-81.2710613737911,Moderate
7,9.160330843371854,5.743532860372134,2.6,19,17.79696884160735,63.750124069460725,-33.73790231540299,Subclinical
1,6.726871914855269,3.9903703657254574,2.6,9,17.518938689797107,43.45315968583333,5.774609663428237,Mild
3,8.225657568377304,6.377921322590128,4.1,4,19.29465214112845,24.80013658841586,-138.57466159054084,Moderate
2,10.090517817376533,6.617523515194689,2.7,17,20.68403734612452,100.0,-29.14750762358379,Subclinical
3,6.5397371855530535,6.37829188740684,3.3,20,11.752175440379975,52.17700655314388,55.40326552139199,Mild
7,8.663481492416365,6.739068174824316,4.3,14,25.16816804408939,48.4852221363476,-4.1074429378627855,Mild
5,8.568305480483886,7.376680173879439,4.4,19,8.701684797251009,57.26668927810604,-45.37966826662177,Mild
2,7.824793726407171,4.091111042069231,3.4,7,14.57593945130552,50.14542821377943,1.1790005359115767,Mild
7,7.093178748612914,4.553593682618365,4.4,16,17.528654646175497,57.45457815410968,-13.800283511785407,Moderate
6,10.186634702409894,6.577052284364553,4.5,11,20.06177984542974,80.73894572232838,10.288088732785129,Mild
4,6.924376455619461,6.856263726204977,4.0,20,25.88086263870689,52.50903040627153,-211.9145288786356,Moderate
7,4.738329977966684,4.690788455713689,2.7,11,8.708542558874463,31.74579121344477,-174.27649069306122,Critical
3,9.15296046493586,4.607336721609299,2.8,0,15.461529358051449,51.76712411042778,30.38633195865897,Mild
2,5.8376539704178985,4.717343812083393,2.9,3,7.365832561003673,45.71196437180178,-170.42233409291526,Moderate
3,9.245386060739158,3.5738860431472648,2.4,7,18.15810986955124,83.47797874493702,-17.876909142463596,Subclinical
2,10.4028258461182,3.97430658139111,2.8,0,19.358417922500152,78.42238129475142,-78.16397248258333,Subclinical
7,9.133549781117614,4.003248825963816,2.6,14,25.953978710856266,57.15050000861598,-129.69513964767975,Subclinical
1,9.928540343397485,5.14708183143324,3.4,17,18.60317380446727,29.42528290361487,-22.028019428202114,Subclinical
6,11.636088392473363,5.825003819000745,4.7,0,23.220125647211898,30.482154731201085,-33.91731970267435,Moderate
7,9.740168832696105,6.020167397970846,2.3,10,20.91918540769529,55.30246523169107,118.8274121677102,Mild
3,8.595032106725785,4.889725296069183,4.2,1,15.823759014974158,61.72645938642562,-99.98489636287114,Mild
4,10.941106730342566,4.919215460462945,4.1,0,10.955196266039804,47.5075436134789,65.2088096055339,Moderate
4,11.158595980723852,5.648393794181514,2.3,11,19.375011491459052,45.39660831585532,-21.80616684925484,Mild
5,11.183789209866957,3.704782531420688,4.8,15,10.53948991427318,43.14401533642706,-102.881750523417,Mild
2,7.114141672647195,6.651328638499707,3.7,9,24.47603536334822,54.532120795121074,13.939716601379615,Mild
3,5.562766954702873,7.042462334817125,3.1,17,17.18968948981588,7.344752958538699,-4.740919643683903,Critical
5,7.004254069817204,4.749303234774352,4.3,14,23.97588705755708,32.9734674246058,-47.132536411356064,Moderate
3,9.266554908427716,5.021876608781465,2.8,16,15.598927829338002,42.458983091052986,-28.696371484750124,Subclinical
2,8.28648610159779,6.991974669814203,4.1,9,19.34425393200496,79.15006389903841,-97.75896248364252,Mild
7,7.628334226681675,5.352338090812121,2.1,2,19.046744286673444,38.72372716142141,-116.06297002036057,Moderate
7,9.008866517848883,6.205894535141955,4.5,20,17.77477940994538,58.60936283662413,10.755373905806636,Mild
4,5.352550852988119,5.389233527439071,3.3,15,15.83670243301704,59.53085501861992,-67.91515394506192,Moderate
7,8.254104737644774,7.367568866176329,3.9,5,19.9622800923526,80.95833011321524,-56.4066398599274,Mild
7,10.01322376072618,6.088095553901795,2.7,2,13.36918368258396,80.251548139283,-27.61427232445783,Mild
1,8.988768160204812,6.157186926303031,4.0,8,11.952823355204709,53.84994062410167,-28.77693241729535,Subclinical
4,9.245257679300712,6.179567846480304,4.3,10,24.21413446663414,45.490305176211145,-164.34611767792518,Mild
5,10.875271021914529,4.833863516406745,3.4,20,21.635839944460503,41.72333794348619,52.9001669163887,Mild
6,7.8809420872274,4.944113035692958,3.9,12,18.3294580430112,50.17873555068438,-40.30542784794574,Mild
1,6.824435009569394,6.423094767471969,3.4,17,26.32571191271891,46.319332913528,-66.21226102577195,Mild
5,10.141127076797076,5.651695395320341,4.7,3,16.661172406375776,66.07254818716464,-15.532319586420265,Mild
2,10.108017135861068,4.086866790625873,3.5,7,24.613516099944896,63.40619634970409,-31.076624510810955,Subclinical
1,9.004925014560435,7.747725309549736,4.5,12,18.87787042462911,66.83602382290032,11.365015159176169,Subclinical
5,7.7113321989515935,6.67368624075652,4.4,9,12.876246249618047,80.18567422872337,-6.961306227924709,Mild
2,8.002483371814373,5.545151588614023,3.2,1,27.24020095885425,92.25738242800354,7.427698319701335,Mild
4,5.7018086861640445,5.171798821840042,2.7,7,22.953554233120425,57.493267868151136,58.07951245820128,Critical
6,10.003303754372965,5.738411029036099,3.2,5,17.39489484495218,76.98927542791307,20.68996391767776,Mild
2,9.939772357152458,6.121024118988912,4.5,15,21.635856297669747,47.9667963233157,-62.83889762628501,Mild
7,5.638971049159789,3.060399117195943,2.7,17,15.981482830010464,78.70013967166031,-139.83209248614662,Moderate
3,9.561737751031044,8.034819651382904,3.6,16,22.14574517529771,76.23018314351688,83.4238346403612,Subclinical
2,8.727382979016216,4.552138828999697,4.4,5,6.044607173580204,75.16831939885982,-69.01786986776901,Subclinical
2,6.160446601296567,5.497713240413491,3.1,12,12.900993331527031,56.88139682383048,-87.84859306884178,Mild
6,5.829199638069555,5.541840259334975,3.9,13,22.89629872143481,41.63283672018223,-188.93814542115516,Critical
3,8.6722878849231,7.896220262426621,2.7,20,16.751722308905403,27.10943124269047,-22.922151575031084,Mild
7,7.284132594967548,5.394251390791967,2.3,9,19.03771147444371,54.199255849578016,-38.08907168369839,Mild
5,11.275907930989408,7.406208753224355,4.4,10,11.266071689422828,85.66025084498366,-171.20919489995845,Mild
5,9.714677110368031,5.9880729633533365,2.3,12,27.239334978510517,48.80310197271854,-13.73807662934594,Mild
2,8.85264764611801,4.345738165352861,2.8,11,23.952648218588383,70.7025317092011,-89.85535365611511,Subclinical
3,8.94154220720431,5.661648961723365,4.6,8,16.996573908123352,71.87902801037862,165.2252005830955,Mild
3,10.395560924660902,5.357789533942105,3.0,3,15.976520715683368,49.32627558145654,-95.54889536726948,Subclinical
7,9.523732565109208,4.199115418114925,4.9,6,23.148021807098463,81.32689675039039,-84.81546657582345,Mild
6,8.899579589292841,5.92926732336669,4.9,1,27.91235225084464,0.0,-119.98209794034942,Moderate
4,6.235529882664482,5.526523299819827,2.8,6,22.768801279056767,30.5449944252365,52.230121683357766,Moderate
5,12.0,6.167706046550248,2.1,8,28.85901333698301,36.6873540728308,-79.82206355718026,Mild
6,6.01427103684518,5.732023335517978,4.1,4,13.38824335469041,38.60569954265221,-107.99313230123974,Moderate
1,7.437423073219704,4.718676523583116,3.4,14,13.903065847506046,61.72525902371791,6.556400793643398,Mild
5,5.021489102462004,6.422000790748378,2.3,17,12.055294409733255,60.80075606107804,-160.42823483305483,Moderate
6,8.969836685784673,4.750722063695705,4.1,3,20.2088032482474,62.87981144350016,0.0088436999157863,Mild
5,8.271998787112654,1.7803953726600747,2.1,18,18.87801774902185,66.92162988264974,92.5119773280686,Mild
4,9.377497589056569,5.65438353754506,4.6,19,17.24024438264007,35.99790861708701,-4.671373373192878,Mild
1,4.869681864012019,4.835111527319213,2.4,6,22.04629314061649,30.636478663853623,1.0318653007939886,Moderate
4,10.003230201285676,5.9585566052759615,2.4,7,24.16164302607332,62.92639364015726,19.6048173525987,Mild
7,6.546616277354694,7.898646083127657,2.5,16,10.37168795356579,42.39535852707122,86.7766422940415,Moderate
1,7.731790641145042,7.93328763177767,4.9,12,15.015139860494422,23.590499092640588,46.791516801528346,Moderate
2,9.676828283625916,5.301852493333793,4.1,20,22.1007179706153,74.42688569082964,-14.8264222181581,Subclinical
6,8.470280031437419,4.5081817945047336,4.4,10,15.66130658070709,82.90203813004595,22.311312050880105,Moderate
1,8.597496602000355,6.201619938301507,3.2,0,14.00896961820923,86.14321779397318,-120.87479403720886,Subclinical
7,9.438521875829718,5.055729289760374,3.0,1,23.09268713825197,58.7401544294944,12.103487259785766,Mild
7,8.771823151889704,5.970131826816331,2.7,16,11.5524996513801,67.51864191945805,-130.4444776946998,Subclinical
4,7.386005775412308,4.706967085327775,3.4,4,16.492100961044475,82.39736446723822,-79.36179349053013,Mild
5,7.700355569176588,5.800830899227303,3.7,5,19.643220129024044,42.17168419953131,-296.60497401145903,Mild
1,8.381381621573281,4.525631017247829,3.9,6,15.130900430449406,77.21355368108183,-17.885627250603036,Subclinical
6,6.387999031616597,6.92110409923776,2.8,20,21.915778280065872,60.50792468286417,-101.5097608886682,Mild
1,9.792815586899604,4.792026771096865,4.8,14,15.155615124013154,73.27423304685182,38.891617216357005,Subclinical
3,8.519577075453471,6.293323042881963,2.5,18,25.0430974672296,58.72186041751871,-18.784591151567778,Subclinical
5,8.134597282259543,3.9822792601773775,4.9,15,17.371268512521137,80.92513419496004,39.92767157613002,Moderate
6,10.146493806256649,6.437408627932829,2.0,12,21.356350683526767,59.47047525083074,-136.68772357380303,Subclinical
6,7.783795442219534,4.34033911687816,3.4,4,21.73011976491408,25.32041881065165,33.07088297277062,Moderate
2,7.671642205125649,5.813412168369411,3.0,2,14.862299986279636,84.03853264629444,118.46850754906616,Mild
4,7.127668224792864,6.727841168017584,3.3,2,7.732567256720557,36.04938518055776,11.13266399455155,Critical
2,8.617520616066683,5.260020521731865,3.7,18,19.803778773319173,80.06116420487828,13.227920695383103,Subclinical
6,8.555210194996727,4.26499970710488,3.3,13,18.361441735624343,53.19514237119356,-36.4321858884052,Subclinical
5,6.800688439082168,6.0961750085631055,3.2,15,20.77913013787564,78.52021970395413,-91.97350244522914,Mild
1,7.680150841195879,4.490822321216142,4.2,16,16.867362638085808,77.6953722973353,10.89538981612069,Mild
1,6.812715916665381,5.014905280963325,4.1,3,15.84786150599642,63.60285948630742,-170.48663283216547,Mild
5,6.731236783132117,5.818555191394872,4.5,12,28.042365054908498,65.17070635254262,-83.42040999366532,Moderate
6,4.886183902891675,7.132811243329247,2.7,7,10.63822969244611,63.45257234385132,-191.68454418697456,Moderate
7,7.5843615433732,5.531864024559362,3.8,18,21.66975239182119,14.723504874378442,-106.29251018520662,Moderate
1,4.93601612105598,5.5274290118141485,3.8,4,15.126990709083046,57.366604377964045,1.3636073514848943,Moderate
7,7.16693176458888,6.385015472347422,3.1,1,16.32110691129789,32.6787164785621,-9.56852990236294,Moderate
1,6.897149637420305,5.560446276007596,3.5,14,16.414485837130172,58.42374287491326,-45.926904357162186,Subclinical
1,9.893411103078089,6.262636239799478,2.9,1,13.982828629143714,32.14114907233569,-36.36792047503914,Subclinical
4,6.173117348642645,6.794240255275536,2.4,10,20.8561210511812,31.300961175478506,-200.86916942913675,Moderate
4,6.629864507333944,5.106715419678401,2.6,12,24.953217979749788,87.09869003507804,-79.80498244567319,Mild
3,7.313256549455169,1.5699872393038534,2.3,9,20.350068306233307,76.3889477624838,-104.5081285148168,Mild
2,6.955741427295003,4.51848748769744,4.0,2,18.51690998106048,54.91714830111691,-102.72477524116326,Moderate
5,10.464658635359378,6.950418413002364,4.0,4,13.067797504503767,58.69537300498048,-2.0337097748997337,Mild
5,5.950578728510685,5.459482262322815,4.9,2,20.584126329122256,50.041679485139824,-118.84058612042485,Critical
5,7.317071901825485,5.0930436748865215,4.2,5,28.781748158646494,66.39752751959045,-98.37446801019289,Moderate
3,8.597717448495931,6.900141991843849,2.2,12,16.096526881024538,41.4789126690239,-216.9655396567613,Subclinical
4,9.586130017475613,5.378410100524125,4.7,9,16.12008210324067,74.87480525735914,-73.52985443009356,Mild
6,7.315565199325634,2.988960153101013,4.6,18,15.194554345095014,49.93826317971778,-137.02700381708956,Moderate
7,4.547420719093173,3.693637526789988,3.3,7,15.552928827527898,46.60306008337543,-43.66376570482851,Critical
7,7.729812401146091,6.002377624980287,3.8,17,4.273502231638076,55.43426036969685,-126.08864373939716,Mild
6,10.433651257125288,5.419730870086329,4.9,2,20.025176929278565,43.177063401487786,-41.63662035606271,Moderate
3,8.507937333374768,7.245587774595066,3.6,16,13.772239118226931,61.57364698992966,-61.57486085938746,Subclinical
6,8.425552152247878,4.620077579434988,4.7,7,9.948684406041,44.252748213732005,83.76334184338566,Moderate
5,6.086567615161406,5.128599085595447,2.2,9,21.765949748662745,64.37047205637673,-10.222561563744506,Mild
2,5.901791137480403,4.438596312327976,2.6,1,12.58991107479032,79.32013077822953,-197.17102980498424,Moderate
1,8.03247496754138,4.875286986783457,3.3,11,16.30665473058121,40.613566263836525,-151.19110752821666,Subclinical
7,5.432517939893466,3.2297153184956517,3.8,5,25.3322119559429,52.388490854096574,-45.583359280613344,Moderate
4,9.406452000252518,5.037178403139362,4.4,1,10.953921009877432,64.22661426070843,-124.38783587141204,Mild
4,6.476036752040548,5.437757363476118,5.0,20,10.33700882701119,46.28285290037186,-287.4694744188682,Moderate
3,7.955616894683311,5.336402989041179,3.2,2,19.34653094781169,64.28641121653331,57.96370510669946,Mild
4,4.605619546242364,8.079463916479371,2.1,16,23.74743682005184,66.1079772130348,7.617921352432617,Critical
5,7.291156636801688,7.700181492612377,4.4,6,10.128291411340186,76.66523552588608,-8.321850120658276,Moderate
7,5.865451015165634,4.5989206348466976,3.8,20,20.038448684185887,42.88019907830176,-98.5858436376732,Critical
6,3.820478448784741,3.047275966416885,2.6,4,20.90499769980846,36.144495195390505,-15.78585831920563,Critical
5,8.97531576080537,5.380959576482132,3.5,0,7.7041975815383985,48.84845220872512,-106.34882593767053,Mild
3,10.954087170364833,5.9518121658047445,4.2,7,21.9925066895361,35.644953209058,-33.61141598258474,Mild
5,10.033052460819103,4.467419111940598,4.3,11,22.383029399210898,66.28996408094994,-123.6466580669182,Mild
6,9.227043241826848,4.526829239289133,3.5,13,16.441072133719878,31.76497399647177,71.30307604448113,Mild
2,7.254581897698018,7.399065963175039,2.9,15,24.26173181149004,100.0,-175.61893232654757,Mild
3,9.450602411386086,5.190938114625635,4.9,9,23.682277871624223,80.918557231475,48.582706360866496,Mild
2,10.20293575743271,6.294700222834886,4.0,14,18.515589628586024,55.25151539200628,-46.88673375861357,Subclinical
1,8.246279293408328,4.383633162574666,3.2,20,15.742773048375332,72.34788985995952,-89.15735962735926,Subclinical
2,5.868151689838359,5.431671449530248,2.8,14,13.135860537085216,22.263962713784167,-36.639766264340935,Critical
1,7.101108262535532,5.096393975638585,4.2,9,17.812182453169044,100.0,8.667840574254477,Mild
1,11.064853679026283,4.689552113436054,2.7,20,20.848794598520897,43.19570775599021,59.339738935551765,Subclinical
2,7.865460497329701,6.886360493826031,2.5,6,16.379115694796795,52.59005172201281,-24.948558149317428,Subclinical
3,3.5,3.833347588440384,3.6,2,7.012494973689851,17.88133425623127,-121.25568682098218,Critical
6,5.355937765393652,5.860068190613547,2.9,1,24.34356947288285,64.7257460948179,-45.549590098736914,Critical
5,7.235992334343534,5.073854013411402,3.9,5,18.95111610922447,32.87311685845782,95.34345893298982,Critical
5,9.864485429151625,5.997789378443049,2.4,20,16.10187751661583,57.033115231320586,57.81424684100992,Mild
6,7.508379765667558,5.090108041337971,4.0,8,22.285791942116443,44.11451134150924,22.701078249948694,Moderate
7,9.897976978951869,6.540631674302727,2.8,9,25.62319298241378,33.44512130139313,13.65496160979093,Mild
7,7.052907763614519,4.372356882097418,2.0,3,3.990442152560542,38.91276996474765,5.956007248523349,Moderate
1,4.464273459975896,6.889063830010374,2.4,2,20.17131824961036,59.515760681710425,42.7003867607896,Moderate
1,7.115189914523448,5.465436766390694,4.8,8,10.866753945948265,29.370180542623512,-86.53030285775242,Moderate
3,8.620901002783313,3.905796965181852,4.6,16,20.495552533994704,40.023766579528456,-158.4068852620005,Mild
4,8.471510628814364,6.316258547083388,2.7,13,18.63963601187289,68.26546762528956,-44.479719941035086,Mild
2,5.740806051338056,5.261380307778818,4.3,9,21.17863263220275,100.0,-115.40652694221528,Moderate
1,7.367846836753222,3.450594488632547,3.8,12,15.503761927526725,64.5517763910601,-134.40166043017476,Subclinical
5,12.0,5.898961700510644,4.9,11,8.633799440904241,36.654767156454255,-107.62228612703454,Mild
3,5.780116112665622,6.70791485833324,3.1,0,15.74815904371666,47.657716598553776,148.8251139626949,Critical
2,9.189302110034747,7.038562888432157,4.0,18,20.03423817569892,55.63178012305156,-39.11002927393247,Subclinical
3,4.225983742574368,5.04597774088028,2.2,18,23.07696164337612,48.01150098728585,-21.047373091120942,Moderate
2,9.554825284225393,5.674381666390885,3.2,5,12.140843497637372,73.06116333473867,-147.78902456034032,Subclinical
2,6.393814297660796,5.560643611351494,4.9,12,23.135302134365087,59.34946966028449,-197.5002367034104,Mild
6,8.723758864765292,7.287763157885624,3.6,18,14.760638551767393,73.1570476981974,-115.52421144950446,Subclinical
1,5.675253916817238,4.52741370115202,2.9,12,19.812249407972637,48.71112419404741,65.05564681669986,Moderate
3,8.523535040318073,4.94240865735455,2.4,20,15.450530235671836,81.51000439442512,-23.257962713878317,Subclinical
3,6.364429467665412,4.498335628660232,4.1,3,18.91085313856051,51.67028831436908,-2.112392684448629,Mild
6,6.712913270660074,3.761019372264536,3.9,1,22.459388172851373,35.57620261724017,9.085283136164918,Critical
5,8.795574811511056,5.797344617262499,3.1,14,11.86492961355732,98.54640762084443,-97.30795038386222,Subclinical
5,7.225306142485371,7.421557998133105,4.9,11,14.600470516265844,18.500445060777665,61.03724671786941,Critical
7,8.68468660678936,5.261818649781927,2.1,6,18.924812936710435,40.22522549390145,-100.62460793777458,Mild
1,7.656485626441968,4.441724054148239,2.9,19,30.00791830515176,42.45944296339211,62.49858874100424,Mild
1,8.121488626245094,5.7242316426784825,4.8,17,13.68405143916586,100.0,-14.615827509172746,Subclinical
4,8.801155648436122,6.206941814527187,3.0,12,28.200669429984597,91.13717768293024,-193.12361233970577,Subclinical
6,7.369966781735946,5.312364235076113,2.8,16,28.022116518375853,84.87856287284396,-109.8407589280428,Mild
5,6.207110385196806,7.184242398345012,3.6,3,17.513444246492043,48.38682675247337,-192.7950826297684,Moderate
2,7.041837921326378,4.525165726854974,4.5,13,16.5092373690005,100.0,43.062570623536686,Moderate
3,10.151250523700185,5.155636436185165,2.3,19,14.539674006676542,62.36704007681942,-51.97883366419209,Subclinical
1,8.20911155133779,5.855185485811554,4.8,12,17.658987348336655,74.54526740606245,-228.26739519598243,Subclinical
3,6.479182783861147,5.971556503141392,4.4,2,10.96640283720221,58.59390762212414,-19.94024946242733,Moderate
3,8.722809095097894,5.556673710757793,2.5,17,17.61880491339701,54.01066857353497,-92.9731409910656,Subclinical
4,8.842968052890448,3.9658960931714224,4.1,13,25.48440136925428,49.96442652147242,-168.70446840266587,Mild
5,8.93599833643606,8.305613685047595,3.2,14,14.944574687616411,50.80720013161675,84.23726695749576,Mild
1,6.239893039331686,5.21683610194468,3.2,2,16.796378480054745,67.16983297356157,-41.4171307122737,Mild
3,6.7716962102853895,5.632321022301588,4.3,0,9.49429762866379,62.34399597550776,-73.47451218506501,Moderate
1,6.781707410503379,6.240113311807576,4.9,16,19.870310440655217,54.37057259592632,-81.95398247888136,Mild
2,7.350833758280855,4.736193564820565,2.4,2,19.32240842475687,85.19047985397708,-171.06235753262175,Mild
4,8.970054533258722,5.568311705044931,3.3,13,18.31851179882885,0.0,-154.36391196672875,Mild
2,8.533132648515824,4.687371714816047,3.4,2,16.915864748889284,65.1977449584239,52.79334279000666,Mild
1,8.675390522882893,5.998660889769077,3.1,12,16.536210406137727,69.35477413317959,-87.91062958285752,Subclinical
7,10.437234456268742,5.168772821733317,3.1,14,20.50950116850336,77.93925736510339,-48.23458392505092,Subclinical
1,9.240003678484934,5.822462232765602,2.2,17,17.855916992056883,53.70257117893278,-213.546438096086,Subclinical
5,7.744757075007042,4.244155184217278,4.1,13,19.57485935777666,59.15840134767915,-155.44736286364045,Mild
3,5.869006683105501,4.505300279192554,3.3,20,19.074914087272735,74.71896766629442,-1.2149984100197742,Moderate
3,6.713815384752434,3.8618311877718376,2.6,2,23.61713643547881,84.8233280856036,-19.78305919089331,Mild
2,7.528930878179191,4.647363904808551,4.4,18,21.38497048687527,48.98928029642464,90.27001589794526,Moderate
4,9.492433689205004,2.411770907562232,4.4,7,18.96430921575095,60.33951566255121,57.43650653049811,Mild
7,7.950802518609032,5.131479753174608,3.5,3,25.592110153260897,88.57147928697515,-68.45687779878585,Mild
6,6.818847281200802,4.858911673644489,2.9,3,20.10134264528281,12.519458482422976,-12.163714822938315,Moderate
3,6.680792805690993,5.681093156350084,3.9,18,24.52481344395209,41.19974800370829,-75.32827543224592,Moderate
5,7.874759223941793,5.553529269321147,2.9,10,21.034713041933188,84.31671957205927,114.38478549109188,Mild
2,9.60197761199078,7.008495722177284,2.7,0,8.790404605342285,76.85075667216606,41.92117568419198,Mild
2,10.863834750395212,8.613172221728934,4.2,7,24.524173816596647,65.44890421853388,-36.42519273137989,Subclinical
6,7.6296165235465985,6.865046815780762,2.1,14,18.675881206713346,46.0280625378176,-33.96841720989189,Mild
5,7.919462274627324,4.956270892749894,2.3,0,17.74022614549611,37.36363002029161,65.58802298078463,Moderate
4,5.814904928916711,4.907931100348132,2.0,6,19.406741737447884,43.175687615152526,-3.6337722308922262,Critical
5,11.49054662437904,6.542395650826858,2.5,20,16.275084190214663,85.96016441637386,74.69024136560688,Mild
4,5.478194891319049,3.4799863665126014,2.2,19,19.135144301944727,42.43114621689308,-225.49183410070987,Critical
5,10.108992161204991,5.121756488603825,5.0,19,15.040619668284538,57.02845928479316,-13.101739080096143,Mild
5,7.342395284577552,5.21421647794737,2.9,10,24.37136129367185,39.92584710276508,-91.2347891745108,Moderate
1,6.9211403110874254,6.200957781782574,2.4,13,17.43205943189475,71.85548060198053,90.5102390102394,Mild
2,6.0019935706053325,6.2366396153689365,2.7,15,16.087080786387833,44.22547439307117,73.71189497518634,Moderate
1,6.67,6.7,3.6,22,11.1,3.5,-9.8,Mild
1,7.79,5.25,2.8,-5,36.6,6.4,-6.2,Subclinical
4,4.71,3.81,3.1,12,34.6,1.1,22.6,Critical
3,6.48,7.63,4.1,9,34.0,3.5,31.4,Mild
2,6.61,3.56,3.3,24,10.1,4.1,24.7,Mild
3,4.21,5.54,2.6,18,36.7,0.7,14.7,Critical
6,5.44,7.03,2.7,10,40.7,2.2,37.1,Moderate
2,6.88,7.73,2.5,28,40.5,4.1,8.3,Mild
4,5.64,7.5,3.4,10,17.9,2.8,3.6,Moderate
4,7.01,3.16,3.0,27,18.3,6.4,21.8,Subclinical
8,7.34,6.29,3.1,21,26.3,5.9,25.1,Subclinical
2,5.05,7.63,4.5,5,24.2,4.0,11.5,Moderate
3,5.34,5.28,3.3,30,33.2,4.0,11.8,Moderate
2,5.54,7.45,2.7,-3,31.7,3.4,8.1,Moderate
6,8.31,4.98,4.0,14,26.0,5.4,36.1,Subclinical
1,6.6,7.39,2.8,1,36.0,4.1,-6.5,Mild
6,6.18,7.53,4.5,0,32.2,4.3,30.6,Mild
6,7.82,7.49,4.4,-3,41.5,5.3,-3.4,Subclinical
6,6.7,3.77,4.8,5,44.2,4.8,29.6,Mild
7,7.95,7.39,2.8,11,11.3,6.7,17.8,Subclinical
6,6.39,3.95,2.1,22,10.1,5.0,35.9,Mild
4,6.33,4.57,4.5,14,27.7,3.1,21.7,Mild
5,7.78,6.74,2.5,14,24.2,5.4,30.9,Subclinical
4,8.28,5.66,3.7,15,43.3,5.2,34.0,Subclinical
7,5.75,5.37,2.8,10,39.4,3.1,0.3,Moderate
4,7.38,4.6,3.6,3,15.3,5.2,6.1,Subclinical
2,6.37,7.16,3.2,-4,40.0,3.7,27.1,Mild
6,7.42,5.69,4.2,9,27.1,5.8,0.0,Subclinical
2,6.58,4.9,2.6,15,21.8,3.3,33.4,Mild
7,6.23,8.0,3.0,-1,37.3,3.2,20.8,Mild
4,4.67,3.57,4.8,24,34.5,1.4,27.2,Critical
2,6.7,7.64,3.7,19,23.9,3.3,24.3,Mild
4,7.14,3.61,5.0,-3,22.2,6.5,8.6,Subclinical
5,4.36,7.13,3.8,15,39.8,1.9,30.7,Critical
1,7.13,5.91,3.4,28,22.0,5.4,39.8,Subclinical
5,6.88,4.51,4.1,3,19.6,4.7,38.6,Mild
4,6.7,5.94,3.3,-2,31.3,3.8,25.7,Mild
5,6.59,3.01,3.4,25,20.2,3.3,-2.3,Mild
8,6.06,5.95,4.4,7,24.9,3.5,15.0,Mild
3,5.06,5.85,2.9,2,26.4,2.3,1.7,Moderate
8,4.11,6.02,2.1,9,43.7,1.4,31.0,Critical
1,8.4,6.78,3.4,23,42.1,6.3,-5.0,Subclinical
8,8.36,3.52,2.5,21,34.3,5.9,0.9,Subclinical
1,5.41,5.02,3.5,-5,33.0,2.6,14.8,Moderate
5,7.71,4.22,3.7,19,16.7,5.5,18.0,Subclinical
5,5.7,4.34,2.0,14,39.3,3.7,16.9,Moderate
8,5.48,5.28,3.0,7,44.3,2.7,-1.9,Moderate
6,4.72,5.28,4.2,21,40.5,1.8,38.3,Critical
5,7.47,7.26,4.6,19,43.4,6.4,19.5,Subclinical
1,5.56,4.14,2.3,1,36.6,2.5,23.7,Moderate
5,8.26,4.87,2.4,28,24.4,5.1,22.5,Subclinical
3,5.07,7.81,4.1,24,39.6,3.9,-4.0,Moderate
2,5.21,4.48,4.9,20,19.6,3.1,16.1,Moderate
8,5.75,7.01,2.7,7,31.7,3.8,22.3,Moderate
1,6.28,3.45,2.9,21,16.1,3.9,-7.7,Mild
6,5.48,7.12,3.4,13,36.1,3.8,3.6,Moderate
2,7.2,7.9,4.9,30,22.8,6.9,28.5,Subclinical
6,5.82,7.55,2.9,21,14.1,2.4,-12.5,Moderate
2,5.75,6.45,2.7,23,43.3,3.2,32.0,Moderate
6,4.26,3.95,2.4,24,13.2,2.0,-3.3,Critical
1,4.6,3.34,4.3,8,30.5,0.9,29.7,Critical
8,7.71,7.33,3.6,24,32.5,6.9,-13.3,Subclinical
7,5.62,3.4,3.8,-1,14.4,3.0,19.3,Moderate
6,7.53,5.15,4.4,2,39.8,6.2,20.8,Subclinical
4,6.39,4.99,4.2,15,24.9,4.8,21.6,Mild
8,3.59,6.69,4.4,30,12.1,1.7,37.6,Critical
3,7.92,4.84,4.3,9,38.3,5.4,31.5,Subclinical
1,6.55,4.37,4.3,16,22.3,4.3,-5.0,Mild
7,7.1,5.65,3.1,24,21.9,6.5,5.4,Subclinical
2,6.8,3.41,3.3,22,27.0,3.3,9.3,Mild
6,7.1,7.61,4.6,22,30.1,6.7,24.0,Subclinical
2,7.55,3.84,3.5,2,28.6,5.6,-4.3,Subclinical
3,7.33,6.8,4.0,6,43.3,5.3,19.5,Subclinical
8,6.61,4.62,4.9,15,15.3,4.8,-11.2,Mild
5,6.53,3.19,3.1,13,12.7,3.7,32.5,Mild
7,6.42,5.25,4.4,7,21.3,4.1,11.2,Mild
8,3.64,5.52,2.5,10,34.8,1.8,39.5,Critical
3,7.51,6.39,2.2,16,12.3,6.8,-9.8,Subclinical
6,7.43,3.96,5.0,4,12.7,6.9,31.4,Subclinical
1,7.93,3.77,2.5,5,35.2,6.8,-12.6,Subclinical
4,6.87,4.17,2.7,25,41.6,4.2,-4.3,Mild
8,4.58,3.81,2.6,3,40.6,1.7,-12.1,Critical
2,5.64,3.8,3.3,27,15.2,3.0,9.1,Moderate
6,5.84,4.93,2.2,9,11.0,2.8,36.2,Moderate
3,5.03,6.79,3.4,-5,41.7,3.8,-14.0,Moderate
7,5.1,5.1,4.4,24,12.2,2.6,31.0,Moderate
1,7.88,3.01,3.1,21,16.6,6.2,21.8,Subclinical
2,4.83,3.1,4.6,-3,32.2,1.3,39.0,Critical
6,6.71,6.86,4.2,16,14.7,3.7,4.4,Mild
3,5.75,3.91,2.4,24,11.3,3.4,-3.9,Moderate
6,5.84,4.27,4.3,7,20.0,3.0,32.4,Moderate
6,5.25,5.2,4.9,16,44.1,3.6,12.3,Moderate
5,8.12,7.11,3.6,15,13.6,6.5,3.0,Subclinical
1,7.85,6.82,3.7,28,22.8,6.4,2.3,Subclinical
5,8.19,6.97,3.5,2,44.5,6.4,28.6,Subclinical
1,5.32,3.65,4.7,-1,20.8,3.1,40.0,Moderate
7,8.15,5.25,4.0,17,14.5,5.1,30.6,Subclinical
3,6.69,7.16,3.6,14,15.8,3.3,2.7,Mild
3,3.74,7.62,2.1,-4,12.8,1.4,37.2,Critical
3,8.14,3.8,5.0,24,27.5,6.9,2.0,Subclinical
5,8.02,5.85,2.6,30,20.1,6.5,6.2,Subclinical
5,6.74,3.48,3.1,16,29.5,4.2,5.1,Mild
1,7.84,5.89,2.7,-2,30.4,5.5,-5.6,Subclinical
7,6.13,3.55,2.1,15,24.7,4.4,7.7,Mild
8,8.22,4.04,3.0,25,28.4,6.5,2.3,Subclinical
6,7.76,7.02,2.8,25,16.7,6.4,-1.4,Subclinical
7,8.15,4.44,4.1,17,42.3,6.9,21.1,Subclinical
8,7.14,7.65,3.2,25,26.7,6.5,-4.0,Subclinical
7,4.6,4.45,2.1,14,29.9,0.8,-9.1,Critical
5,6.51,7.49,4.5,27,21.5,4.5,7.0,Mild
4,7.31,6.03,3.2,30,41.9,5.3,26.7,Subclinical
2,6.47,3.56,4.5,27,17.1,4.1,14.5,Mild
1,8.31,5.04,4.3,21,23.1,5.1,34.0,Subclinical
7,5.34,6.27,3.0,6,44.7,3.4,6.6,Moderate
4,6.75,6.6,3.3,19,38.8,4.5,-1.4,Mild
7,6.5,4.91,3.6,21,24.3,3.1,1.5,Mild
8,6.22,5.32,2.2,21,43.9,3.5,15.7,Mild
5,7.28,3.46,4.2,7,11.8,6.3,5.7,Subclinical
2,6.17,5.4,4.6,16,20.6,4.5,35.0,Mild
2,4.55,6.52,3.2,10,29.3,1.6,27.7,Critical
6,7.43,7.01,4.2,15,42.0,5.7,5.4,Subclinical
6,7.36,5.45,2.5,17,15.9,6.6,24.6,Subclinical
5,7.75,5.15,4.8,6,13.7,5.6,-9.7,Subclinical
1,6.08,3.05,2.5,26,39.6,3.8,20.5,Mild
2,8.25,6.46,3.7,12,11.6,6.8,-10.9,Subclinical
1,5.16,3.72,4.5,20,42.5,3.7,1.5,Moderate
6,7.77,4.9,4.3,13,37.9,5.8,24.2,Subclinical
2,8.01,5.61,4.1,5,14.9,6.1,1.6,Subclinical
3,8.35,5.46,3.7,10,21.4,6.9,0.4,Subclinical
4,7.83,7.77,3.4,8,25.3,6.1,1.0,Subclinical
7,5.61,3.77,3.3,19,12.6,2.3,39.5,Moderate
7,7.76,5.68,3.9,0,13.8,6.6,-1.3,Subclinical
4,6.4,5.5,3.0,-4,26.9,3.8,1.2,Mild
7,7.82,7.07,4.1,14,42.2,5.7,17.5,Subclinical
3,6.5,5.26,2.2,17,43.3,4.0,11.7,Mild
8,5.37,3.84,3.7,9,20.2,3.0,0.1,Moderate
8,6.49,6.76,2.9,-3,25.7,5.0,4.2,Mild
2,8.09,4.75,4.1,22,15.8,5.5,-7.3,Subclinical
1,5.51,7.9,2.9,12,43.3,3.1,13.3,Moderate
5,7.88,6.84,3.2,12,34.3,5.8,33.3,Subclinical
6,4.31,7.86,3.9,17,39.8,1.8,28.8,Critical
4,7.54,7.4,2.4,3,32.5,6.5,22.2,Subclinical
1,7.85,6.74,4.8,23,40.1,5.3,-10.2,Subclinical
2,7.34,3.06,3.1,15,14.6,6.3,32.3,Subclinical
3,8.07,3.34,2.8,-3,42.3,6.9,37.2,Subclinical
7,7.59,3.76,2.3,0,27.9,5.8,-3.8,Subclinical
7,7.82,4.55,3.3,10,12.0,6.5,-10.3,Subclinical
5,5.15,7.43,4.3,-4,21.7,2.3,8.6,Moderate
2,4.73,3.43,3.4,18,17.0,1.8,16.0,Critical
4,6.42,3.98,4.7,10,15.3,4.2,36.3,Mild
1,8.36,4.16,4.5,21,34.5,5.3,5.5,Subclinical
3,7.89,6.31,2.4,13,19.1,5.8,2.3,Subclinical
6,6.29,6.9,3.8,4,13.7,3.5,9.7,Mild
6,8.35,3.6,2.5,14,38.9,5.4,23.3,Subclinical
4,7.13,3.31,4.3,9,14.6,5.2,30.3,Subclinical
2,6.52,3.32,4.7,23,38.3,3.5,-9.9,Mild
6,5.82,4.59,2.7,12,12.1,3.0,39.5,Moderate
4,8.36,7.08,4.8,-2,36.7,5.2,37.1,Subclinical
7,5.32,5.96,4.4,17,42.0,3.7,-13.4,Moderate
3,4.29,5.46,2.9,26,11.3,0.8,-11.9,Critical
6,6.86,3.51,2.9,3,44.2,3.7,25.3,Mild
8,5.58,7.64,4.4,9,33.3,2.3,29.8,Moderate
5,7.29,6.6,2.1,23,35.6,6.4,38.3,Subclinical
7,7.49,5.89,4.3,9,15.7,5.8,-10.9,Subclinical
7,6.85,3.51,2.6,7,24.3,3.3,15.5,Mild
2,7.04,7.22,2.9,20,26.5,5.3,34.2,Subclinical
2,6.08,5.95,3.7,19,38.6,3.7,8.0,Mild
8,6.52,7.27,2.1,28,38.0,3.5,22.3,Mild
5,5.29,5.78,3.7,12,28.2,3.5,35.4,Moderate
7,5.1,7.82,2.3,1,29.7,2.3,-9.4,Moderate
6,5.79,5.37,2.5,20,15.0,2.5,18.5,Moderate
4,3.69,4.35,3.3,0,16.6,2.0,-3.4,Critical
6,6.74,5.53,2.4,28,40.8,4.0,-13.4,Mild
4,5.75,6.52,2.8,24,27.7,2.5,19.9,Moderate
4,6.34,5.93,3.0,5,39.3,4.2,-0.8,Mild
1,5.43,4.12,3.8,14,34.9,2.3,24.0,Moderate
7,8.19,5.6,3.9,1,10.3,5.9,40.0,Subclinical
5,7.42,6.2,4.6,11,33.0,5.2,37.4,Subclinical
7,5.35,3.95,4.2,9,34.0,2.1,20.1,Moderate
6,5.46,3.91,2.3,3,35.9,3.7,24.9,Moderate
3,6.85,4.12,4.6,21,37.6,4.8,3.2,Mild
8,8.19,7.72,2.2,7,27.5,5.9,32.7,Subclinical
7,7.08,5.05,3.7,24,15.0,6.7,32.4,Subclinical
8,6.3,5.26,2.6,5,30.2,5.0,-6.3,Mild
8,4.52,7.98,3.0,26,22.6,1.4,-4.6,Critical
1,6.6,5.08,3.1,30,18.8,4.3,23.6,Mild
1,6.27,6.03,2.4,1,27.9,4.3,19.0,Mild
8,5.3,7.18,4.0,4,43.2,2.0,27.9,Moderate
2,6.81,4.32,2.2,6,40.6,4.3,31.9,Mild
6,5.38,3.05,2.4,5,21.5,2.2,34.2,Moderate
3,6.43,3.32,4.0,-5,34.7,4.0,22.3,Mild
4,6.88,6.5,2.3,10,26.9,4.3,21.5,Mild
1,3.64,3.45,3.8,14,41.2,1.1,15.9,Critical
6,4.66,6.84,3.8,18,35.1,1.7,-8.7,Critical
3,5.62,6.29,3.8,15,27.6,2.3,6.2,Moderate
4,5.25,3.67,3.2,27,20.5,3.9,23.6,Moderate
4,6.18,6.36,4.9,6,27.6,4.2,23.2,Mild
6,6.51,6.37,4.7,29,20.0,4.2,31.6,Mild
1,7.53,6.93,5.0,11,15.1,5.1,-11.6,Subclinical
1,6.83,4.56,3.7,-5,36.0,3.8,-3.8,Mild
6,5.68,7.82,2.9,6,44.4,3.1,-10.9,Moderate
2,6.34,5.92,2.8,16,26.3,3.9,36.6,Mild
3,7.73,5.02,3.0,8,33.2,6.6,3.2,Subclinical
2,7.54,7.11,3.1,27,25.6,6.1,-12.6,Subclinical
4,8.28,4.58,3.2,2,28.7,5.8,20.3,Subclinical
1,7.66,6.99,3.6,4,20.4,6.1,33.8,Subclinical
1,4.27,5.98,3.6,0,20.7,1.3,26.2,Critical
2,7.41,5.44,3.0,3,33.5,5.1,-2.1,Subclinical
4,6.29,5.92,3.7,18,38.3,3.9,37.7,Mild
8,6.5,7.29,2.4,29,16.9,3.4,25.3,Mild
1,6.76,6.85,2.6,-3,29.3,4.3,14.9,Mild
3,7.51,4.45,3.4,27,13.2,5.4,5.0,Subclinical
3,6.68,5.83,4.6,4,35.8,3.3,11.6,Mild
2,6.46,4.76,4.6,26,37.7,3.8,33.8,Mild
3,7.62,3.75,2.5,2,33.1,5.5,7.8,Subclinical
8,6.61,5.05,2.7,3,30.1,4.0,-6.1,Mild
4,4.13,7.15,3.8,6,31.8,2.0,13.1,Critical
6,6.83,3.66,2.0,28,40.1,4.2,12.7,Mild
2,5.16,5.66,4.3,0,26.9,3.8,-7.8,Moderate
1,8.26,4.85,2.1,28,25.0,6.5,36.6,Subclinical
7,5.32,5.88,3.3,11,26.7,3.6,-2.2,Moderate
2,7.22,5.12,3.1,12,44.7,6.3,6.9,Subclinical
8,7.25,5.89,4.3,20,35.8,6.1,32.0,Subclinical
8,6.7,6.93,4.4,-2,15.6,4.9,38.1,Mild
3,5.42,4.85,3.8,19,42.6,3.2,7.0,Moderate
4,7.86,7.88,2.3,12,37.3,6.3,4.4,Subclinical
4,7.72,4.42,4.5,17,22.2,6.5,29.9,Subclinical
4,6.41,5.53,3.7,27,20.3,3.8,37.1,Mild
5,4.47,6.79,4.9,24,33.9,1.9,34.3,Critical
5,7.09,4.15,2.9,17,28.1,6.3,-14.5,Subclinical
4,7.33,7.17,4.5,17,15.5,5.5,-9.1,Subclinical
8,6.55,5.41,3.9,26,41.4,4.5,33.5,Mild
8,5.16,6.75,2.4,28,38.0,3.5,11.3,Moderate
6,6.33,7.9,4.1,1,35.2,3.8,29.2,Mild
7,7.27,3.05,3.3,3,44.8,6.6,31.7,Subclinical
6,8.1,4.99,4.1,-2,17.5,5.6,-1.0,Subclinical
6,7.36,4.72,3.2,17,40.4,5.7,38.0,Subclinical
3,8.37,6.87,3.3,0,23.3,5.6,0.8,Subclinical
6,5.38,3.4,3.0,15,21.1,3.2,1.0,Moderate
7,6.24,5.93,4.9,21,15.9,3.9,32.0,Mild
5,6.85,3.52,2.2,25,29.2,4.4,-13.5,Mild
2,7.15,4.95,2.7,13,25.5,6.2,-8.0,Subclinical
1,5.03,5.34,4.6,12,29.2,2.7,-7.6,Moderate
6,7.58,6.79,2.4,13,26.4,5.3,-14.5,Subclinical
8,3.92,6.98,3.6,7,24.4,1.6,15.8,Critical
2,7.26,4.36,3.9,7,21.2,5.6,-6.6,Subclinical
8,4.48,3.73,2.8,20,12.5,0.5,10.9,Critical
5,5.74,4.24,4.3,23,18.7,3.7,39.7,Moderate
2,7.73,4.56,3.0,-3,36.1,7.0,15.2,Subclinical
1,6.62,5.43,3.3,13,29.0,3.7,12.0,Mild
8,7.0,3.09,4.6,10,21.2,6.3,-11.5,Subclinical
4,5.47,4.61,3.9,2,13.4,3.0,21.2,Moderate
3,5.16,3.16,3.9,19,33.0,2.1,13.9,Moderate
7,8.15,5.65,4.2,14,12.7,6.6,-3.1,Subclinical
8,7.98,5.75,3.5,5,28.7,5.9,18.0,Subclinical
6,5.76,4.62,2.7,29,17.5,2.8,27.1,Moderate
8,7.63,5.98,3.6,14,10.2,5.8,39.1,Subclinical
1,5.69,5.56,3.7,4,13.3,3.9,10.3,Moderate
2,4.72,3.06,4.3,19,11.9,0.8,13.8,Critical
3,7.46,7.99,4.9,27,13.2,6.4,8.8,Subclinical
4,7.79,4.33,3.3,0,13.9,7.0,7.7,Subclinical
1,6.34,3.3,2.6,12,11.9,4.8,21.0,Mild
8,5.78,5.29,4.8,-4,11.4,3.1,35.7,Moderate
1,5.85,4.96,2.4,19,28.2,3.9,22.3,Moderate
3,7.6,3.66,4.0,29,33.9,5.6,-3.9,Subclinical
6,6.17,4.13,3.2,-5,42.4,3.8,37.3,Mild
4,6.68,7.34,3.5,15,40.3,3.1,33.8,Mild
1,7.85,7.7,3.7,29,28.4,6.6,33.2,Subclinical
8,7.64,5.69,5.0,-3,29.5,6.8,13.4,Subclinical
8,5.08,7.47,3.6,20,24.5,3.0,9.8,Moderate
4,8.24,6.56,2.5,2,13.2,5.2,23.8,Subclinical
1,7.34,7.13,2.1,4,11.9,6.1,4.2,Subclinical
5,5.3,3.81,2.9,30,16.2,2.2,10.0,Moderate
1,7.13,3.34,3.3,30,12.3,5.6,10.9,Subclinical
5,6.3,3.29,3.7,28,44.6,3.8,11.6,Mild
5,4.1,6.12,4.8,26,28.2,1.8,19.8,Critical
4,5.64,6.13,2.4,8,38.0,4.0,39.9,Moderate
3,5.43,4.68,4.4,21,42.5,3.3,-11.9,Moderate
8,5.46,4.7,3.5,28,20.9,3.6,3.0,Moderate
3,5.18,3.58,2.9,-3,34.0,2.1,17.7,Moderate
8,7.94,7.79,3.7,1,17.2,5.5,4.3,Subclinical
2,7.6,7.18,4.1,17,20.9,5.4,30.0,Subclinical
5,5.82,6.94,4.6,24,27.1,2.8,-11.4,Moderate
8,8.18,5.54,3.2,1,21.4,5.6,20.7,Subclinical
7,7.83,5.41,2.2,8,38.5,5.5,17.5,Subclinical
6,7.76,7.65,3.7,26,14.0,5.5,17.8,Subclinical
8,7.25,7.07,4.3,19,21.5,6.9,20.5,Subclinical
7,4.69,7.84,2.0,30,38.7,1.8,4.8,Critical
4,5.39,5.03,3.3,8,33.2,3.2,11.1,Moderate
6,8.18,3.67,2.2,-4,15.0,5.3,33.7,Subclinical
3,3.62,6.94,3.8,22,31.8,1.5,10.0,Critical
8,7.54,5.49,4.2,27,19.4,5.5,36.0,Subclinical
1,7.8,6.45,2.4,28,44.4,6.4,39.1,Subclinical
2,7.73,6.32,4.0,29,37.9,6.2,2.2,Subclinical
1,5.42,5.11,4.9,13,20.1,3.0,-13.1,Moderate
5,6.06,7.95,4.4,-4,20.0,3.9,-10.5,Mild
4,6.59,7.21,2.2,11,36.4,4.5,-8.6,Mild
8,7.42,4.9,4.1,25,19.2,6.5,14.2,Subclinical
3,6.81,7.68,3.9,12,36.9,4.4,23.1,Mild
3,6.58,6.07,2.3,23,35.0,3.2,-9.3,Mild
8,7.67,3.35,2.7,19,43.4,5.8,30.0,Subclinical
3,6.5,4.95,2.3,17,27.0,4.9,33.7,Mild
3,6.03,4.94,4.4,14,27.5,3.1,38.1,Mild
1,3.55,3.59,4.4,28,26.0,0.6,22.3,Critical
3,6.3,6.48,3.7,23,18.5,3.2,17.0,Mild
4,6.13,3.87,4.1,6,35.1,3.5,18.7,Mild
5,6.31,5.65,2.3,18,40.2,3.0,39.3,Mild
5,6.19,5.27,2.3,-2,42.4,3.5,-5.3,Mild
2,7.1,5.1,4.2,15,18.1,5.5,-8.9,Subclinical
3,7.64,4.68,2.1,-2,19.8,5.4,-8.9,Subclinical
3,8.06,6.97,4.9,5,30.2,5.4,15.4,Subclinical
3,5.82,7.96,4.2,27,11.2,3.8,14.2,Moderate
2,5.41,6.66,4.8,3,22.5,2.5,-1.9,Moderate
1,6.77,3.16,3.3,12,34.4,3.1,18.7,Mild
2,5.56,7.55,3.1,-2,13.9,2.7,5.1,Moderate
4,5.68,5.52,3.3,-2,12.2,3.5,4.0,Moderate
2,7.66,5.26,3.1,-1,16.6,6.1,33.6,Subclinical
3,7.66,3.95,2.1,9,39.2,5.8,13.6,Subclinical
6,7.92,5.65,3.6,24,20.6,6.6,-7.7,Subclinical
8,6.84,5.54,3.9,13,26.6,3.3,0.9,Mild
8,6.3,6.39,2.4,-4,24.1,3.2,31.2,Mild
6,7.08,7.68,2.8,-4,12.9,6.3,31.7,Subclinical
7,3.77,7.54,3.1,4,35.1,1.0,8.5,Critical
5,7.48,4.08,4.7,21,38.1,5.6,0.9,Subclinical
7,6.13,5.37,4.6,16,12.3,4.2,37.8,Mild
5,8.17,3.13,2.0,11,20.5,5.6,20.2,Subclinical
5,7.88,5.56,3.7,11,15.7,6.0,-11.8,Subclinical
3,7.5,7.78,2.1,13,28.5,5.1,36.5,Subclinical
2,5.38,3.09,3.0,18,14.9,3.8,9.3,Moderate
6,7.24,3.64,4.1,9,20.8,5.6,-3.5,Subclinical
2,7.11,3.54,4.4,27,30.8,6.5,10.8,Subclinical
5,5.85,6.64,2.7,-1,13.5,2.7,16.8,Moderate
4,8.35,6.63,4.8,27,39.8,5.3,11.1,Subclinical
6,7.99,3.58,2.9,14,34.0,6.1,31.3,Subclinical
5,8.38,7.01,4.8,18,16.3,5.9,39.9,Subclinical
7,6.39,5.0,3.8,1,36.0,4.3,34.1,Mild
8,6.71,4.31,3.0,29,29.1,3.4,37.4,Mild
2,4.04,3.16,3.7,14,41.0,1.0,-6.0,Critical
8,7.83,4.42,2.2,-3,14.5,5.8,5.2,Subclinical
2,5.3,7.32,3.7,21,19.3,2.0,23.3,Moderate
7,4.63,5.89,3.8,12,12.4,1.4,29.1,Critical
6,8.11,5.16,3.6,7,24.5,6.3,-1.2,Subclinical
3,8.23,5.5,4.0,24,19.4,6.3,20.1,Subclinical
7,5.84,5.31,2.7,14,39.5,3.5,7.6,Moderate
7,6.24,4.18,2.7,4,16.7,3.6,-1.5,Mild
7,7.59,3.15,4.4,12,33.1,6.8,-5.3,Subclinical
8,4.6,4.49,2.2,21,41.4,0.6,21.9,Critical
3,7.33,6.32,3.7,28,18.8,6.1,33.7,Subclinical
6,7.46,4.18,3.3,4,13.7,6.2,-3.2,Subclinical
5,8.21,3.56,3.6,25,33.9,5.1,38.0,Subclinical
6,8.15,7.21,4.0,-2,34.2,5.0,28.4,Subclinical
5,5.27,7.3,2.5,23,32.1,3.9,33.4,Moderate
5,5.78,5.06,4.5,22,40.7,3.6,30.1,Moderate
2,6.32,5.27,2.1,-2,32.4,4.2,-4.9,Mild
3,5.0,3.55,2.7,3,39.6,2.4,22.7,Moderate
3,7.36,3.99,3.2,6,23.8,6.4,5.8,Subclinical
4,6.85,4.91,3.3,8,31.0,4.6,39.7,Mild
4,6.38,4.31,3.9,10,22.9,3.8,22.6,Mild
5,6.47,5.46,4.9,30,39.9,3.9,21.2,Mild
8,7.16,4.02,2.9,5,36.2,6.4,30.2,Subclinical
4,5.53,5.08,2.2,26,33.7,3.9,33.8,Moderate
6,6.87,6.66,4.2,3,17.4,4.3,-12.3,Mild
7,7.4,5.45,3.3,14,41.6,6.5,18.2,Subclinical
6,6.46,5.82,3.3,22,38.4,4.0,18.8,Mild
2,6.04,6.43,2.5,26,28.5,3.7,20.6,Mild
1,7.72,6.6,4.4,17,18.9,6.0,-10.5,Subclinical
8,6.62,5.43,3.9,18,34.2,4.7,38.0,Mild
2,5.11,7.85,4.6,8,26.8,2.0,-7.0,Moderate
4,7.12,3.58,4.7,23,43.7,6.5,10.9,Subclinical
4,7.41,3.51,4.5,22,44.3,6.7,31.7,Subclinical
5,7.05,7.68,4.7,26,18.1,5.8,-11.7,Subclinical
6,7.77,3.58,3.9,17,25.7,5.5,9.0,Subclinical
6,4.61,4.41,4.2,25,14.5,1.7,-4.0,Critical
7,8.32,8.0,3.1,11,22.5,6.0,-6.3,Subclinical
2,5.74,7.35,4.7,5,35.5,2.1,23.9,Moderate
2,7.22,4.01,4.9,-5,18.6,5.7,29.5,Subclinical
7,8.26,7.72,3.3,-5,35.1,6.9,13.5,Subclinical
7,4.06,6.71,4.7,-5,38.9,1.5,34.5,Critical
7,5.4,6.26,4.1,20,37.1,2.4,33.5,Moderate
2,5.08,3.39,4.0,20,30.6,2.8,13.5,Moderate
8,5.57,6.66,3.3,5,15.1,4.0,-8.0,Moderate
5,7.06,4.52,3.5,4,15.0,5.3,17.4,Subclinical
5,4.74,3.61,3.0,-3,24.6,0.8,16.5,Critical
6,8.09,6.81,3.5,24,36.7,6.0,21.7,Subclinical
6,5.08,7.5,3.0,-3,43.5,3.2,34.0,Moderate
3,6.64,5.81,2.4,30,13.0,4.1,37.5,Mild
1,8.34,3.09,4.0,29,16.3,6.0,-14.0,Subclinical
7,7.89,5.93,2.3,30,32.8,6.8,-8.1,Subclinical
2,8.18,5.7,2.5,10,28.8,6.0,8.3,Subclinical
1,8.14,3.84,2.2,25,19.6,6.9,-1.2,Subclinical
4,4.32,5.82,2.9,20,34.4,1.3,30.7,Critical
7,3.8,7.73,3.9,23,19.6,1.3,21.4,Critical
8,8.07,3.39,2.1,23,33.5,6.1,4.4,Subclinical
6,5.35,3.62,3.1,7,25.6,3.7,-2.8,Moderate
6,6.17,4.11,4.9,18,11.3,4.6,12.1,Mild
2,7.82,7.28,4.6,12,16.7,6.5,22.3,Subclinical
8,6.0,7.27,3.0,21,19.6,3.9,22.4,Mild
1,8.24,5.24,2.0,7,21.7,5.4,33.4,Subclinical
4,4.87,3.82,2.9,1,11.0,1.1,8.8,Critical
6,8.18,7.16,4.5,28,37.8,5.5,36.9,Subclinical
2,6.56,3.17,2.9,-1,37.4,4.2,-11.6,Mild
4,7.19,5.57,4.0,17,20.9,5.1,33.7,Subclinical
4,8.37,3.95,3.4,24,31.0,6.3,3.2,Subclinical
6,7.86,6.95,2.1,9,42.2,5.8,20.1,Subclinical
4,7.33,6.7,2.6,6,38.9,6.5,-14.6,Subclinical
3,5.31,7.21,4.7,-4,39.1,3.1,-7.5,Moderate
3,5.72,6.0,4.9,10,42.2,2.4,27.0,Moderate
2,5.15,4.87,3.6,6,21.3,2.8,5.6,Moderate
8,6.43,6.25,2.6,7,25.8,4.2,-2.1,Mild
6,7.6,4.59,3.1,6,25.5,5.9,-0.4,Subclinical
2,7.41,4.38,2.7,2,12.5,6.0,-12.9,Subclinical
1,5.69,7.73,4.5,-5,26.5,2.6,13.2,Moderate
4,5.2,6.93,4.3,24,21.9,3.5,-10.3,Moderate
7,7.29,5.89,2.4,-5,27.5,5.9,21.2,Subclinical
7,8.37,3.94,2.3,23,32.4,5.4,1.8,Subclinical
4,7.18,5.37,3.8,14,30.6,5.4,12.6,Subclinical
3,7.98,7.43,2.5,29,20.2,5.2,35.4,Subclinical
7,5.89,3.53,4.3,15,24.4,3.1,-5.9,Moderate
8,7.04,4.72,3.2,7,23.9,6.3,-14.4,Subclinical
3,6.29,5.74,2.7,23,14.9,4.5,30.1,Mild
1,8.08,4.19,2.3,21,11.0,6.5,-14.2,Subclinical
2,6.2,3.84,2.5,21,27.9,4.8,29.9,Mild
4,7.87,4.16,2.3,15,16.1,6.9,7.1,Subclinical
2,4.5,4.26,2.3,15,44.3,1.7,23.3,Critical
1,6.21,6.69,4.3,0,12.1,4.2,5.6,Mild
7,7.91,4.66,2.7,29,11.9,5.6,35.5,Subclinical
4,5.55,3.03,4.6,-1,43.4,2.8,-12.1,Moderate
3,3.63,4.18,2.2,24,20.9,1.4,24.7,Critical
4,7.42,7.31,3.4,18,23.9,6.2,-5.8,Subclinical
7,8.06,4.91,4.6,14,30.8,6.6,-6.6,Subclinical
6,5.44,4.87,3.5,-1,24.3,3.9,-12.9,Moderate
3,7.27,6.61,3.5,26,32.2,5.9,5.2,Subclinical
7,6.66,6.15,4.0,4,19.1,3.5,10.1,Mild
7,6.47,4.87,4.1,7,27.0,4.3,12.6,Mild
4,7.26,4.3,4.7,21,25.4,5.1,35.2,Subclinical
3,5.07,3.15,2.7,26,33.5,2.2,-9.5,Moderate
6,7.85,4.58,2.7,18,33.3,5.7,5.8,Subclinical
6,4.63,7.18,4.8,-4,31.1,0.5,32.8,Critical
4,4.02,5.07,2.6,15,10.6,1.4,4.8,Critical
6,4.45,6.97,3.0,25,44.5,0.9,32.1,Critical
5,6.55,6.92,4.1,-3,14.5,4.4,28.8,Mild
8,5.15,4.2,2.6,0,13.7,2.9,39.6,Moderate
4,5.23,5.96,2.6,2,30.0,2.6,-8.0,Moderate
1,3.94,5.12,4.3,3,28.2,1.4,18.1,Critical
5,7.7,5.87,3.9,8,27.3,6.4,23.7,Subclinical
3,4.89,7.95,4.3,20,12.5,1.3,25.0,Critical
4,6.63,6.96,4.6,-2,39.7,4.1,24.0,Mild
3,6.4,7.02,2.6,-5,22.7,4.0,32.1,Mild
3,6.34,3.28,3.1,25,16.3,5.0,-12.1,Mild
7,6.87,4.2,3.5,6,32.8,4.3,5.6,Mild
7,6.25,3.41,3.5,27,17.9,4.3,17.3,Mild
2,8.11,5.17,3.7,1,21.4,5.4,24.3,Subclinical
4,6.87,3.9,3.7,15,14.3,4.8,-7.9,Mild
2,6.51,5.53,3.1,29,16.0,4.7,38.7,Mild
4,6.62,3.71,4.6,8,43.5,4.3,18.1,Mild
5,7.18,4.91,4.7,20,26.0,6.2,37.0,Subclinical
3,4.25,6.48,2.6,18,29.7,0.6,20.6,Critical
7,6.74,7.82,2.7,12,14.4,3.6,-9.0,Mild
6,7.9,7.34,2.7,-5,13.4,5.7,38.9,Subclinical
2,8.1,5.94,4.4,1,28.5,5.2,23.5,Subclinical
2,8.26,4.73,4.2,29,29.3,5.3,33.5,Subclinical
3,7.36,3.71,3.7,12,11.9,6.4,24.9,Subclinical
4,6.61,4.77,3.4,13,19.7,3.8,8.5,Mild
8,8.13,7.66,2.4,26,28.0,5.0,39.9,Subclinical
7,6.01,5.12,3.6,17,18.5,3.4,25.6,Mild
1,6.55,5.62,2.7,-1,22.8,4.9,-7.7,Mild
7,4.19,6.4,4.5,2,20.2,0.8,11.6,Critical
8,7.46,3.93,3.1,1,25.1,5.7,-4.1,Subclinical
3,7.58,4.25,3.4,18,20.5,6.8,8.6,Subclinical
5,7.15,4.77,3.3,17,40.9,5.9,24.0,Subclinical
3,5.29,7.62,4.5,19,14.6,3.5,37.7,Moderate
2,6.63,5.96,3.9,9,14.2,4.0,7.1,Mild
3,4.1,5.04,2.9,9,17.8,1.4,8.4,Critical
1,7.43,5.09,3.0,-2,16.4,5.5,-15.0,Subclinical
3,6.3,5.64,3.1,12,17.4,4.5,6.1,Mild
6,4.13,5.1,4.8,27,37.7,1.6,-5.8,Critical
3,6.26,3.95,4.4,26,34.0,4.9,32.9,Mild
5,7.42,3.86,2.1,10,20.2,5.4,20.2,Subclinical
5,5.79,4.05,2.3,17,32.1,2.1,38.5,Moderate
8,7.31,6.76,2.5,9,35.5,5.5,8.9,Subclinical
2,5.45,5.85,4.8,6,32.7,2.9,-13.8,Moderate
7,5.62,5.28,3.9,20,13.5,2.4,14.0,Moderate
7,6.35,7.67,2.4,0,19.4,3.2,36.6,Mild
2,7.31,4.67,3.1,0,41.3,6.9,18.2,Subclinical
6,7.84,4.51,4.5,17,40.6,6.4,-0.1,Subclinical
5,6.73,7.67,2.4,4,21.2,4.4,6.5,Mild
2,5.52,7.97,2.5,19,22.3,3.9,12.2,Moderate
7,6.54,7.61,3.1,30,27.4,4.3,14.4,Mild
4,7.54,6.47,4.2,0,18.2,6.2,-14.8,Subclinical
8,8.34,7.24,4.6,3,20.3,6.8,-7.1,Subclinical
7,3.84,7.81,4.1,19,35.7,1.7,23.3,Critical
2,7.93,3.15,3.1,0,18.6,5.1,-14.3,Subclinical
4,7.59,7.89,2.4,8,24.0,5.3,-11.9,Subclinical
5,4.84,4.78,2.4,1,21.6,1.3,34.3,Critical
3,5.69,6.64,4.0,16,25.7,2.3,-7.8,Moderate
7,7.06,7.99,3.8,4,29.8,6.4,39.7,Subclinical
3,5.69,7.48,3.5,24,21.0,2.6,36.4,Moderate
8,3.56,7.59,2.4,18,27.9,1.8,19.4,Critical
7,7.71,6.1,3.9,10,34.5,5.5,15.8,Subclinical
5,5.34,7.37,4.0,17,26.3,3.1,20.3,Moderate
8,6.1,3.73,2.6,-3,44.6,3.9,27.6,Mild
6,4.61,3.11,4.3,22,19.4,2.0,20.0,Critical
4,5.07,7.93,4.8,15,10.5,3.3,34.3,Moderate
6,7.16,3.02,3.4,3,32.2,6.9,20.1,Subclinical
6,4.64,7.34,4.1,24,24.5,0.5,4.3,Critical
6,7.16,5.97,3.6,19,20.0,5.4,21.3,Subclinical
2,6.9,6.08,3.2,26,36.2,4.6,19.3,Mild
6,4.85,6.52,4.2,-5,42.9,1.9,28.0,Critical
6,5.3,7.87,2.6,20,39.0,3.9,29.1,Moderate
7,8.37,5.19,2.3,3,27.6,5.3,19.7,Subclinical
5,5.75,3.13,2.0,4,11.0,2.3,23.9,Moderate
1,8.04,4.79,2.7,9,20.4,5.3,14.4,Subclinical
7,6.69,6.14,3.9,1,13.9,4.3,36.0,Mild
2,7.29,5.25,2.5,14,10.4,5.8,-5.2,Subclinical
1,6.11,6.0,2.0,28,36.0,3.7,36.0,Mild
1,6.47,7.49,2.1,3,17.7,4.5,25.0,Mild
8,7.59,6.04,3.3,17,23.1,6.5,19.8,Subclinical
1,8.34,7.39,4.9,28,22.3,5.5,-13.4,Subclinical
7,5.71,4.86,4.3,2,10.3,2.7,22.9,Moderate
7,7.95,3.25,3.5,-3,44.7,5.9,8.2,Subclinical
6,7.83,6.92,3.7,-5,41.9,5.5,0.6,Subclinical
8,6.55,7.24,4.9,2,39.5,3.8,36.6,Mild
1,5.84,3.55,4.8,-1,19.2,3.7,22.8,Moderate
8,7.93,4.13,2.8,13,34.9,7.0,4.4,Subclinical
4,6.63,6.35,3.4,19,16.6,3.2,-9.3,Mild
6,5.68,5.52,4.7,9,42.1,2.6,6.2,Moderate
4,5.7,4.54,4.6,1,15.2,2.4,33.2,Moderate
6,7.07,6.66,3.3,13,16.6,5.5,-5.3,Subclinical
8,7.73,3.56,2.3,-3,30.1,5.2,-1.9,Subclinical
3,8.06,4.68,3.5,17,44.6,6.6,-0.8,Subclinical
7,5.57,7.5,3.3,28,16.1,3.9,35.1,Moderate
7,5.53,5.9,4.1,2,25.2,3.9,10.0,Moderate
3,5.86,5.16,4.8,13,17.7,3.4,11.0,Moderate
7,3.62,5.9,3.1,29,41.5,0.7,33.3,Critical
7,6.11,5.59,4.5,0,11.9,4.3,30.6,Mild
8,7.19,6.14,4.2,-5,38.2,6.8,19.3,Subclinical
2,6.42,3.6,3.2,14,11.2,4.6,20.8,Mild
6,8.35,7.91,3.1,27,17.4,5.9,34.6,Subclinical
2,7.24,5.3,4.6,3,19.7,5.3,26.9,Subclinical
2,5.82,6.29,3.7,27,37.1,3.3,13.9,Moderate
6,6.53,6.66,2.7,1,27.5,4.7,22.4,Mild
4,6.09,7.87,4.8,-2,31.4,4.8,-8.7,Mild
6,7.85,6.49,3.1,30,17.0,6.7,-1.1,Subclinical
4,6.18,3.96,3.7,1,17.1,3.3,29.6,Mild
7,7.8,7.79,4.2,28,27.4,6.7,30.8,Subclinical
6,5.32,5.19,3.9,-1,29.9,3.8,-8.0,Moderate
2,4.25,4.56,3.9,29,34.4,0.9,-8.9,Critical
5,4.41,7.44,2.2,8,29.1,0.5,25.4,Critical
8,5.85,5.54,4.0,22,26.7,2.5,28.0,Moderate
7,6.63,6.08,4.7,17,16.8,4.1,9.0,Mild
2,6.23,4.78,4.7,9,25.5,4.1,1.6,Mild
5,5.78,5.71,2.3,17,41.5,2.5,23.8,Moderate
2,7.28,6.71,2.6,18,35.4,5.3,28.3,Subclinical
8,4.41,3.17,2.8,19,20.5,1.2,38.1,Critical
6,8.31,7.14,2.8,8,36.5,6.8,3.8,Subclinical
7,8.1,5.77,4.9,13,40.0,6.9,36.6,Subclinical
5,7.23,3.66,2.0,12,13.0,5.8,-1.3,Subclinical
3,5.4,4.79,3.9,30,17.6,2.0,-11.8,Moderate
4,6.1,5.9,2.1,9,12.1,3.1,24.3,Mild
1,4.45,6.0,3.0,-1,27.7,1.8,-8.8,Critical
6,4.16,3.22,4.8,-4,13.7,2.0,-3.4,Critical
6,8.32,3.75,4.3,0,43.4,5.8,37.7,Subclinical
7,7.75,6.04,4.0,28,25.4,5.2,-0.2,Subclinical
6,7.78,4.15,4.4,9,29.9,5.2,30.5,Subclinical
4,5.7,4.3,2.9,15,14.1,2.8,7.5,Moderate
8,4.39,3.08,2.4,11,36.8,1.7,24.1,Critical
3,6.78,3.37,3.5,28,42.2,4.7,34.7,Mild
8,5.67,6.67,4.2,27,12.9,2.9,34.3,Moderate
8,7.53,7.72,2.3,14,27.3,5.9,-12.3,Subclinical
7,5.26,3.21,4.8,8,25.1,2.8,0.3,Moderate
3,6.09,5.99,2.1,29,28.8,4.1,-4.3,Mild
1,5.33,5.22,2.4,24,20.3,2.6,-9.0,Moderate
7,7.69,6.34,4.9,0,36.0,5.2,-2.8,Subclinical
5,6.12,6.62,2.6,22,12.4,4.3,15.7,Mild
1,6.38,6.19,3.5,6,40.7,3.5,31.2,Mild
8,6.72,3.48,2.3,13,24.7,3.8,9.6,Mild
2,6.16,4.99,2.4,25,39.4,4.9,32.5,Mild
4,7.04,5.05,3.7,15,19.2,5.5,2.5,Subclinical
7,5.36,4.7,4.5,14,25.7,3.8,-2.8,Moderate
2,8.33,3.1,4.2,19,13.2,6.2,23.8,Subclinical
2,6.59,3.78,3.6,9,20.2,4.0,-6.1,Mild
2,5.07,3.07,4.5,4,13.3,3.4,17.4,Moderate
5,4.18,3.09,3.5,20,43.3,1.9,26.9,Critical
1,7.56,6.21,3.0,0,13.3,5.5,-5.7,Subclinical
2,7.2,5.83,2.7,26,18.8,6.2,2.1,Subclinical
1,5.29,6.45,4.3,26,29.1,3.1,2.2,Moderate
3,6.18,5.48,3.9,28,27.1,4.7,26.2,Mild
1,7.42,6.38,3.6,18,29.7,5.9,-5.9,Subclinical
4,8.12,5.36,2.6,16,42.4,6.9,24.6,Subclinical
5,7.51,6.21,2.6,4,13.6,6.5,-3.1,Subclinical
8,6.19,7.65,3.8,4,15.8,3.0,33.1,Mild
6,6.28,7.21,4.9,12,34.9,4.0,31.2,Mild
5,7.96,3.13,3.1,24,37.0,6.1,4.0,Subclinical
1,5.55,3.22,4.1,11,19.6,2.1,-11.9,Moderate
8,5.9,7.37,4.3,1,11.3,3.3,-13.4,Moderate
3,6.78,3.28,3.9,-2,21.0,3.3,32.2,Mild
4,4.42,7.5,4.7,5,41.7,1.6,17.3,Critical
7,7.58,6.81,2.4,12,12.9,6.3,9.4,Subclinical
7,6.16,4.37,3.1,16,26.3,4.5,31.0,Mild
8,7.12,4.59,3.9,-4,36.8,6.8,28.4,Subclinical
8,6.07,6.21,4.7,7,36.2,4.4,25.6,Mild
1,7.45,3.79,3.4,16,32.7,5.2,-9.5,Subclinical
8,6.61,6.82,4.7,27,13.8,3.6,8.4,Mild
7,4.33,5.98,4.1,28,16.9,0.7,38.5,Critical
8,5.45,7.86,2.3,6,44.3,3.6,14.2,Moderate
2,5.14,3.99,4.4,24,25.2,2.7,10.6,Moderate
8,7.45,3.18,4.2,10,16.1,6.3,14.4,Subclinical
8,6.39,4.22,4.5,28,29.9,3.5,-12.8,Mild
3,7.85,5.56,4.2,16,42.5,6.4,26.2,Subclinical
3,8.33,7.18,3.3,2,37.8,5.5,16.4,Subclinical
4,6.62,7.68,2.8,6,19.7,3.1,21.9,Mild
3,7.95,5.07,2.4,12,26.2,5.5,28.5,Subclinical
1,7.48,7.27,3.5,29,34.4,5.6,22.0,Subclinical
2,7.88,7.92,3.1,13,36.3,6.1,9.8,Subclinical
5,7.45,7.8,4.3,15,27.6,5.7,14.3,Subclinical
8,5.68,7.37,3.2,-5,28.6,2.6,3.4,Moderate
2,6.35,6.18,3.9,3,31.3,4.3,12.7,Mild
7,8.32,5.36,2.3,18,10.8,5.7,18.1,Subclinical
4,8.19,3.88,4.8,7,21.3,5.3,1.1,Subclinical
8,6.39,7.13,4.3,2,35.3,3.2,5.2,Mild
5,7.43,6.57,4.0,4,36.0,6.4,23.2,Subclinical
7,6.23,3.74,2.0,18,35.2,3.5,26.0,Mild
3,8.36,5.62,3.1,26,32.7,6.3,32.9,Subclinical
1,8.18,4.14,2.6,-3,23.9,6.7,-9.6,Subclinical
5,7.77,7.85,2.2,28,18.7,6.1,-0.9,Subclinical
4,6.21,4.33,2.8,7,35.7,4.4,35.5,Mild
1,7.29,3.49,4.6,-2,21.2,5.5,19.9,Subclinical
8,7.12,5.44,3.7,22,40.1,5.4,-8.9,Subclinical
4,6.53,4.26,3.2,12,27.2,4.3,-5.3,Mild
5,8.33,4.38,3.7,14,31.9,5.6,-8.9,Subclinical
6,8.25,6.8,4.0,1,42.4,6.0,9.4,Subclinical
4,5.7,4.6,3.6,1,34.0,3.5,36.0,Moderate
3,7.45,3.79,4.0,15,43.5,5.4,39.0,Subclinical
5,5.21,4.85,2.9,17,39.0,2.5,2.3,Moderate
7,8.07,5.04,3.9,3,44.1,5.0,27.2,Subclinical
4,5.19,4.61,4.4,15,29.5,3.4,25.6,Moderate
8,6.77,5.4,4.2,25,43.3,3.2,37.1,Mild
8,6.22,3.28,3.0,29,22.9,5.0,35.8,Mild
2,7.45,3.75,2.9,7,29.7,6.6,9.1,Subclinical
5,7.78,6.85,4.6,15,43.5,6.6,4.9,Subclinical
4,6.17,6.39,4.1,11,31.1,3.9,36.3,Mild
6,4.61,6.67,3.7,30,37.3,1.2,14.2,Critical
2,5.52,3.37,4.1,12,26.3,2.9,33.9,Moderate
2,6.16,6.7,4.8,-4,24.1,4.2,1.2,Mild
1,5.01,5.92,4.3,29,26.0,2.6,21.6,Moderate
3,5.17,5.67,4.8,-3,37.3,2.3,14.7,Moderate
5,8.17,8.0,2.3,19,40.7,5.9,-14.1,Subclinical
6,6.04,5.59,2.4,25,36.7,4.7,-11.6,Mild
5,5.33,7.68,4.9,6,22.8,2.8,35.9,Moderate
1,5.49,3.5,3.0,9,13.2,3.5,39.4,Moderate
8,4.88,6.02,3.9,14,26.7,1.8,34.5,Critical
5,8.06,5.9,4.8,-3,36.2,5.3,29.0,Subclinical
3,5.01,4.98,2.0,25,26.9,3.3,3.9,Moderate
4,7.63,6.28,3.5,16,21.8,5.5,34.1,Subclinical
3,4.06,7.2,2.7,-4,17.0,1.9,26.0,Critical
3,6.51,5.7,4.1,28,15.8,4.1,-6.3,Mild
4,6.76,6.05,4.6,12,11.7,4.5,38.3,Mild
2,7.08,6.82,4.4,10,23.7,5.8,-6.2,Subclinical
4,7.35,3.7,3.2,4,17.2,5.7,-7.2,Subclinical
1,6.57,5.99,2.7,23,20.5,4.0,-8.1,Mild
2,8.23,7.75,2.1,11,13.9,6.5,10.7,Subclinical
7,5.38,6.62,2.8,11,32.4,3.3,3.1,Moderate
2,3.52,4.11,3.3,12,13.6,1.6,28.0,Critical
7,7.85,3.54,4.5,1,30.1,6.7,-8.5,Subclinical
7,8.14,5.2,3.4,28,11.3,6.4,6.9,Subclinical
1,6.19,4.46,3.2,-4,35.5,3.4,31.7,Mild
6,7.49,4.62,4.1,11,36.9,6.9,-6.2,Subclinical
6,6.67,5.5,2.3,17,31.6,4.5,25.7,Mild
8,8.25,3.56,3.7,27,34.5,6.5,15.8,Subclinical
7,7.87,7.57,4.0,11,15.1,5.2,3.7,Subclinical
7,7.15,4.47,3.7,0,21.3,6.9,-2.6,Subclinical
7,8.05,4.32,3.1,10,21.2,6.4,4.6,Subclinical
3,7.03,5.38,4.1,-1,33.9,5.9,-11.4,Subclinical
1,8.0,7.93,2.6,23,20.8,6.0,23.3,Subclinical
7,6.66,6.79,2.5,6,11.0,4.5,36.1,Mild
7,8.23,4.13,5.0,0,21.9,6.0,26.3,Subclinical
2,8.34,4.09,3.0,4,31.0,5.4,16.6,Subclinical
3,6.46,7.68,4.7,2,38.3,4.6,2.1,Mild
8,5.85,3.71,4.9,26,16.6,3.3,7.2,Moderate
4,7.4,6.13,3.2,19,12.9,5.3,-13.7,Subclinical
3,6.46,5.29,2.6,9,34.9,4.4,-11.0,Mild
1,7.06,4.45,4.7,16,44.5,5.8,39.3,Subclinical
7,7.06,7.41,3.3,14,17.2,5.3,33.3,Subclinical
1,7.58,7.08,3.5,-5,31.9,5.8,6.8,Subclinical
1,7.66,3.92,4.3,-1,18.5,5.2,18.8,Subclinical
8,6.54,3.94,2.6,15,11.5,3.1,-14.2,Mild
1,7.87,3.72,2.3,9,10.2,5.3,-14.8,Subclinical
2,5.77,3.1,4.5,25,42.8,3.5,20.5,Moderate
7,6.4,4.73,5.0,24,26.8,4.5,34.4,Mild
6,7.31,4.94,2.8,5,22.9,5.6,-13.8,Subclinical
8,7.62,4.99,4.2,8,18.6,5.8,24.2,Subclinical
3,7.38,5.01,4.3,7,15.3,6.5,2.4,Subclinical
3,5.69,5.65,3.9,-3,33.7,3.0,28.3,Moderate
8,7.67,5.81,4.7,4,15.7,6.4,-8.5,Subclinical
8,7.98,3.57,4.8,23,13.4,5.6,-12.8,Subclinical
8,7.24,7.65,3.8,6,25.7,5.0,-13.9,Subclinical
6,4.74,3.67,2.9,20,42.1,2.0,-8.9,Critical
6,3.91,7.92,3.5,21,44.7,1.7,5.1,Critical
1,7.97,5.56,5.0,22,24.3,5.5,3.8,Subclinical
4,6.44,3.42,4.0,15,40.2,3.5,34.3,Mild
2,5.22,4.18,2.3,-1,10.3,2.4,-14.3,Moderate
2,5.14,7.37,4.4,1,31.4,3.3,-11.9,Moderate
4,7.99,6.66,3.8,-2,25.5,6.0,12.9,Subclinical
8,6.33,6.72,2.7,5,11.5,3.6,4.4,Mild
6,5.83,7.5,3.4,4,35.8,3.7,6.2,Moderate
6,5.34,5.17,4.5,6,15.3,3.7,37.0,Moderate
7,6.39,4.77,2.3,15,34.7,4.7,18.4,Mild
6,5.57,4.7,4.4,7,41.6,3.8,38.1,Moderate
4,4.49,5.82,4.7,15,27.9,1.4,-9.7,Critical
2,6.48,6.64,2.2,19,37.2,3.9,28.5,Mild
6,6.76,4.64,4.5,25,29.7,3.1,28.1,Mild
6,7.85,7.79,3.8,2,20.3,6.1,-11.7,Subclinical
5,7.35,4.49,2.6,13,10.9,5.8,20.8,Subclinical
7,7.9,3.17,2.8,-3,40.9,5.8,-11.9,Subclinical
2,7.2,3.46,3.1,17,21.8,5.2,7.7,Subclinical
1,7.73,7.11,4.4,23,15.6,6.3,27.0,Subclinical
6,7.54,4.45,2.1,21,29.3,6.3,-12.8,Subclinical
5,5.24,6.77,2.8,7,21.4,2.7,-0.7,Moderate
8,6.03,5.03,2.6,-3,23.6,4.2,-9.1,Mild
8,5.5,4.24,3.8,-5,39.8,2.6,19.1,Moderate
1,3.92,3.27,2.6,7,44.0,1.1,25.8,Critical
8,5.16,7.43,4.1,12,19.5,2.2,23.7,Moderate
5,6.64,6.36,4.9,7,18.2,4.4,9.6,Mild
1,4.72,5.44,2.7,-2,20.0,1.8,-10.1,Critical
8,7.76,5.7,3.0,17,24.2,5.7,16.9,Subclinical
6,8.07,6.38,3.2,22,13.0,5.3,-1.1,Subclinical
3,5.88,7.12,4.6,27,29.0,3.6,13.6,Moderate
8,5.13,5.03,4.5,29,32.3,2.1,37.3,Moderate
8,8.06,4.23,4.5,1,25.9,5.2,26.2,Subclinical
8,6.03,4.08,3.2,-5,33.9,3.6,17.6,Mild
8,3.6,7.01,3.6,-2,18.9,0.8,-8.5,Critical
8,7.41,3.55,2.5,-1,17.0,5.3,11.7,Subclinical
3,8.08,6.42,4.5,9,35.0,5.1,29.5,Subclinical
2,6.38,3.33,2.3,17,26.6,3.1,12.9,Mild
3,5.11,5.23,5.0,18,29.5,2.3,11.3,Moderate
2,7.78,6.51,2.0,-2,27.9,5.5,-14.3,Subclinical
1,6.27,5.4,2.6,25,26.7,4.6,-3.2,Mild
2,7.2,3.34,3.5,-1,29.8,5.3,-1.4,Subclinical
6,5.84,3.21,3.0,20,11.0,3.7,21.9,Moderate
4,8.05,7.44,3.9,5,18.4,5.3,13.7,Subclinical
7,6.54,6.89,4.3,-3,22.9,3.8,6.6,Mild
6,6.27,7.74,3.5,19,36.5,4.1,31.2,Mild
3,6.42,5.58,3.9,11,32.0,3.2,36.4,Mild
4,7.44,4.74,2.9,16,28.1,6.8,7.6,Subclinical
4,8.08,4.48,4.1,18,34.9,6.8,15.4,Subclinical
3,5.11,5.99,3.9,16,16.4,3.4,20.6,Moderate
7,7.68,3.73,3.8,11,14.4,5.5,5.7,Subclinical
1,3.59,7.67,3.7,12,27.9,1.7,8.1,Critical
2,5.09,3.83,2.5,9,19.8,3.7,-14.8,Moderate
7,7.62,5.22,2.5,19,39.8,5.5,26.3,Subclinical
5,7.29,4.71,2.1,27,31.5,6.3,31.1,Subclinical
7,5.54,4.22,4.1,23,35.0,2.9,-13.8,Moderate
6,8.1,4.26,4.8,5,27.6,6.2,12.5,Subclinical
3,6.4,6.97,3.2,4,10.6,4.2,-2.5,Mild
6,7.65,5.99,3.1,27,29.3,5.8,-12.8,Subclinical
8,7.56,4.42,2.2,28,30.5,6.6,33.6,Subclinical
1,7.93,7.99,2.5,19,21.6,6.1,24.3,Subclinical
5,8.39,3.19,4.2,-1,17.7,5.4,35.3,Subclinical
8,5.1,6.64,3.1,25,43.4,3.3,-0.8,Moderate
6,7.88,6.58,3.6,12,38.2,5.7,27.8,Subclinical
7,6.51,7.74,4.0,15,42.4,3.6,-11.9,Mild
3,5.37,4.54,3.5,26,42.5,4.0,6.8,Moderate
4,7.4,4.64,3.1,0,13.5,6.2,-10.5,Subclinical
6,4.45,3.44,2.5,14,21.6,1.9,-12.9,Critical
6,7.93,5.54,2.9,20,24.6,6.4,36.2,Subclinical
4,6.22,5.94,2.4,1,44.9,3.3,-8.1,Mild
1,5.33,7.21,4.4,19,16.5,2.8,12.4,Moderate
6,5.4,6.29,4.9,6,10.3,3.6,28.1,Moderate
8,8.23,5.56,3.5,12,41.8,5.7,24.6,Subclinical
6,8.17,7.26,4.5,11,23.8,5.4,-14.8,Subclinical
1,6.45,6.9,4.6,19,29.6,4.2,3.1,Mild
1,6.62,3.1,2.4,11,15.9,3.2,1.1,Mild
7,7.29,4.55,3.6,30,32.4,5.3,-10.8,Subclinical
1,5.86,4.35,2.5,23,21.8,2.1,12.5,Moderate
2,7.67,3.46,2.5,7,29.1,6.2,-1.2,Subclinical
2,5.89,6.45,2.6,17,11.0,2.3,31.9,Moderate
8,7.54,5.26,2.0,17,10.6,6.3,21.6,Subclinical
7,6.67,3.67,2.3,28,29.6,3.0,-8.6,Mild
6,7.17,4.23,3.6,22,20.3,6.6,32.2,Subclinical
3,4.47,7.25,4.9,28,22.7,1.7,12.4,Critical
1,8.37,7.66,3.8,1,22.7,5.7,-9.8,Subclinical
6,6.8,4.16,2.8,30,36.4,3.4,35.2,Mild
5,5.82,7.65,2.9,21,13.3,3.3,3.3,Moderate
4,5.07,7.33,3.9,-4,26.5,2.3,25.1,Moderate
5,6.58,3.96,2.8,3,30.2,4.0,29.8,Mild
4,8.0,4.03,2.4,2,40.4,6.7,2.9,Subclinical
5,7.62,4.77,4.6,10,27.1,5.4,37.2,Subclinical
7,5.24,6.91,3.9,19,17.7,3.0,37.2,Moderate
3,6.1,4.36,4.0,14,36.1,4.4,-13.9,Mild
2,3.84,6.34,3.7,28,42.3,0.9,19.5,Critical
1,7.29,6.4,4.9,23,35.1,5.8,-2.9,Subclinical
2,6.72,6.8,2.1,12,28.9,4.6,21.2,Mild
8,5.74,3.44,3.7,12,10.0,2.4,23.3,Moderate
3,6.02,4.38,2.5,5,18.2,3.2,-12.5,Mild
7,5.14,3.04,3.1,29,16.1,2.1,31.4,Moderate
6,4.74,5.84,4.9,22,16.0,0.7,31.0,Critical
4,5.82,4.21,3.7,16,28.4,3.0,-9.9,Moderate
2,8.03,7.24,2.1,-5,37.3,5.6,27.6,Subclinical
1,5.08,3.41,4.1,25,43.4,2.3,-9.6,Moderate
1,6.71,7.94,2.9,2,37.8,4.5,12.7,Mild
5,6.14,5.7,2.9,28,41.9,4.1,-10.8,Mild
5,5.45,5.54,3.4,-3,31.0,3.6,-14.8,Moderate
7,5.31,5.65,3.2,2,18.3,2.7,-6.8,Moderate
6,7.52,5.88,4.2,30,35.0,5.1,19.4,Subclinical
4,7.57,6.93,2.1,28,16.5,6.7,-11.5,Subclinical
2,5.78,7.58,4.2,11,31.9,2.5,-0.8,Moderate
8,7.7,6.82,3.6,-1,24.0,6.9,-1.7,Subclinical
3,6.33,4.55,4.3,0,26.2,4.5,-12.8,Mild
5,6.17,5.35,2.9,12,40.2,4.7,13.2,Mild
1,8.08,5.5,2.5,12,21.6,6.5,38.5,Subclinical
1,6.61,7.97,2.9,8,42.1,3.7,-3.5,Mild
2,7.76,6.15,2.6,8,14.7,6.2,20.4,Subclinical
1,5.01,3.15,2.3,21,13.9,2.4,-8.0,Moderate
1,7.34,4.32,2.9,2,43.6,5.8,34.9,Subclinical
4,5.35,3.38,3.8,2,40.5,3.2,20.2,Moderate
3,3.6,3.46,4.8,13,14.6,1.2,14.5,Critical
1,5.7,5.18,4.4,-3,28.2,2.7,-9.7,Moderate
1,8.31,7.42,3.1,20,41.0,6.9,-10.1,Subclinical
8,7.1,6.84,2.8,16,22.5,6.9,30.0,Subclinical
7,7.8,5.81,4.7,8,44.4,6.0,30.7,Subclinical
1,6.1,7.93,4.3,16,20.4,3.6,11.2,Mild
3,6.37,3.62,2.3,18,25.8,3.4,23.2,Mild
6,5.89,5.87,4.8,23,44.7,3.2,17.1,Moderate
7,8.07,4.48,3.7,24,13.1,6.1,13.7,Subclinical
6,7.81,5.83,2.9,27,41.1,6.3,16.3,Subclinical
4,3.65,6.9,4.3,22,24.1,1.8,15.8,Critical
1,8.39,6.82,4.9,-4,32.5,5.9,-5.4,Subclinical
5,5.75,3.59,2.4,22,21.9,3.8,15.2,Moderate
6,7.76,5.75,3.7,17,24.2,5.3,-11.0,Subclinical
3,5.43,5.17,3.2,19,12.2,2.4,-12.0,Moderate
2,7.11,7.12,2.1,-1,23.1,5.4,-11.9,Subclinical
4,6.57,5.99,3.2,-2,35.0,3.5,9.7,Mild
7,6.6,3.46,4.6,25,42.3,4.2,35.8,Mild
2,8.08,5.67,2.2,7,16.9,5.5,10.0,Subclinical
6,4.0,5.01,3.4,0,26.2,1.9,-3.7,Critical
2,6.54,4.19,3.5,15,14.6,3.0,12.3,Mild
7,3.67,4.48,2.8,-2,35.4,0.8,-5.7,Critical
7,5.42,6.95,4.0,5,42.0,2.2,-10.9,Moderate
8,6.8,3.97,3.6,21,16.0,4.2,15.0,Mild
8,5.21,5.7,4.6,27,16.2,2.9,22.5,Moderate
6,7.32,6.93,3.8,22,24.1,6.5,36.0,Subclinical
1,7.56,6.9,2.4,-5,22.8,6.9,-14.9,Subclinical
5,4.07,7.69,2.2,3,21.5,0.7,6.9,Critical
1,6.5,6.12,3.6,29,40.4,4.1,37.4,Mild
1,5.77,4.15,4.5,22,44.1,3.6,17.9,Moderate
5,7.91,6.05,3.7,-1,32.7,5.6,0.6,Subclinical
8,6.87,3.46,4.8,10,41.3,4.5,7.1,Mild
3,7.04,7.82,2.2,24,27.3,6.2,14.3,Subclinical
7,7.71,4.6,3.7,26,44.8,6.4,-12.9,Subclinical
6,7.96,4.4,3.6,16,39.8,6.1,-0.2,Subclinical
7,4.14,6.06,2.6,10,32.2,1.1,-7.7,Critical
5,6.71,5.73,4.7,1,21.9,4.7,-6.0,Mild
6,6.17,3.89,4.8,19,15.9,4.5,16.6,Mild
4,4.72,4.85,2.7,27,13.7,0.8,24.1,Critical
8,7.73,3.08,3.0,26,37.1,6.9,0.8,Subclinical
1,5.01,7.32,4.4,13,43.3,3.2,28.6,Moderate
3,6.41,5.96,3.4,-2,31.2,4.2,30.9,Mild
6,8.21,5.69,2.8,5,14.8,6.2,23.8,Subclinical
2,5.73,7.26,4.6,-3,15.5,2.9,1.9,Moderate
4,7.1,7.96,2.3,15,40.4,5.5,-11.2,Subclinical
8,7.2,5.12,4.7,23,35.2,6.9,1.1,Subclinical
2,6.66,3.72,4.5,-5,31.9,3.4,19.3,Mild
1,8.24,4.02,3.7,17,10.8,6.0,-5.9,Subclinical
2,7.93,5.32,2.8,18,29.7,5.4,-0.4,Subclinical
1,7.46,6.35,3.4,30,18.4,6.2,-9.4,Subclinical
3,8.01,5.29,2.6,23,37.6,6.9,25.1,Subclinical
3,6.86,5.88,3.7,8,35.9,4.9,33.5,Mild
6,6.59,5.75,2.7,5,21.4,4.2,5.0,Mild
4,5.29,6.62,3.4,26,17.7,3.9,29.5,Moderate
3,7.8,6.33,3.8,28,41.9,5.9,24.5,Subclinical
6,7.19,3.65,2.1,1,14.7,6.9,5.0,Subclinical
3,7.05,7.05,4.1,24,28.2,5.1,12.8,Subclinical
4,7.97,4.79,2.7,29,23.8,6.4,-11.7,Subclinical
2,3.53,6.65,3.8,17,33.2,0.7,-9.9,Critical
4,7.08,7.96,2.2,26,13.3,6.6,38.2,Subclinical
3,8.02,7.62,4.9,21,26.3,5.2,21.3,Subclinical
4,6.18,5.86,3.3,16,17.3,4.2,-14.3,Mild
5,8.09,3.5,2.9,30,33.9,5.2,19.4,Subclinical
1,5.52,4.88,2.1,7,34.5,2.7,5.2,Moderate
2,6.73,6.58,3.7,17,14.5,4.5,23.2,Mild
2,5.21,7.68,3.6,29,22.8,2.9,1.9,Moderate
8,7.39,6.61,2.3,22,40.2,5.3,-13.8,Subclinical
6,6.4,5.13,2.5,10,18.8,4.4,31.3,Mild
5,5.42,3.59,4.4,2,11.4,2.0,-13.5,Moderate
2,7.63,5.12,2.1,-5,28.1,5.6,29.7,Subclinical
3,7.83,3.3,2.3,27,11.5,6.7,9.9,Subclinical
7,5.8,3.32,2.7,3,34.5,2.9,11.1,Moderate
8,7.89,6.43,4.4,19,31.1,6.3,26.2,Subclinical
7,8.34,5.43,3.7,10,18.2,5.3,-5.4,Subclinical
4,8.03,5.91,4.7,23,38.2,6.9,-11.3,Subclinical
8,8.26,3.11,4.5,27,31.9,6.8,38.1,Subclinical
4,7.8,3.06,2.5,-4,19.1,5.9,-12.4,Subclinical
5,6.71,3.75,4.2,20,30.3,4.2,39.9,Mild
1,6.24,7.52,2.3,22,13.9,4.2,8.5,Mild
4,5.16,5.79,3.0,19,22.4,2.6,27.8,Moderate
7,7.25,6.51,2.8,19,23.4,6.3,-1.3,Subclinical
7,3.54,3.06,3.7,1,23.5,1.2,-6.2,Critical
4,8.16,5.51,3.7,9,19.3,5.8,7.0,Subclinical
2,6.08,7.48,5.0,10,22.5,3.1,26.6,Mild
3,6.9,4.07,4.2,-5,22.0,4.7,39.0,Mild
6,5.5,3.11,2.5,12,36.3,2.2,12.3,Moderate
2,5.7,6.77,3.9,29,28.9,2.3,34.9,Moderate
8,5.75,5.07,4.5,1,37.6,2.3,31.2,Moderate
5,8.3,3.45,3.0,11,44.3,5.8,29.2,Subclinical
3,3.64,4.89,2.0,-4,30.8,1.4,20.8,Critical
5,5.48,4.88,3.1,12,37.5,3.2,25.7,Moderate
7,6.45,3.07,4.4,14,21.0,3.1,32.6,Mild
6,6.48,6.84,4.9,7,37.3,3.1,29.3,Mild
4,8.2,6.92,4.6,6,37.0,5.7,3.5,Subclinical
2,7.11,7.55,4.6,11,28.7,5.6,13.4,Subclinical
1,4.56,5.58,3.2,26,44.7,2.0,-8.0,Critical
1,5.42,7.92,4.8,6,20.8,2.7,-8.2,Moderate
4,6.45,7.75,2.1,22,18.9,4.8,20.9,Mild
6,6.67,3.7,2.6,23,20.0,4.7,14.5,Mild
2,6.41,6.32,3.9,5,27.1,4.8,-13.3,Mild
3,8.15,5.71,4.4,-1,31.2,6.8,6.3,Subclinical
5,5.3,6.96,2.7,29,27.6,3.3,-7.0,Moderate
6,5.76,7.32,4.4,1,28.0,3.8,24.3,Moderate
5,7.72,4.39,2.8,18,19.2,5.1,8.5,Subclinical
5,8.22,5.13,3.8,27,37.2,6.5,33.7,Subclinical
7,5.64,5.78,2.7,23,15.7,2.4,-2.0,Moderate
3,5.88,4.96,4.5,8,44.4,4.0,13.4,Moderate
4,5.15,4.15,4.7,-4,12.2,2.2,13.7,Moderate
2,7.06,7.34,4.8,25,35.0,5.1,-8.3,Subclinical
1,8.1,5.75,2.4,15,20.8,5.6,32.6,Subclinical
7,4.11,5.18,4.9,19,24.8,0.6,-9.9,Critical
7,5.82,7.2,5.0,9,44.5,2.6,-14.9,Moderate
2,7.56,6.09,2.1,-5,22.9,6.6,15.9,Subclinical
4,7.41,6.11,2.5,24,37.5,5.3,14.0,Subclinical
2,7.66,6.07,3.1,18,38.1,7.0,8.6,Subclinical
2,7.8,3.63,4.8,3,25.1,6.8,23.6,Subclinical
3,7.53,6.81,4.9,18,42.7,5.6,36.7,Subclinical
6,8.36,3.45,4.2,26,20.4,5.2,18.1,Subclinical
8,7.07,6.61,3.1,3,13.7,6.4,15.4,Subclinical
1,7.45,3.71,4.5,18,27.4,6.6,-15.0,Subclinical
8,5.89,7.44,4.7,12,10.2,3.0,-10.1,Moderate
3,6.14,7.97,2.2,29,42.3,3.5,28.7,Mild
2,5.88,6.74,2.1,18,18.0,3.3,29.9,Moderate
5,5.51,3.7,3.7,24,24.5,2.7,15.5,Moderate
7,5.31,3.58,4.5,0,43.6,3.2,28.6,Moderate
8,5.18,6.85,4.3,-3,19.0,2.6,-12.5,Moderate
7,6.2,7.85,4.4,18,25.3,3.4,13.8,Mild
4,5.49,7.61,4.4,14,24.2,3.9,-7.4,Moderate
2,6.8,6.89,4.8,1,31.0,3.2,22.8,Mild
1,7.01,3.25,3.0,16,17.5,6.7,24.6,Subclinical
6,5.87,6.17,3.9,-3,25.3,3.3,-12.6,Moderate
7,5.04,3.36,2.9,1,43.4,3.2,39.5,Moderate
3,5.86,4.87,3.7,4,11.6,2.7,6.3,Moderate
1,8.09,6.47,2.4,8,33.2,6.8,16.4,Subclinical
2,5.44,4.96,2.9,24,28.8,4.0,-4.9,Moderate
3,6.2,3.08,4.4,-3,32.5,3.4,34.1,Mild
1,7.89,4.27,2.0,2,13.1,6.9,6.6,Subclinical
1,5.25,5.28,4.3,30,37.6,3.4,14.9,Moderate
3,5.08,3.84,2.1,10,24.7,3.2,29.2,Moderate
3,5.41,7.92,4.7,3,10.0,2.7,9.5,Moderate
3,5.2,6.5,2.5,5,12.4,3.5,34.9,Moderate
8,5.65,6.86,3.5,8,28.7,3.4,3.3,Moderate
8,5.48,5.74,3.1,4,27.8,3.6,17.0,Moderate
5,5.3,7.98,2.4,25,15.7,3.8,-12.0,Moderate
3,6.83,7.87,4.9,7,34.5,4.7,22.0,Mild
2,6.22,3.65,2.3,16,41.0,4.4,7.4,Mild
3,6.89,7.89,2.2,14,23.2,3.2,18.4,Mild
4,7.17,6.71,4.5,-1,31.7,6.6,6.6,Subclinical
4,8.31,5.03,4.7,21,39.5,5.8,34.9,Subclinical
1,4.04,5.56,3.2,18,12.1,1.6,17.0,Critical
7,6.15,5.17,4.5,0,20.3,3.4,-6.9,Mild
3,5.83,4.6,4.0,1,33.8,3.5,31.8,Moderate
8,8.33,6.11,3.2,10,35.4,6.2,34.9,Subclinical
7,6.24,3.67,4.9,13,43.2,3.4,38.6,Mild
1,5.33,7.75,2.1,10,12.7,2.5,23.9,Moderate
8,5.37,5.33,4.2,12,27.5,2.7,28.8,Moderate
5,8.01,4.0,4.9,22,23.0,6.9,11.0,Subclinical
7,8.35,3.4,3.0,18,10.8,5.1,23.4,Subclinical
5,7.71,3.71,4.4,18,30.2,6.6,6.8,Subclinical
1,6.41,3.52,4.7,-4,11.0,3.8,20.5,Mild
6,8.29,5.74,2.3,30,19.8,5.3,-6.4,Subclinical
5,5.67,5.3,2.8,26,11.7,2.4,12.3,Moderate
1,5.62,3.74,4.7,24,25.9,2.8,16.8,Moderate
7,6.17,6.23,2.1,17,38.5,3.9,29.8,Mild
3,8.27,4.76,2.5,20,16.2,5.4,24.6,Subclinical
8,6.71,4.76,4.7,8,41.8,3.7,-6.8,Mild
8,6.2,3.87,2.9,25,34.2,4.2,30.6,Mild
4,5.12,3.17,3.2,-2,29.3,2.8,10.3,Moderate
5,5.48,5.21,2.8,4,17.3,2.5,38.3,Moderate
3,3.7,3.53,3.8,11,44.9,0.7,4.0,Critical
6,7.32,5.81,2.4,-1,17.7,6.1,6.2,Subclinical
5,6.6,4.83,2.2,12,37.7,3.5,-12.5,Mild
8,7.3,3.4,3.8,6,14.6,5.3,20.9,Subclinical
6,7.97,5.72,3.1,8,42.9,6.9,22.7,Subclinical
1,6.13,5.72,4.3,26,24.0,4.9,16.5,Mild
5,8.24,4.74,4.1,-3,19.0,5.2,3.2,Subclinical
6,7.44,4.93,2.8,22,31.6,5.4,38.0,Subclinical
8,7.58,7.27,3.8,28,31.7,5.4,15.8,Subclinical
7,6.31,7.86,4.3,13,36.1,3.6,1.9,Mild
5,5.55,6.76,2.7,11,19.7,2.8,9.8,Moderate
5,8.23,6.29,3.7,4,17.9,5.5,17.6,Subclinical
8,8.01,6.21,4.6,12,13.5,5.4,-6.3,Subclinical
8,3.68,3.22,3.0,28,22.2,1.5,0.8,Critical
8,8.12,3.05,2.9,22,39.7,5.3,6.0,Subclinical
6,5.48,6.14,4.5,-5,29.4,3.2,8.7,Moderate
4,5.85,4.3,3.0,19,17.7,2.5,-11.0,Moderate
1,8.24,3.79,4.0,3,11.2,5.6,-1.3,Subclinical
3,7.37,6.32,4.1,21,27.7,5.4,23.1,Subclinical
1,5.03,6.55,4.7,12,23.4,3.6,17.0,Moderate
3,5.7,4.25,4.2,6,19.7,3.2,5.4,Moderate
3,6.26,6.61,4.7,11,33.1,4.8,15.1,Mild
8,5.58,3.53,4.4,6,42.4,3.4,-12.2,Moderate
4,6.48,6.14,3.0,-1,16.3,4.8,2.4,Mild
6,5.35,5.54,4.2,10,27.0,3.5,19.5,Moderate
2,8.11,3.6,3.4,27,11.5,5.2,23.3,Subclinical
1,7.94,3.25,4.5,13,34.3,6.8,28.9,Subclinical
6,7.14,3.89,3.0,2,27.3,6.9,-5.5,Subclinical
7,5.67,3.11,4.6,4,15.1,2.5,5.7,Moderate
5,6.53,3.98,4.2,29,38.6,4.3,-3.9,Mild
3,6.36,5.99,2.9,9,19.4,4.3,9.9,Mild
3,7.22,7.43,3.0,0,15.0,5.7,18.3,Subclinical
3,6.14,7.78,4.3,8,11.5,3.6,17.5,Mild
7,6.21,6.23,2.5,13,33.2,3.5,37.5,Mild
2,7.47,5.76,2.3,8,35.3,5.5,-2.7,Subclinical
1,6.04,7.28,2.2,0,16.2,4.1,-6.6,Mild
6,5.67,4.86,2.5,22,29.0,3.0,14.5,Moderate
5,6.85,5.98,4.2,8,20.4,3.8,-5.1,Mild
5,6.52,4.0,4.2,-4,12.0,4.1,33.1,Mild
3,7.99,3.81,3.0,29,23.9,5.1,33.0,Subclinical
3,5.59,4.99,4.1,5,38.8,3.1,26.6,Moderate
3,5.76,6.05,3.2,8,17.5,4.0,11.6,Moderate
2,8.24,6.84,2.5,24,13.7,6.9,8.9,Subclinical
2,3.5,3.78,4.7,4,13.5,0.6,14.7,Critical
4,6.31,3.32,3.4,-4,24.2,3.4,34.3,Mild
1,7.59,3.03,4.7,29,28.3,6.3,32.1,Subclinical
4,5.49,6.38,5.0,4,34.6,2.6,5.7,Moderate
3,7.86,5.24,2.9,27,30.8,5.7,34.0,Subclinical
8,5.28,6.09,3.7,20,19.7,3.4,37.4,Moderate
5,5.1,7.72,3.0,20,35.7,2.9,14.5,Moderate
2,4.67,5.29,3.2,13,29.4,2.0,34.6,Critical
3,5.24,4.11,3.7,29,30.1,3.7,-4.6,Moderate
4,7.02,5.79,4.3,7,38.9,6.9,38.8,Subclinical
1,7.7,3.59,3.4,21,40.7,6.0,29.2,Subclinical
5,7.93,7.09,3.1,14,42.9,6.9,5.8,Subclinical
8,6.45,6.66,3.9,30,21.2,3.9,22.1,Mild
2,7.63,6.18,3.1,0,19.0,5.1,10.0,Subclinical
6,7.89,5.64,4.2,13,13.9,5.7,28.4,Subclinical
8,4.21,4.76,2.5,29,26.6,1.8,-14.5,Critical
6,7.96,5.04,4.5,8,42.4,5.6,25.1,Subclinical
1,5.09,5.39,2.9,19,27.4,3.1,25.4,Moderate
3,6.53,4.12,4.4,3,30.6,3.8,16.7,Mild
7,6.24,5.93,2.1,-3,13.9,4.8,14.3,Mild
6,5.74,4.74,3.6,28,36.0,3.8,31.3,Moderate
4,5.38,7.91,2.3,6,35.4,3.5,20.1,Moderate
6,8.05,4.23,5.0,26,39.2,6.7,-10.6,Subclinical
1,8.03,6.6,3.9,5,39.2,6.2,9.5,Subclinical
1,8.06,6.34,2.6,20,10.7,5.9,25.9,Subclinical
2,7.01,7.92,2.9,15,22.2,6.9,-1.6,Subclinical
7,8.4,4.25,2.5,0,23.2,6.3,-1.0,Subclinical
7,5.07,7.79,3.0,8,21.7,3.8,33.0,Moderate
5,7.06,5.8,2.0,26,44.3,5.7,-14.5,Subclinical
4,7.59,6.17,4.0,24,14.1,6.9,26.5,Subclinical
4,8.3,5.48,2.8,-5,29.9,6.2,-5.5,Subclinical
5,6.84,6.77,3.1,10,39.1,4.0,27.2,Mild
8,6.12,3.11,4.9,30,43.6,4.0,39.2,Mild
5,6.7,4.04,3.5,28,41.5,4.5,12.9,Mild
8,7.91,4.07,2.9,25,25.7,5.7,30.6,Subclinical
6,7.37,6.28,2.5,9,41.3,5.3,18.6,Subclinical
3,7.01,6.45,4.1,12,13.5,6.5,-3.2,Subclinical
4,8.18,6.08,2.3,4,15.0,6.3,0.2,Subclinical
3,5.26,4.07,3.3,1,28.7,2.5,19.2,Moderate
1,6.54,5.07,2.4,18,16.9,4.6,37.7,Mild
4,8.05,3.55,3.6,19,29.8,5.1,25.9,Subclinical
7,5.45,4.58,4.8,12,36.0,2.4,28.6,Moderate
5,6.77,3.46,3.2,4,22.0,4.9,-3.2,Mild
1,7.29,3.47,4.8,25,24.3,5.4,20.8,Subclinical
1,5.87,6.46,3.8,17,13.9,3.4,-13.0,Moderate
7,5.23,5.57,3.3,8,26.2,3.1,40.0,Moderate
5,7.44,7.1,3.7,0,44.2,5.5,-9.0,Subclinical
3,7.12,6.63,3.6,7,23.8,5.6,37.9,Subclinical
6,5.88,5.25,4.9,27,15.5,2.6,-2.7,Moderate
5,7.6,7.99,2.6,26,34.0,5.3,25.8,Subclinical
6,7.0,3.09,3.6,10,37.8,5.4,25.9,Subclinical
2,7.86,5.84,2.3,11,14.2,5.0,28.9,Subclinical
2,7.54,3.69,3.5,24,36.0,6.5,17.0,Subclinical
8,4.54,6.67,2.9,0,43.0,1.4,32.7,Critical
5,7.54,7.21,3.8,12,34.0,5.1,-1.3,Subclinical
4,5.86,4.59,4.0,30,32.6,2.2,23.2,Moderate
5,7.21,6.32,2.2,8,21.3,5.0,-1.8,Subclinical
8,7.45,5.91,4.1,20,25.1,6.9,-6.8,Subclinical
5,8.36,5.65,3.5,-1,27.4,5.3,22.9,Subclinical
6,7.89,4.11,5.0,-4,10.3,5.4,-10.2,Subclinical
5,6.85,5.18,3.0,11,20.9,4.4,24.9,Mild
3,6.88,4.91,4.9,1,31.8,3.8,3.3,Mild
4,8.35,4.75,4.9,0,27.2,5.6,7.5,Subclinical
7,4.83,7.63,4.6,21,39.8,1.8,9.3,Critical
5,5.43,6.2,3.1,-3,24.4,3.7,36.3,Moderate
2,7.21,6.02,4.3,5,22.5,5.7,16.6,Subclinical
8,7.35,4.69,3.8,13,27.5,6.7,32.5,Subclinical
5,6.53,4.3,4.3,17,39.6,3.8,29.9,Mild
7,5.8,6.58,4.9,-2,35.3,2.3,-0.8,Moderate
8,6.74,3.6,2.6,23,21.9,3.7,3.6,Mild
1,6.43,5.22,4.2,25,14.8,3.3,10.7,Mild
8,6.1,5.56,4.3,25,44.2,3.8,-6.5,Mild
7,6.23,4.69,2.7,23,40.7,4.0,15.8,Mild
1,5.16,5.75,4.4,24,40.3,2.6,12.5,Moderate
5,5.74,4.09,3.1,28,36.8,2.8,34.1,Moderate
6,8.07,5.02,4.4,9,33.4,6.4,36.5,Subclinical
7,5.77,4.6,4.3,2,14.8,2.2,27.4,Moderate
6,5.73,5.49,2.3,18,19.1,2.3,5.7,Moderate
8,6.14,4.46,4.3,18,37.0,4.5,8.3,Mild
1,7.5,7.13,3.4,18,23.4,5.9,-0.5,Subclinical
4,7.67,4.53,2.7,-4,37.2,6.4,33.9,Subclinical
5,5.45,3.25,3.7,16,19.1,2.6,26.3,Moderate
3,8.25,3.23,3.2,11,14.8,5.4,9.5,Subclinical
3,6.43,4.69,4.2,20,26.7,3.1,23.0,Mild
4,6.8,3.26,4.7,-4,37.9,3.9,13.4,Mild
4,3.75,4.3,3.0,-4,34.1,1.5,36.9,Critical
8,6.18,5.98,3.3,11,37.2,3.8,2.3,Mild
1,8.03,4.7,2.8,22,39.8,6.0,17.3,Subclinical
3,4.18,4.85,4.7,22,31.2,0.7,38.3,Critical
1,8.09,4.44,4.5,20,30.2,5.3,-2.2,Subclinical
1,5.09,4.34,4.5,-2,24.8,4.0,-13.6,Moderate
1,8.29,5.23,4.3,16,34.0,6.6,36.8,Subclinical
4,7.26,4.88,2.7,2,40.2,6.7,9.2,Subclinical
6,8.15,4.78,2.6,26,19.3,5.9,26.2,Subclinical
8,8.01,3.01,4.2,18,36.4,6.0,31.6,Subclinical
4,5.56,5.92,2.5,5,22.2,2.6,-4.4,Moderate
5,3.96,5.02,3.5,30,38.3,1.6,0.7,Critical
4,6.17,3.82,3.3,-5,38.4,3.3,-13.5,Mild
4,6.11,3.45,4.6,-2,25.6,4.7,3.3,Mild
3,8.33,3.99,3.4,14,30.6,5.2,0.3,Subclinical
7,5.16,4.02,3.3,1,30.5,3.5,-5.1,Moderate
7,6.23,7.45,3.3,23,38.3,3.2,-2.4,Mild
3,7.92,3.69,2.2,5,34.7,6.8,-11.5,Subclinical
6,5.01,3.5,3.9,14,18.3,2.2,31.3,Moderate
8,5.83,7.87,3.1,11,40.1,2.9,-6.6,Moderate
4,7.99,7.66,4.4,6,35.8,5.5,38.3,Subclinical
8,6.44,3.99,2.6,10,36.5,3.9,17.4,Mild
2,7.5,6.58,4.0,22,19.6,6.2,33.6,Subclinical
6,6.66,7.86,3.0,22,34.9,4.1,11.3,Mild
1,5.67,6.89,3.1,8,40.2,2.5,20.1,Moderate
2,6.71,7.35,2.0,1,28.7,3.8,4.4,Mild
1,5.02,3.42,2.7,18,36.7,2.5,14.6,Moderate
1,7.45,5.09,4.5,25,44.1,5.6,32.9,Subclinical
5,8.26,3.89,3.4,19,28.3,5.6,11.2,Subclinical
1,5.38,3.9,4.9,12,40.8,3.4,29.5,Moderate
5,5.5,6.84,2.5,12,22.1,2.9,27.9,Moderate
7,7.8,4.79,2.9,29,22.9,5.9,-2.6,Subclinical
1,7.39,6.53,2.2,-5,44.3,5.9,-14.8,Subclinical
1,5.52,5.14,2.9,21,35.8,2.4,1.1,Moderate
5,7.39,5.71,3.4,17,40.7,5.9,-0.9,Subclinical
3,5.61,7.05,4.9,-1,22.9,2.8,1.3,Moderate
1,8.31,5.88,2.3,28,20.8,5.3,-12.7,Subclinical
7,6.02,5.14,3.0,-3,18.0,5.0,-1.4,Mild
4,5.19,3.11,3.2,2,29.2,2.8,-7.5,Moderate
8,8.28,6.86,3.4,27,25.1,6.3,-3.0,Subclinical
1,6.35,6.4,2.5,27,34.3,4.5,32.8,Mild
7,6.02,7.24,4.5,14,30.0,4.7,-7.4,Mild
1,6.24,3.39,4.6,23,11.0,4.7,6.5,Mild
2,5.36,7.4,3.4,6,36.8,2.3,13.0,Moderate
5,7.86,4.03,4.1,29,34.0,5.3,21.6,Subclinical
4,6.86,3.1,2.8,21,25.7,3.6,39.7,Mild
4,6.73,7.11,2.2,29,13.9,4.4,10.9,Mild
7,8.34,7.42,3.6,-2,13.6,5.5,20.8,Subclinical
3,5.81,7.7,4.3,2,26.7,3.3,36.5,Moderate
5,7.06,5.7,3.6,-1,25.9,6.8,7.1,Subclinical
6,8.33,3.44,3.3,-5,24.8,5.4,17.6,Subclinical
7,6.77,3.08,2.1,3,39.4,3.3,-1.8,Mild
3,8.39,4.4,2.7,19,32.1,5.8,-4.9,Subclinical
1,5.22,7.59,2.9,19,21.1,2.8,31.4,Moderate
7,4.66,3.73,3.1,23,44.9,0.9,-1.3,Critical
2,7.18,7.56,4.7,6,14.7,6.2,-12.2,Subclinical
7,6.5,4.86,4.3,-5,20.5,3.9,-1.4,Mild
5,5.66,4.02,4.4,26,21.2,3.1,34.6,Moderate
1,7.83,4.92,2.5,3,20.4,6.1,-14.4,Subclinical
3,3.58,5.85,3.5,22,25.0,0.8,36.8,Critical
5,6.5,7.7,4.5,29,42.2,4.2,38.8,Mild
6,6.36,4.82,3.9,-5,25.7,3.3,7.5,Mild
7,4.3,7.58,3.9,13,39.7,2.0,-14.6,Critical
5,5.44,3.36,2.6,15,39.8,2.2,-9.7,Moderate
8,7.28,3.31,3.3,6,43.8,5.3,-6.9,Subclinical
2,5.53,3.95,4.2,13,39.8,3.0,2.1,Moderate
8,6.37,5.36,2.1,30,39.9,3.2,38.6,Mild
4,8.35,4.34,3.2,11,11.3,5.3,29.8,Subclinical
1,5.31,3.48,4.7,23,19.1,3.1,24.5,Moderate
6,7.35,5.46,3.4,-2,20.0,6.3,17.3,Subclinical
6,6.8,6.81,3.8,29,15.2,3.2,-10.5,Mild
5,6.57,5.7,2.5,15,15.5,4.4,23.4,Mild
7,3.9,6.61,3.0,21,14.6,1.2,-11.9,Critical
8,6.27,3.27,4.3,22,27.1,4.7,12.8,Mild
1,7.84,6.5,2.3,13,40.3,5.1,-10.7,Subclinical
3,6.73,5.77,3.7,16,15.7,3.8,7.0,Mild
2,6.53,6.42,5.0,4,10.6,3.8,-2.6,Mild
8,6.43,6.63,4.9,-2,40.2,3.5,22.3,Mild
4,5.07,7.11,3.7,10,30.2,3.5,8.2,Moderate
7,5.12,5.88,4.8,18,18.1,2.8,-14.3,Moderate
1,7.55,3.65,3.6,0,32.6,5.5,8.6,Subclinical
2,6.01,3.82,4.4,10,32.4,3.4,-7.1,Mild
1,3.57,7.84,3.0,26,42.7,1.6,21.4,Critical
3,5.04,6.47,4.8,9,28.0,2.6,-8.2,Moderate
2,6.65,4.06,4.7,13,36.7,4.2,6.9,Mild
2,7.44,4.87,2.5,14,12.6,5.1,-1.5,Subclinical
6,8.01,6.21,3.6,29,23.9,5.2,38.0,Subclinical
7,5.52,4.18,4.6,26,19.2,2.9,21.9,Moderate
1,7.52,7.97,4.1,25,38.0,5.9,-10.1,Subclinical
4,6.71,4.45,2.1,30,42.3,3.3,2.7,Mild
8,5.34,5.2,4.8,5,17.8,3.7,14.4,Moderate
1,6.12,6.44,2.0,22,31.6,4.4,-2.5,Mild
5,7.19,5.95,2.4,-5,38.0,6.9,11.6,Subclinical
6,5.76,7.57,3.3,22,29.9,3.4,18.5,Moderate
8,5.4,7.43,3.5,-3,43.4,2.9,7.1,Moderate
1,6.83,4.19,4.4,16,31.5,3.9,-5.7,Mild
3,5.57,6.96,2.9,-2,14.6,2.2,12.3,Moderate
7,6.43,5.1,3.1,-5,39.5,4.5,8.6,Mild
5,6.52,4.04,3.6,8,44.3,3.5,23.4,Mild
5,6.76,6.53,3.3,15,38.5,4.2,-14.2,Mild
4,7.2,3.64,4.2,11,41.3,5.8,-9.4,Subclinical
3,7.19,7.58,4.8,14,16.0,5.4,33.9,Subclinical
1,6.3,5.61,3.2,-1,44.6,4.1,-4.0,Mild
6,7.56,7.86,4.9,20,10.9,5.9,22.4,Subclinical
8,7.87,6.39,2.7,-5,40.0,6.1,32.2,Subclinical
6,8.03,5.5,4.8,20,21.3,6.4,26.3,Subclinical
6,5.09,3.03,2.2,28,25.6,3.9,13.7,Moderate
3,5.26,4.28,2.3,6,41.2,2.1,32.4,Moderate
8,5.78,5.04,2.1,14,38.3,3.5,-0.3,Moderate
7,7.09,5.7,4.2,9,11.1,5.1,18.5,Subclinical
4,6.24,3.33,3.8,26,40.4,4.2,35.6,Mild
3,5.76,4.05,3.2,12,28.4,2.7,1.4,Moderate
6,8.05,5.55,5.0,15,27.4,5.8,20.2,Subclinical
1,8.24,3.7,4.9,-5,15.9,6.2,18.9,Subclinical
5,7.21,5.3,2.9,22,26.1,5.5,18.5,Subclinical
2,6.46,5.61,2.5,-5,27.5,3.9,26.5,Mild
6,5.71,7.69,2.3,21,15.6,3.0,20.6,Moderate
2,5.42,4.91,3.1,16,29.7,3.0,7.8,Moderate
1,8.31,3.72,4.0,2,25.8,6.9,12.6,Subclinical
8,6.05,5.23,3.0,11,12.5,4.8,28.5,Mild
6,7.28,5.72,3.9,-3,39.5,6.0,26.2,Subclinical
6,7.82,4.51,3.5,19,15.9,5.6,30.5,Subclinical
8,7.58,6.43,3.2,4,18.3,6.1,7.0,Subclinical
3,8.14,5.01,4.1,-3,40.6,5.1,-12.4,Subclinical
8,6.83,4.64,3.5,21,40.2,3.5,28.1,Mild
4,3.97,4.18,2.3,5,39.4,1.5,21.2,Critical
4,6.46,4.84,3.5,8,13.7,4.4,-10.8,Mild
2,3.95,6.01,4.2,23,40.7,1.6,9.8,Critical
3,7.32,4.79,3.5,11,24.4,6.9,11.0,Subclinical
4,6.09,6.55,2.4,0,21.6,3.8,5.3,Mild
4,6.2,4.86,3.6,11,28.8,3.6,17.1,Mild
2,8.29,6.05,3.3,23,10.1,6.0,-14.3,Subclinical
2,5.46,7.17,2.9,1,18.0,2.2,27.0,Moderate
7,6.63,4.02,3.5,23,20.1,3.1,25.5,Mild
3,7.75,4.01,4.8,4,24.9,5.6,31.9,Subclinical
1,4.31,3.58,4.7,21,23.2,1.5,10.3,Critical
7,6.37,6.73,4.7,12,16.1,4.9,37.3,Mild
6,6.52,4.88,4.6,0,20.5,3.3,-12.5,Mild
6,5.0,6.64,4.9,12,37.3,2.4,35.9,Moderate
7,5.43,3.0,3.4,10,43.5,2.4,-11.4,Moderate
6,6.45,7.83,2.3,8,30.4,3.1,2.9,Mild
6,6.38,5.03,3.6,-5,15.0,3.3,8.5,Mild
4,6.83,6.53,2.6,20,11.2,4.4,-4.8,Mild
4,7.29,3.68,2.1,15,18.1,6.5,38.8,Subclinical
4,6.25,6.11,4.5,17,24.2,4.1,27.6,Mild
7,6.88,3.33,3.5,19,43.6,3.8,5.3,Mild
1,5.56,6.91,3.1,10,24.2,2.8,17.0,Moderate
6,7.7,6.92,3.2,29,15.1,5.9,16.1,Subclinical
2,6.37,3.42,3.2,27,33.0,3.7,23.2,Mild
8,8.34,4.93,2.8,8,14.1,6.8,38.9,Subclinical
4,7.83,4.62,2.8,4,36.2,5.6,39.5,Subclinical
5,7.48,3.54,2.4,14,10.4,5.8,6.7,Subclinical
4,7.31,4.95,2.5,-4,14.0,5.4,27.7,Subclinical
5,8.02,4.16,4.9,8,26.7,5.1,21.6,Subclinical
4,6.86,7.13,3.6,11,13.1,3.5,-11.6,Mild
8,5.54,3.46,3.2,13,30.2,2.1,24.1,Moderate
1,6.76,3.19,3.6,21,39.9,4.3,35.9,Mild
1,5.67,4.46,2.4,7,19.0,2.1,34.2,Moderate
5,8.3,5.32,4.6,5,44.0,6.6,13.6,Subclinical
6,7.69,4.19,4.4,0,11.3,5.6,20.0,Subclinical
2,6.59,3.85,3.9,2,22.2,3.8,33.2,Mild
2,6.83,5.17,4.0,19,12.3,3.4,15.1,Mild
5,7.73,4.41,3.7,9,44.3,6.8,-13.3,Subclinical
6,7.61,4.83,4.3,13,41.0,5.7,31.8,Subclinical
2,7.64,5.03,2.1,19,40.6,5.8,11.2,Subclinical
2,8.23,5.05,3.8,12,44.6,5.0,29.2,Subclinical
3,7.01,3.61,4.6,5,14.9,5.8,-7.1,Subclinical
5,6.41,3.51,2.3,10,22.1,4.6,-13.4,Mild
1,4.34,5.7,4.6,-4,41.3,1.2,-9.4,Critical
6,5.22,6.93,3.5,1,42.5,2.2,-0.6,Moderate
8,7.4,3.43,3.5,30,42.4,6.8,-2.7,Subclinical
5,5.63,7.47,2.0,21,31.1,2.0,8.6,Moderate
6,6.8,4.89,4.2,19,21.6,4.0,10.3,Mild
5,7.52,5.22,2.3,9,24.6,6.8,15.8,Subclinical
1,7.2,5.39,3.2,5,32.4,5.4,31.7,Subclinical
3,5.19,5.27,2.4,2,35.2,3.0,3.8,Moderate
6,6.48,7.64,3.2,26,29.7,3.6,5.8,Mild
6,5.62,4.05,4.6,-5,23.9,3.2,39.2,Moderate
4,6.11,5.66,4.8,17,10.3,3.5,-6.7,Mild
5,3.5,3.71,2.0,17,35.4,1.2,38.8,Critical
2,6.87,5.67,2.2,16,23.2,4.3,9.3,Mild
8,5.01,4.76,4.0,1,42.2,3.5,21.9,Moderate
7,8.0,6.24,4.3,-1,14.4,5.7,28.1,Subclinical
6,7.67,6.12,2.5,10,12.4,5.1,-8.7,Subclinical
8,6.02,4.68,2.4,7,33.9,4.3,-8.2,Mild
2,8.22,6.24,3.1,9,41.9,5.8,-10.4,Subclinical
5,5.17,7.15,4.3,10,29.9,2.1,14.6,Moderate
2,5.19,5.51,3.1,8,14.4,2.5,11.3,Moderate
2,6.44,4.71,2.2,16,41.3,4.1,35.6,Mild
6,5.06,7.72,2.7,10,27.1,2.3,30.9,Moderate
2,6.02,5.07,2.4,21,21.4,3.8,14.4,Mild
3,5.74,5.24,3.3,26,16.3,2.1,37.0,Moderate
8,6.53,3.69,2.4,2,20.5,3.4,32.8,Mild
3,5.13,7.92,4.1,-5,20.0,2.4,4.0,Moderate
8,6.77,6.49,2.2,-4,17.1,3.3,20.7,Mild
5,5.28,6.65,2.0,7,24.2,3.4,-2.9,Moderate
7,5.18,7.13,2.1,-2,41.2,2.2,24.6,Moderate
3,8.31,6.7,2.3,8,23.3,6.4,31.9,Subclinical
5,6.8,7.93,4.8,12,29.9,4.8,30.9,Mild
3,5.24,7.65,3.1,-5,12.7,2.7,34.4,Moderate
8,7.48,6.21,3.6,-2,17.6,6.8,13.8,Subclinical
1,7.4,4.21,3.0,19,41.3,6.3,3.7,Subclinical
4,5.47,5.39,3.4,17,27.7,3.3,-4.2,Moderate
2,6.83,3.55,4.5,23,29.2,4.0,-13.0,Mild
2,8.2,5.5,3.0,5,18.0,62.47,-30.0,Moderate
2,8.2,5.5,3.0,21,18.0,100.0,-30.0,Moderate
2,8.2,5.5,3.0,11,18.0,74.57,-30.0,Moderate
2,8.6,5.5,3.0,3,18.0,78.9,-30.0,Mild
2,8.2,5.5,3.0,18,18.0,70.87,-30.0,Moderate
2,8.6,5.5,3.0,7,18.0,86.03,-30.0,Mild
2,8.2,5.5,3.0,9,18.0,67.6,-30.0,Moderate
2,8.2,5.5,3.0,12,18.0,67.37,-30.0,Moderate
2,8.2,5.5,3.0,20,18.0,100.0,-30.0,Moderate
2,7.4,5.5,3.0,0,18.0,100.0,-30.0,Critical
2,8.2,5.5,3.0,17,18.0,68.87,-30.0,Moderate
2,8.2,5.5,3.0,13,18.0,100.0,-30.0,Moderate
2,8.2,5.5,3.0,2,18.0,61.77,-30.0,Moderate
2,8.2,5.5,3.0,10,18.0,75.63,-30.0,Moderate
2,8.2,5.5,3.0,4,18.0,61.67,-30.0,Moderate
2,8.2,5.5,3.0,16,18.0,70.7,-30.0,Moderate
2,8.2,5.5,3.0,1,18.0,60.77,-30.0,Moderate
2,8.2,5.5,3.0,8,18.0,60.9,-30.0,Moderate
2,8.2,5.5,3.0,6,18.0,80.43,-30.0,Moderate
2,8.2,5.5,3.0,14,18.0,75.63,-30.0,Moderate
2,8.2,5.5,3.0,15,18.0,70.8,-30.0,Moderate
2,8.2,5.5,3.0,19,18.0,94.73,-30.0,Moderate
2,7.4,5.5,3.0,0,18.0,100.0,-30.0,Critical
2,8.2,5.5,3.0,16,32.5,97.49,-30.0,Moderate
2,8.2,5.5,3.0,2,30.83,96.86,-30.0,Moderate
2,8.2,5.5,3.0,4,26.08,96.13,-30.0,Moderate
2,8.2,5.5,3.0,1,36.5,100.0,-30.0,Moderate
2,8.2,5.5,3.0,12,33.33,98.25,-30.0,Moderate
2,8.2,5.5,3.0,17,29.67,93.39,-30.0,Moderate
2,8.2,5.5,3.0,6,22.42,94.47,-30.0,Moderate
2,8.2,5.5,3.0,11,25.83,91.68,-30.0,Moderate
2,8.2,5.5,3.0,7,27.75,96.72,-30.0,Moderate
2,8.2,5.5,3.0,5,24.17,88.76,-30.0,Moderate
2,8.2,5.5,3.0,9,34.58,96.22,-30.0,Moderate
2,8.2,5.5,3.0,15,30.25,100.0,-30.0,Moderate
2,8.2,5.5,3.0,18,32.42,94.03,-30.0,Moderate
2,8.2,5.5,3.0,19,30.08,100.0,-30.0,Moderate
2,8.2,5.5,3.0,13,29.5,97.02,-30.0,Moderate
2,8.2,5.5,3.0,8,29.08,97.54,-30.0,Moderate
2,8.2,5.5,3.0,21,29.75,91.57,-30.0,Moderate
2,8.2,5.5,3.0,14,28.33,98.09,-30.0,Moderate
2,8.2,5.5,3.0,20,32.42,94.47,-30.0,Moderate
2,8.2,5.5,3.0,10,30.25,92.5,-30.0,Moderate
2,8.2,5.5,3.0,3,32.75,100.0,-30.0,Moderate
2,8.6,5.5,3.0,14,21.0,94.67,-30.0,Mild
2,8.6,5.5,3.0,7,27.5,86.38,-30.0,Mild
2,8.6,5.5,3.0,13,25.08,91.26,-30.0,Mild
2,8.6,5.5,3.0,16,24.08,90.68,-30.0,Mild
2,8.6,5.5,3.0,5,24.0,87.78,-30.0,Mild
2,8.6,5.5,3.0,6,27.58,86.7,-30.0,Mild
2,8.6,5.5,3.0,11,28.92,85.99,-30.0,Mild
2,8.6,5.5,3.0,3,28.33,97.27,-30.0,Mild
2,8.6,5.5,3.0,17,21.83,90.7,-30.0,Mild
2,8.6,5.5,3.0,9,29.0,92.56,-30.0,Mild
2,8.6,5.5,3.0,19,28.67,90.34,-30.0,Mild
2,8.2,5.5,3.0,4,21.17,82.27,-30.0,Moderate
2,8.6,5.5,3.0,1,24.67,99.56,-30.0,Mild
2,8.6,5.5,3.0,2,25.42,93.47,-30.0,Mild
2,8.2,5.5,3.0,20,23.92,84.76,-30.0,Moderate
2,8.6,5.5,3.0,21,24.75,93.49,-30.0,Mild
2,8.2,5.5,3.0,8,26.83,88.3,-30.0,Moderate
2,8.6,5.5,3.0,15,25.42,92.26,-30.0,Mild
2,7.8,5.5,3.0,0,18.0,100.0,-30.0,Critical
2,8.6,5.5,3.0,10,26.0,82.89,-30.0,Mild
2,8.6,5.5,3.0,12,30.67,87.98,-30.0,Mild
2,8.6,5.5,3.0,18,27.58,89.28,-30.0,Mild
2,8.6,5.5,3.0,1,30.58,100.0,-30.0,Mild
2,8.6,5.5,3.0,21,31.42,93.82,-30.0,Mild
2,8.2,5.5,3.0,16,27.5,89.58,-30.0,Moderate
2,8.6,5.5,3.0,15,34.75,96.0,-30.0,Mild
2,7.4,5.5,3.0,0,18.0,100.0,-30.0,Critical
2,8.6,5.5,3.0,5,33.92,94.66,-30.0,Mild
2,8.6,5.5,3.0,9,41.0,72.88,-30.0,Mild
2,8.6,5.5,3.0,14,35.67,95.3,-30.0,Mild
2,8.6,5.5,3.0,10,36.5,100.0,-30.0,Mild
2,8.6,5.5,3.0,4,29.75,100.0,-30.0,Mild
2,8.6,5.5,3.0,2,29.58,100.0,-30.0,Mild
2,8.6,5.5,3.0,17,31.25,96.71,-30.0,Mild
2,8.6,5.5,3.0,18,34.25,95.4,-30.0,Mild
2,8.6,5.5,3.0,7,36.83,100.0,-30.0,Mild
2,8.6,5.5,3.0,11,33.25,97.86,-30.0,Mild
2,8.6,5.5,3.0,19,33.17,94.57,-30.0,Mild
2,8.6,5.5,3.0,20,29.25,91.26,-30.0,Mild
2,8.6,5.5,3.0,13,31.0,92.81,-30.0,Mild
2,8.6,5.5,3.0,3,29.0,100.0,-30.0,Mild
2,8.6,5.5,3.0,12,31.58,100.0,-30.0,Mild
2,8.6,5.5,3.0,6,42.5,98.75,-30.0,Mild
2,8.6,5.5,3.0,8,32.92,100.0,-30.0,Mild
1,9.0,5.5,3.0,1,31.17,100.0,-30.0,Subclinical
1,9.0,5.5,3.0,4,42.92,89.48,-30.0,Subclinical
1,9.0,5.5,3.0,2,29.5,100.0,-30.0,Subclinical
1,9.0,5.5,3.0,12,36.5,92.5,-30.0,Subclinical
1,9.0,5.5,3.0,3,39.33,97.08,-30.0,Subclinical
1,9.0,5.5,3.0,13,20.25,77.83,-30.0,Subclinical
1,9.0,5.5,3.0,5,38.58,98.12,-30.0,Subclinical
1,7.8,5.5,3.0,0,18.0,100.0,-30.0,Critical
1,9.0,5.5,3.0,9,44.33,85.42,-30.0,Subclinical
1,9.0,5.5,3.0,11,42.25,80.0,-30.0,Subclinical
1,9.0,5.5,3.0,8,40.25,96.35,-30.0,Subclinical
1,9.0,5.5,3.0,6,46.5,89.06,-30.0,Subclinical
1,9.0,5.5,3.0,7,38.5,90.21,-30.0,Subclinical
1,9.0,5.5,3.0,10,40.67,86.67,-30.0,Subclinical
1,8.6,5.5,3.0,20,33.58,100.0,-30.0,Mild
1,8.6,5.5,3.0,18,30.0,100.0,-30.0,Mild
1,9.0,5.5,3.0,5,46.42,99.93,-30.0,Subclinical
1,8.6,5.5,3.0,16,42.25,97.92,-30.0,Mild
1,9.0,5.5,3.0,1,31.75,100.0,-30.0,Subclinical
1,8.6,5.5,3.0,11,40.42,97.99,-30.0,Mild
1,8.6,5.5,3.0,17,34.75,100.0,-30.0,Mild
1,9.0,5.5,3.0,10,42.08,100.0,-30.0,Subclinical
1,9.0,5.5,3.0,6,41.5,100.0,-30.0,Subclinical
1,8.6,5.5,3.0,8,44.92,100.0,-30.0,Mild
1,9.0,5.5,3.0,4,37.25,100.0,-30.0,Subclinical
1,9.0,5.5,3.0,3,41.83,99.1,-30.0,Subclinical
1,8.6,5.5,3.0,21,37.92,100.0,-30.0,Mild
1,8.6,5.5,3.0,14,33.33,100.0,-30.0,Mild
1,8.6,5.5,3.0,19,39.0,100.0,-30.0,Mild
1,9.0,5.5,3.0,13,29.0,100.0,-30.0,Subclinical
1,8.6,5.5,3.0,9,38.42,100.0,-30.0,Mild
1,9.0,5.5,3.0,7,39.17,100.0,-30.0,Subclinical
1,9.0,5.5,3.0,12,40.58,100.0,-30.0,Subclinical
1,9.0,5.5,3.0,2,41.92,100.0,-30.0,Subclinical
1,8.6,5.5,3.0,15,33.5,100.0,-30.0,Mild
2,8.2,5.5,3.0,5,22.92,97.22,-30.0,Moderate
2,8.6,5.5,3.0,19,24.75,99.14,-30.0,Mild
2,8.2,5.5,3.0,4,30.67,100.0,-30.0,Moderate
2,8.6,5.5,3.0,15,29.67,95.92,-30.0,Mild
2,8.2,5.5,3.0,2,28.17,97.62,-30.0,Moderate
2,8.6,5.5,3.0,10,27.42,98.28,-30.0,Mild
2,8.6,5.5,3.0,12,36.08,100.0,-30.0,Mild
2,8.2,5.5,3.0,1,30.67,97.2,-30.0,Moderate
2,8.6,5.5,3.0,3,33.25,99.17,-30.0,Mild
2,8.2,5.5,3.0,8,30.08,100.0,-30.0,Moderate
2,8.2,5.5,3.0,13,38.5,97.22,-30.0,Moderate
2,8.6,5.5,3.0,14,33.5,98.28,-30.0,Mild
2,8.6,5.5,3.0,21,37.08,99.83,-30.0,Mild
2,8.2,5.5,3.0,9,25.17,97.68,-30.0,Moderate
2,8.6,5.5,3.0,11,27.58,100.0,-30.0,Mild
2,8.6,5.5,3.0,16,26.83,94.26,-30.0,Mild
2,8.2,5.5,3.0,6,27.08,99.11,-30.0,Moderate
2,8.6,5.5,3.0,18,38.08,99.8,-30.0,Mild
2,8.6,5.5,3.0,7,28.42,96.96,-30.0,Mild
2,8.2,5.5,3.0,17,23.75,89.69,-30.0,Moderate
2,8.2,5.5,3.0,20,33.17,92.29,-30.0,Moderate
2,7.4,5.5,3.0,0,18.0,100.0,-30.0,Critical
1,9.0,5.5,3.0,8,29.33,96.25,-30.0,Subclinical
1,9.0,5.5,3.0,19,27.83,88.75,-30.0,Subclinical
1,9.0,5.5,3.0,18,28.5,84.58,-30.0,Subclinical
1,9.0,5.5,3.0,21,31.33,81.98,-30.0,Subclinical
1,9.0,5.5,3.0,2,28.42,82.92,-30.0,Subclinical
1,9.0,5.5,3.0,5,28.67,92.71,-30.0,Subclinical
1,9.0,5.5,3.0,20,33.58,86.88,-30.0,Subclinical
1,9.0,5.5,3.0,11,28.58,86.98,-30.0,Subclinical
1,9.0,5.5,3.0,16,32.0,91.35,-30.0,Subclinical
1,9.0,5.5,3.0,15,24.25,92.04,-30.0,Subclinical
1,9.0,5.5,3.0,13,30.58,87.29,-30.0,Subclinical
1,9.0,5.5,3.0,4,31.0,89.27,-30.0,Subclinical
1,9.0,5.5,3.0,7,32.33,93.44,-30.0,Subclinical
1,9.0,5.5,3.0,14,29.42,80.62,-30.0,Subclinical
1,9.0,5.5,3.0,10,27.0,93.96,-30.0,Subclinical
1,9.0,5.5,3.0,9,36.08,87.08,-30.0,Subclinical
1,9.0,5.5,3.0,1,20.0,74.17,-30.0,Subclinical
1,9.0,5.5,3.0,17,30.83,86.88,-30.0,Subclinical
1,9.0,5.5,3.0,12,30.25,90.42,-30.0,Subclinical
1,9.0,5.5,3.0,6,25.58,92.5,-30.0,Subclinical
1,9.0,5.5,3.0,3,28.17,88.75,-30.0,Subclinical
1,9.0,5.5,3.0,20,14.83,80.82,-30.0,Subclinical
1,7.4,5.5,3.0,19,18.0,0.03,-30.0,Critical
1,9.0,5.5,3.0,21,27.17,100.0,-30.0,Subclinical
1,7.8,5.5,3.0,0,18.0,100.0,-30.0,Critical
2,8.6,5.5,3.0,20,31.75,100.0,-30.0,Mild
2,8.6,5.5,3.0,6,44.92,100.0,-30.0,Mild
2,8.6,5.5,3.0,7,38.92,100.0,-30.0,Mild
2,8.6,5.5,3.0,3,37.67,100.0,-30.0,Mild
2,8.2,5.5,3.0,10,38.42,100.0,-30.0,Moderate
2,8.6,5.5,3.0,17,38.58,100.0,-30.0,Mild
2,7.4,5.5,3.0,0,18.0,100.0,-30.0,Critical
2,8.2,5.5,3.0,5,36.08,100.0,-30.0,Moderate
2,8.2,5.5,3.0,11,39.5,100.0,-30.0,Moderate
2,8.6,5.5,3.0,4,39.33,100.0,-30.0,Mild
2,8.6,5.5,3.0,14,38.42,100.0,-30.0,Mild
2,8.6,5.5,3.0,21,24.25,99.0,-30.0,Mild
2,8.6,5.5,3.0,9,43.08,100.0,-30.0,Mild
2,8.6,5.5,3.0,18,32.08,100.0,-30.0,Mild
2,8.2,5.5,3.0,8,39.67,100.0,-30.0,Moderate
2,8.6,5.5,3.0,16,36.17,100.0,-30.0,Mild
2,8.6,5.5,3.0,2,42.75,100.0,-30.0,Mild
2,8.2,5.5,3.0,12,39.17,100.0,-30.0,Moderate
2,8.6,5.5,3.0,13,40.33,100.0,-30.0,Mild
2,8.6,5.5,3.0,19,33.58,100.0,-30.0,Mild
2,8.6,5.5,3.0,1,37.67,100.0,-30.0,Mild
2,8.6,5.5,3.0,15,37.58,100.0,-30.0,Mild
1,9.0,5.5,3.0,3,18.0,100.0,-30.0,Subclinical
1,8.6,5.5,3.0,17,18.0,78.03,-30.0,Mild
1,9.0,5.5,3.0,2,18.0,98.37,-30.0,Subclinical
1,8.6,5.5,3.0,11,18.0,89.13,-30.0,Mild
1,8.6,5.5,3.0,6,18.0,80.73,-30.0,Mild
1,8.6,5.5,3.0,21,18.0,81.5,-30.0,Mild
1,8.6,5.5,3.0,5,18.0,77.73,-30.0,Mild
1,8.6,5.5,3.0,19,18.0,76.5,-30.0,Mild
1,8.6,5.5,3.0,13,18.0,91.5,-30.0,Mild
1,8.6,5.5,3.0,20,18.0,77.6,-30.0,Mild
1,8.6,5.5,3.0,9,18.0,71.67,-30.0,Mild
1,8.6,5.5,3.0,10,18.0,77.57,-30.0,Mild
1,8.6,5.5,3.0,15,18.0,75.2,-30.0,Mild
1,8.6,5.5,3.0,12,18.0,100.0,-30.0,Mild
1,8.6,5.5,3.0,7,18.0,96.27,-30.0,Mild
1,8.6,5.5,3.0,16,18.0,71.77,-30.0,Mild
1,8.6,5.5,3.0,18,18.0,69.0,-30.0,Mild
1,8.6,5.5,3.0,8,18.0,65.0,-30.0,Mild
1,8.2,5.5,3.0,0,18.0,100.0,-30.0,Moderate
1,8.6,5.5,3.0,4,18.0,77.97,-30.0,Mild
1,9.0,5.5,3.0,1,18.0,100.0,-30.0,Subclinical
1,8.6,5.5,3.0,14,18.0,70.2,-30.0,Mild
1,9.0,5.5,3.0,3,24.42,97.9,-30.0,Subclinical
1,8.6,5.5,3.0,9,24.92,96.83,-30.0,Mild
1,8.6,5.5,3.0,12,23.08,89.26,-30.0,Mild
1,8.6,5.5,3.0,11,27.92,93.39,-30.0,Mild
1,9.0,5.5,3.0,6,27.25,100.0,-30.0,Subclinical
1,9.0,5.5,3.0,1,28.0,98.54,-30.0,Subclinical
1,9.0,5.5,3.0,8,22.83,97.11,-30.0,Subclinical
1,8.6,5.5,3.0,13,24.17,93.32,-30.0,Mild
1,8.6,5.5,3.0,7,22.75,89.11,-30.0,Mild
1,7.8,5.5,3.0,0,18.0,100.0,-30.0,Critical
1,8.6,5.5,3.0,18,27.58,96.28,-30.0,Mild
1,9.0,5.5,3.0,4,24.08,98.78,-30.0,Subclinical
1,8.6,5.5,3.0,20,22.42,89.64,-30.0,Mild
1,8.6,5.5,3.0,21,27.5,92.62,-30.0,Mild
1,8.6,5.5,3.0,16,26.08,94.56,-30.0,Mild
1,9.0,5.5,3.0,10,26.5,100.0,-30.0,Subclinical
1,9.0,5.5,3.0,19,26.75,100.0,-30.0,Subclinical
1,8.6,5.5,3.0,14,28.5,94.21,-30.0,Mild
1,9.0,5.5,3.0,5,26.42,100.0,-30.0,Subclinical
1,9.0,5.5,3.0,2,20.08,90.48,-30.0,Subclinical
1,8.6,5.5,3.0,17,29.0,97.18,-30.0,Mild
1,8.6,5.5,3.0,15,25.92,99.39,-30.0,Mild
1,9.0,5.5,3.0,2,24.33,99.11,-30.0,Subclinical
1,8.6,5.5,3.0,15,36.0,100.0,-30.0,Mild
1,9.0,5.5,3.0,5,26.25,100.0,-30.0,Subclinical
1,9.0,5.5,3.0,6,37.5,100.0,-30.0,Subclinical
1,8.6,5.5,3.0,16,35.25,98.81,-30.0,Mild
1,8.6,5.5,3.0,9,33.17,95.43,-30.0,Mild
1,8.6,5.5,3.0,19,37.0,100.0,-30.0,Mild
1,9.0,5.5,3.0,3,34.92,100.0,-30.0,Subclinical
1,8.6,5.5,3.0,13,26.25,95.14,-30.0,Mild
1,8.6,5.5,3.0,10,25.67,94.06,-30.0,Mild
1,9.0,5.5,3.0,7,40.5,100.0,-30.0,Subclinical
1,8.6,5.5,3.0,17,41.92,100.0,-30.0,Mild
1,9.0,5.5,3.0,11,34.75,100.0,-30.0,Subclinical
1,8.6,5.5,3.0,18,31.42,99.14,-30.0,Mild
1,7.8,5.5,3.0,0,18.0,100.0,-30.0,Critical
1,9.0,5.5,3.0,1,26.67,100.0,-30.0,Subclinical
1,9.0,5.5,3.0,4,35.67,100.0,-30.0,Subclinical
1,8.6,5.5,3.0,21,30.83,100.0,-30.0,Mild
1,8.6,5.5,3.0,12,36.5,100.0,-30.0,Mild
1,9.0,5.5,3.0,8,32.92,100.0,-30.0,Subclinical
1,9.0,5.5,3.0,14,35.75,100.0,-30.0,Subclinical
1,9.0,5.5,3.0,20,42.58,100.0,-30.0,Subclinical
1,9.0,5.5,3.0,6,26.92,95.83,-30.0,Subclinical
1,9.0,5.5,3.0,14,19.42,92.56,-30.0,Subclinical
1,9.0,5.5,3.0,18,15.75,87.67,-30.0,Subclinical
1,9.0,5.5,3.0,20,16.67,88.89,-30.0,Subclinical
1,9.0,5.5,3.0,9,14.0,79.78,-30.0,Subclinical
1,9.0,5.5,3.0,4,17.83,88.36,-30.0,Subclinical
1,9.0,5.5,3.0,17,23.0,87.96,-30.0,Subclinical
1,9.0,5.5,3.0,15,30.83,100.0,-30.0,Subclinical
1,9.0,5.5,3.0,19,24.17,98.89,-30.0,Subclinical
1,8.2,5.5,3.0,0,18.0,100.0,-30.0,Moderate
1,9.0,5.5,3.0,10,17.0,88.99,-30.0,Subclinical
1,9.0,5.5,3.0,13,23.58,98.11,-30.0,Subclinical
1,9.0,5.5,3.0,5,20.83,94.44,-30.0,Subclinical
1,9.0,5.5,3.0,7,14.92,84.58,-30.0,Subclinical
1,9.0,5.5,3.0,1,12.17,74.9,-30.0,Subclinical
1,9.0,5.5,3.0,2,13.25,74.75,-30.0,Subclinical
1,9.0,5.5,3.0,8,19.67,92.54,-30.0,Subclinical
1,9.0,5.5,3.0,3,18.08,80.99,-30.0,Subclinical
1,9.0,5.5,3.0,16,21.75,95.67,-30.0,Subclinical
1,9.0,5.5,3.0,11,19.92,85.41,-30.0,Subclinical
1,9.0,5.5,3.0,21,22.33,96.44,-30.0,Subclinical
1,9.0,5.5,3.0,12,18.25,91.0,-30.0,Subclinical
1,9.0,5.5,3.0,5,26.75,85.97,-30.0,Subclinical
1,9.0,5.5,3.0,4,18.0,100.0,-30.0,Subclinical
1,9.0,5.5,3.0,1,39.0,100.0,-30.0,Subclinical
1,9.0,5.5,3.0,3,45.08,99.58,-30.0,Subclinical
1,9.0,5.5,3.0,2,18.0,91.04,-30.0,Subclinical
1,8.2,5.5,3.0,0,18.0,100.0,-30.0,Moderate
2,8.2,5.5,3.0,2,42.25,86.55,-30.0,Moderate
2,8.2,5.5,3.0,20,31.92,100.0,-30.0,Moderate
2,8.6,5.5,3.0,21,36.75,100.0,-30.0,Mild
2,8.6,5.5,3.0,12,51.5,88.89,-30.0,Mild
2,8.2,5.5,3.0,4,44.5,92.08,-30.0,Moderate
2,8.2,5.5,3.0,8,40.83,99.79,-30.0,Moderate
2,8.2,5.5,3.0,18,30.0,90.11,-30.0,Moderate
2,7.4,5.5,3.0,0,18.0,100.0,-30.0,Critical
2,8.6,5.5,3.0,6,44.58,91.81,-30.0,Mild
2,8.6,5.5,3.0,13,41.67,100.0,-30.0,Mild
2,8.2,5.5,3.0,9,39.17,96.39,-30.0,Moderate
2,8.6,5.5,3.0,5,36.42,100.0,-30.0,Mild
2,8.6,5.5,3.0,11,47.0,93.96,-30.0,Mild
2,8.2,5.5,3.0,3,35.92,99.58,-30.0,Moderate
2,8.2,5.5,3.0,10,42.0,93.75,-30.0,Moderate
2,8.2,5.5,3.0,7,41.0,96.94,-30.0,Moderate
2,8.6,5.5,3.0,19,36.92,100.0,-30.0,Mild
2,8.6,5.5,3.0,1,37.0,90.76,-30.0,Mild
2,8.2,5.5,3.0,17,32.75,98.33,-30.0,Moderate
2,8.2,5.5,3.0,14,38.67,97.64,-30.0,Moderate
2,8.2,5.5,3.0,16,37.08,92.7,-30.0,Moderate
2,8.2,5.5,3.0,15,35.33,91.01,-30.0,Moderate
1,8.6,5.5,3.0,1,3.5,57.0,-30.0,Mild
1,9.0,5.5,3.0,14,32.67,96.73,-30.0,Subclinical
1,9.0,5.5,3.0,4,37.83,100.0,-30.0,Subclinical
1,8.2,5.5,3.0,0,18.0,100.0,-30.0,Moderate
1,9.0,5.5,3.0,5,45.67,100.0,-30.0,Subclinical
1,9.0,5.5,3.0,8,45.08,100.0,-30.0,Subclinical
1,9.0,5.5,3.0,6,38.92,100.0,-30.0,Subclinical
1,9.0,5.5,3.0,16,37.58,100.0,-30.0,Subclinical
1,9.0,5.5,3.0,3,23.17,97.24,-30.0,Subclinical
1,9.0,5.5,3.0,21,41.67,95.03,-30.0,Subclinical
1,8.6,5.5,3.0,17,37.67,97.46,-30.0,Mild
1,8.6,5.5,3.0,19,34.5,96.46,-30.0,Mild
1,9.0,5.5,3.0,9,37.25,100.0,-30.0,Subclinical
1,9.0,5.5,3.0,10,30.75,100.0,-30.0,Subclinical
1,8.6,5.5,3.0,13,30.08,99.53,-30.0,Mild
1,9.0,5.5,3.0,12,36.17,100.0,-30.0,Subclinical
1,9.0,5.5,3.0,7,35.5,100.0,-30.0,Subclinical
1,9.0,5.5,3.0,11,31.5,99.77,-30.0,Subclinical
1,9.0,5.5,3.0,20,33.67,90.98,-30.0,Subclinical
1,9.0,5.5,3.0,15,36.17,100.0,-30.0,Subclinical
1,9.0,5.5,3.0,2,17.17,86.78,-30.0,Subclinical
1,8.6,5.5,3.0,18,39.08,100.0,-30.0,Mild
1,9.0,5.5,3.0,3,31.92,100.0,-30.0,Subclinical
1,9.0,5.5,3.0,16,26.17,100.0,-30.0,Subclinical
1,9.0,5.5,3.0,8,28.67,100.0,-30.0,Subclinical
1,9.0,5.5,3.0,9,35.08,100.0,-30.0,Subclinical
1,9.0,5.5,3.0,13,33.67,96.67,-30.0,Subclinical
1,9.0,5.5,3.0,18,24.33,98.67,-30.0,Subclinical
1,9.0,5.5,3.0,14,19.0,85.92,-30.0,Subclinical
1,9.0,5.5,3.0,7,32.0,100.0,-30.0,Subclinical
1,9.0,5.5,3.0,12,24.67,99.33,-30.0,Subclinical
1,9.0,5.5,3.0,19,27.25,98.85,-30.0,Subclinical
1,9.0,5.5,3.0,21,29.0,100.0,-30.0,Subclinical
1,9.0,5.5,3.0,6,31.08,100.0,-30.0,Subclinical
1,9.0,5.5,3.0,15,27.08,100.0,-30.0,Subclinical
1,9.0,5.5,3.0,17,32.08,100.0,-30.0,Subclinical
1,9.0,5.5,3.0,10,21.83,93.67,-30.0,Subclinical
1,9.0,5.5,3.0,20,21.92,93.83,-30.0,Subclinical
1,9.0,5.5,3.0,1,32.25,100.0,-30.0,Subclinical
1,9.0,5.5,3.0,2,27.42,98.96,-30.0,Subclinical
1,9.0,5.5,3.0,4,26.5,100.0,-30.0,Subclinical
1,9.0,5.5,3.0,11,29.25,91.67,-30.0,Subclinical
1,9.0,5.5,3.0,5,33.0,99.9,-30.0,Subclinical
2,8.6,5.5,3.0,13,30.33,87.89,-30.0,Mild
2,8.2,5.5,3.0,4,42.33,92.03,-30.0,Moderate
2,8.2,5.5,3.0,6,43.0,94.07,-30.0,Moderate
2,8.2,5.5,3.0,10,32.5,93.31,-30.0,Moderate
2,8.2,5.5,3.0,19,32.67,91.31,-30.0,Moderate
2,8.2,5.5,3.0,14,35.58,93.88,-30.0,Moderate
2,8.2,5.5,3.0,18,28.42,91.62,-30.0,Moderate
2,8.6,5.5,3.0,11,25.75,96.27,-30.0,Mild
2,8.2,5.5,3.0,9,34.42,90.06,-30.0,Moderate
2,8.6,5.5,3.0,2,41.58,98.59,-30.0,Mild
2,8.2,5.5,3.0,16,33.0,93.58,-30.0,Moderate
2,8.6,5.5,3.0,17,32.0,94.26,-30.0,Mild
2,8.2,5.5,3.0,7,29.92,94.68,-30.0,Moderate
2,8.6,5.5,3.0,20,24.75,96.9,-30.0,Mild
2,8.6,5.5,3.0,21,21.08,89.15,-30.0,Mild
2,7.8,5.5,3.0,0,18.0,100.0,-30.0,Critical
2,8.6,5.5,3.0,12,34.58,94.88,-30.0,Mild
2,8.2,5.5,3.0,5,40.0,91.98,-30.0,Moderate
2,8.2,5.5,3.0,3,35.83,94.04,-30.0,Moderate
2,8.2,5.5,3.0,15,37.42,90.96,-30.0,Moderate
2,8.6,5.5,3.0,8,32.58,100.0,-30.0,Mild
2,8.6,5.5,3.0,1,37.58,100.0,-30.0,Mild
1,9.0,5.5,3.0,3,18.0,71.17,-30.0,Subclinical
1,8.6,5.5,3.0,20,18.0,60.87,-30.0,Mild
1,8.6,5.5,3.0,1,18.0,100.0,-30.0,Mild
1,8.2,5.5,3.0,8,18.0,54.5,-30.0,Moderate
1,7.8,5.5,3.0,0,18.0,100.0,-30.0,Critical
1,8.2,5.5,3.0,19,18.0,41.47,-30.0,Moderate
1,8.6,5.5,3.0,2,18.0,93.43,-30.0,Mild
1,8.2,5.5,3.0,10,18.0,53.37,-30.0,Moderate
1,8.2,5.5,3.0,12,18.0,46.5,-30.0,Moderate
1,8.2,5.5,3.0,11,18.0,47.07,-30.0,Moderate
1,8.2,5.5,3.0,17,18.0,52.47,-30.0,Moderate
1,8.2,5.5,3.0,21,18.0,47.27,-30.0,Moderate
1,8.6,5.5,3.0,18,18.0,68.87,-30.0,Mild
1,8.2,5.5,3.0,14,18.0,43.43,-30.0,Moderate
1,8.2,5.5,3.0,13,18.0,55.47,-30.0,Moderate
1,8.6,5.5,3.0,16,18.0,73.67,-30.0,Mild
1,8.2,5.5,3.0,15,18.0,59.87,-30.0,Moderate
1,8.2,5.5,3.0,5,18.0,57.87,-30.0,Moderate
1,8.2,5.5,3.0,9,18.0,48.83,-30.0,Moderate
1,8.2,5.5,3.0,4,18.0,55.1,-30.0,Moderate
1,8.2,5.5,3.0,7,18.0,53.97,-30.0,Moderate
1,8.6,5.5,3.0,6,18.0,79.23,-30.0,Mild
1,9.0,5.5,3.0,20,37.5,100.0,-30.0,Subclinical
1,9.0,5.5,3.0,6,40.75,100.0,-30.0,Subclinical
1,9.0,5.5,3.0,7,36.83,100.0,-30.0,Subclinical
1,9.0,5.5,3.0,15,35.58,100.0,-30.0,Subclinical
1,9.0,5.5,3.0,19,36.17,100.0,-30.0,Subclinical
1,8.6,5.5,3.0,4,38.75,100.0,-30.0,Mild
1,9.0,5.5,3.0,3,28.17,100.0,-30.0,Subclinical
1,7.8,5.5,3.0,0,18.0,100.0,-30.0,Critical
1,9.0,5.5,3.0,5,34.17,100.0,-30.0,Subclinical
1,9.0,5.5,3.0,1,38.5,100.0,-30.0,Subclinical
1,9.0,5.5,3.0,9,34.92,100.0,-30.0,Subclinical
1,9.0,5.5,3.0,12,34.58,100.0,-30.0,Subclinical
1,9.0,5.5,3.0,14,37.5,100.0,-30.0,Subclinical
1,9.0,5.5,3.0,17,30.92,100.0,-30.0,Subclinical
1,9.0,5.5,3.0,13,38.33,100.0,-30.0,Subclinical
1,9.0,5.5,3.0,16,41.42,100.0,-30.0,Subclinical
1,8.6,5.5,3.0,2,44.5,99.48,-30.0,Mild
1,9.0,5.5,3.0,11,35.33,100.0,-30.0,Subclinical
1,9.0,5.5,3.0,21,33.25,97.09,-30.0,Subclinical
1,8.6,5.5,3.0,10,31.25,100.0,-30.0,Mild
1,9.0,5.5,3.0,8,36.58,100.0,-30.0,Subclinical
1,8.6,5.5,3.0,18,39.17,97.31,-30.0,Mild
1,9.0,5.5,3.0,13,28.75,94.57,-30.0,Subclinical
1,9.0,5.5,3.0,19,28.17,95.61,-30.0,Subclinical
1,9.0,5.5,3.0,15,37.92,100.0,-30.0,Subclinical
1,9.0,5.5,3.0,12,26.92,93.48,-30.0,Subclinical
1,9.0,5.5,3.0,8,25.5,98.63,-30.0,Subclinical
1,9.0,5.5,3.0,10,21.75,85.91,-30.0,Subclinical
1,9.0,5.5,3.0,6,22.42,91.29,-30.0,Subclinical
1,9.0,5.5,3.0,11,27.08,95.51,-30.0,Subclinical
1,9.0,5.5,3.0,21,28.08,95.71,-30.0,Subclinical
1,9.0,5.5,3.0,9,28.75,95.52,-30.0,Subclinical
1,9.0,5.5,3.0,16,30.58,100.0,-30.0,Subclinical
1,9.0,5.5,3.0,20,29.58,94.22,-30.0,Subclinical
1,9.0,5.5,3.0,18,29.5,99.53,-30.0,Subclinical
1,9.0,5.5,3.0,17,26.0,98.5,-30.0,Subclinical
1,9.0,5.5,3.0,14,24.33,91.78,-30.0,Subclinical
1,9.0,5.5,3.0,7,22.58,95.89,-30.0,Subclinical
1,8.6,5.5,3.0,10,20.67,92.87,-30.0,Mild
1,9.0,5.5,3.0,15,33.25,100.0,-30.0,Subclinical
1,8.6,5.5,3.0,21,31.83,94.9,-30.0,Mild
1,9.0,5.5,3.0,7,33.25,100.0,-30.0,Subclinical
1,9.0,5.5,3.0,8,26.5,100.0,-30.0,Subclinical
1,9.0,5.5,3.0,3,15.0,86.67,-30.0,Subclinical
1,9.0,5.5,3.0,2,19.83,86.17,-30.0,Subclinical
1,8.6,5.5,3.0,20,32.5,97.96,-30.0,Mild
1,8.6,5.5,3.0,16,33.5,100.0,-30.0,Mild
1,9.0,5.5,3.0,1,15.58,86.54,-30.0,Subclinical
1,8.6,5.5,3.0,18,38.0,98.8,-30.0,Mild
1,8.6,5.5,3.0,19,38.42,95.82,-30.0,Mild
1,8.6,5.5,3.0,17,27.25,99.17,-30.0,Mild
1,9.0,5.5,3.0,6,26.25,100.0,-30.0,Subclinical
1,9.0,5.5,3.0,5,23.0,97.33,-30.0,Subclinical
1,9.0,5.5,3.0,4,30.17,100.0,-30.0,Subclinical
1,8.6,5.5,3.0,14,28.92,97.97,-30.0,Mild
1,9.0,5.5,3.0,11,35.17,100.0,-30.0,Subclinical
1,8.6,5.5,3.0,13,25.5,100.0,-30.0,Mild
1,8.6,5.5,3.0,9,27.17,100.0,-30.0,Mild
1,8.6,5.5,3.0,12,36.17,100.0,-30.0,Mild
1,7.8,5.5,3.0,0,18.0,100.0,-30.0,Critical
1,8.6,5.5,3.0,1,14.08,73.66,-30.0,Mild
1,8.6,5.5,3.0,19,31.67,94.38,-30.0,Mild
1,8.6,5.5,3.0,7,29.67,100.0,-30.0,Mild
1,9.0,5.5,3.0,2,24.08,97.18,-30.0,Subclinical
1,8.6,5.5,3.0,20,29.33,97.44,-30.0,Mild
1,8.6,5.5,3.0,10,25.42,92.49,-30.0,Mild
1,8.6,5.5,3.0,9,25.92,98.39,-30.0,Mild
1,9.0,5.5,3.0,4,25.58,100.0,-30.0,Subclinical
1,8.6,5.5,3.0,8,29.17,100.0,-30.0,Mild
1,8.6,5.5,3.0,14,22.83,88.04,-30.0,Mild
1,9.0,5.5,3.0,3,29.5,100.0,-30.0,Subclinical
1,8.6,5.5,3.0,15,30.5,100.0,-30.0,Mild
1,8.6,5.5,3.0,12,27.67,90.26,-30.0,Mild
1,8.6,5.5,3.0,16,31.08,100.0,-30.0,Mild
1,9.0,5.5,3.0,5,28.17,100.0,-30.0,Subclinical
1,8.6,5.5,3.0,13,24.5,90.97,-30.0,Mild
1,8.6,5.5,3.0,6,34.33,100.0,-30.0,Mild
1,8.6,5.5,3.0,11,29.92,96.28,-30.0,Mild
1,8.6,5.5,3.0,17,38.08,100.0,-30.0,Mild
1,8.6,5.5,3.0,21,34.5,100.0,-30.0,Mild
1,8.6,5.5,3.0,18,28.67,100.0,-30.0,Mild
2,8.6,5.5,3.0,13,23.08,87.44,-30.0,Mild
2,8.6,5.5,3.0,2,46.5,87.99,-30.0,Mild
2,8.6,5.5,3.0,9,38.83,99.58,-30.0,Mild
2,8.6,5.5,3.0,16,48.0,100.0,-30.0,Mild
2,8.6,5.5,3.0,14,37.08,100.0,-30.0,Mild
2,8.6,5.5,3.0,20,36.92,100.0,-30.0,Mild
2,7.4,5.5,3.0,0,18.0,100.0,-30.0,Critical
2,8.6,5.5,3.0,18,27.17,100.0,-30.0,Mild
2,8.6,5.5,3.0,15,46.25,100.0,-30.0,Mild
2,8.6,5.5,3.0,8,31.42,90.14,-30.0,Mild
2,8.6,5.5,3.0,21,39.33,100.0,-30.0,Mild
2,8.6,5.5,3.0,7,27.0,86.94,-30.0,Mild
2,8.6,5.5,3.0,17,7.25,60.85,-30.0,Mild
2,8.6,5.5,3.0,19,28.08,100.0,-30.0,Mild
2,8.6,5.5,3.0,1,39.33,100.0,-30.0,Mild
1,8.6,5.5,3.0,17,37.17,100.0,-30.0,Mild
1,8.6,5.5,3.0,8,37.5,100.0,-30.0,Mild
1,8.6,5.5,3.0,13,32.75,100.0,-30.0,Mild
1,9.0,5.5,3.0,12,45.92,99.44,-30.0,Subclinical
1,8.6,5.5,3.0,18,36.33,100.0,-30.0,Mild
1,9.0,5.5,3.0,3,38.92,95.0,-30.0,Subclinical
1,8.6,5.5,3.0,16,33.0,100.0,-30.0,Mild
1,8.6,5.5,3.0,2,27.83,100.0,-30.0,Mild
1,8.6,5.5,3.0,5,40.92,95.97,-30.0,Mild
1,8.6,5.5,3.0,11,33.75,100.0,-30.0,Mild
1,8.6,5.5,3.0,15,33.83,100.0,-30.0,Mild
1,9.0,5.5,3.0,14,45.0,97.36,-30.0,Subclinical
1,8.6,5.5,3.0,10,38.08,100.0,-30.0,Mild
1,8.6,5.5,3.0,6,31.33,100.0,-30.0,Mild
1,8.6,5.5,3.0,9,41.58,99.03,-30.0,Mild
1,9.0,5.5,3.0,19,43.83,97.64,-30.0,Subclinical
1,8.6,5.5,3.0,4,31.75,100.0,-30.0,Mild
1,9.0,5.5,3.0,1,41.67,88.85,-30.0,Subclinical
1,8.6,5.5,3.0,20,35.75,95.21,-30.0,Mild
1,8.6,5.5,3.0,7,39.42,99.79,-30.0,Mild
1,9.0,5.5,3.0,21,41.67,99.17,-30.0,Subclinical
1,7.8,5.5,3.0,0,18.0,100.0,-30.0,Critical
2,8.2,5.5,3.0,11,22.5,96.67,-30.0,Moderate
2,8.2,5.5,3.0,3,30.92,98.93,-30.0,Moderate
2,8.2,5.5,3.0,8,24.08,98.78,-30.0,Moderate
2,8.2,5.5,3.0,14,37.92,100.0,-30.0,Moderate
2,7.4,5.5,3.0,0,18.0,100.0,-30.0,Critical
2,8.6,5.5,3.0,1,33.75,100.0,-30.0,Mild
2,8.2,5.5,3.0,4,28.42,100.0,-30.0,Moderate
2,8.2,5.5,3.0,7,31.42,100.0,-30.0,Moderate
2,8.2,5.5,3.0,6,27.58,100.0,-30.0,Moderate
2,8.2,5.5,3.0,9,28.58,100.0,-30.0,Moderate
2,8.2,5.5,3.0,10,27.17,100.0,-30.0,Moderate
2,8.2,5.5,3.0,21,29.5,100.0,-30.0,Moderate
2,8.2,5.5,3.0,18,32.75,100.0,-30.0,Moderate
2,8.2,5.5,3.0,19,33.33,100.0,-30.0,Moderate
2,8.2,5.5,3.0,15,22.08,96.11,-30.0,Moderate
2,8.2,5.5,3.0,13,26.75,100.0,-30.0,Moderate
2,8.2,5.5,3.0,5,28.17,100.0,-30.0,Moderate
2,8.6,5.5,3.0,12,27.17,92.36,-30.0,Mild
2,8.2,5.5,3.0,2,27.75,100.0,-30.0,Moderate
2,8.2,5.5,3.0,20,30.33,100.0,-30.0,Moderate
2,8.2,5.5,3.0,17,32.17,100.0,-30.0,Moderate
2,8.6,5.5,3.0,16,33.17,100.0,-30.0,Mild
1,7.8,5.5,3.0,0,18.0,100.0,-30.0,Critical
1,8.6,5.5,3.0,6,6.92,48.9,-30.0,Mild
1,8.6,5.5,3.0,5,19.25,83.73,-30.0,Mild
1,9.0,5.5,3.0,2,26.75,97.8,-30.0,Subclinical
1,8.6,5.5,3.0,1,22.33,90.39,-30.0,Mild
1,9.0,5.5,3.0,3,23.33,89.63,-30.0,Subclinical
1,9.0,5.5,3.0,4,25.08,91.97,-30.0,Subclinical
1,8.6,5.5,3.0,30,37.83,88.57,-30.0,Mild
1,8.6,5.5,3.0,15,35.67,86.52,-30.0,Mild
1,9.0,5.5,3.0,5,42.42,99.07,-30.0,Subclinical
1,8.6,5.5,3.0,30,18.0,100.0,-30.0,Mild
1,9.0,5.5,3.0,10,41.5,87.99,-30.0,Subclinical
1,8.6,5.5,3.0,30,35.58,90.32,-30.0,Mild
1,8.6,5.5,3.0,14,36.25,92.01,-30.0,Mild
1,8.6,5.5,3.0,9,40.25,90.42,-30.0,Mild
1,9.0,5.5,3.0,30,33.58,95.38,-30.0,Subclinical
1,8.6,5.5,3.0,16,40.5,98.22,-30.0,Mild
1,9.0,5.5,3.0,1,29.08,100.0,-30.0,Subclinical
1,9.0,5.5,3.0,21,36.08,95.37,-30.0,Subclinical
1,9.0,5.5,3.0,30,38.75,91.62,-30.0,Subclinical
1,7.8,5.5,3.0,0,61.83,100.0,-30.0,Critical
1,8.6,5.5,3.0,8,34.25,91.43,-30.0,Mild
1,8.6,5.5,3.0,30,40.17,90.97,-30.0,Mild
1,9.0,5.5,3.0,30,36.58,88.16,-30.0,Subclinical
1,8.6,5.5,3.0,30,33.58,87.26,-30.0,Mild
1,9.0,5.5,3.0,4,34.0,91.52,-30.0,Subclinical
1,8.6,5.5,3.0,6,34.0,88.58,-30.0,Mild
1,8.6,5.5,3.0,12,37.08,82.54,-30.0,Mild
1,9.0,5.5,3.0,30,40.42,96.6,-30.0,Subclinical
1,9.0,5.5,3.0,13,35.42,94.6,-30.0,Subclinical
1,8.6,5.5,3.0,30,35.17,88.06,-30.0,Mild
1,8.6,5.5,3.0,30,33.25,90.2,-30.0,Mild
1,9.0,5.5,3.0,30,43.25,97.9,-30.0,Subclinical
1,9.0,5.5,3.0,20,35.75,93.32,-30.0,Subclinical
1,8.6,5.5,3.0,30,36.33,90.93,-30.0,Mild
1,8.6,5.5,3.0,30,39.25,91.17,-30.0,Mild
1,8.6,5.5,3.0,19,38.5,90.36,-30.0,Mild
1,8.6,5.5,3.0,30,32.58,86.61,-30.0,Mild
1,9.0,5.5,3.0,3,41.0,98.98,-30.0,Subclinical
1,9.0,5.5,3.0,30,40.25,100.0,-30.0,Subclinical
1,8.6,5.5,3.0,17,40.75,91.46,-30.0,Mild
1,9.0,5.5,3.0,30,32.33,94.06,-30.0,Subclinical
1,9.0,5.5,3.0,30,40.58,93.11,-30.0,Subclinical
1,9.0,5.5,3.0,18,39.83,93.82,-30.0,Subclinical
1,8.6,5.5,3.0,30,40.33,92.66,-30.0,Mild
1,8.6,5.5,3.0,11,32.17,86.19,-30.0,Mild
1,9.0,5.5,3.0,2,36.5,100.0,-30.0,Subclinical
1,8.6,5.5,3.0,7,40.5,91.66,-30.0,Mild
1,9.0,5.5,3.0,30,40.17,90.73,-30.0,Subclinical
1,8.6,5.5,3.0,30,36.08,88.34,-30.0,Mild
1,8.6,5.5,3.0,30,31.08,88.13,-30.0,Mild
1,7.4,5.5,3.0,2,18.0,0.07,-30.0,Critical
1,7.4,5.5,3.0,15,18.0,1.13,-30.0,Critical
1,9.0,5.5,3.0,20,24.92,91.93,-30.0,Subclinical
1,7.4,5.5,3.0,6,18.0,0.03,-30.0,Critical
1,7.4,5.5,3.0,16,18.0,0.23,-30.0,Critical
1,7.4,5.5,3.0,11,18.0,0.07,-30.0,Critical
1,8.2,5.5,3.0,19,6.92,29.9,-30.0,Moderate
1,7.4,5.5,3.0,10,18.0,0.2,-30.0,Critical
1,6.6,5.5,3.0,0,18.0,0.03,-30.0,Critical
1,7.4,5.5,3.0,9,18.0,0.03,-30.0,Critical
1,7.4,5.5,3.0,3,18.0,0.07,-30.0,Critical
1,7.4,5.5,3.0,13,18.0,0.6,-30.0,Critical
1,9.0,5.5,3.0,21,27.75,95.43,-30.0,Subclinical
1,7.4,5.5,3.0,5,18.0,0.03,-30.0,Critical
2,8.2,5.5,3.0,10,32.0,97.16,-30.0,Moderate
2,8.2,5.5,3.0,14,30.08,86.06,-30.0,Moderate
2,7.4,5.5,3.0,0,18.0,100.0,-30.0,Critical
2,8.2,5.5,3.0,20,35.0,83.74,-30.0,Moderate
2,8.2,5.5,3.0,15,27.5,85.99,-30.0,Moderate
2,8.2,5.5,3.0,21,29.67,84.87,-30.0,Moderate
2,8.6,5.5,3.0,1,37.17,95.97,-30.0,Mild
2,8.2,5.5,3.0,5,28.58,86.99,-30.0,Moderate
2,8.2,5.5,3.0,19,25.75,82.82,-30.0,Moderate
2,8.2,5.5,3.0,8,30.25,89.43,-30.0,Moderate
2,8.2,5.5,3.0,9,26.08,87.74,-30.0,Moderate
2,8.2,5.5,3.0,7,25.58,86.2,-30.0,Moderate
2,8.2,5.5,3.0,3,33.83,86.07,-30.0,Moderate
2,8.2,5.5,3.0,11,29.75,85.87,-30.0,Moderate
2,8.2,5.5,3.0,18,27.58,84.19,-30.0,Moderate
2,8.2,5.5,3.0,4,26.58,84.26,-30.0,Moderate
2,8.2,5.5,3.0,16,22.58,82.18,-30.0,Moderate
2,8.2,5.5,3.0,17,29.5,86.1,-30.0,Moderate
2,8.2,5.5,3.0,6,31.75,88.03,-30.0,Moderate
2,8.2,5.5,3.0,12,22.42,80.24,-30.0,Moderate
2,8.2,5.5,3.0,2,30.33,82.0,-30.0,Moderate
2,8.2,5.5,3.0,13,24.67,85.78,-30.0,Moderate
1,8.6,5.5,3.0,13,20.0,80.78,-30.0,Mild
1,8.6,5.5,3.0,8,19.42,72.88,-30.0,Mild
1,8.6,5.5,3.0,10,19.42,71.4,-30.0,Mild
1,8.6,5.5,3.0,14,25.5,85.61,-30.0,Mild
1,8.6,5.5,3.0,20,26.17,85.0,-30.0,Mild
1,8.6,5.5,3.0,7,19.58,81.98,-30.0,Mild
1,8.6,5.5,3.0,17,23.67,84.54,-30.0,Mild
1,9.0,5.5,3.0,1,6.33,62.67,-30.0,Subclinical
1,8.6,5.5,3.0,9,20.75,81.61,-30.0,Mild
1,8.6,5.5,3.0,4,18.5,74.05,-30.0,Mild
1,9.0,5.5,3.0,21,22.58,94.81,-30.0,Subclinical
1,8.6,5.5,3.0,12,24.0,85.24,-30.0,Mild
1,8.6,5.5,3.0,11,21.75,84.34,-30.0,Mild
1,8.6,5.5,3.0,18,20.0,81.02,-30.0,Mild
1,8.6,5.5,3.0,6,17.5,70.25,-30.0,Mild
1,8.6,5.5,3.0,3,13.5,71.82,-30.0,Mild
1,8.6,5.5,3.0,19,22.0,86.72,-30.0,Mild
1,8.6,5.5,3.0,16,28.33,87.04,-30.0,Mild
1,9.0,5.5,3.0,2,11.42,72.83,-30.0,Subclinical
1,8.6,5.5,3.0,5,14.08,74.15,-30.0,Mild
1,8.6,5.5,3.0,15,16.83,76.73,-30.0,Mild
1,9.0,5.5,3.0,5,20.5,91.0,-30.0,Subclinical
1,8.2,5.5,3.0,0,18.0,100.0,-30.0,Moderate
1,9.0,5.5,3.0,2,22.92,95.83,-30.0,Subclinical
1,9.0,5.5,3.0,4,27.33,97.71,-30.0,Subclinical
1,9.0,5.5,3.0,6,24.25,98.08,-30.0,Subclinical
1,9.0,5.5,3.0,1,18.5,83.88,-30.0,Subclinical
1,8.2,5.5,3.0,7,9.08,36.33,-30.0,Moderate
1,9.0,5.5,3.0,3,26.67,100.0,-30.0,Subclinical
1,8.6,5.5,3.0,1,34.0,93.17,-30.0,Mild
1,9.0,5.5,3.0,5,41.75,97.73,-30.0,Subclinical
1,9.0,5.5,3.0,4,30.67,98.83,-30.0,Subclinical
1,8.6,5.5,3.0,6,35.92,91.14,-30.0,Mild
1,7.8,5.5,3.0,0,18.0,100.0,-30.0,Critical
1,8.6,5.5,3.0,8,16.42,56.78,-30.0,Mild
1,8.6,5.5,3.0,3,35.92,93.19,-30.0,Mild
1,9.0,5.5,3.0,7,44.75,93.96,-30.0,Subclinical
1,9.0,5.5,3.0,2,43.83,100.0,-30.0,Subclinical
1,7.0,5.5,3.0,0,18.0,19.1,-30.0,Critical
1,9.0,5.5,3.0,19,24.75,93.35,-30.0,Subclinical
1,9.0,5.5,3.0,8,28.67,91.98,-30.0,Subclinical
1,9.0,5.5,3.0,14,29.25,93.02,-30.0,Subclinical
1,9.0,5.5,3.0,21,31.58,87.08,-30.0,Subclinical
1,9.0,5.5,3.0,11,26.5,86.35,-30.0,Subclinical
1,8.6,5.5,3.0,2,13.08,52.33,-30.0,Mild
1,9.0,5.5,3.0,17,31.42,96.77,-30.0,Subclinical
1,9.0,5.5,3.0,6,32.5,83.23,-30.0,Subclinical
1,9.0,5.5,3.0,18,27.08,88.65,-30.0,Subclinical
1,9.0,5.5,3.0,1,36.58,100.0,-30.0,Subclinical
1,9.0,5.5,3.0,3,28.67,84.9,-30.0,Subclinical
1,9.0,5.5,3.0,12,23.67,91.4,-30.0,Subclinical
1,9.0,5.5,3.0,5,33.58,90.52,-30.0,Subclinical
1,9.0,5.5,3.0,4,21.75,82.77,-30.0,Subclinical
1,9.0,5.5,3.0,15,29.58,91.04,-30.0,Subclinical
1,9.0,5.5,3.0,9,30.67,84.79,-30.0,Subclinical
1,9.0,5.5,3.0,7,28.83,90.52,-30.0,Subclinical
1,9.0,5.5,3.0,16,25.75,83.12,-30.0,Subclinical
1,9.0,5.5,3.0,13,22.67,78.98,-30.0,Subclinical
1,9.0,5.5,3.0,10,22.58,86.42,-30.0,Subclinical
1,9.0,5.5,3.0,20,18.42,74.75,-30.0,Subclinical
2,8.2,5.5,3.0,21,31.17,100.0,-30.0,Moderate
2,8.2,5.5,3.0,6,24.33,97.03,-30.0,Moderate
2,8.2,5.5,3.0,16,28.92,98.59,-30.0,Moderate
2,8.2,5.5,3.0,19,32.33,100.0,-30.0,Moderate
2,8.2,5.5,3.0,17,28.75,99.86,-30.0,Moderate
2,8.2,5.5,3.0,1,16.42,64.76,-30.0,Moderate
2,8.6,5.5,3.0,8,24.58,99.44,-30.0,Mild
2,8.2,5.5,3.0,15,28.92,95.97,-30.0,Moderate
2,8.2,5.5,3.0,12,30.0,91.71,-30.0,Moderate
2,8.2,5.5,3.0,13,25.83,98.34,-30.0,Moderate
2,8.2,5.5,3.0,9,25.58,96.88,-30.0,Moderate
2,8.2,5.5,3.0,5,25.33,93.62,-30.0,Moderate
2,8.2,5.5,3.0,10,30.33,93.89,-30.0,Moderate
2,8.2,5.5,3.0,4,21.92,89.01,-30.0,Moderate
2,8.2,5.5,3.0,14,31.5,100.0,-30.0,Moderate
2,8.2,5.5,3.0,2,19.92,85.41,-30.0,Moderate
2,7.4,5.5,3.0,0,18.0,100.0,-30.0,Critical
2,8.2,5.5,3.0,3,24.33,95.94,-30.0,Moderate
2,8.6,5.5,3.0,7,18.25,86.76,-30.0,Mild
2,8.6,5.5,3.0,11,30.17,100.0,-30.0,Mild
2,8.6,5.5,3.0,20,34.33,100.0,-30.0,Mild
2,8.2,5.5,3.0,18,30.08,100.0,-30.0,Moderate
1,9.0,5.5,3.0,2,17.92,70.29,-30.0,Subclinical
1,8.6,5.5,3.0,1,20.42,93.89,-30.0,Mild
1,7.8,5.5,3.0,0,18.0,100.0,-30.0,Critical
1,8.6,5.5,3.0,3,19.42,64.46,-30.0,Mild
1,8.6,5.5,3.0,4,31.92,97.01,-30.0,Mild
1,9.0,5.5,3.0,3,29.42,95.9,-30.0,Subclinical
1,9.0,5.5,3.0,2,21.67,90.28,-30.0,Subclinical
1,8.6,5.5,3.0,14,26.25,97.22,-30.0,Mild
1,9.0,5.5,3.0,12,29.17,98.0,-30.0,Subclinical
1,9.0,5.5,3.0,20,35.33,100.0,-30.0,Subclinical
1,8.6,5.5,3.0,13,34.92,100.0,-30.0,Mild
1,9.0,5.5,3.0,11,25.58,94.03,-30.0,Subclinical
1,9.0,5.5,3.0,15,32.25,100.0,-30.0,Subclinical
1,8.6,5.5,3.0,18,29.83,100.0,-30.0,Mild
1,9.0,5.5,3.0,19,30.17,100.0,-30.0,Subclinical
1,9.0,5.5,3.0,17,35.83,100.0,-30.0,Subclinical
1,8.6,5.5,3.0,8,28.33,97.99,-30.0,Mild
1,8.6,5.5,3.0,1,29.42,100.0,-30.0,Mild
1,8.6,5.5,3.0,6,30.83,100.0,-30.0,Mild
1,7.8,5.5,3.0,0,18.0,100.0,-30.0,Critical
1,8.6,5.5,3.0,16,31.58,97.57,-30.0,Mild
1,9.0,5.5,3.0,9,29.92,100.0,-30.0,Subclinical
1,8.6,5.5,3.0,10,37.33,100.0,-30.0,Mild
1,9.0,5.5,3.0,5,35.17,100.0,-30.0,Subclinical
1,9.0,5.5,3.0,21,38.08,100.0,-30.0,Subclinical
1,9.0,5.5,3.0,7,30.67,100.0,-30.0,Subclinical
1,9.0,5.5,3.0,3,35.83,100.0,-30.0,Subclinical
1,9.0,5.5,3.0,15,38.33,100.0,-30.0,Subclinical
1,9.0,5.5,3.0,13,31.92,100.0,-30.0,Subclinical
1,9.0,5.5,3.0,1,42.42,100.0,-30.0,Subclinical
1,7.8,5.5,3.0,0,18.0,100.0,-30.0,Critical
1,9.0,5.5,3.0,21,21.67,93.33,-30.0,Subclinical
1,9.0,5.5,3.0,20,34.33,100.0,-30.0,Subclinical
1,9.0,5.5,3.0,14,33.42,72.61,-30.0,Subclinical
1,9.0,5.5,3.0,4,40.5,100.0,-30.0,Subclinical
1,9.0,5.5,3.0,8,47.33,100.0,-30.0,Subclinical
1,9.0,5.5,3.0,19,29.58,100.0,-30.0,Subclinical
1,8.6,5.5,3.0,11,43.17,100.0,-30.0,Mild
1,8.6,5.5,3.0,12,30.42,100.0,-30.0,Mild
1,9.0,5.5,3.0,2,35.75,96.88,-30.0,Subclinical
1,9.0,5.5,3.0,9,31.83,99.51,-30.0,Subclinical
1,8.6,5.5,3.0,7,34.08,100.0,-30.0,Mild
1,9.0,5.5,3.0,5,28.17,100.0,-30.0,Subclinical
1,9.0,5.5,3.0,18,31.25,100.0,-30.0,Subclinical
1,9.0,5.5,3.0,16,27.08,100.0,-30.0,Subclinical
1,9.0,5.5,3.0,17,33.33,100.0,-30.0,Subclinical
1,8.6,5.5,3.0,10,33.08,100.0,-30.0,Mild
1,9.0,5.5,3.0,6,34.25,100.0,-30.0,Subclinical
1,6.6,5.5,3.0,0,18.0,0.43,-30.0,Critical
1,7.4,5.5,3.0,2,18.0,0.3,-30.0,Critical
1,7.4,5.5,3.0,1,18.0,0.83,-30.0,Critical
1,8.6,5.5,3.0,11,16.67,84.01,-30.0,Mild
1,8.6,5.5,3.0,18,22.33,91.86,-30.0,Mild
1,8.6,5.5,3.0,10,22.08,86.74,-30.0,Mild
1,8.6,5.5,3.0,5,25.75,92.39,-30.0,Mild
1,8.6,5.5,3.0,12,27.17,90.97,-30.0,Mild
1,8.6,5.5,3.0,4,20.08,86.82,-30.0,Mild
1,8.6,5.5,3.0,6,19.92,85.03,-30.0,Mild
1,8.6,5.5,3.0,20,20.33,87.38,-30.0,Mild
1,8.6,5.5,3.0,15,21.25,86.64,-30.0,Mild
1,8.6,5.5,3.0,16,20.58,87.81,-30.0,Mild
1,8.6,5.5,3.0,9,20.83,87.53,-30.0,Mild
1,8.6,5.5,3.0,8,21.92,89.53,-30.0,Mild
1,7.8,5.5,3.0,0,18.0,100.0,-30.0,Critical
1,8.6,5.5,3.0,14,27.92,90.74,-30.0,Mild
1,8.6,5.5,3.0,2,23.58,90.74,-30.0,Mild
1,8.6,5.5,3.0,13,19.5,82.61,-30.0,Mild
1,8.6,5.5,3.0,7,20.75,81.4,-30.0,Mild
1,9.0,5.5,3.0,1,11.5,77.62,-30.0,Subclinical
1,8.6,5.5,3.0,3,16.92,81.6,-30.0,Mild
1,8.6,5.5,3.0,17,21.58,87.68,-30.0,Mild
1,8.6,5.5,3.0,19,21.83,84.88,-30.0,Mild
1,9.0,5.5,3.0,21,23.75,94.61,-30.0,Subclinical
2,8.2,5.5,3.0,21,37.08,88.62,-30.0,Moderate
2,8.2,5.5,3.0,10,25.17,83.74,-30.0,Moderate
2,8.6,5.5,3.0,7,32.67,87.83,-30.0,Mild
2,8.2,5.5,3.0,15,31.75,84.34,-30.0,Moderate
2,8.6,5.5,3.0,11,31.33,87.04,-30.0,Mild
2,8.2,5.5,3.0,8,33.33,84.38,-30.0,Moderate
2,8.6,5.5,3.0,19,36.33,86.75,-30.0,Mild
2,8.6,5.5,3.0,4,34.58,93.23,-30.0,Mild
2,8.2,5.5,3.0,5,31.33,84.82,-30.0,Moderate
2,8.2,5.5,3.0,18,31.75,82.51,-30.0,Moderate
2,8.2,5.5,3.0,13,34.33,85.3,-30.0,Moderate
2,8.6,5.5,3.0,20,37.33,87.92,-30.0,Mild
2,8.6,5.5,3.0,9,33.33,89.03,-30.0,Mild
2,8.6,5.5,3.0,16,39.25,90.3,-30.0,Mild
2,8.2,5.5,3.0,3,26.92,88.77,-30.0,Moderate
2,8.2,5.5,3.0,17,28.58,93.63,-30.0,Moderate
2,8.2,5.5,3.0,1,26.5,87.52,-30.0,Moderate
2,8.2,5.5,3.0,12,30.42,86.09,-30.0,Moderate
2,7.4,5.5,3.0,0,18.0,100.0,-30.0,Critical
2,8.6,5.5,3.0,2,33.17,91.53,-30.0,Mild
2,8.2,5.5,3.0,6,29.75,84.97,-30.0,Moderate
2,8.2,5.5,3.0,14,37.17,87.19,-30.0,Moderate
2,8.2,5.5,3.0,14,29.75,99.31,-30.0,Moderate
2,8.2,5.5,3.0,21,21.25,91.04,-30.0,Moderate
2,8.2,5.5,3.0,12,32.58,95.14,-30.0,Moderate
2,8.2,5.5,3.0,6,33.92,94.17,-30.0,Moderate
2,8.2,5.5,3.0,1,37.08,100.0,-30.0,Moderate
2,8.2,5.5,3.0,2,36.75,87.15,-30.0,Moderate
2,8.2,5.5,3.0,4,29.83,90.0,-30.0,Moderate
2,8.2,5.5,3.0,19,28.08,98.54,-30.0,Moderate
2,8.2,5.5,3.0,8,22.67,96.89,-30.0,Moderate
2,8.2,5.5,3.0,5,33.83,89.72,-30.0,Moderate
2,8.2,5.5,3.0,17,25.17,95.0,-30.0,Moderate
2,8.2,5.5,3.0,7,28.75,92.01,-30.0,Moderate
2,8.2,5.5,3.0,10,35.17,92.5,-30.0,Moderate
2,8.2,5.5,3.0,9,30.17,95.42,-30.0,Moderate
2,8.2,5.5,3.0,3,29.25,89.1,-30.0,Moderate
2,8.2,5.5,3.0,15,29.5,94.86,-30.0,Moderate
2,7.4,5.5,3.0,0,18.0,100.0,-30.0,Critical
2,8.2,5.5,3.0,11,28.0,96.94,-30.0,Moderate
2,8.2,5.5,3.0,16,25.75,97.85,-30.0,Moderate
2,8.2,5.5,3.0,20,29.08,95.07,-30.0,Moderate
2,8.2,5.5,3.0,18,26.67,99.24,-30.0,Moderate
2,8.2,5.5,3.0,13,27.92,96.04,-30.0,Moderate
1,8.2,5.5,3.0,0,18.0,87.17,-30.0,Moderate
2,8.6,5.5,3.0,8,34.08,100.0,-30.0,Mild
2,8.6,5.5,3.0,13,46.25,99.17,-30.0,Mild
2,8.2,5.5,3.0,17,35.92,99.51,-30.0,Moderate
2,8.2,5.5,3.0,7,29.5,99.79,-30.0,Moderate
2,8.6,5.5,3.0,21,18.0,100.0,-30.0,Mild
2,8.2,5.5,3.0,10,38.33,98.89,-30.0,Moderate
2,8.2,5.5,3.0,16,35.67,100.0,-30.0,Moderate
2,8.2,5.5,3.0,3,30.25,87.98,-30.0,Moderate
2,8.6,5.5,3.0,11,46.92,94.17,-30.0,Mild
2,7.4,5.5,3.0,0,18.0,100.0,-30.0,Critical
2,8.2,5.5,3.0,19,18.0,100.0,-30.0,Moderate
2,8.2,5.5,3.0,18,40.17,93.06,-30.0,Moderate
2,8.6,5.5,3.0,5,32.58,91.39,-30.0,Mild
2,8.6,5.5,3.0,12,36.33,100.0,-30.0,Mild
2,8.6,5.5,3.0,6,41.67,87.78,-30.0,Mild
2,8.2,5.5,3.0,2,32.58,94.2,-30.0,Moderate
2,8.6,5.5,3.0,9,42.5,100.0,-30.0,Mild
2,8.2,5.5,3.0,4,41.67,90.83,-30.0,Moderate
2,8.2,5.5,3.0,20,23.08,96.17,-30.0,Moderate
2,8.2,5.5,3.0,14,28.92,97.61,-30.0,Moderate
2,8.6,5.5,3.0,1,32.08,100.0,-30.0,Mild
2,8.6,5.5,3.0,15,42.17,100.0,-30.0,Mild
2,8.2,5.5,3.0,16,32.33,89.1,-30.0,Moderate
2,8.2,5.5,3.0,8,30.5,86.76,-30.0,Moderate
2,8.2,5.5,3.0,4,29.5,96.98,-30.0,Moderate
2,8.2,5.5,3.0,9,30.92,97.14,-30.0,Moderate
2,8.6,5.5,3.0,21,44.83,99.38,-30.0,Mild
2,8.6,5.5,3.0,13,38.92,98.58,-30.0,Mild
2,8.2,5.5,3.0,5,29.92,90.13,-30.0,Moderate
2,7.8,5.5,3.0,0,18.0,100.0,-30.0,Critical
2,8.2,5.5,3.0,6,33.0,93.0,-30.0,Moderate
2,8.2,5.5,3.0,20,33.5,88.71,-30.0,Moderate
2,8.6,5.5,3.0,1,34.33,98.82,-30.0,Mild
2,8.2,5.5,3.0,12,27.25,86.16,-30.0,Moderate
2,8.2,5.5,3.0,2,36.42,100.0,-30.0,Moderate
2,8.2,5.5,3.0,19,43.92,91.99,-30.0,Moderate
2,8.2,5.5,3.0,7,32.58,93.81,-30.0,Moderate
2,8.2,5.5,3.0,15,38.0,86.13,-30.0,Moderate
2,8.2,5.5,3.0,10,21.67,82.51,-30.0,Moderate
2,8.2,5.5,3.0,11,35.0,91.28,-30.0,Moderate
2,8.2,5.5,3.0,3,35.92,93.67,-30.0,Moderate
2,8.2,5.5,3.0,17,37.5,94.6,-30.0,Moderate
2,8.2,5.5,3.0,14,38.33,87.53,-30.0,Moderate
2,8.2,5.5,3.0,18,30.58,91.52,-30.0,Moderate
2,8.6,5.5,3.0,20,32.08,98.52,-30.0,Mild
2,8.2,5.5,3.0,5,28.08,81.42,-30.0,Moderate
2,8.2,5.5,3.0,6,21.17,84.31,-30.0,Moderate
2,8.6,5.5,3.0,18,27.08,89.83,-30.0,Mild
2,8.2,5.5,3.0,7,22.0,83.06,-30.0,Moderate
2,8.2,5.5,3.0,9,29.17,96.1,-30.0,Moderate
2,8.2,5.5,3.0,4,33.0,91.9,-30.0,Moderate
2,8.2,5.5,3.0,2,31.67,90.49,-30.0,Moderate
2,8.2,5.5,3.0,8,26.25,88.42,-30.0,Moderate
2,8.6,5.5,3.0,14,30.75,88.98,-30.0,Mild
2,8.6,5.5,3.0,19,36.67,95.84,-30.0,Mild
2,8.6,5.5,3.0,13,33.42,91.22,-30.0,Mild
2,8.6,5.5,3.0,10,33.75,90.62,-30.0,Mild
2,8.2,5.5,3.0,3,32.33,93.19,-30.0,Moderate
2,8.6,5.5,3.0,15,36.92,92.32,-30.0,Mild
2,8.6,5.5,3.0,17,32.75,99.91,-30.0,Mild
2,8.2,5.5,3.0,1,22.58,87.79,-30.0,Moderate
2,8.6,5.5,3.0,21,30.17,90.29,-30.0,Mild
2,8.6,5.5,3.0,11,29.33,87.82,-30.0,Mild
2,7.4,5.5,3.0,0,18.0,100.0,-30.0,Critical
2,8.2,5.5,3.0,16,28.08,89.87,-30.0,Moderate
2,8.6,5.5,3.0,12,28.25,87.56,-30.0,Mild
2,7.8,5.5,3.0,7,18.0,51.73,-30.0,Critical
2,7.8,5.5,3.0,6,18.0,54.87,-30.0,Critical
2,8.2,5.5,3.0,21,18.0,69.5,-30.0,Moderate
2,8.2,5.5,3.0,13,18.0,71.3,-30.0,Moderate
2,7.8,5.5,3.0,5,18.0,40.87,-30.0,Critical
2,7.4,5.5,3.0,0,18.0,100.0,-30.0,Critical
2,8.6,5.5,3.0,15,18.0,73.83,-30.0,Mild
2,8.2,5.5,3.0,17,18.0,57.07,-30.0,Moderate
2,8.2,5.5,3.0,8,18.0,72.67,-30.0,Moderate
2,8.6,5.5,3.0,19,18.0,64.9,-30.0,Mild
2,8.6,5.5,3.0,14,18.0,82.27,-30.0,Mild
2,8.2,5.5,3.0,11,18.0,73.17,-30.0,Moderate
2,8.6,5.5,3.0,20,18.0,70.47,-30.0,Mild
2,7.8,5.5,3.0,4,18.0,53.43,-30.0,Critical
2,7.8,5.5,3.0,16,18.0,57.77,-30.0,Critical
2,8.2,5.5,3.0,18,18.0,62.17,-30.0,Moderate
2,7.8,5.5,3.0,1,18.0,49.47,-30.0,Critical
2,7.8,5.5,3.0,3,18.0,57.3,-30.0,Critical
2,7.8,5.5,3.0,2,18.0,42.7,-30.0,Critical
2,7.8,5.5,3.0,10,18.0,53.03,-30.0,Critical
2,7.8,5.5,3.0,12,18.0,53.6,-30.0,Critical
2,8.2,5.5,3.0,9,18.0,67.8,-30.0,Moderate
1,9.0,5.5,3.0,14,45.08,100.0,-30.0,Subclinical
1,9.0,5.5,3.0,8,37.67,100.0,-30.0,Subclinical
1,8.2,5.5,3.0,0,18.0,100.0,-30.0,Moderate
1,9.0,5.5,3.0,17,47.17,100.0,-30.0,Subclinical
1,9.0,5.5,3.0,12,49.58,100.0,-30.0,Subclinical
1,9.0,5.5,3.0,21,42.33,100.0,-30.0,Subclinical
1,9.0,5.5,3.0,10,18.0,95.62,-30.0,Subclinical
1,9.0,5.5,3.0,9,40.75,100.0,-30.0,Subclinical
1,9.0,5.5,3.0,5,37.42,100.0,-30.0,Subclinical
1,9.0,5.5,3.0,1,29.67,100.0,-30.0,Subclinical
1,8.6,5.5,3.0,11,39.08,100.0,-30.0,Mild
1,9.0,5.5,3.0,19,35.33,90.94,-30.0,Subclinical
1,9.0,5.5,3.0,18,38.5,100.0,-30.0,Subclinical
1,9.0,5.5,3.0,4,45.67,100.0,-30.0,Subclinical
1,8.6,5.5,3.0,2,31.58,71.52,-30.0,Mild
1,9.0,5.5,3.0,15,18.0,77.08,-30.0,Subclinical
1,9.0,5.5,3.0,7,47.33,97.4,-30.0,Subclinical
1,9.0,5.5,3.0,16,48.92,98.23,-30.0,Subclinical
1,9.0,5.5,3.0,3,30.75,90.62,-30.0,Subclinical
1,9.0,5.5,3.0,13,47.17,100.0,-30.0,Subclinical
1,9.0,5.5,3.0,20,42.58,97.29,-30.0,Subclinical
1,9.0,5.5,3.0,6,37.42,94.1,-30.0,Subclinical
2,8.6,5.5,3.0,11,49.0,100.0,-30.0,Mild
2,8.6,5.5,3.0,17,34.92,100.0,-30.0,Mild
2,8.6,5.5,3.0,7,35.5,100.0,-30.0,Mild
2,8.6,5.5,3.0,19,35.25,100.0,-30.0,Mild
2,8.2,5.5,3.0,6,37.25,100.0,-30.0,Moderate
2,8.6,5.5,3.0,21,30.42,100.0,-30.0,Mild
2,8.6,5.5,3.0,2,47.58,100.0,-30.0,Mild
2,8.6,5.5,3.0,10,37.5,100.0,-30.0,Mild
2,8.6,5.5,3.0,9,35.83,100.0,-30.0,Mild
2,8.6,5.5,3.0,4,34.33,100.0,-30.0,Mild
2,8.6,5.5,3.0,15,33.75,100.0,-30.0,Mild
2,8.6,5.5,3.0,20,41.92,100.0,-30.0,Mild
2,8.6,5.5,3.0,12,42.33,100.0,-30.0,Mild
2,8.6,5.5,3.0,8,33.5,100.0,-30.0,Mild
2,8.2,5.5,3.0,18,32.92,100.0,-30.0,Moderate
2,8.6,5.5,3.0,13,42.33,100.0,-30.0,Mild
2,7.4,5.5,3.0,0,18.0,100.0,-30.0,Critical
2,8.6,5.5,3.0,3,42.25,100.0,-30.0,Mild
2,8.6,5.5,3.0,14,28.67,100.0,-30.0,Mild
2,8.6,5.5,3.0,16,38.0,100.0,-30.0,Mild
2,8.6,5.5,3.0,5,47.33,98.75,-30.0,Mild
2,8.6,5.5,3.0,1,40.33,100.0,-30.0,Mild
2,8.2,5.5,3.0,8,28.58,90.91,-30.0,Moderate
2,8.2,5.5,3.0,4,26.33,89.4,-30.0,Moderate
2,8.2,5.5,3.0,7,30.17,93.24,-30.0,Moderate
2,8.2,5.5,3.0,16,32.58,90.27,-30.0,Moderate
2,8.2,5.5,3.0,17,29.17,90.76,-30.0,Moderate
2,8.2,5.5,3.0,10,29.5,87.99,-30.0,Moderate
2,8.2,5.5,3.0,14,27.67,91.25,-30.0,Moderate
2,8.2,5.5,3.0,13,29.92,89.41,-30.0,Moderate
2,8.2,5.5,3.0,11,31.5,99.38,-30.0,Moderate
2,8.2,5.5,3.0,6,30.5,88.87,-30.0,Moderate
2,8.2,5.5,3.0,12,24.58,94.29,-30.0,Moderate
2,8.2,5.5,3.0,1,36.58,100.0,-30.0,Moderate
2,8.2,5.5,3.0,5,29.08,92.52,-30.0,Moderate
2,8.2,5.5,3.0,19,31.17,97.08,-30.0,Moderate
2,8.2,5.5,3.0,20,24.33,86.78,-30.0,Moderate
2,8.2,5.5,3.0,9,26.42,95.78,-30.0,Moderate
2,8.2,5.5,3.0,3,33.5,88.93,-30.0,Moderate
2,8.2,5.5,3.0,21,24.92,92.21,-30.0,Moderate
2,8.2,5.5,3.0,15,24.75,88.17,-30.0,Moderate
2,8.2,5.5,3.0,2,30.42,88.74,-30.0,Moderate
2,8.2,5.5,3.0,18,29.0,95.97,-30.0,Moderate
2,8.2,5.5,3.0,17,39.58,92.67,-30.0,Moderate
2,8.2,5.5,3.0,4,39.58,97.25,-30.0,Moderate
2,8.6,5.5,3.0,13,35.58,93.27,-30.0,Mild
2,8.2,5.5,3.0,2,38.17,97.28,-30.0,Moderate
2,8.6,5.5,3.0,18,38.5,96.22,-30.0,Mild
2,8.6,5.5,3.0,14,39.5,100.0,-30.0,Mild
2,8.2,5.5,3.0,8,38.58,93.82,-30.0,Moderate
2,8.2,5.5,3.0,12,36.25,91.54,-30.0,Moderate
2,8.6,5.5,3.0,1,46.83,97.92,-30.0,Mild
2,8.2,5.5,3.0,3,34.42,96.41,-30.0,Moderate
2,8.2,5.5,3.0,9,34.83,92.86,-30.0,Moderate
2,8.6,5.5,3.0,16,39.83,98.83,-30.0,Mild
2,7.4,5.5,3.0,0,18.0,100.0,-30.0,Critical
2,8.6,5.5,3.0,15,39.75,100.0,-30.0,Mild
2,8.6,5.5,3.0,21,40.42,100.0,-30.0,Mild
2,8.2,5.5,3.0,19,38.08,92.38,-30.0,Moderate
2,8.6,5.5,3.0,20,34.92,95.58,-30.0,Mild
2,8.2,5.5,3.0,7,34.25,92.5,-30.0,Moderate
2,8.6,5.5,3.0,11,42.08,93.61,-30.0,Mild
2,8.2,5.5,3.0,5,35.75,96.48,-30.0,Moderate
2,8.2,5.5,3.0,10,34.83,93.97,-30.0,Moderate
2,8.2,5.5,3.0,6,40.75,100.0,-30.0,Moderate
2,8.6,5.5,3.0,16,49.67,100.0,-30.0,Mild
2,8.6,5.5,3.0,18,39.75,100.0,-30.0,Mild
2,8.6,5.5,3.0,8,47.5,100.0,-30.0,Mild
2,8.2,5.5,3.0,10,35.25,100.0,-30.0,Moderate
2,8.2,5.5,3.0,6,43.5,96.53,-30.0,Moderate
2,8.6,5.5,3.0,21,40.25,100.0,-30.0,Mild
2,8.6,5.5,3.0,1,41.5,100.0,-30.0,Mild
2,8.6,5.5,3.0,19,45.33,93.54,-30.0,Mild
2,8.6,5.5,3.0,4,43.75,100.0,-30.0,Mild
2,8.6,5.5,3.0,14,41.75,100.0,-30.0,Mild
2,8.6,5.5,3.0,13,48.58,86.46,-30.0,Mild
2,8.6,5.5,3.0,12,52.0,86.25,-30.0,Mild
2,8.6,5.5,3.0,5,40.83,99.72,-30.0,Mild
2,8.6,5.5,3.0,9,41.0,100.0,-30.0,Mild
2,8.6,5.5,3.0,20,47.17,98.23,-30.0,Mild
2,8.6,5.5,3.0,3,41.83,97.08,-30.0,Mild
2,8.6,5.5,3.0,7,43.58,100.0,-30.0,Mild
2,8.6,5.5,3.0,11,46.58,87.5,-30.0,Mild
2,8.6,5.5,3.0,15,48.92,100.0,-30.0,Mild
2,8.6,5.5,3.0,2,35.75,100.0,-30.0,Mild
2,8.6,5.5,3.0,17,45.25,97.78,-30.0,Mild
2,7.4,5.5,3.0,0,18.0,100.0,-30.0,Critical
1,7.8,5.5,3.0,0,18.0,100.0,-30.0,Critical
1,8.6,5.5,3.0,20,22.08,88.69,-30.0,Mild
1,8.6,5.5,3.0,3,19.58,80.74,-30.0,Mild
1,9.0,5.5,3.0,1,17.5,90.0,-30.0,Subclinical
1,8.6,5.5,3.0,18,17.58,87.48,-30.0,Mild
1,8.6,5.5,3.0,15,23.75,88.99,-30.0,Mild
1,8.6,5.5,3.0,19,26.42,94.81,-30.0,Mild
1,8.6,5.5,3.0,13,17.58,85.38,-30.0,Mild
1,8.6,5.5,3.0,2,18.0,76.44,-30.0,Mild
1,8.6,5.5,3.0,9,23.5,81.19,-30.0,Mild
1,9.0,5.5,3.0,14,26.42,92.23,-30.0,Subclinical
1,9.0,5.5,3.0,5,17.83,84.61,-30.0,Subclinical
1,8.6,5.5,3.0,8,24.67,88.12,-30.0,Mild
1,8.6,5.5,3.0,11,16.92,73.72,-30.0,Mild
1,8.6,5.5,3.0,16,14.67,72.1,-30.0,Mild
1,9.0,5.5,3.0,6,21.25,86.42,-30.0,Subclinical
1,8.6,5.5,3.0,4,23.92,83.6,-30.0,Mild
1,8.6,5.5,3.0,7,20.92,82.4,-30.0,Mild
1,8.6,5.5,3.0,12,21.0,80.73,-30.0,Mild
1,8.6,5.5,3.0,10,20.17,79.99,-30.0,Mild
1,8.6,5.5,3.0,17,22.67,91.42,-30.0,Mild
1,8.6,5.5,3.0,21,24.83,99.78,-30.0,Mild
2,8.2,5.5,3.0,6,26.92,98.12,-30.0,Moderate
2,8.6,5.5,3.0,1,27.75,100.0,-30.0,Mild
2,8.6,5.5,3.0,11,28.25,100.0,-30.0,Mild
2,8.2,5.5,3.0,18,32.92,100.0,-30.0,Moderate
2,8.6,5.5,3.0,9,22.25,96.33,-30.0,Mild
2,8.6,5.5,3.0,5,25.5,100.0,-30.0,Mild
2,8.2,5.5,3.0,10,26.92,100.0,-30.0,Moderate
2,8.2,5.5,3.0,20,31.58,100.0,-30.0,Moderate
2,8.6,5.5,3.0,15,29.42,100.0,-30.0,Mild
2,8.6,5.5,3.0,4,24.58,99.44,-30.0,Mild
2,8.6,5.5,3.0,19,25.33,100.0,-30.0,Mild
2,8.2,5.5,3.0,16,29.92,100.0,-30.0,Moderate
2,8.2,5.5,3.0,7,21.08,89.22,-30.0,Moderate
2,8.6,5.5,3.0,2,24.42,99.22,-30.0,Mild
2,8.6,5.5,3.0,14,28.25,100.0,-30.0,Mild
2,8.6,5.5,3.0,21,28.92,100.0,-30.0,Mild
2,7.4,5.5,3.0,0,18.0,100.0,-30.0,Critical
2,8.6,5.5,3.0,17,33.92,100.0,-30.0,Mild
2,8.6,5.5,3.0,13,29.83,100.0,-30.0,Mild
2,8.6,5.5,3.0,12,28.92,100.0,-30.0,Mild
2,8.6,5.5,3.0,3,24.25,99.0,-30.0,Mild
2,8.6,5.5,3.0,8,23.33,97.78,-30.0,Mild
1,9.0,5.5,3.0,13,18.0,100.0,-30.0,Subclinical
1,8.6,5.5,3.0,16,18.0,100.0,-30.0,Mild
1,9.0,5.5,3.0,17,18.0,100.0,-30.0,Subclinical
1,9.0,5.5,3.0,5,18.0,100.0,-30.0,Subclinical
1,8.6,5.5,3.0,11,18.0,100.0,-30.0,Mild
1,9.0,5.5,3.0,20,18.0,100.0,-30.0,Subclinical
1,9.0,5.5,3.0,4,18.0,100.0,-30.0,Subclinical
1,7.8,5.5,3.0,0,18.0,100.0,-30.0,Critical
1,9.0,5.5,3.0,7,18.0,100.0,-30.0,Subclinical
1,9.0,5.5,3.0,15,18.0,100.0,-30.0,Subclinical
1,8.6,5.5,3.0,14,18.0,100.0,-30.0,Mild
1,9.0,5.5,3.0,9,18.0,100.0,-30.0,Subclinical
1,9.0,5.5,3.0,6,18.0,100.0,-30.0,Subclinical
1,9.0,5.5,3.0,19,18.0,100.0,-30.0,Subclinical
1,8.6,5.5,3.0,18,18.0,100.0,-30.0,Mild
1,8.6,5.5,3.0,10,18.0,100.0,-30.0,Mild
1,9.0,5.5,3.0,1,18.0,100.0,-30.0,Subclinical
1,9.0,5.5,3.0,12,18.0,100.0,-30.0,Subclinical
1,9.0,5.5,3.0,2,18.0,100.0,-30.0,Subclinical
1,8.6,5.5,3.0,8,18.0,100.0,-30.0,Mild
1,9.0,5.5,3.0,21,18.0,100.0,-30.0,Subclinical
1,9.0,5.5,3.0,3,18.0,100.0,-30.0,Subclinical
2,8.2,5.5,3.0,19,24.83,99.78,-30.0,Moderate
2,8.2,5.5,3.0,2,30.0,99.81,-30.0,Moderate
2,8.2,5.5,3.0,11,16.0,88.0,-30.0,Moderate
2,8.2,5.5,3.0,6,24.58,99.44,-30.0,Moderate
2,7.4,5.5,3.0,0,18.0,100.0,-30.0,Critical
2,8.6,5.5,3.0,17,30.58,88.75,-30.0,Mild
2,8.2,5.5,3.0,15,20.83,92.87,-30.0,Moderate
2,8.2,5.5,3.0,20,31.08,100.0,-30.0,Moderate
2,8.6,5.5,3.0,4,35.67,96.32,-30.0,Mild
2,8.2,5.5,3.0,8,20.83,91.28,-30.0,Moderate
2,8.2,5.5,3.0,1,24.0,97.97,-30.0,Moderate
2,8.2,5.5,3.0,18,24.25,99.0,-30.0,Moderate
2,8.6,5.5,3.0,14,31.42,100.0,-30.0,Mild
2,8.2,5.5,3.0,3,34.08,100.0,-30.0,Moderate
2,8.6,5.5,3.0,16,22.92,97.22,-30.0,Mild
2,8.2,5.5,3.0,9,26.08,98.22,-30.0,Moderate
2,8.2,5.5,3.0,7,22.25,91.38,-30.0,Moderate
2,8.2,5.5,3.0,5,24.33,97.17,-30.0,Moderate
2,8.6,5.5,3.0,12,38.42,99.38,-30.0,Mild
2,8.2,5.5,3.0,13,24.08,96.42,-30.0,Moderate
2,8.2,5.5,3.0,21,29.0,100.0,-30.0,Moderate
2,8.2,5.5,3.0,10,20.25,91.93,-30.0,Moderate
1,9.0,5.5,3.0,3,37.0,94.58,-30.0,Subclinical
1,9.0,5.5,3.0,7,39.0,97.08,-30.0,Subclinical
1,8.6,5.5,3.0,10,41.5,99.1,-30.0,Mild
1,8.6,5.5,3.0,16,41.5,96.32,-30.0,Mild
1,9.0,5.5,3.0,11,43.92,100.0,-30.0,Subclinical
1,8.6,5.5,3.0,15,41.5,99.51,-30.0,Mild
1,9.0,5.5,3.0,2,33.08,94.58,-30.0,Subclinical
1,9.0,5.5,3.0,6,37.58,99.65,-30.0,Subclinical
1,8.6,5.5,3.0,17,39.92,99.79,-30.0,Mild
1,9.0,5.5,3.0,5,42.5,97.22,-30.0,Subclinical
1,9.0,5.5,3.0,9,47.83,96.11,-30.0,Subclinical
1,8.6,5.5,3.0,13,37.83,100.0,-30.0,Mild
1,9.0,5.5,3.0,19,41.08,92.92,-30.0,Subclinical
1,8.6,5.5,3.0,18,41.42,99.1,-30.0,Mild
1,9.0,5.5,3.0,12,43.08,98.4,-30.0,Subclinical
1,9.0,5.5,3.0,21,45.0,96.53,-30.0,Subclinical
1,8.6,5.5,3.0,20,49.5,92.15,-30.0,Mild
1,9.0,5.5,3.0,14,48.5,93.89,-30.0,Subclinical
1,9.0,5.5,3.0,4,42.58,97.22,-30.0,Subclinical
1,9.0,5.5,3.0,8,43.58,100.0,-30.0,Subclinical
1,9.0,5.5,3.0,1,42.42,100.0,-30.0,Subclinical
2,8.6,5.5,3.0,14,18.0,100.0,-30.0,Mild
2,8.6,5.5,3.0,19,18.0,100.0,-30.0,Mild
2,7.4,5.5,3.0,0,18.0,100.0,-30.0,Critical
2,8.6,5.5,3.0,12,18.0,100.0,-30.0,Mild
2,8.6,5.5,3.0,3,18.0,100.0,-30.0,Mild
2,8.6,5.5,3.0,2,18.0,100.0,-30.0,Mild
2,8.6,5.5,3.0,9,18.0,100.0,-30.0,Mild
2,8.6,5.5,3.0,6,18.0,100.0,-30.0,Mild
2,8.6,5.5,3.0,5,18.0,100.0,-30.0,Mild
2,8.6,5.5,3.0,16,18.0,100.0,-30.0,Mild
2,8.6,5.5,3.0,4,18.0,100.0,-30.0,Mild
2,8.6,5.5,3.0,10,18.0,100.0,-30.0,Mild
2,8.6,5.5,3.0,20,18.0,100.0,-30.0,Mild
2,8.6,5.5,3.0,13,18.0,100.0,-30.0,Mild
2,8.6,5.5,3.0,17,18.0,100.0,-30.0,Mild
2,8.6,5.5,3.0,18,18.0,100.0,-30.0,Mild
2,8.6,5.5,3.0,21,18.0,100.0,-30.0,Mild
2,8.6,5.5,3.0,8,18.0,100.0,-30.0,Mild
2,8.6,5.5,3.0,11,18.0,100.0,-30.0,Mild
2,8.6,5.5,3.0,7,18.0,100.0,-30.0,Mild
2,8.6,5.5,3.0,15,18.0,100.0,-30.0,Mild
2,8.2,5.5,3.0,19,28.58,97.91,-30.0,Moderate
2,8.2,5.5,3.0,2,29.08,94.62,-30.0,Moderate
2,8.2,5.5,3.0,21,25.5,92.08,-30.0,Moderate
2,8.2,5.5,3.0,13,30.67,93.73,-30.0,Moderate
2,8.2,5.5,3.0,11,29.58,90.27,-30.0,Moderate
2,8.2,5.5,3.0,8,32.17,95.9,-30.0,Moderate
2,8.2,5.5,3.0,17,34.0,96.91,-30.0,Moderate
2,8.2,5.5,3.0,7,32.0,99.43,-30.0,Moderate
2,8.2,5.5,3.0,18,29.83,96.44,-30.0,Moderate
2,8.2,5.5,3.0,10,35.67,93.13,-30.0,Moderate
2,8.2,5.5,3.0,14,33.75,99.66,-30.0,Moderate
2,8.2,5.5,3.0,20,31.67,91.91,-30.0,Moderate
2,8.2,5.5,3.0,12,31.08,96.04,-30.0,Moderate
2,8.2,5.5,3.0,4,30.83,95.38,-30.0,Moderate
2,8.2,5.5,3.0,5,31.58,95.21,-30.0,Moderate
2,8.2,5.5,3.0,6,27.67,97.92,-30.0,Moderate
2,8.6,5.5,3.0,1,24.92,99.89,-30.0,Mild
2,8.2,5.5,3.0,16,31.08,94.17,-30.0,Moderate
2,8.2,5.5,3.0,3,25.67,95.64,-30.0,Moderate
2,7.4,5.5,3.0,0,18.0,100.0,-30.0,Critical
2,8.2,5.5,3.0,9,30.5,93.08,-30.0,Moderate
2,8.2,5.5,3.0,15,30.67,95.06,-30.0,Moderate
1,9.0,5.5,3.0,17,34.08,100.0,-30.0,Subclinical
1,9.0,5.5,3.0,16,34.42,100.0,-30.0,Subclinical
1,9.0,5.5,3.0,21,45.83,97.6,-30.0,Subclinical
1,9.0,5.5,3.0,8,44.67,100.0,-30.0,Subclinical
1,8.6,5.5,3.0,3,29.5,100.0,-30.0,Mild
1,9.0,5.5,3.0,4,44.25,100.0,-30.0,Subclinical
1,9.0,5.5,3.0,18,45.17,100.0,-30.0,Subclinical
1,9.0,5.5,3.0,5,37.42,100.0,-30.0,Subclinical
1,9.0,5.5,3.0,6,34.25,100.0,-30.0,Subclinical
1,9.0,5.5,3.0,7,41.58,100.0,-30.0,Subclinical
1,9.0,5.5,3.0,1,43.83,92.6,-30.0,Subclinical
1,9.0,5.5,3.0,13,41.08,100.0,-30.0,Subclinical
1,9.0,5.5,3.0,12,34.67,100.0,-30.0,Subclinical
1,9.0,5.5,3.0,10,45.92,100.0,-30.0,Subclinical
1,9.0,5.5,3.0,9,39.08,100.0,-30.0,Subclinical
1,9.0,5.5,3.0,2,41.25,100.0,-30.0,Subclinical
1,9.0,5.5,3.0,11,48.67,99.9,-30.0,Subclinical
1,7.8,5.5,3.0,0,18.0,100.0,-30.0,Critical
1,9.0,5.5,3.0,14,43.5,100.0,-30.0,Subclinical
1,9.0,5.5,3.0,20,51.67,93.65,-30.0,Subclinical
1,9.0,5.5,3.0,19,41.17,100.0,-30.0,Subclinical
1,9.0,5.5,3.0,15,40.0,100.0,-30.0,Subclinical
1,9.0,5.5,3.0,19,36.58,100.0,-30.0,Subclinical
1,9.0,5.5,3.0,16,27.25,100.0,-30.0,Subclinical
1,9.0,5.5,3.0,15,26.42,100.0,-30.0,Subclinical
1,9.0,5.5,3.0,1,19.08,91.97,-30.0,Subclinical
1,8.6,5.5,3.0,5,19.25,92.33,-30.0,Mild
1,8.6,5.5,3.0,2,18.17,90.89,-30.0,Mild
1,9.0,5.5,3.0,6,26.25,100.0,-30.0,Subclinical
1,8.6,5.5,3.0,9,17.58,90.11,-30.0,Mild
1,8.6,5.5,3.0,10,25.33,100.0,-30.0,Mild
1,9.0,5.5,3.0,12,20.58,94.11,-30.0,Subclinical
1,9.0,5.5,3.0,20,35.83,100.0,-30.0,Subclinical
1,8.6,5.5,3.0,3,10.83,81.11,-30.0,Mild
1,9.0,5.5,3.0,13,22.33,94.67,-30.0,Subclinical
1,9.0,5.5,3.0,14,31.75,100.0,-30.0,Subclinical
1,8.2,5.5,3.0,21,35.67,66.7,-30.0,Moderate
1,8.6,5.5,3.0,7,30.0,100.0,-30.0,Mild
1,9.0,5.5,3.0,17,21.08,92.17,-30.0,Subclinical
1,8.6,5.5,3.0,8,29.67,100.0,-30.0,Mild
1,9.0,5.5,3.0,4,18.08,90.78,-30.0,Subclinical
1,8.6,5.5,3.0,11,29.08,100.0,-30.0,Mild
1,8.2,5.5,3.0,0,18.0,100.0,-30.0,Moderate
1,9.0,5.5,3.0,18,34.83,100.0,-30.0,Subclinical
2,8.2,5.5,3.0,2,18.0,84.6,-30.0,Moderate
2,8.2,5.5,3.0,16,18.0,68.03,-30.0,Moderate
2,8.2,5.5,3.0,18,18.0,90.17,-30.0,Moderate
2,8.2,5.5,3.0,19,18.0,83.03,-30.0,Moderate
2,8.2,5.5,3.0,3,18.0,65.2,-30.0,Moderate
2,8.2,5.5,3.0,4,18.0,71.17,-30.0,Moderate
2,8.2,5.5,3.0,14,18.0,71.47,-30.0,Moderate
2,8.2,5.5,3.0,17,18.0,83.6,-30.0,Moderate
2,8.6,5.5,3.0,13,18.0,99.07,-30.0,Mild
2,8.2,5.5,3.0,10,18.0,100.0,-30.0,Moderate
2,8.2,5.5,3.0,7,18.0,100.0,-30.0,Moderate
2,8.2,5.5,3.0,8,18.0,96.87,-30.0,Moderate
2,8.2,5.5,3.0,11,18.0,72.53,-30.0,Moderate
2,8.2,5.5,3.0,5,18.0,77.57,-30.0,Moderate
2,7.4,5.5,3.0,0,18.0,100.0,-30.0,Critical
2,8.2,5.5,3.0,6,18.0,75.33,-30.0,Moderate
2,8.2,5.5,3.0,15,18.0,85.63,-30.0,Moderate
2,8.2,5.5,3.0,12,18.0,89.27,-30.0,Moderate
2,8.2,5.5,3.0,9,18.0,87.43,-30.0,Moderate
2,8.2,5.5,3.0,21,18.0,84.37,-30.0,Moderate
2,8.2,5.5,3.0,20,18.0,93.63,-30.0,Moderate
2,8.6,5.5,3.0,1,18.0,100.0,-30.0,Mild
2,8.2,5.5,3.0,19,24.83,85.63,-30.0,Moderate
2,8.6,5.5,3.0,5,33.5,100.0,-30.0,Mild
2,8.2,5.5,3.0,6,36.58,100.0,-30.0,Moderate
2,8.2,5.5,3.0,21,36.17,98.89,-30.0,Moderate
2,8.2,5.5,3.0,20,31.5,97.62,-30.0,Moderate
2,7.4,5.5,3.0,0,18.0,100.0,-30.0,Critical
2,8.2,5.5,3.0,12,31.25,99.43,-30.0,Moderate
2,8.6,5.5,3.0,1,33.33,96.52,-30.0,Mild
2,8.2,5.5,3.0,2,25.5,100.0,-30.0,Moderate
2,8.2,5.5,3.0,14,29.58,94.37,-30.0,Moderate
2,8.2,5.5,3.0,15,37.83,98.27,-30.0,Moderate
2,8.2,5.5,3.0,18,39.58,100.0,-30.0,Moderate
2,8.2,5.5,3.0,16,31.58,89.44,-30.0,Moderate
2,8.6,5.5,3.0,9,39.08,99.89,-30.0,Mild
2,8.2,5.5,3.0,4,34.33,98.38,-30.0,Moderate
2,8.6,5.5,3.0,8,38.67,100.0,-30.0,Mild
2,8.6,5.5,3.0,7,37.92,100.0,-30.0,Mild
2,8.6,5.5,3.0,13,39.5,100.0,-30.0,Mild
2,8.6,5.5,3.0,11,43.0,100.0,-30.0,Mild
2,8.2,5.5,3.0,17,34.08,98.06,-30.0,Moderate
2,8.2,5.5,3.0,10,35.83,96.83,-30.0,Moderate
2,8.2,5.5,3.0,3,34.75,100.0,-30.0,Moderate
1,9.0,5.5,3.0,20,25.67,100.0,-30.0,Subclinical
1,9.0,5.5,3.0,5,18.33,86.67,-30.0,Subclinical
1,9.0,5.5,3.0,13,33.67,100.0,-30.0,Subclinical
1,9.0,5.5,3.0,16,30.5,100.0,-30.0,Subclinical
1,9.0,5.5,3.0,2,24.0,98.0,-30.0,Subclinical
1,9.0,5.5,3.0,7,23.75,97.5,-30.0,Subclinical
1,9.0,5.5,3.0,14,24.83,99.67,-30.0,Subclinical
1,9.0,5.5,3.0,17,20.0,90.0,-30.0,Subclinical
1,9.0,5.5,3.0,4,25.08,100.0,-30.0,Subclinical
1,9.0,5.5,3.0,8,22.5,95.0,-30.0,Subclinical
1,9.0,5.5,3.0,12,27.58,100.0,-30.0,Subclinical
1,9.0,5.5,3.0,3,30.33,100.0,-30.0,Subclinical
1,9.0,5.5,3.0,9,24.17,98.33,-30.0,Subclinical
1,9.0,5.5,3.0,1,16.58,83.17,-30.0,Subclinical
1,9.0,5.5,3.0,18,18.42,86.83,-30.0,Subclinical
1,9.0,5.5,3.0,10,32.17,100.0,-30.0,Subclinical
1,9.0,5.5,3.0,11,27.5,100.0,-30.0,Subclinical
1,9.0,5.5,3.0,21,24.08,98.17,-30.0,Subclinical
1,9.0,5.5,3.0,19,23.25,96.5,-30.0,Subclinical
1,9.0,5.5,3.0,6,19.92,89.83,-30.0,Subclinical
1,9.0,5.5,3.0,15,31.42,100.0,-30.0,Subclinical
1,9.0,5.5,3.0,1,19.17,79.51,-30.0,Subclinical
1,9.0,5.5,3.0,12,40.33,98.54,-30.0,Subclinical
1,8.2,5.5,3.0,0,18.0,100.0,-30.0,Moderate
1,9.0,5.5,3.0,14,40.42,100.0,-30.0,Subclinical
1,9.0,5.5,3.0,18,31.83,100.0,-30.0,Subclinical
1,9.0,5.5,3.0,13,37.58,100.0,-30.0,Subclinical
1,9.0,5.5,3.0,20,28.42,97.5,-30.0,Subclinical
1,9.0,5.5,3.0,11,14.25,66.73,-30.0,Subclinical
1,9.0,5.5,3.0,19,28.75,100.0,-30.0,Subclinical
1,9.0,5.5,3.0,15,33.33,86.62,-30.0,Subclinical
1,9.0,5.5,3.0,17,35.42,100.0,-30.0,Subclinical
1,9.0,5.5,3.0,5,13.25,61.71,-30.0,Subclinical
1,9.0,5.5,3.0,6,34.83,100.0,-30.0,Subclinical
1,9.0,5.5,3.0,7,34.92,100.0,-30.0,Subclinical
1,9.0,5.5,3.0,21,18.58,91.44,-30.0,Subclinical
1,9.0,5.5,3.0,9,25.5,100.0,-30.0,Subclinical
1,9.0,5.5,3.0,16,31.25,95.83,-30.0,Subclinical
1,9.0,5.5,3.0,8,31.17,100.0,-30.0,Subclinical
1,9.0,5.5,3.0,4,28.08,95.94,-30.0,Subclinical
2,8.6,5.5,3.0,16,37.0,100.0,-30.0,Mild
2,8.6,5.5,3.0,14,38.42,93.14,-30.0,Mild
2,8.6,5.5,3.0,17,37.0,100.0,-30.0,Mild
2,8.6,5.5,3.0,2,34.17,97.97,-30.0,Mild
2,8.6,5.5,3.0,4,34.17,99.02,-30.0,Mild
2,8.6,5.5,3.0,12,40.83,93.94,-30.0,Mild
2,8.6,5.5,3.0,5,37.67,95.68,-30.0,Mild
2,8.6,5.5,3.0,1,31.75,95.68,-30.0,Mild
2,8.2,5.5,3.0,3,34.58,97.88,-30.0,Moderate
2,8.6,5.5,3.0,11,40.25,100.0,-30.0,Mild
2,8.2,5.5,3.0,13,38.92,90.3,-30.0,Moderate
2,8.2,5.5,3.0,19,36.67,94.59,-30.0,Moderate
2,8.6,5.5,3.0,8,37.5,91.89,-30.0,Mild
2,8.6,5.5,3.0,21,36.5,94.42,-30.0,Mild
2,8.6,5.5,3.0,10,41.08,95.06,-30.0,Mild
2,8.2,5.5,3.0,15,37.17,96.43,-30.0,Moderate
2,8.2,5.5,3.0,9,32.75,91.97,-30.0,Moderate
2,8.6,5.5,3.0,18,42.17,100.0,-30.0,Mild
2,8.2,5.5,3.0,7,34.5,91.31,-30.0,Moderate
2,7.4,5.5,3.0,0,18.0,100.0,-30.0,Critical
2,8.2,5.5,3.0,6,36.75,92.62,-30.0,Moderate
2,8.6,5.5,3.0,20,34.75,96.77,-30.0,Mild
1,8.6,5.5,3.0,20,39.75,92.04,-30.0,Mild
1,8.6,5.5,3.0,15,32.25,91.46,-30.0,Mild
1,8.6,5.5,3.0,14,25.33,92.98,-30.0,Mild
1,8.6,5.5,3.0,19,32.5,94.7,-30.0,Mild
1,9.0,5.5,3.0,6,28.42,99.93,-30.0,Subclinical
1,9.0,5.5,3.0,3,28.92,97.85,-30.0,Subclinical
1,8.6,5.5,3.0,21,36.58,100.0,-30.0,Mild
1,8.6,5.5,3.0,11,33.33,95.76,-30.0,Mild
1,8.6,5.5,3.0,9,26.25,93.8,-30.0,Mild
1,9.0,5.5,3.0,13,31.58,88.87,-30.0,Subclinical
1,8.6,5.5,3.0,4,31.92,100.0,-30.0,Mild
1,8.6,5.5,3.0,12,24.08,87.16,-30.0,Mild
1,9.0,5.5,3.0,5,29.92,100.0,-30.0,Subclinical
1,9.0,5.5,3.0,8,32.83,100.0,-30.0,Subclinical
1,8.6,5.5,3.0,16,33.17,96.51,-30.0,Mild
1,7.8,5.5,3.0,0,54.0,100.0,-30.0,Critical
1,8.6,5.5,3.0,1,18.17,88.39,-30.0,Mild
1,8.6,5.5,3.0,17,29.58,91.8,-30.0,Mild
1,8.6,5.5,3.0,18,35.75,95.2,-30.0,Mild
1,9.0,5.5,3.0,2,22.17,95.81,-30.0,Subclinical
1,8.6,5.5,3.0,7,28.83,100.0,-30.0,Mild
1,8.6,5.5,3.0,10,27.42,95.1,-30.0,Mild
2,8.2,5.5,3.0,21,39.75,90.09,-30.0,Moderate
2,8.2,5.5,3.0,10,33.0,87.27,-30.0,Moderate
2,8.2,5.5,3.0,9,25.25,91.33,-30.0,Moderate
2,8.2,5.5,3.0,14,39.0,89.78,-30.0,Moderate
2,8.2,5.5,3.0,2,25.33,88.69,-30.0,Moderate
2,8.2,5.5,3.0,15,34.42,89.39,-30.0,Moderate
2,8.2,5.5,3.0,20,38.17,93.34,-30.0,Moderate
2,8.2,5.5,3.0,8,27.42,91.99,-30.0,Moderate
2,8.2,5.5,3.0,18,36.33,91.13,-30.0,Moderate
2,8.2,5.5,3.0,7,22.5,82.46,-30.0,Moderate
2,8.2,5.5,3.0,11,24.5,83.73,-30.0,Moderate
2,7.4,5.5,3.0,0,18.0,100.0,-30.0,Critical
2,8.2,5.5,3.0,19,34.5,89.87,-30.0,Moderate
2,8.2,5.5,3.0,4,28.92,97.12,-30.0,Moderate
2,8.2,5.5,3.0,12,32.5,92.21,-30.0,Moderate
2,8.2,5.5,3.0,1,23.92,89.97,-30.0,Moderate
2,8.2,5.5,3.0,13,39.0,87.97,-30.0,Moderate
2,8.2,5.5,3.0,17,37.58,91.88,-30.0,Moderate
2,8.2,5.5,3.0,3,22.75,87.34,-30.0,Moderate
2,8.2,5.5,3.0,5,23.5,86.6,-30.0,Moderate
2,8.2,5.5,3.0,6,22.67,85.7,-30.0,Moderate
2,8.6,5.5,3.0,16,39.75,95.91,-30.0,Mild
1,9.0,5.5,3.0,14,33.67,95.52,-30.0,Subclinical
1,8.6,5.5,3.0,16,37.42,100.0,-30.0,Mild
1,8.6,5.5,3.0,20,33.42,100.0,-30.0,Mild
1,8.6,5.5,3.0,5,44.5,97.85,-30.0,Mild
1,8.6,5.5,3.0,8,35.83,100.0,-30.0,Mild
1,9.0,5.5,3.0,1,48.25,98.19,-30.0,Subclinical
1,8.6,5.5,3.0,17,41.17,100.0,-30.0,Mild
1,8.6,5.5,3.0,2,41.33,100.0,-30.0,Mild
1,9.0,5.5,3.0,15,44.08,99.03,-30.0,Subclinical
1,9.0,5.5,3.0,3,48.58,100.0,-30.0,Subclinical
1,9.0,5.5,3.0,21,45.0,100.0,-30.0,Subclinical
1,8.6,5.5,3.0,18,37.5,100.0,-30.0,Mild
1,9.0,5.5,3.0,11,46.75,100.0,-30.0,Subclinical
1,8.6,5.5,3.0,9,44.25,100.0,-30.0,Mild
1,8.6,5.5,3.0,10,38.25,100.0,-30.0,Mild
1,8.6,5.5,3.0,12,35.08,100.0,-30.0,Mild
1,8.6,5.5,3.0,6,39.58,100.0,-30.0,Mild
1,7.8,5.5,3.0,0,18.0,100.0,-30.0,Critical
1,9.0,5.5,3.0,19,45.42,100.0,-30.0,Subclinical
1,8.6,5.5,3.0,4,40.58,100.0,-30.0,Mild
1,8.6,5.5,3.0,13,40.83,98.96,-30.0,Mild
1,8.6,5.5,3.0,7,47.5,94.93,-30.0,Mild
2,8.6,5.5,3.0,2,29.83,94.69,-30.0,Mild
2,8.6,5.5,3.0,18,28.58,96.67,-30.0,Mild
2,8.2,5.5,3.0,4,28.75,100.0,-30.0,Moderate
2,8.6,5.5,3.0,8,26.58,94.79,-30.0,Mild
2,8.6,5.5,3.0,20,27.58,86.67,-30.0,Mild
2,8.2,5.5,3.0,10,21.17,94.89,-30.0,Moderate
2,8.2,5.5,3.0,7,35.75,93.06,-30.0,Moderate
2,8.2,5.5,3.0,15,32.0,100.0,-30.0,Moderate
2,7.4,5.5,3.0,0,18.0,100.0,-30.0,Critical
2,8.6,5.5,3.0,21,21.33,81.94,-30.0,Mild
2,8.6,5.5,3.0,13,31.75,85.83,-30.0,Mild
2,8.6,5.5,3.0,19,35.33,96.46,-30.0,Mild
2,8.6,5.5,3.0,5,29.5,99.65,-30.0,Mild
2,8.6,5.5,3.0,14,28.0,81.04,-30.0,Mild
2,8.6,5.5,3.0,9,33.67,96.35,-30.0,Mild
2,8.2,5.5,3.0,11,28.5,99.86,-30.0,Moderate
2,8.6,5.5,3.0,1,29.25,98.54,-30.0,Mild
2,8.6,5.5,3.0,17,31.25,100.0,-30.0,Mild
2,8.6,5.5,3.0,3,33.25,100.0,-30.0,Mild
2,8.2,5.5,3.0,6,32.08,95.1,-30.0,Moderate
2,8.6,5.5,3.0,12,33.92,83.75,-30.0,Mild
2,8.6,5.5,3.0,16,30.58,100.0,-30.0,Mild
2,8.2,5.5,3.0,7,25.92,100.0,-30.0,Moderate
2,8.6,5.5,3.0,6,31.92,99.79,-30.0,Mild
2,8.6,5.5,3.0,5,27.75,100.0,-30.0,Mild
2,8.2,5.5,3.0,14,18.67,91.56,-30.0,Moderate
2,8.6,5.5,3.0,1,34.17,100.0,-30.0,Mild
2,8.2,5.5,3.0,9,17.33,89.78,-30.0,Moderate
2,8.2,5.5,3.0,18,15.75,87.67,-30.0,Moderate
2,8.6,5.5,3.0,3,32.67,97.29,-30.0,Mild
2,8.2,5.5,3.0,19,27.75,98.33,-30.0,Moderate
2,7.4,5.5,3.0,0,18.0,100.0,-30.0,Critical
2,8.2,5.5,3.0,21,25.83,100.0,-30.0,Moderate
2,8.6,5.5,3.0,11,23.0,96.08,-30.0,Mild
2,8.6,5.5,3.0,20,14.5,86.0,-30.0,Mild
2,8.2,5.5,3.0,12,25.25,100.0,-30.0,Moderate
2,8.2,5.5,3.0,16,24.33,99.11,-30.0,Moderate
2,8.6,5.5,3.0,2,34.42,100.0,-30.0,Mild
2,8.2,5.5,3.0,15,22.75,97.0,-30.0,Moderate
2,8.6,5.5,3.0,10,19.67,91.85,-30.0,Mild
2,8.6,5.5,3.0,4,32.0,100.0,-30.0,Mild
2,8.2,5.5,3.0,8,21.67,95.56,-30.0,Moderate
2,8.6,5.5,3.0,13,19.83,89.08,-30.0,Mild
2,8.6,5.5,3.0,17,24.08,98.78,-30.0,Mild
1,9.0,5.5,3.0,1,45.42,100.0,-30.0,Subclinical
1,7.8,5.5,3.0,0,18.0,100.0,-30.0,Critical
1,9.0,5.5,3.0,2,25.33,85.83,-30.0,Subclinical
1,9.0,5.5,3.0,4,17.83,75.93,-30.0,Subclinical
1,8.6,5.5,3.0,1,32.75,100.0,-30.0,Mild
1,7.8,5.5,3.0,0,18.0,100.0,-30.0,Critical
1,8.6,5.5,3.0,3,27.42,94.39,-30.0,Mild
1,8.6,5.5,3.0,2,30.17,100.0,-30.0,Mild
1,9.0,5.5,3.0,18,21.0,92.0,-30.0,Subclinical
1,9.0,5.5,3.0,17,25.58,100.0,-30.0,Subclinical
1,7.8,5.5,3.0,0,18.0,100.0,-30.0,Critical
1,9.0,5.5,3.0,14,27.08,100.0,-30.0,Subclinical
1,8.6,5.5,3.0,2,19.42,79.14,-30.0,Mild
1,9.0,5.5,3.0,19,23.33,96.67,-30.0,Subclinical
1,8.6,5.5,3.0,3,20.58,86.01,-30.0,Mild
1,9.0,5.5,3.0,13,25.92,100.0,-30.0,Subclinical
1,9.0,5.5,3.0,4,20.17,90.01,-30.0,Subclinical
1,9.0,5.5,3.0,16,29.42,100.0,-30.0,Subclinical
1,9.0,5.5,3.0,20,27.17,100.0,-30.0,Subclinical
1,9.0,5.5,3.0,12,19.58,89.17,-30.0,Subclinical
1,8.6,5.5,3.0,8,25.58,87.62,-30.0,Mild
1,9.0,5.5,3.0,6,27.83,100.0,-30.0,Subclinical
1,8.6,5.5,3.0,7,19.58,84.42,-30.0,Mild
1,9.0,5.5,3.0,21,27.08,100.0,-30.0,Subclinical
1,9.0,5.5,3.0,15,25.58,100.0,-30.0,Subclinical
1,9.0,5.5,3.0,5,24.5,99.33,-30.0,Subclinical
1,9.0,5.5,3.0,11,31.08,100.0,-30.0,Subclinical
1,9.0,5.5,3.0,9,25.67,83.21,-30.0,Subclinical
1,9.0,5.5,3.0,10,26.92,100.0,-30.0,Subclinical
1,8.6,5.5,3.0,1,22.33,71.7,-30.0,Mild
2,8.2,5.5,3.0,10,28.92,100.0,-30.0,Moderate
2,8.2,5.5,3.0,17,24.33,99.11,-30.0,Moderate
2,8.2,5.5,3.0,12,28.58,92.76,-30.0,Moderate
2,8.2,5.5,3.0,19,26.25,88.94,-30.0,Moderate
2,8.2,5.5,3.0,1,22.67,85.89,-30.0,Moderate
2,8.6,5.5,3.0,14,33.58,100.0,-30.0,Mild
2,8.2,5.5,3.0,20,24.0,83.31,-30.0,Moderate
2,8.6,5.5,3.0,13,33.0,85.07,-30.0,Mild
2,7.4,5.5,3.0,0,18.0,100.0,-30.0,Critical
2,8.6,5.5,3.0,11,21.5,90.79,-30.0,Mild
2,8.2,5.5,3.0,3,27.67,89.08,-30.0,Moderate
2,8.6,5.5,3.0,6,26.33,100.0,-30.0,Mild
2,8.2,5.5,3.0,16,28.83,90.34,-30.0,Moderate
2,8.2,5.5,3.0,4,28.75,100.0,-30.0,Moderate
2,8.6,5.5,3.0,8,26.58,87.97,-30.0,Mild
2,8.2,5.5,3.0,9,21.67,79.2,-30.0,Moderate
2,8.2,5.5,3.0,5,29.0,100.0,-30.0,Moderate
2,8.2,5.5,3.0,18,25.0,97.32,-30.0,Moderate
2,8.2,5.5,3.0,21,29.92,100.0,-30.0,Moderate
2,8.2,5.5,3.0,15,32.08,86.27,-30.0,Moderate
2,8.2,5.5,3.0,2,24.75,85.64,-30.0,Moderate
2,8.6,5.5,3.0,7,26.0,91.59,-30.0,Mild
1,9.0,5.5,3.0,5,23.17,97.56,-30.0,Subclinical
1,9.0,5.5,3.0,2,20.92,94.56,-30.0,Subclinical
1,9.0,5.5,3.0,3,26.33,100.0,-30.0,Subclinical
1,9.0,5.5,3.0,20,32.58,100.0,-30.0,Subclinical
1,8.6,5.5,3.0,10,25.0,98.32,-30.0,Mild
1,8.6,5.5,3.0,16,30.33,99.26,-30.0,Mild
1,9.0,5.5,3.0,7,24.92,99.89,-30.0,Subclinical
1,9.0,5.5,3.0,1,20.83,94.44,-30.0,Subclinical
1,9.0,5.5,3.0,12,26.83,100.0,-30.0,Subclinical
1,8.6,5.5,3.0,15,33.08,100.0,-30.0,Mild
1,9.0,5.5,3.0,18,25.25,100.0,-30.0,Subclinical
1,9.0,5.5,3.0,4,18.33,91.11,-30.0,Subclinical
1,9.0,5.5,3.0,21,39.33,100.0,-30.0,Subclinical
1,9.0,5.5,3.0,14,28.08,100.0,-30.0,Subclinical
1,8.6,5.5,3.0,19,30.33,98.64,-30.0,Mild
1,9.0,5.5,3.0,6,24.0,98.67,-30.0,Subclinical
1,9.0,5.5,3.0,11,28.33,100.0,-30.0,Subclinical
1,8.6,5.5,3.0,9,23.25,96.86,-30.0,Mild
1,9.0,5.5,3.0,13,22.75,96.21,-30.0,Subclinical
1,9.0,5.5,3.0,8,33.92,100.0,-30.0,Subclinical
1,8.6,5.5,3.0,17,23.33,93.14,-30.0,Mild
2,8.6,5.5,3.0,5,27.75,86.96,-30.0,Mild
2,8.6,5.5,3.0,7,29.58,92.44,-30.0,Mild
2,8.6,5.5,3.0,21,30.17,90.84,-30.0,Mild
2,8.6,5.5,3.0,16,31.67,86.96,-30.0,Mild
2,8.6,5.5,3.0,10,28.42,92.17,-30.0,Mild
2,8.6,5.5,3.0,13,33.75,97.41,-30.0,Mild
2,8.6,5.5,3.0,20,31.33,97.41,-30.0,Mild
2,8.6,5.5,3.0,17,29.5,94.81,-30.0,Mild
2,8.6,5.5,3.0,8,31.08,91.5,-30.0,Mild
2,8.6,5.5,3.0,12,33.58,100.0,-30.0,Mild
2,8.6,5.5,3.0,14,28.58,90.27,-30.0,Mild
2,8.6,5.5,3.0,6,31.08,92.77,-30.0,Mild
2,8.6,5.5,3.0,15,29.83,86.93,-30.0,Mild
2,8.6,5.5,3.0,11,31.33,95.16,-30.0,Mild
2,8.6,5.5,3.0,9,32.25,91.9,-30.0,Mild
2,8.6,5.5,3.0,3,28.67,90.53,-30.0,Mild
2,8.6,5.5,3.0,18,29.17,90.01,-30.0,Mild
2,8.6,5.5,3.0,1,23.42,97.89,-30.0,Mild
2,8.6,5.5,3.0,4,26.33,89.23,-30.0,Mild
2,8.6,5.5,3.0,2,25.75,92.86,-30.0,Mild
2,8.6,5.5,3.0,19,27.58,92.38,-30.0,Mild
2,8.6,5.5,3.0,17,30.58,83.23,-30.0,Mild
2,8.2,5.5,3.0,2,21.5,89.18,-30.0,Moderate
2,8.2,5.5,3.0,18,11.67,46.67,-30.0,Moderate
2,8.6,5.5,3.0,9,41.75,88.19,-30.0,Mild
2,8.6,5.5,3.0,8,36.42,100.0,-30.0,Mild
2,8.6,5.5,3.0,16,33.67,89.48,-30.0,Mild
2,8.2,5.5,3.0,4,23.42,97.89,-30.0,Moderate
2,8.2,5.5,3.0,5,8.17,65.54,-30.0,Moderate
2,8.6,5.5,3.0,15,36.33,98.26,-30.0,Mild
2,8.6,5.5,3.0,14,24.0,86.03,-30.0,Mild
2,8.6,5.5,3.0,21,33.58,100.0,-30.0,Mild
2,7.4,5.5,3.0,0,18.0,100.0,-30.0,Critical
2,8.2,5.5,3.0,7,25.83,100.0,-30.0,Moderate
2,8.2,5.5,3.0,3,21.67,95.56,-30.0,Moderate
2,8.2,5.5,3.0,1,22.58,96.78,-30.0,Moderate
2,8.2,5.5,3.0,6,25.67,100.0,-30.0,Moderate
2,8.6,5.5,3.0,20,24.83,86.17,-30.0,Mild
1,9.0,5.5,3.0,14,24.0,98.0,-30.0,Subclinical
1,8.6,5.5,3.0,8,21.0,92.32,-30.0,Mild
1,8.6,5.5,3.0,1,21.08,84.99,-30.0,Mild
1,9.0,5.5,3.0,13,22.17,94.33,-30.0,Subclinical
1,8.6,5.5,3.0,6,25.92,96.89,-30.0,Mild
1,9.0,5.5,3.0,16,23.92,97.83,-30.0,Subclinical
1,8.6,5.5,3.0,9,24.08,88.69,-30.0,Mild
1,9.0,5.5,3.0,3,28.08,100.0,-30.0,Subclinical
1,9.0,5.5,3.0,12,31.92,100.0,-30.0,Subclinical
1,8.6,5.5,3.0,4,23.5,92.71,-30.0,Mild
1,9.0,5.5,3.0,20,28.08,100.0,-30.0,Subclinical
1,9.0,5.5,3.0,18,25.75,100.0,-30.0,Subclinical
1,9.0,5.5,3.0,5,19.92,92.88,-30.0,Subclinical
1,9.0,5.5,3.0,11,29.75,100.0,-30.0,Subclinical
1,9.0,5.5,3.0,21,28.75,100.0,-30.0,Subclinical
1,9.0,5.5,3.0,15,25.58,100.0,-30.0,Subclinical
1,8.6,5.5,3.0,7,29.92,97.46,-30.0,Mild
1,9.0,5.5,3.0,10,25.83,86.38,-30.0,Subclinical
1,8.2,5.5,3.0,0,18.0,100.0,-30.0,Moderate
1,9.0,5.5,3.0,17,30.08,100.0,-30.0,Subclinical
1,8.6,5.5,3.0,2,15.83,78.63,-30.0,Mild
1,9.0,5.5,3.0,19,23.5,97.0,-30.0,Subclinical
2,8.2,5.5,3.0,17,30.75,94.16,-30.0,Moderate
2,8.2,5.5,3.0,11,24.5,99.33,-30.0,Moderate
2,8.2,5.5,3.0,13,27.58,93.81,-30.0,Moderate
2,8.2,5.5,3.0,9,27.0,100.0,-30.0,Moderate
2,8.2,5.5,3.0,3,26.0,82.4,-30.0,Moderate
2,8.2,5.5,3.0,18,29.33,90.22,-30.0,Moderate
2,8.2,5.5,3.0,6,23.42,93.32,-30.0,Moderate
2,8.2,5.5,3.0,8,25.08,93.56,-30.0,Moderate
2,8.2,5.5,3.0,4,25.33,93.42,-30.0,Moderate
2,8.2,5.5,3.0,15,25.67,92.32,-30.0,Moderate
2,8.2,5.5,3.0,19,29.08,98.79,-30.0,Moderate
2,8.2,5.5,3.0,21,34.17,94.62,-30.0,Moderate
2,7.8,5.5,3.0,0,18.0,100.0,-30.0,Critical
2,8.2,5.5,3.0,1,26.08,85.31,-30.0,Moderate
2,8.2,5.5,3.0,14,18.92,88.82,-30.0,Moderate
2,8.2,5.5,3.0,10,31.67,98.21,-30.0,Moderate
2,8.2,5.5,3.0,5,27.42,100.0,-30.0,Moderate
2,8.2,5.5,3.0,2,30.42,84.3,-30.0,Moderate
2,8.2,5.5,3.0,20,31.17,100.0,-30.0,Moderate
2,8.2,5.5,3.0,12,31.75,99.61,-30.0,Moderate
2,8.2,5.5,3.0,16,28.67,93.17,-30.0,Moderate
2,8.2,5.5,3.0,7,24.83,98.2,-30.0,Moderate
1,9.0,5.5,3.0,6,27.92,97.26,-30.0,Subclinical
1,8.6,5.5,3.0,8,26.33,99.18,-30.0,Mild
1,8.6,5.5,3.0,10,26.92,96.42,-30.0,Mild
1,9.0,5.5,3.0,12,28.42,100.0,-30.0,Subclinical
1,9.0,5.5,3.0,17,34.58,100.0,-30.0,Subclinical
1,9.0,5.5,3.0,9,33.42,100.0,-30.0,Subclinical
1,9.0,5.5,3.0,1,23.17,97.56,-30.0,Subclinical
1,9.0,5.5,3.0,14,30.42,100.0,-30.0,Subclinical
1,9.0,5.5,3.0,11,31.75,100.0,-30.0,Subclinical
1,9.0,5.5,3.0,2,29.58,96.56,-30.0,Subclinical
1,8.6,5.5,3.0,16,31.33,100.0,-30.0,Mild
1,8.6,5.5,3.0,21,36.08,100.0,-30.0,Mild
1,8.6,5.5,3.0,20,30.42,99.72,-30.0,Mild
1,8.6,5.5,3.0,19,33.83,96.16,-30.0,Mild
1,9.0,5.5,3.0,15,33.17,100.0,-30.0,Subclinical
1,9.0,5.5,3.0,7,28.5,97.51,-30.0,Subclinical
1,8.2,5.5,3.0,0,18.0,100.0,-30.0,Moderate
1,9.0,5.5,3.0,4,32.42,100.0,-30.0,Subclinical
1,9.0,5.5,3.0,18,32.25,100.0,-30.0,Subclinical
1,9.0,5.5,3.0,3,28.5,96.43,-30.0,Subclinical
1,9.0,5.5,3.0,13,30.58,100.0,-30.0,Subclinical
1,9.0,5.5,3.0,5,28.17,100.0,-30.0,Subclinical
1,9.0,5.5,3.0,30,38.75,100.0,-30.0,Subclinical
1,9.0,5.5,3.0,1,29.08,100.0,-30.0,Subclinical
1,9.0,5.5,3.0,30,38.83,96.2,-30.0,Subclinical
1,9.0,5.5,3.0,30,30.75,95.17,-30.0,Subclinical
1,7.8,5.5,3.0,4,6.08,24.33,-30.0,Critical
1,9.0,5.5,3.0,30,36.17,97.19,-30.0,Subclinical
1,9.0,5.5,3.0,30,28.92,95.54,-30.0,Subclinical
1,8.6,5.5,3.0,30,33.92,87.03,-30.0,Mild
1,8.6,5.5,3.0,30,32.42,93.27,-30.0,Mild
1,9.0,5.5,3.0,2,36.42,100.0,-30.0,Subclinical
1,9.0,5.5,3.0,3,33.17,100.0,-30.0,Subclinical
1,9.0,5.5,3.0,30,40.0,100.0,-30.0,Subclinical
1,9.0,5.5,3.0,30,32.75,91.49,-30.0,Subclinical
1,9.0,5.5,3.0,30,34.92,96.79,-30.0,Subclinical
1,8.2,5.5,3.0,0,56.42,100.0,-30.0,Moderate
1,9.0,5.5,3.0,30,38.0,92.23,-30.0,Subclinical
1,9.0,5.5,3.0,30,42.42,100.0,-30.0,Subclinical
1,9.0,5.5,3.0,30,33.5,100.0,-30.0,Subclinical
1,8.6,5.5,3.0,30,36.92,100.0,-30.0,Mild
1,8.6,5.5,3.0,30,18.0,100.0,-30.0,Mild
1,9.0,5.5,3.0,30,39.0,96.18,-30.0,Subclinical
1,8.6,5.5,3.0,30,38.08,97.44,-30.0,Mild
1,9.0,5.5,3.0,30,41.42,96.48,-30.0,Subclinical
1,9.0,5.5,3.0,30,35.67,95.36,-30.0,Subclinical
1,8.6,5.5,3.0,30,35.5,89.69,-30.0,Mild
1,8.6,5.5,3.0,30,34.08,94.1,-30.0,Mild
1,9.0,5.5,3.0,30,39.33,94.89,-30.0,Subclinical
1,7.8,5.5,3.0,18,18.0,17.4,-30.0,Critical
1,9.0,5.5,3.0,19,18.0,69.83,-30.0,Subclinical
2,8.2,5.5,3.0,6,42.17,100.0,-30.0,Moderate
2,8.6,5.5,3.0,2,37.83,100.0,-30.0,Mild
2,8.2,5.5,3.0,18,42.25,100.0,-30.0,Moderate
2,8.2,5.5,3.0,14,35.75,100.0,-30.0,Moderate
2,7.4,5.5,3.0,0,18.0,100.0,-30.0,Critical
2,8.6,5.5,3.0,21,42.42,100.0,-30.0,Mild
2,8.6,5.5,3.0,5,40.25,100.0,-30.0,Mild
2,8.6,5.5,3.0,10,47.92,100.0,-30.0,Mild
2,8.2,5.5,3.0,19,44.0,100.0,-30.0,Moderate
2,8.2,5.5,3.0,11,42.33,100.0,-30.0,Moderate
2,8.6,5.5,3.0,1,37.75,100.0,-30.0,Mild
2,8.6,5.5,3.0,3,41.0,100.0,-30.0,Mild
2,8.6,5.5,3.0,7,45.08,100.0,-30.0,Mild
2,8.6,5.5,3.0,20,50.67,100.0,-30.0,Mild
2,8.2,5.5,3.0,9,45.92,100.0,-30.0,Moderate
2,8.2,5.5,3.0,8,43.83,100.0,-30.0,Moderate
2,8.6,5.5,3.0,15,41.58,100.0,-30.0,Mild
2,8.2,5.5,3.0,12,43.67,100.0,-30.0,Moderate
2,8.6,5.5,3.0,17,47.25,100.0,-30.0,Mild
2,8.6,5.5,3.0,4,32.83,100.0,-30.0,Mild
2,8.2,5.5,3.0,16,40.58,100.0,-30.0,Moderate
2,8.2,5.5,3.0,13,37.33,100.0,-30.0,Moderate
1,9.0,5.5,3.0,12,28.75,100.0,-30.0,Subclinical
1,8.6,5.5,3.0,5,31.58,96.82,-30.0,Mild
1,8.6,5.5,3.0,10,29.17,99.67,-30.0,Mild
1,8.6,5.5,3.0,8,30.75,99.64,-30.0,Mild
1,8.6,5.5,3.0,2,26.0,99.5,-30.0,Mild
1,9.0,5.5,3.0,13,25.33,100.0,-30.0,Subclinical
1,8.6,5.5,3.0,16,27.67,91.07,-30.0,Mild
1,8.6,5.5,3.0,19,29.42,100.0,-30.0,Mild
1,8.6,5.5,3.0,11,23.67,93.58,-30.0,Mild
1,8.6,5.5,3.0,4,25.92,98.09,-30.0,Mild
1,9.0,5.5,3.0,17,32.83,98.39,-30.0,Subclinical
1,8.6,5.5,3.0,3,28.67,99.54,-30.0,Mild
1,8.6,5.5,3.0,21,28.5,100.0,-30.0,Mild
1,8.6,5.5,3.0,20,29.58,100.0,-30.0,Mild
1,8.6,5.5,3.0,9,27.5,94.57,-30.0,Mild
1,9.0,5.5,3.0,1,27.25,100.0,-30.0,Subclinical
1,8.6,5.5,3.0,18,26.5,100.0,-30.0,Mild
1,7.8,5.5,3.0,0,18.0,100.0,-30.0,Critical
1,8.6,5.5,3.0,15,30.0,95.02,-30.0,Mild
1,9.0,5.5,3.0,14,25.08,99.6,-30.0,Subclinical
1,8.6,5.5,3.0,7,25.58,94.72,-30.0,Mild
1,8.6,5.5,3.0,6,18.75,91.67,-30.0,Mild
1,9.0,5.5,3.0,8,31.42,99.98,-30.0,Subclinical
1,9.0,5.5,3.0,5,26.17,100.0,-30.0,Subclinical
1,7.4,5.5,3.0,19,18.0,15.37,-30.0,Critical
1,8.6,5.5,3.0,12,36.08,96.18,-30.0,Mild
1,9.0,5.5,3.0,16,35.67,100.0,-30.0,Subclinical
1,9.0,5.5,3.0,1,41.17,100.0,-30.0,Subclinical
1,8.6,5.5,3.0,14,33.5,98.8,-30.0,Mild
1,9.0,5.5,3.0,18,30.5,100.0,-30.0,Subclinical
1,8.6,5.5,3.0,6,27.67,100.0,-30.0,Mild
1,8.6,5.5,3.0,15,27.83,91.64,-30.0,Mild
1,9.0,5.5,3.0,4,37.0,100.0,-30.0,Subclinical
1,8.6,5.5,3.0,9,33.75,97.8,-30.0,Mild
1,8.6,5.5,3.0,11,27.42,97.43,-30.0,Mild
1,8.6,5.5,3.0,13,34.83,100.0,-30.0,Mild
1,8.6,5.5,3.0,3,33.0,94.78,-30.0,Mild
1,9.0,5.5,3.0,2,33.5,98.39,-30.0,Subclinical
1,9.0,5.5,3.0,7,31.83,96.19,-30.0,Subclinical
1,7.8,5.5,3.0,0,18.0,100.0,-30.0,Critical
1,9.0,5.5,3.0,10,40.5,100.0,-30.0,Subclinical
1,8.6,5.5,3.0,17,31.08,92.4,-30.0,Mild
1,8.6,5.5,3.0,3,18.0,100.0,-30.0,Mild
1,9.0,5.5,3.0,19,18.0,100.0,-30.0,Subclinical
1,8.6,5.5,3.0,5,18.0,87.23,-30.0,Mild
1,8.6,5.5,3.0,4,18.0,91.87,-30.0,Mild
1,8.6,5.5,3.0,11,18.0,100.0,-30.0,Mild
1,8.6,5.5,3.0,14,18.0,100.0,-30.0,Mild
1,8.6,5.5,3.0,6,18.0,92.53,-30.0,Mild
1,8.6,5.5,3.0,9,18.0,100.0,-30.0,Mild
1,8.6,5.5,3.0,17,18.0,100.0,-30.0,Mild
1,8.6,5.5,3.0,20,18.0,100.0,-30.0,Mild
1,8.6,5.5,3.0,7,18.0,99.87,-30.0,Mild
1,8.6,5.5,3.0,13,18.0,100.0,-30.0,Mild
1,8.6,5.5,3.0,8,18.0,100.0,-30.0,Mild
1,8.6,5.5,3.0,18,18.0,100.0,-30.0,Mild
1,8.6,5.5,3.0,15,18.0,100.0,-30.0,Mild
1,8.6,5.5,3.0,12,18.0,100.0,-30.0,Mild
1,9.0,5.5,3.0,1,18.0,100.0,-30.0,Subclinical
1,9.0,5.5,3.0,21,18.0,100.0,-30.0,Subclinical
1,8.6,5.5,3.0,10,18.0,100.0,-30.0,Mild
1,8.2,5.5,3.0,0,18.0,100.0,-30.0,Moderate
1,8.6,5.5,3.0,16,18.0,100.0,-30.0,Mild
1,8.6,5.5,3.0,2,18.0,86.5,-30.0,Mild
2,8.2,5.5,3.0,6,36.08,94.54,-30.0,Moderate
2,8.2,5.5,3.0,15,34.08,88.56,-30.0,Moderate
2,8.2,5.5,3.0,17,30.75,88.95,-30.0,Moderate
2,8.2,5.5,3.0,18,29.92,87.86,-30.0,Moderate
2,8.2,5.5,3.0,16,37.25,84.92,-30.0,Moderate
2,8.6,5.5,3.0,20,38.58,92.63,-30.0,Mild
2,8.2,5.5,3.0,14,46.83,97.94,-30.0,Moderate
2,8.2,5.5,3.0,7,38.17,95.69,-30.0,Moderate
2,8.2,5.5,3.0,8,35.42,94.71,-30.0,Moderate
2,8.6,5.5,3.0,12,42.42,100.0,-30.0,Mild
2,8.2,5.5,3.0,13,44.92,95.37,-30.0,Moderate
2,8.6,5.5,3.0,2,32.33,100.0,-30.0,Mild
2,8.6,5.5,3.0,21,37.25,92.26,-30.0,Mild
2,7.4,5.5,3.0,0,18.0,100.0,-30.0,Critical
2,8.6,5.5,3.0,1,33.5,99.06,-30.0,Mild
2,8.2,5.5,3.0,11,39.08,93.76,-30.0,Moderate
2,8.6,5.5,3.0,5,39.17,95.42,-30.0,Mild
2,8.2,5.5,3.0,10,41.58,92.89,-30.0,Moderate
2,8.6,5.5,3.0,19,40.25,100.0,-30.0,Mild
2,8.6,5.5,3.0,3,35.42,99.93,-30.0,Mild
2,8.6,5.5,3.0,4,31.42,100.0,-30.0,Mild
2,8.2,5.5,3.0,9,35.5,91.04,-30.0,Moderate
2,8.2,5.5,3.0,15,32.58,100.0,-30.0,Moderate
2,8.6,5.5,3.0,6,35.08,100.0,-30.0,Mild
2,8.6,5.5,3.0,7,27.75,97.29,-30.0,Mild
2,8.6,5.5,3.0,9,35.08,100.0,-30.0,Mild
2,8.6,5.5,3.0,10,24.0,98.67,-30.0,Mild
2,8.6,5.5,3.0,2,33.08,100.0,-30.0,Mild
2,8.6,5.5,3.0,1,41.0,100.0,-30.0,Mild
2,8.6,5.5,3.0,5,32.33,100.0,-30.0,Mild
2,8.6,5.5,3.0,12,29.0,100.0,-30.0,Mild
2,8.2,5.5,3.0,8,27.33,99.03,-30.0,Moderate
2,8.2,5.5,3.0,13,30.08,100.0,-30.0,Moderate
2,8.6,5.5,3.0,11,33.17,100.0,-30.0,Mild
2,8.6,5.5,3.0,18,33.83,95.21,-30.0,Mild
2,8.2,5.5,3.0,14,31.67,100.0,-30.0,Moderate
2,8.6,5.5,3.0,19,33.08,100.0,-30.0,Mild
2,7.4,5.5,3.0,0,18.0,100.0,-30.0,Critical
2,8.2,5.5,3.0,3,33.92,95.21,-30.0,Moderate
2,8.6,5.5,3.0,4,33.0,100.0,-30.0,Mild
2,8.6,5.5,3.0,21,26.83,93.26,-30.0,Mild
2,8.2,5.5,3.0,16,30.75,97.43,-30.0,Moderate
2,8.6,5.5,3.0,17,33.0,100.0,-30.0,Mild
2,8.6,5.5,3.0,20,22.0,96.0,-30.0,Mild
1,8.6,5.5,3.0,30,18.0,63.23,-30.0,Mild
1,8.6,5.5,3.0,30,18.0,62.97,-30.0,Mild
1,8.2,5.5,3.0,30,18.0,51.1,-30.0,Moderate
1,8.2,5.5,3.0,30,18.0,45.87,-30.0,Moderate
1,8.6,5.5,3.0,30,18.0,67.5,-30.0,Mild
1,8.2,5.5,3.0,30,18.0,53.4,-30.0,Moderate
1,8.2,5.5,3.0,30,18.0,59.47,-30.0,Moderate
1,8.2,5.5,3.0,30,18.0,51.67,-30.0,Moderate
1,9.0,5.5,3.0,30,18.0,60.67,-30.0,Subclinical
1,8.2,5.5,3.0,30,18.0,47.43,-30.0,Moderate
1,8.2,5.5,3.0,30,18.0,56.57,-30.0,Moderate
1,8.2,5.5,3.0,30,18.0,46.7,-30.0,Moderate
1,8.2,5.5,3.0,30,18.0,45.53,-30.0,Moderate
1,8.2,5.5,3.0,0,18.0,100.0,-30.0,Moderate
1,8.6,5.5,3.0,30,18.0,67.77,-30.0,Mild
1,7.8,5.5,3.0,30,18.0,33.83,-30.0,Critical
1,8.6,5.5,3.0,30,18.0,100.0,-30.0,Mild
1,8.2,5.5,3.0,30,18.0,46.27,-30.0,Moderate
1,9.0,5.5,3.0,30,18.0,100.0,-30.0,Subclinical
1,8.2,5.5,3.0,30,18.0,47.43,-30.0,Moderate
1,8.6,5.5,3.0,30,18.0,65.2,-30.0,Mild
1,8.2,5.5,3.0,30,18.0,59.8,-30.0,Moderate
1,8.2,5.5,3.0,30,18.0,54.33,-30.0,Moderate
2,8.6,5.5,3.0,5,39.5,96.53,-30.0,Mild
2,8.6,5.5,3.0,1,44.0,94.79,-30.0,Mild
2,8.6,5.5,3.0,2,45.08,96.6,-30.0,Mild
2,7.4,5.5,3.0,0,18.0,100.0,-30.0,Critical
2,8.6,5.5,3.0,11,44.67,95.56,-30.0,Mild
2,8.6,5.5,3.0,7,41.92,97.92,-30.0,Mild
2,8.6,5.5,3.0,10,45.25,92.64,-30.0,Mild
2,8.6,5.5,3.0,13,44.92,99.17,-30.0,Mild
2,8.6,5.5,3.0,17,46.33,100.0,-30.0,Mild
2,8.6,5.5,3.0,18,29.42,100.0,-30.0,Mild
2,8.2,5.5,3.0,20,35.5,100.0,-30.0,Moderate
2,8.6,5.5,3.0,16,39.58,99.1,-30.0,Mild
2,8.6,5.5,3.0,14,40.75,100.0,-30.0,Mild
2,8.6,5.5,3.0,9,38.92,99.51,-30.0,Mild
2,8.6,5.5,3.0,21,42.17,100.0,-30.0,Mild
2,8.6,5.5,3.0,12,36.67,100.0,-30.0,Mild
2,8.6,5.5,3.0,19,40.25,100.0,-30.0,Mild
2,8.6,5.5,3.0,15,44.33,96.94,-30.0,Mild
2,8.6,5.5,3.0,3,44.58,93.89,-30.0,Mild
2,8.6,5.5,3.0,8,46.08,100.0,-30.0,Mild
2,8.6,5.5,3.0,6,40.5,98.33,-30.0,Mild
2,8.6,5.5,3.0,4,46.42,98.33,-30.0,Mild
2,8.6,5.5,3.0,3,31.0,100.0,-30.0,Mild
2,8.6,5.5,3.0,10,29.58,100.0,-30.0,Mild
2,8.6,5.5,3.0,1,28.25,100.0,-30.0,Mild
2,8.2,5.5,3.0,14,29.92,100.0,-30.0,Moderate
2,8.2,5.5,3.0,5,33.5,100.0,-30.0,Moderate
2,8.2,5.5,3.0,20,38.25,99.03,-30.0,Moderate
2,7.4,5.5,3.0,0,18.0,100.0,-30.0,Critical
2,8.6,5.5,3.0,16,38.25,100.0,-30.0,Mild
2,8.2,5.5,3.0,17,28.5,95.49,-30.0,Moderate
2,8.2,5.5,3.0,6,26.75,100.0,-30.0,Moderate
2,8.2,5.5,3.0,18,35.42,100.0,-30.0,Moderate
2,8.6,5.5,3.0,4,30.83,100.0,-30.0,Mild
2,8.2,5.5,3.0,12,31.08,100.0,-30.0,Moderate
2,8.6,5.5,3.0,7,42.0,100.0,-30.0,Mild
2,8.2,5.5,3.0,19,32.17,93.1,-30.0,Moderate
2,8.6,5.5,3.0,8,32.42,100.0,-30.0,Mild
2,8.2,5.5,3.0,15,34.42,99.68,-30.0,Moderate
2,8.2,5.5,3.0,21,25.42,95.5,-30.0,Moderate
2,8.6,5.5,3.0,2,25.17,100.0,-30.0,Mild
2,8.6,5.5,3.0,13,41.08,99.24,-30.0,Mild
2,8.6,5.5,3.0,11,41.17,100.0,-30.0,Mild
2,8.6,5.5,3.0,9,30.83,100.0,-30.0,Mild
2,8.2,5.5,3.0,18,31.08,96.27,-30.0,Moderate
2,8.6,5.5,3.0,19,33.0,95.92,-30.0,Mild
2,8.6,5.5,3.0,4,35.42,96.52,-30.0,Mild
2,8.2,5.5,3.0,13,33.92,97.19,-30.0,Moderate
2,8.2,5.5,3.0,5,34.75,96.16,-30.0,Moderate
2,7.4,5.5,3.0,0,18.0,100.0,-30.0,Critical
2,8.6,5.5,3.0,1,26.83,97.53,-30.0,Mild
2,8.6,5.5,3.0,20,32.42,93.27,-30.0,Mild
2,8.6,5.5,3.0,15,34.33,100.0,-30.0,Mild
2,8.6,5.5,3.0,16,39.83,96.23,-30.0,Mild
2,8.2,5.5,3.0,10,41.17,91.56,-30.0,Moderate
2,8.6,5.5,3.0,8,33.58,100.0,-30.0,Mild
2,8.6,5.5,3.0,11,37.83,94.21,-30.0,Mild
2,8.6,5.5,3.0,17,39.0,96.08,-30.0,Mild
2,8.6,5.5,3.0,7,26.42,100.0,-30.0,Mild
2,8.6,5.5,3.0,14,38.25,100.0,-30.0,Mild
2,8.6,5.5,3.0,21,37.5,99.0,-30.0,Mild
2,8.6,5.5,3.0,12,34.67,96.63,-30.0,Mild
2,8.2,5.5,3.0,6,38.67,95.74,-30.0,Moderate
2,8.6,5.5,3.0,9,37.08,100.0,-30.0,Mild
2,8.2,5.5,3.0,2,37.58,94.31,-30.0,Moderate
2,8.6,5.5,3.0,3,34.33,98.37,-30.0,Mild
2,8.2,5.5,3.0,4,28.67,96.24,-30.0,Moderate
2,8.2,5.5,3.0,13,28.33,92.02,-30.0,Moderate
2,8.2,5.5,3.0,3,26.33,93.37,-30.0,Moderate
2,8.6,5.5,3.0,14,34.33,100.0,-30.0,Mild
2,8.2,5.5,3.0,1,30.08,96.09,-30.0,Moderate
2,8.6,5.5,3.0,19,31.92,98.96,-30.0,Mild
2,8.2,5.5,3.0,11,25.67,88.52,-30.0,Moderate
2,8.6,5.5,3.0,10,35.42,100.0,-30.0,Mild
2,8.2,5.5,3.0,17,33.42,100.0,-30.0,Moderate
2,8.6,5.5,3.0,7,33.5,94.78,-30.0,Mild
2,8.2,5.5,3.0,8,29.42,94.3,-30.0,Moderate
2,8.2,5.5,3.0,2,26.92,96.71,-30.0,Moderate
2,8.6,5.5,3.0,20,29.33,100.0,-30.0,Mild
2,8.6,5.5,3.0,21,30.0,100.0,-30.0,Mild
2,8.2,5.5,3.0,16,26.58,99.07,-30.0,Moderate
2,8.6,5.5,3.0,15,35.83,98.57,-30.0,Mild
2,8.6,5.5,3.0,12,29.0,100.0,-30.0,Mild
2,7.4,5.5,3.0,0,18.0,100.0,-30.0,Critical
2,8.6,5.5,3.0,5,30.92,100.0,-30.0,Mild
2,8.2,5.5,3.0,6,28.58,92.43,-30.0,Moderate
2,8.2,5.5,3.0,18,28.08,98.78,-30.0,Moderate
2,8.2,5.5,3.0,9,29.58,93.51,-30.0,Moderate
1,8.6,5.5,3.0,2,39.83,96.81,-30.0,Mild
1,9.0,5.5,3.0,1,38.5,100.0,-30.0,Subclinical
1,9.0,5.5,3.0,5,34.5,100.0,-30.0,Subclinical
1,7.8,5.5,3.0,0,18.0,100.0,-30.0,Critical
1,9.0,5.5,3.0,4,46.25,100.0,-30.0,Subclinical
1,9.0,5.5,3.0,7,42.08,100.0,-30.0,Subclinical
1,9.0,5.5,3.0,6,42.17,100.0,-30.0,Subclinical
1,8.6,5.5,3.0,10,15.33,48.07,-30.0,Mild
1,9.0,5.5,3.0,9,36.25,100.0,-30.0,Subclinical
1,8.6,5.5,3.0,8,39.17,98.82,-30.0,Mild
1,8.6,5.5,3.0,3,30.83,100.0,-30.0,Mild
1,9.0,5.5,3.0,5,24.58,98.38,-30.0,Subclinical
1,9.0,5.5,3.0,3,10.67,64.71,-30.0,Subclinical
1,8.6,5.5,3.0,6,30.0,92.4,-30.0,Mild
1,9.0,5.5,3.0,12,30.92,93.28,-30.0,Subclinical
1,8.6,5.5,3.0,7,24.42,91.38,-30.0,Mild
1,9.0,5.5,3.0,9,26.25,96.47,-30.0,Subclinical
1,9.0,5.5,3.0,13,29.17,93.24,-30.0,Subclinical
1,8.6,5.5,3.0,11,32.25,91.93,-30.0,Mild
1,9.0,5.5,3.0,10,34.17,100.0,-30.0,Subclinical
1,8.6,5.5,3.0,14,15.33,55.23,-30.0,Mild
1,7.8,5.5,3.0,0,18.0,100.0,-30.0,Critical
1,8.6,5.5,3.0,4,20.42,89.89,-30.0,Mild
1,9.0,5.5,3.0,2,23.0,90.96,-30.0,Subclinical
1,9.0,5.5,3.0,1,29.75,98.96,-30.0,Subclinical
1,9.0,5.5,3.0,8,28.42,100.0,-30.0,Subclinical
2,8.2,5.5,3.0,21,34.58,95.57,-30.0,Moderate
2,8.2,5.5,3.0,2,26.58,95.52,-30.0,Moderate
2,8.6,5.5,3.0,3,36.58,100.0,-30.0,Mild
2,8.2,5.5,3.0,15,33.67,100.0,-30.0,Moderate
2,8.6,5.5,3.0,10,35.83,100.0,-30.0,Mild
2,8.6,5.5,3.0,13,35.33,100.0,-30.0,Mild
2,8.2,5.5,3.0,14,41.92,100.0,-30.0,Moderate
2,7.4,5.5,3.0,0,18.0,100.0,-30.0,Critical
2,8.2,5.5,3.0,16,32.17,100.0,-30.0,Moderate
2,8.6,5.5,3.0,11,37.25,100.0,-30.0,Mild
2,8.2,5.5,3.0,19,31.75,100.0,-30.0,Moderate
2,8.2,5.5,3.0,20,41.67,100.0,-30.0,Moderate
2,8.6,5.5,3.0,8,37.75,100.0,-30.0,Mild
2,8.2,5.5,3.0,12,33.75,98.66,-30.0,Moderate
2,8.6,5.5,3.0,18,42.92,100.0,-30.0,Mild
2,8.2,5.5,3.0,7,34.17,97.13,-30.0,Moderate
2,8.6,5.5,3.0,1,35.42,99.36,-30.0,Mild
2,8.2,5.5,3.0,17,36.83,100.0,-30.0,Moderate
2,8.6,5.5,3.0,4,32.0,100.0,-30.0,Mild
2,8.2,5.5,3.0,5,33.67,100.0,-30.0,Moderate
2,8.6,5.5,3.0,6,28.17,100.0,-30.0,Mild
2,8.2,5.5,3.0,9,36.17,100.0,-30.0,Moderate
2,8.6,5.5,3.0,19,28.25,100.0,-30.0,Mild
2,8.6,5.5,3.0,11,31.08,100.0,-30.0,Mild
2,8.6,5.5,3.0,15,26.83,100.0,-30.0,Mild
2,8.6,5.5,3.0,3,32.67,100.0,-30.0,Mild
2,8.6,5.5,3.0,10,30.08,100.0,-30.0,Mild
2,8.6,5.5,3.0,8,24.83,99.67,-30.0,Mild
2,8.6,5.5,3.0,13,23.08,96.17,-30.0,Mild
2,8.6,5.5,3.0,1,24.17,98.33,-30.0,Mild
2,8.6,5.5,3.0,2,27.08,100.0,-30.0,Mild
2,8.6,5.5,3.0,12,23.0,74.23,-30.0,Mild
2,8.6,5.5,3.0,6,32.5,100.0,-30.0,Mild
2,8.6,5.5,3.0,14,25.5,100.0,-30.0,Mild
2,8.6,5.5,3.0,9,28.33,100.0,-30.0,Mild
2,8.6,5.5,3.0,16,26.58,100.0,-30.0,Mild
2,8.6,5.5,3.0,17,39.92,100.0,-30.0,Mild
2,8.6,5.5,3.0,7,31.5,100.0,-30.0,Mild
2,8.6,5.5,3.0,4,30.5,100.0,-30.0,Mild
2,8.6,5.5,3.0,18,32.58,100.0,-30.0,Mild
2,8.6,5.5,3.0,21,26.58,100.0,-30.0,Mild
2,8.6,5.5,3.0,5,30.25,100.0,-30.0,Mild
2,8.6,5.5,3.0,20,32.17,100.0,-30.0,Mild
2,8.6,5.5,3.0,8,31.33,100.0,-30.0,Mild
2,8.6,5.5,3.0,19,26.42,95.52,-30.0,Mild
2,8.6,5.5,3.0,9,32.67,99.79,-30.0,Mild
2,8.6,5.5,3.0,3,26.75,100.0,-30.0,Mild
2,8.6,5.5,3.0,5,25.5,97.29,-30.0,Mild
2,8.2,5.5,3.0,14,26.33,100.0,-30.0,Moderate
2,7.4,5.5,3.0,0,18.0,100.0,-30.0,Critical
2,8.6,5.5,3.0,6,26.67,100.0,-30.0,Mild
2,8.6,5.5,3.0,13,31.25,97.29,-30.0,Mild
2,8.6,5.5,3.0,18,34.83,100.0,-30.0,Mild
2,8.6,5.5,3.0,15,28.5,98.26,-30.0,Mild
2,8.6,5.5,3.0,2,27.83,100.0,-30.0,Mild
2,8.2,5.5,3.0,16,25.33,98.96,-30.0,Moderate
2,8.6,5.5,3.0,21,35.33,97.52,-30.0,Mild
2,8.6,5.5,3.0,10,39.17,99.31,-30.0,Mild
2,8.6,5.5,3.0,7,27.83,100.0,-30.0,Mild
2,8.2,5.5,3.0,12,24.75,93.97,-30.0,Moderate
2,8.2,5.5,3.0,11,27.0,96.88,-30.0,Moderate
2,8.6,5.5,3.0,1,29.58,96.39,-30.0,Mild
2,8.6,5.5,3.0,20,32.25,100.0,-30.0,Mild
2,8.6,5.5,3.0,4,21.92,92.42,-30.0,Mild
2,8.2,5.5,3.0,17,26.92,92.57,-30.0,Moderate
1,9.0,5.5,3.0,17,21.17,93.36,-30.0,Subclinical
1,9.0,5.5,3.0,19,18.58,91.44,-30.0,Subclinical
1,8.6,5.5,3.0,21,15.42,87.22,-30.0,Mild
1,9.0,5.5,3.0,20,24.67,97.75,-30.0,Subclinical
1,9.0,5.5,3.0,16,7.08,64.17,-30.0,Subclinical
1,8.6,5.5,3.0,18,21.67,87.38,-30.0,Mild
2,8.6,5.5,3.0,18,18.0,86.1,-30.0,Mild
2,7.8,5.5,3.0,10,18.0,52.0,-30.0,Critical
2,8.6,5.5,3.0,8,18.0,73.4,-30.0,Mild
2,7.8,5.5,3.0,21,18.0,57.03,-30.0,Critical
2,8.6,5.5,3.0,16,18.0,65.4,-30.0,Mild
2,8.6,5.5,3.0,1,18.0,100.0,-30.0,Mild
2,7.4,5.5,3.0,0,18.0,100.0,-30.0,Critical
2,7.8,5.5,3.0,3,18.0,59.97,-30.0,Critical
2,7.8,5.5,3.0,17,18.0,58.77,-30.0,Critical
2,8.2,5.5,3.0,13,18.0,65.83,-30.0,Moderate
2,8.6,5.5,3.0,7,18.0,100.0,-30.0,Mild
2,8.2,5.5,3.0,12,18.0,98.7,-30.0,Moderate
2,8.2,5.5,3.0,9,18.0,68.73,-30.0,Moderate
2,7.8,5.5,3.0,19,18.0,53.7,-30.0,Critical
2,7.8,5.5,3.0,2,18.0,55.97,-30.0,Critical
2,8.2,5.5,3.0,5,18.0,100.0,-30.0,Moderate
2,8.6,5.5,3.0,14,18.0,81.53,-30.0,Mild
2,8.6,5.5,3.0,6,18.0,100.0,-30.0,Mild
2,8.6,5.5,3.0,11,18.0,100.0,-30.0,Mild
2,8.2,5.5,3.0,15,18.0,67.73,-30.0,Moderate
2,8.6,5.5,3.0,20,18.0,73.03,-30.0,Mild
2,8.2,5.5,3.0,4,18.0,92.47,-30.0,Moderate
1,8.6,5.5,3.0,30,30.75,85.54,-30.0,Mild
1,8.6,5.5,3.0,30,28.58,84.68,-30.0,Mild
1,8.6,5.5,3.0,30,18.0,100.0,-30.0,Mild
1,8.6,5.5,3.0,30,32.83,93.68,-30.0,Mild
1,8.6,5.5,3.0,15,29.0,88.6,-30.0,Mild
1,8.6,5.5,3.0,20,29.67,100.0,-30.0,Mild
1,8.6,5.5,3.0,9,26.42,90.41,-30.0,Mild
1,8.6,5.5,3.0,30,33.58,89.12,-30.0,Mild
1,8.6,5.5,3.0,11,30.92,95.51,-30.0,Mild
1,8.6,5.5,3.0,1,28.33,94.02,-30.0,Mild
1,8.6,5.5,3.0,30,29.92,87.12,-30.0,Mild
1,8.6,5.5,3.0,30,33.67,93.92,-30.0,Mild
1,8.6,5.5,3.0,30,31.83,87.78,-30.0,Mild
1,8.6,5.5,3.0,30,33.5,85.79,-30.0,Mild
1,8.6,5.5,3.0,12,31.08,93.07,-30.0,Mild
1,8.6,5.5,3.0,30,31.08,84.03,-30.0,Mild
1,8.6,5.5,3.0,30,29.0,89.43,-30.0,Mild
1,8.6,5.5,3.0,4,33.67,100.0,-30.0,Mild
1,8.6,5.5,3.0,17,28.67,89.08,-30.0,Mild
1,8.6,5.5,3.0,30,26.0,90.39,-30.0,Mild
1,8.6,5.5,3.0,21,30.25,95.04,-30.0,Mild
1,8.6,5.5,3.0,30,25.92,85.31,-30.0,Mild
1,8.6,5.5,3.0,30,26.17,87.97,-30.0,Mild
1,8.6,5.5,3.0,30,28.83,84.79,-30.0,Mild
1,8.6,5.5,3.0,30,28.83,84.1,-30.0,Mild
1,7.8,5.5,3.0,0,58.33,100.0,-30.0,Critical
1,8.6,5.5,3.0,8,37.17,92.33,-30.0,Mild
1,8.6,5.5,3.0,14,31.17,95.23,-30.0,Mild
1,8.6,5.5,3.0,3,28.83,92.2,-30.0,Mild
1,8.6,5.5,3.0,30,27.75,89.68,-30.0,Mild
1,8.6,5.5,3.0,18,33.42,95.98,-30.0,Mild
1,8.6,5.5,3.0,2,27.83,91.77,-30.0,Mild
1,8.6,5.5,3.0,5,28.33,93.02,-30.0,Mild
1,8.6,5.5,3.0,7,26.25,93.99,-30.0,Mild
1,8.6,5.5,3.0,10,30.0,91.16,-30.0,Mild
1,8.6,5.5,3.0,30,31.58,87.44,-30.0,Mild
1,8.6,5.5,3.0,30,33.25,86.4,-30.0,Mild
1,8.6,5.5,3.0,30,34.92,85.52,-30.0,Mild
1,8.6,5.5,3.0,16,30.0,89.49,-30.0,Mild
1,8.6,5.5,3.0,6,28.42,93.8,-30.0,Mild
1,8.6,5.5,3.0,19,32.5,90.99,-30.0,Mild
1,8.6,5.5,3.0,30,30.58,87.24,-30.0,Mild
1,8.6,5.5,3.0,13,31.5,92.32,-30.0,Mild
1,8.6,5.5,3.0,30,31.92,87.78,-30.0,Mild
2,8.2,5.5,3.0,20,29.75,84.92,-30.0,Moderate
2,7.4,5.5,3.0,0,18.0,100.0,-30.0,Critical
2,8.2,5.5,3.0,8,23.58,85.0,-30.0,Moderate
2,8.2,5.5,3.0,15,22.33,77.94,-30.0,Moderate
2,8.2,5.5,3.0,4,21.25,86.23,-30.0,Moderate
2,8.2,5.5,3.0,13,21.58,76.31,-30.0,Moderate
2,8.2,5.5,3.0,19,34.75,88.83,-30.0,Moderate
2,8.2,5.5,3.0,1,25.58,90.79,-30.0,Moderate
2,8.2,5.5,3.0,17,28.5,86.64,-30.0,Moderate
2,8.2,5.5,3.0,16,30.33,86.91,-30.0,Moderate
2,8.2,5.5,3.0,9,18.92,75.81,-30.0,Moderate
2,8.2,5.5,3.0,5,21.75,85.44,-30.0,Moderate
2,8.2,5.5,3.0,12,20.67,75.71,-30.0,Moderate
2,8.2,5.5,3.0,3,18.08,81.91,-30.0,Moderate
2,8.2,5.5,3.0,7,23.92,83.21,-30.0,Moderate
2,8.2,5.5,3.0,21,35.42,90.13,-30.0,Moderate
2,8.2,5.5,3.0,18,29.25,97.11,-30.0,Moderate
2,8.2,5.5,3.0,11,13.25,66.0,-30.0,Moderate
2,8.2,5.5,3.0,14,24.08,77.5,-30.0,Moderate
2,8.2,5.5,3.0,2,21.58,83.54,-30.0,Moderate
2,8.2,5.5,3.0,6,27.33,86.79,-30.0,Moderate
2,8.2,5.5,3.0,10,21.83,72.23,-30.0,Moderate
1,8.2,5.5,3.0,0,18.0,100.0,-30.0,Moderate
1,9.0,5.5,3.0,2,33.08,100.0,-30.0,Subclinical
1,8.6,5.5,3.0,3,17.83,60.88,-30.0,Mild
1,9.0,5.5,3.0,1,39.92,83.12,-30.0,Subclinical
1,9.0,5.5,3.0,4,42.33,100.0,-30.0,Subclinical
1,8.2,5.5,3.0,0,44.25,100.0,-30.0,Moderate
1,9.0,5.5,3.0,9,43.33,99.79,-30.0,Subclinical
1,9.0,5.5,3.0,7,39.58,100.0,-30.0,Subclinical
1,9.0,5.5,3.0,6,43.08,96.98,-30.0,Subclinical
1,9.0,5.5,3.0,5,36.83,99.06,-30.0,Subclinical
1,9.0,5.5,3.0,8,42.42,100.0,-30.0,Subclinical
1,9.0,5.5,3.0,10,29.83,78.44,-30.0,Subclinical
1,9.0,5.5,3.0,17,34.25,100.0,-30.0,Subclinical
1,9.0,5.5,3.0,9,37.92,100.0,-30.0,Subclinical
1,9.0,5.5,3.0,4,31.67,93.09,-30.0,Subclinical
1,9.0,5.5,3.0,1,26.83,96.0,-30.0,Subclinical
1,9.0,5.5,3.0,12,38.08,100.0,-30.0,Subclinical
1,9.0,5.5,3.0,15,38.92,100.0,-30.0,Subclinical
1,9.0,5.5,3.0,14,42.25,100.0,-30.0,Subclinical
1,9.0,5.5,3.0,2,23.58,98.11,-30.0,Subclinical
1,9.0,5.5,3.0,13,42.75,100.0,-30.0,Subclinical
1,9.0,5.5,3.0,7,36.33,100.0,-30.0,Subclinical
1,9.0,5.5,3.0,10,34.67,100.0,-30.0,Subclinical
1,9.0,5.5,3.0,8,32.5,100.0,-30.0,Subclinical
1,9.0,5.5,3.0,3,26.58,98.52,-30.0,Subclinical
1,9.0,5.5,3.0,20,38.0,100.0,-30.0,Subclinical
1,9.0,5.5,3.0,5,30.67,97.1,-30.0,Subclinical
1,9.0,5.5,3.0,11,34.67,100.0,-30.0,Subclinical
1,9.0,5.5,3.0,18,40.0,100.0,-30.0,Subclinical
1,9.0,5.5,3.0,16,31.75,100.0,-30.0,Subclinical
1,9.0,5.5,3.0,6,34.5,98.52,-30.0,Subclinical
1,9.0,5.5,3.0,19,33.67,100.0,-30.0,Subclinical
1,9.0,5.5,3.0,21,38.0,100.0,-30.0,Subclinical
1,8.2,5.5,3.0,0,18.0,100.0,-30.0,Moderate
2,8.6,5.5,3.0,14,28.92,100.0,-30.0,Mild
2,8.2,5.5,3.0,16,31.83,100.0,-30.0,Moderate
2,8.2,5.5,3.0,5,25.58,89.18,-30.0,Moderate
2,8.2,5.5,3.0,4,33.83,88.9,-30.0,Moderate
2,8.2,5.5,3.0,10,29.08,96.31,-30.0,Moderate
2,8.2,5.5,3.0,3,32.67,92.1,-30.0,Moderate
2,8.6,5.5,3.0,1,28.92,100.0,-30.0,Mild
2,8.2,5.5,3.0,19,32.67,90.48,-30.0,Moderate
2,8.2,5.5,3.0,17,34.5,94.4,-30.0,Moderate
2,8.2,5.5,3.0,20,31.0,91.28,-30.0,Moderate
2,8.2,5.5,3.0,11,30.83,92.1,-30.0,Moderate
2,8.2,5.5,3.0,8,34.25,99.6,-30.0,Moderate
2,8.2,5.5,3.0,7,29.83,95.46,-30.0,Moderate
2,8.6,5.5,3.0,18,34.83,91.69,-30.0,Mild
2,8.6,5.5,3.0,15,34.08,100.0,-30.0,Mild
2,8.2,5.5,3.0,21,31.33,99.69,-30.0,Moderate
2,8.2,5.5,3.0,9,31.58,91.29,-30.0,Moderate
2,8.6,5.5,3.0,2,35.5,94.34,-30.0,Mild
2,8.6,5.5,3.0,13,29.42,100.0,-30.0,Mild
2,7.4,5.5,3.0,0,18.0,100.0,-30.0,Critical
2,8.6,5.5,3.0,12,33.67,100.0,-30.0,Mild
2,8.2,5.5,3.0,6,29.0,98.01,-30.0,Moderate
2,8.6,5.5,3.0,14,41.5,100.0,-30.0,Mild
2,8.6,5.5,3.0,6,44.0,88.89,-30.0,Mild
2,8.6,5.5,3.0,3,44.17,93.65,-30.0,Mild
2,8.6,5.5,3.0,4,49.83,83.54,-30.0,Mild
2,8.6,5.5,3.0,19,33.0,94.79,-30.0,Mild
2,8.6,5.5,3.0,20,22.42,92.3,-30.0,Mild
2,8.6,5.5,3.0,8,48.33,94.79,-30.0,Mild
2,8.6,5.5,3.0,15,27.17,100.0,-30.0,Mild
2,8.2,5.5,3.0,10,45.67,83.19,-30.0,Moderate
2,8.6,5.5,3.0,9,46.92,100.0,-30.0,Mild
2,7.4,5.5,3.0,0,18.0,100.0,-30.0,Critical
2,8.6,5.5,3.0,11,27.75,94.17,-30.0,Mild
2,8.6,5.5,3.0,17,49.75,72.9,-30.0,Mild
2,8.6,5.5,3.0,18,34.42,100.0,-30.0,Mild
2,8.2,5.5,3.0,16,12.75,51.0,-30.0,Moderate
2,8.6,5.5,3.0,7,51.0,77.81,-30.0,Mild
2,8.6,5.5,3.0,2,44.75,99.1,-30.0,Mild
2,8.6,5.5,3.0,5,49.33,86.35,-30.0,Mild
2,8.6,5.5,3.0,12,39.58,100.0,-30.0,Mild
2,8.6,5.5,3.0,1,42.92,100.0,-30.0,Mild
2,8.2,5.5,3.0,21,28.92,71.31,-30.0,Moderate
2,8.6,5.5,3.0,13,51.92,85.52,-30.0,Mild
1,9.0,5.5,3.0,21,23.67,98.22,-30.0,Subclinical
1,8.2,5.5,3.0,17,10.83,59.88,-30.0,Moderate
1,7.0,5.5,3.0,5,18.0,0.13,-30.0,Critical
1,9.0,5.5,3.0,13,20.08,88.72,-30.0,Subclinical
1,7.8,5.5,3.0,0,18.0,100.0,-30.0,Critical
1,9.0,5.5,3.0,19,24.25,97.78,-30.0,Subclinical
1,8.6,5.5,3.0,11,6.33,55.99,-30.0,Mild
1,9.0,5.5,3.0,16,20.25,88.49,-30.0,Subclinical
1,9.0,5.5,3.0,20,24.25,96.66,-30.0,Subclinical
1,9.0,5.5,3.0,12,16.42,73.42,-30.0,Subclinical
1,9.0,5.5,3.0,15,20.0,93.33,-30.0,Subclinical
1,9.0,5.5,3.0,18,18.92,89.48,-30.0,Subclinical
1,9.0,5.5,3.0,14,25.08,99.72,-30.0,Subclinical
2,8.2,5.5,3.0,5,25.5,91.88,-30.0,Moderate
2,8.6,5.5,3.0,14,29.83,98.52,-30.0,Mild
2,8.2,5.5,3.0,4,19.42,85.36,-30.0,Moderate
2,8.2,5.5,3.0,6,20.75,91.11,-30.0,Moderate
2,8.2,5.5,3.0,12,30.92,97.03,-30.0,Moderate
2,8.2,5.5,3.0,16,29.08,97.88,-30.0,Moderate
2,8.2,5.5,3.0,20,30.0,94.06,-30.0,Moderate
2,8.2,5.5,3.0,8,26.5,94.74,-30.0,Moderate
2,8.2,5.5,3.0,15,29.33,98.37,-30.0,Moderate
2,8.2,5.5,3.0,21,21.92,82.8,-30.0,Moderate
2,8.2,5.5,3.0,2,25.25,99.32,-30.0,Moderate
2,8.2,5.5,3.0,13,31.5,97.14,-30.0,Moderate
2,8.6,5.5,3.0,1,32.0,100.0,-30.0,Mild
2,8.2,5.5,3.0,11,25.83,93.34,-30.0,Moderate
2,8.2,5.5,3.0,17,25.17,93.2,-30.0,Moderate
2,8.2,5.5,3.0,9,24.67,93.96,-30.0,Moderate
2,8.2,5.5,3.0,10,31.83,94.79,-30.0,Moderate
2,8.2,5.5,3.0,7,27.5,98.19,-30.0,Moderate
2,8.2,5.5,3.0,3,21.0,87.99,-30.0,Moderate
2,7.4,5.5,3.0,0,18.0,100.0,-30.0,Critical
2,8.2,5.5,3.0,19,21.42,83.27,-30.0,Moderate
2,8.2,5.5,3.0,18,30.67,95.77,-30.0,Moderate
1,9.0,5.5,3.0,15,31.67,90.1,-30.0,Subclinical
1,9.0,5.5,3.0,4,33.67,100.0,-30.0,Subclinical
1,9.0,5.5,3.0,19,30.92,84.06,-30.0,Subclinical
1,9.0,5.5,3.0,1,21.92,87.67,-30.0,Subclinical
1,9.0,5.5,3.0,2,25.33,76.56,-30.0,Subclinical
1,9.0,5.5,3.0,7,33.83,88.54,-30.0,Subclinical
1,9.0,5.5,3.0,13,36.5,87.71,-30.0,Subclinical
1,9.0,5.5,3.0,3,31.58,100.0,-30.0,Subclinical
1,9.0,5.5,3.0,20,30.75,82.19,-30.0,Subclinical
1,9.0,5.5,3.0,21,29.08,77.92,-30.0,Subclinical
1,9.0,5.5,3.0,8,37.25,100.0,-30.0,Subclinical
1,8.6,5.5,3.0,16,30.0,74.69,-30.0,Mild
1,9.0,5.5,3.0,9,24.67,98.67,-30.0,Subclinical
1,9.0,5.5,3.0,18,28.83,89.69,-30.0,Subclinical
1,9.0,5.5,3.0,12,30.25,88.96,-30.0,Subclinical
1,9.0,5.5,3.0,10,27.17,86.46,-30.0,Subclinical
1,9.0,5.5,3.0,11,30.33,95.1,-30.0,Subclinical
1,9.0,5.5,3.0,14,25.0,79.69,-30.0,Subclinical
1,9.0,5.5,3.0,5,32.58,100.0,-30.0,Subclinical
1,9.0,5.5,3.0,17,35.42,80.31,-30.0,Subclinical
1,9.0,5.5,3.0,6,27.17,87.71,-30.0,Subclinical
1,9.0,5.5,3.0,3,18.0,70.2,-30.0,Subclinical
1,8.6,5.5,3.0,2,18.0,100.0,-30.0,Mild
1,7.8,5.5,3.0,0,18.0,100.0,-30.0,Critical
1,8.6,5.5,3.0,1,18.0,100.0,-30.0,Mild
2,8.6,5.5,3.0,19,31.0,96.76,-30.0,Mild
2,8.2,5.5,3.0,7,31.92,98.56,-30.0,Moderate
2,8.2,5.5,3.0,1,23.75,97.15,-30.0,Moderate
2,8.2,5.5,3.0,5,33.5,97.43,-30.0,Moderate
2,8.2,5.5,3.0,13,31.25,90.49,-30.0,Moderate
2,8.2,5.5,3.0,9,39.92,99.2,-30.0,Moderate
2,8.2,5.5,3.0,3,27.83,100.0,-30.0,Moderate
2,8.6,5.5,3.0,17,31.33,96.39,-30.0,Mild
2,8.2,5.5,3.0,11,33.92,100.0,-30.0,Moderate
2,8.6,5.5,3.0,12,32.5,98.11,-30.0,Mild
2,8.2,5.5,3.0,8,33.08,99.91,-30.0,Moderate
2,8.6,5.5,3.0,20,34.17,94.86,-30.0,Mild
2,8.2,5.5,3.0,2,31.0,98.89,-30.0,Moderate
2,8.2,5.5,3.0,21,29.25,96.09,-30.0,Moderate
2,8.2,5.5,3.0,16,28.83,97.64,-30.0,Moderate
2,8.6,5.5,3.0,14,27.83,89.79,-30.0,Mild
2,8.6,5.5,3.0,6,28.75,100.0,-30.0,Mild
2,8.2,5.5,3.0,4,32.33,100.0,-30.0,Moderate
2,8.2,5.5,3.0,10,31.42,100.0,-30.0,Moderate
2,7.4,5.5,3.0,0,18.0,100.0,-30.0,Critical
2,8.2,5.5,3.0,15,26.83,91.44,-30.0,Moderate
2,8.2,5.5,3.0,18,33.83,95.92,-30.0,Moderate
2,8.2,5.5,3.0,12,18.0,64.7,-30.0,Moderate
2,8.2,5.5,3.0,17,18.0,66.83,-30.0,Moderate
2,7.8,5.5,3.0,16,18.0,58.2,-30.0,Critical
2,7.4,5.5,3.0,0,18.0,100.0,-30.0,Critical
2,8.6,5.5,3.0,11,18.0,78.87,-30.0,Mild
2,8.6,5.5,3.0,8,18.0,68.13,-30.0,Mild
2,8.2,5.5,3.0,5,18.0,100.0,-30.0,Moderate
2,8.2,5.5,3.0,9,18.0,61.2,-30.0,Moderate
2,8.2,5.5,3.0,10,18.0,73.5,-30.0,Moderate
2,7.8,5.5,3.0,14,18.0,50.87,-30.0,Critical
2,8.2,5.5,3.0,3,18.0,100.0,-30.0,Moderate
2,8.6,5.5,3.0,4,18.0,100.0,-30.0,Mild
2,8.2,5.5,3.0,21,18.0,67.13,-30.0,Moderate
2,8.2,5.5,3.0,6,18.0,100.0,-30.0,Moderate
2,8.2,5.5,3.0,15,18.0,66.37,-30.0,Moderate
2,8.6,5.5,3.0,1,18.0,100.0,-30.0,Mild
2,8.2,5.5,3.0,7,18.0,100.0,-30.0,Moderate
2,8.2,5.5,3.0,20,18.0,65.87,-30.0,Moderate
2,7.8,5.5,3.0,13,18.0,59.77,-30.0,Critical
2,8.2,5.5,3.0,18,18.0,63.4,-30.0,Moderate
2,8.2,5.5,3.0,19,18.0,68.8,-30.0,Moderate
2,8.6,5.5,3.0,2,18.0,100.0,-30.0,Mild
2,8.2,5.5,3.0,4,39.83,98.16,-30.0,Moderate
2,7.4,5.5,3.0,0,18.0,100.0,-30.0,Critical
2,8.2,5.5,3.0,10,36.0,100.0,-30.0,Moderate
2,8.2,5.5,3.0,12,39.83,100.0,-30.0,Moderate
2,8.2,5.5,3.0,14,38.92,100.0,-30.0,Moderate
2,8.2,5.5,3.0,16,40.58,100.0,-30.0,Moderate
2,8.2,5.5,3.0,5,34.75,100.0,-30.0,Moderate
2,8.2,5.5,3.0,1,28.5,98.19,-30.0,Moderate
2,8.2,5.5,3.0,13,41.17,100.0,-30.0,Moderate
2,8.2,5.5,3.0,7,43.58,100.0,-30.0,Moderate
2,8.2,5.5,3.0,17,43.17,95.35,-30.0,Moderate
2,8.6,5.5,3.0,15,18.0,98.65,-30.0,Mild
2,8.2,5.5,3.0,9,38.92,100.0,-30.0,Moderate
2,8.2,5.5,3.0,8,42.92,100.0,-30.0,Moderate
2,8.2,5.5,3.0,21,38.58,100.0,-30.0,Moderate
2,8.6,5.5,3.0,11,46.92,100.0,-30.0,Mild
2,8.2,5.5,3.0,18,47.5,93.96,-30.0,Moderate
2,8.2,5.5,3.0,2,42.33,97.29,-30.0,Moderate
2,8.2,5.5,3.0,20,44.75,100.0,-30.0,Moderate
2,8.2,5.5,3.0,6,38.42,96.22,-30.0,Moderate
2,8.2,5.5,3.0,19,45.58,100.0,-30.0,Moderate
2,8.2,5.5,3.0,3,41.25,100.0,-30.0,Moderate
1,9.0,5.5,3.0,10,15.83,73.42,-30.0,Subclinical
1,9.0,5.5,3.0,8,29.75,100.0,-30.0,Subclinical
1,9.0,5.5,3.0,4,28.5,100.0,-30.0,Subclinical
1,9.0,5.5,3.0,2,23.42,97.89,-30.0,Subclinical
1,9.0,5.5,3.0,6,23.17,97.56,-30.0,Subclinical
1,8.2,5.5,3.0,0,18.0,100.0,-30.0,Moderate
1,9.0,5.5,3.0,9,30.25,100.0,-30.0,Subclinical
1,9.0,5.5,3.0,7,32.92,100.0,-30.0,Subclinical
1,9.0,5.5,3.0,5,27.33,100.0,-30.0,Subclinical
1,9.0,5.5,3.0,3,27.08,100.0,-30.0,Subclinical
1,9.0,5.5,3.0,1,27.75,100.0,-30.0,Subclinical
2,8.6,5.5,3.0,12,36.08,98.28,-30.0,Mild
2,8.6,5.5,3.0,21,34.75,100.0,-30.0,Mild
2,8.6,5.5,3.0,19,28.75,100.0,-30.0,Mild
2,8.6,5.5,3.0,10,42.42,100.0,-30.0,Mild
2,8.6,5.5,3.0,20,42.25,100.0,-30.0,Mild
2,8.6,5.5,3.0,18,31.67,100.0,-30.0,Mild
2,8.2,5.5,3.0,9,16.75,82.89,-30.0,Moderate
2,8.6,5.5,3.0,7,34.58,97.15,-30.0,Mild
2,8.6,5.5,3.0,2,33.83,100.0,-30.0,Mild
2,8.6,5.5,3.0,4,24.42,99.22,-30.0,Mild
2,8.6,5.5,3.0,13,37.42,99.93,-30.0,Mild
2,7.8,5.5,3.0,0,18.0,100.0,-30.0,Critical
2,8.6,5.5,3.0,15,43.33,99.51,-30.0,Mild
2,8.6,5.5,3.0,16,37.92,98.21,-30.0,Mild
2,8.6,5.5,3.0,17,34.5,99.09,-30.0,Mild
2,8.2,5.5,3.0,8,22.42,88.92,-30.0,Moderate
2,8.6,5.5,3.0,11,40.25,98.82,-30.0,Mild
2,8.6,5.5,3.0,5,33.42,96.94,-30.0,Mild
2,8.6,5.5,3.0,1,35.67,94.79,-30.0,Mild
2,8.6,5.5,3.0,3,36.25,96.74,-30.0,Mild
2,8.6,5.5,3.0,14,36.75,100.0,-30.0,Mild
2,8.6,5.5,3.0,6,27.0,97.06,-30.0,Mild
2,8.2,5.5,3.0,20,22.17,96.22,-30.0,Moderate
2,8.2,5.5,3.0,6,31.0,100.0,-30.0,Moderate
2,8.2,5.5,3.0,19,30.17,100.0,-30.0,Moderate
2,8.2,5.5,3.0,21,23.67,98.22,-30.0,Moderate
2,8.2,5.5,3.0,7,23.25,97.67,-30.0,Moderate
2,8.2,5.5,3.0,15,28.83,100.0,-30.0,Moderate
2,8.6,5.5,3.0,2,19.75,93.0,-30.0,Mild
2,8.2,5.5,3.0,13,26.25,100.0,-30.0,Moderate
2,8.6,5.5,3.0,9,25.25,100.0,-30.0,Mild
2,8.6,5.5,3.0,1,15.67,87.56,-30.0,Mild
2,8.2,5.5,3.0,17,29.25,100.0,-30.0,Moderate
2,8.2,5.5,3.0,10,28.08,100.0,-30.0,Moderate
2,8.6,5.5,3.0,14,30.67,100.0,-30.0,Mild
2,8.6,5.5,3.0,3,23.92,98.56,-30.0,Mild
2,8.6,5.5,3.0,4,25.75,100.0,-30.0,Mild
2,7.4,5.5,3.0,0,18.0,100.0,-30.0,Critical
2,8.2,5.5,3.0,11,30.0,100.0,-30.0,Moderate
2,8.2,5.5,3.0,12,31.75,100.0,-30.0,Moderate
2,8.2,5.5,3.0,18,26.5,96.11,-30.0,Moderate
2,8.2,5.5,3.0,8,21.67,95.56,-30.0,Moderate
2,8.2,5.5,3.0,5,22.33,96.44,-30.0,Moderate
2,8.2,5.5,3.0,16,25.42,100.0,-30.0,Moderate
1,9.0,5.5,3.0,5,18.0,100.0,-30.0,Subclinical
1,9.0,5.5,3.0,4,6.0,62.0,-30.0,Subclinical
1,9.0,5.5,3.0,2,17.58,85.88,-30.0,Subclinical
1,7.8,5.5,3.0,0,44.42,89.72,-30.0,Critical
1,9.0,5.5,3.0,3,19.75,86.68,-30.0,Subclinical
1,9.0,5.5,3.0,8,18.0,79.03,-30.0,Subclinical
1,9.0,5.5,3.0,7,18.0,100.0,-30.0,Subclinical
1,9.0,5.5,3.0,1,11.92,80.12,-30.0,Subclinical
1,9.0,5.5,3.0,6,18.0,100.0,-30.0,Subclinical
1,9.0,5.5,3.0,10,44.0,100.0,-30.0,Subclinical
1,9.0,5.5,3.0,13,42.25,100.0,-30.0,Subclinical
1,9.0,5.5,3.0,11,39.33,92.19,-30.0,Subclinical
1,9.0,5.5,3.0,6,46.67,100.0,-30.0,Subclinical
1,9.0,5.5,3.0,9,46.0,99.58,-30.0,Subclinical
1,8.2,5.5,3.0,0,18.0,100.0,-30.0,Moderate
1,9.0,5.5,3.0,17,18.0,77.92,-30.0,Subclinical
1,9.0,5.5,3.0,18,48.25,100.0,-30.0,Subclinical
1,9.0,5.5,3.0,15,45.33,100.0,-30.0,Subclinical
1,8.6,5.5,3.0,12,39.92,100.0,-30.0,Mild
1,9.0,5.5,3.0,14,33.17,100.0,-30.0,Subclinical
1,9.0,5.5,3.0,4,41.92,90.0,-30.0,Subclinical
1,9.0,5.5,3.0,8,49.75,91.35,-30.0,Subclinical
1,9.0,5.5,3.0,3,23.92,67.96,-30.0,Subclinical
1,9.0,5.5,3.0,2,50.75,98.96,-30.0,Subclinical
1,9.0,5.5,3.0,19,48.67,100.0,-30.0,Subclinical
1,9.0,5.5,3.0,1,40.67,88.33,-30.0,Subclinical
1,9.0,5.5,3.0,7,44.08,94.03,-30.0,Subclinical
1,9.0,5.5,3.0,5,52.08,96.35,-30.0,Subclinical
1,9.0,5.5,3.0,16,44.75,94.58,-30.0,Subclinical
1,9.0,5.5,3.0,20,29.17,100.0,-30.0,Subclinical
2,8.6,5.5,3.0,3,29.75,100.0,-30.0,Mild
2,8.2,5.5,3.0,4,28.75,100.0,-30.0,Moderate
2,8.2,5.5,3.0,14,30.42,97.89,-30.0,Moderate
2,8.2,5.5,3.0,20,29.25,97.39,-30.0,Moderate
2,8.6,5.5,3.0,15,31.08,100.0,-30.0,Mild
2,8.2,5.5,3.0,13,28.75,92.47,-30.0,Moderate
2,8.2,5.5,3.0,19,30.0,87.88,-30.0,Moderate
2,8.2,5.5,3.0,11,31.58,96.76,-30.0,Moderate
2,8.6,5.5,3.0,7,26.42,100.0,-30.0,Mild
2,8.6,5.5,3.0,1,26.42,100.0,-30.0,Mild
2,8.2,5.5,3.0,6,30.58,100.0,-30.0,Moderate
2,7.4,5.5,3.0,0,18.0,100.0,-30.0,Critical
2,8.2,5.5,3.0,10,28.83,90.59,-30.0,Moderate
2,8.2,5.5,3.0,8,31.92,100.0,-30.0,Moderate
2,8.2,5.5,3.0,9,27.25,100.0,-30.0,Moderate
2,8.2,5.5,3.0,21,33.33,92.4,-30.0,Moderate
2,8.2,5.5,3.0,12,35.75,95.43,-30.0,Moderate
2,8.6,5.5,3.0,5,30.83,100.0,-30.0,Mild
2,8.6,5.5,3.0,2,27.17,100.0,-30.0,Mild
2,8.2,5.5,3.0,18,32.75,92.42,-30.0,Moderate
2,8.2,5.5,3.0,16,26.33,89.89,-30.0,Moderate
2,8.2,5.5,3.0,17,37.92,93.42,-30.0,Moderate
2,8.2,5.5,3.0,13,34.83,90.48,-30.0,Moderate
2,8.6,5.5,3.0,20,39.08,100.0,-30.0,Mild
2,8.2,5.5,3.0,14,34.08,100.0,-30.0,Moderate
2,8.2,5.5,3.0,9,33.75,97.71,-30.0,Moderate
2,8.6,5.5,3.0,19,34.83,100.0,-30.0,Mild
2,8.2,5.5,3.0,8,34.58,97.07,-30.0,Moderate
2,8.6,5.5,3.0,6,27.25,97.38,-30.0,Mild
2,8.6,5.5,3.0,12,35.67,96.33,-30.0,Mild
2,8.6,5.5,3.0,10,37.25,100.0,-30.0,Mild
2,8.2,5.5,3.0,11,38.25,100.0,-30.0,Moderate
2,8.6,5.5,3.0,18,30.0,100.0,-30.0,Mild
2,8.6,5.5,3.0,1,31.33,100.0,-30.0,Mild
2,7.4,5.5,3.0,0,18.0,100.0,-30.0,Critical
2,8.6,5.5,3.0,16,43.0,100.0,-30.0,Mild
2,8.2,5.5,3.0,2,28.75,89.21,-30.0,Moderate
2,8.2,5.5,3.0,4,39.25,98.61,-30.0,Moderate
2,8.6,5.5,3.0,7,36.5,100.0,-30.0,Mild
2,8.6,5.5,3.0,21,39.25,100.0,-30.0,Mild
2,8.6,5.5,3.0,3,35.83,96.25,-30.0,Mild
2,8.6,5.5,3.0,15,34.08,100.0,-30.0,Mild
2,8.6,5.5,3.0,5,37.92,100.0,-30.0,Mild
2,8.6,5.5,3.0,17,40.25,100.0,-30.0,Mild
1,9.0,5.5,3.0,7,35.92,98.12,-30.0,Subclinical
1,9.0,5.5,3.0,14,26.33,92.81,-30.0,Subclinical
1,9.0,5.5,3.0,18,29.83,100.0,-30.0,Subclinical
1,9.0,5.5,3.0,3,34.75,89.48,-30.0,Subclinical
1,9.0,5.5,3.0,13,29.58,95.0,-30.0,Subclinical
1,9.0,5.5,3.0,12,29.83,98.85,-30.0,Subclinical
1,9.0,5.5,3.0,4,23.25,77.02,-30.0,Subclinical
1,9.0,5.5,3.0,6,38.58,97.08,-30.0,Subclinical
1,9.0,5.5,3.0,16,34.58,100.0,-30.0,Subclinical
1,9.0,5.5,3.0,20,33.17,98.33,-30.0,Subclinical
1,9.0,5.5,3.0,15,34.75,89.48,-30.0,Subclinical
1,9.0,5.5,3.0,1,31.17,88.96,-30.0,Subclinical
1,9.0,5.5,3.0,21,32.42,100.0,-30.0,Subclinical
1,9.0,5.5,3.0,17,28.0,100.0,-30.0,Subclinical
1,9.0,5.5,3.0,19,34.42,100.0,-30.0,Subclinical
1,9.0,5.5,3.0,8,29.17,100.0,-30.0,Subclinical
1,9.0,5.5,3.0,10,33.08,93.44,-30.0,Subclinical
1,9.0,5.5,3.0,11,26.25,100.0,-30.0,Subclinical
1,9.0,5.5,3.0,2,21.33,84.12,-30.0,Subclinical
1,9.0,5.5,3.0,5,32.67,98.65,-30.0,Subclinical
1,9.0,5.5,3.0,9,34.17,99.48,-30.0,Subclinical
2,8.2,5.5,3.0,8,43.42,100.0,-30.0,Moderate
2,8.6,5.5,3.0,17,42.92,100.0,-30.0,Mild
2,8.6,5.5,3.0,18,43.58,100.0,-30.0,Mild
2,8.6,5.5,3.0,15,44.5,100.0,-30.0,Mild
2,8.2,5.5,3.0,12,43.83,100.0,-30.0,Moderate
2,8.2,5.5,3.0,20,38.67,100.0,-30.0,Moderate
2,8.6,5.5,3.0,9,50.25,100.0,-30.0,Mild
2,8.6,5.5,3.0,21,48.33,100.0,-30.0,Mild
2,8.6,5.5,3.0,2,45.17,100.0,-30.0,Mild
2,8.6,5.5,3.0,1,45.17,100.0,-30.0,Mild
2,8.2,5.5,3.0,16,36.33,100.0,-30.0,Moderate
2,8.6,5.5,3.0,3,37.17,100.0,-30.0,Mild
2,8.2,5.5,3.0,11,47.75,100.0,-30.0,Moderate
2,8.6,5.5,3.0,13,40.33,100.0,-30.0,Mild
2,8.6,5.5,3.0,19,51.0,100.0,-30.0,Mild
2,7.4,5.5,3.0,0,18.0,100.0,-30.0,Critical
2,8.6,5.5,3.0,4,32.42,100.0,-30.0,Mild
2,8.6,5.5,3.0,5,39.92,100.0,-30.0,Mild
2,8.6,5.5,3.0,7,43.08,100.0,-30.0,Mild
2,8.2,5.5,3.0,10,40.83,100.0,-30.0,Moderate
2,8.2,5.5,3.0,6,41.08,99.39,-30.0,Moderate
2,8.6,5.5,3.0,14,47.17,100.0,-30.0,Mild
2,8.6,5.5,3.0,11,27.33,100.0,-30.0,Mild
2,8.6,5.5,3.0,3,21.92,95.89,-30.0,Mild
2,8.6,5.5,3.0,4,24.75,92.51,-30.0,Mild
2,8.6,5.5,3.0,12,22.92,95.12,-30.0,Mild
2,8.6,5.5,3.0,6,29.33,95.24,-30.0,Mild
2,8.6,5.5,3.0,17,26.17,95.58,-30.0,Mild
2,8.6,5.5,3.0,10,23.67,98.22,-30.0,Mild
2,8.6,5.5,3.0,19,20.67,92.17,-30.0,Mild
2,8.6,5.5,3.0,9,24.83,99.78,-30.0,Mild
2,8.6,5.5,3.0,20,29.0,97.54,-30.0,Mild
2,8.6,5.5,3.0,18,26.92,100.0,-30.0,Mild
2,8.6,5.5,3.0,16,22.0,96.0,-30.0,Mild
2,8.6,5.5,3.0,14,24.42,99.22,-30.0,Mild
2,8.2,5.5,3.0,2,19.25,83.66,-30.0,Moderate
2,8.6,5.5,3.0,15,21.75,89.37,-30.0,Mild
2,8.6,5.5,3.0,13,20.83,86.96,-30.0,Mild
2,7.4,5.5,3.0,0,18.0,100.0,-30.0,Critical
2,8.2,5.5,3.0,1,21.25,82.76,-30.0,Moderate
2,8.6,5.5,3.0,5,25.92,95.56,-30.0,Mild
2,8.6,5.5,3.0,8,14.0,82.1,-30.0,Mild
2,8.6,5.5,3.0,21,16.83,81.13,-30.0,Mild
2,8.6,5.5,3.0,7,28.42,100.0,-30.0,Mild
2,8.2,5.5,3.0,9,33.92,100.0,-30.0,Moderate
2,8.6,5.5,3.0,7,36.75,100.0,-30.0,Mild
2,8.2,5.5,3.0,11,27.42,100.0,-30.0,Moderate
2,7.4,5.5,3.0,0,18.0,100.0,-30.0,Critical
2,8.2,5.5,3.0,6,31.17,100.0,-30.0,Moderate
2,8.2,5.5,3.0,8,35.0,100.0,-30.0,Moderate
2,8.6,5.5,3.0,15,33.75,100.0,-30.0,Mild
2,8.2,5.5,3.0,13,27.83,100.0,-30.0,Moderate
2,8.2,5.5,3.0,12,25.83,94.96,-30.0,Moderate
2,8.2,5.5,3.0,4,27.08,98.98,-30.0,Moderate
2,8.2,5.5,3.0,3,30.83,100.0,-30.0,Moderate
2,8.2,5.5,3.0,20,34.25,100.0,-30.0,Moderate
2,8.2,5.5,3.0,10,35.0,100.0,-30.0,Moderate
2,8.2,5.5,3.0,16,25.58,100.0,-30.0,Moderate
2,8.2,5.5,3.0,21,29.0,100.0,-30.0,Moderate
2,8.2,5.5,3.0,17,32.17,100.0,-30.0,Moderate
2,8.2,5.5,3.0,5,31.75,100.0,-30.0,Moderate
2,8.2,5.5,3.0,2,34.58,100.0,-30.0,Moderate
2,8.2,5.5,3.0,18,27.75,100.0,-30.0,Moderate
2,8.2,5.5,3.0,1,28.0,100.0,-30.0,Moderate
2,8.2,5.5,3.0,19,32.08,100.0,-30.0,Moderate
2,8.2,5.5,3.0,14,29.42,98.72,-30.0,Moderate
1,9.0,5.5,3.0,9,31.08,100.0,-30.0,Subclinical
1,9.0,5.5,3.0,12,33.0,100.0,-30.0,Subclinical
1,9.0,5.5,3.0,16,31.58,100.0,-30.0,Subclinical
1,9.0,5.5,3.0,5,37.42,100.0,-30.0,Subclinical
1,9.0,5.5,3.0,13,34.25,100.0,-30.0,Subclinical
1,9.0,5.5,3.0,7,36.08,100.0,-30.0,Subclinical
1,9.0,5.5,3.0,2,36.17,97.71,-30.0,Subclinical
1,9.0,5.5,3.0,4,34.83,97.19,-30.0,Subclinical
1,9.0,5.5,3.0,17,30.25,100.0,-30.0,Subclinical
1,9.0,5.5,3.0,11,36.83,100.0,-30.0,Subclinical
1,9.0,5.5,3.0,1,30.08,88.12,-30.0,Subclinical
1,9.0,5.5,3.0,15,31.58,100.0,-30.0,Subclinical
1,9.0,5.5,3.0,14,30.83,100.0,-30.0,Subclinical
1,9.0,5.5,3.0,10,31.25,100.0,-30.0,Subclinical
1,9.0,5.5,3.0,8,43.75,100.0,-30.0,Subclinical
1,9.0,5.5,3.0,20,37.17,99.58,-30.0,Subclinical
1,9.0,5.5,3.0,19,31.75,100.0,-30.0,Subclinical
1,9.0,5.5,3.0,21,35.58,100.0,-30.0,Subclinical
1,9.0,5.5,3.0,18,33.08,100.0,-30.0,Subclinical
1,9.0,5.5,3.0,3,32.08,95.42,-30.0,Subclinical
1,9.0,5.5,3.0,6,44.25,100.0,-30.0,Subclinical
2,8.2,5.5,3.0,1,30.5,95.44,-30.0,Moderate
2,8.2,5.5,3.0,20,30.92,92.72,-30.0,Moderate
2,8.2,5.5,3.0,14,27.58,91.47,-30.0,Moderate
2,8.2,5.5,3.0,15,34.42,92.58,-30.0,Moderate
2,8.2,5.5,3.0,11,27.25,97.94,-30.0,Moderate
2,8.2,5.5,3.0,17,28.75,91.11,-30.0,Moderate
2,8.2,5.5,3.0,2,31.92,93.31,-30.0,Moderate
2,8.2,5.5,3.0,4,24.33,92.93,-30.0,Moderate
2,8.2,5.5,3.0,19,23.75,85.8,-30.0,Moderate
2,8.2,5.5,3.0,13,26.67,94.55,-30.0,Moderate
2,8.2,5.5,3.0,5,26.25,91.87,-30.0,Moderate
2,8.2,5.5,3.0,6,29.58,93.06,-30.0,Moderate
2,7.8,5.5,3.0,0,18.0,100.0,-30.0,Critical
2,8.2,5.5,3.0,7,24.75,92.56,-30.0,Moderate
2,8.2,5.5,3.0,8,33.33,95.46,-30.0,Moderate
2,8.2,5.5,3.0,12,28.58,99.78,-30.0,Moderate
2,8.2,5.5,3.0,3,27.75,99.12,-30.0,Moderate
2,8.2,5.5,3.0,21,33.25,97.67,-30.0,Moderate
2,8.2,5.5,3.0,10,24.33,83.33,-30.0,Moderate
2,8.2,5.5,3.0,9,31.08,93.82,-30.0,Moderate
2,8.2,5.5,3.0,18,24.58,83.28,-30.0,Moderate
2,8.2,5.5,3.0,16,33.92,86.48,-30.0,Moderate
2,8.6,5.5,3.0,10,18.0,88.57,-30.0,Mild
2,8.6,5.5,3.0,19,18.0,100.0,-30.0,Mild
2,8.6,5.5,3.0,7,18.0,96.37,-30.0,Mild
2,8.6,5.5,3.0,9,18.0,87.13,-30.0,Mild
2,8.6,5.5,3.0,18,18.0,91.47,-30.0,Mild
2,8.6,5.5,3.0,17,18.0,92.0,-30.0,Mild
2,8.6,5.5,3.0,12,18.0,93.87,-30.0,Mild
2,8.6,5.5,3.0,1,18.0,100.0,-30.0,Mild
2,8.6,5.5,3.0,4,18.0,83.6,-30.0,Mild
2,8.6,5.5,3.0,6,18.0,100.0,-30.0,Mild
2,8.6,5.5,3.0,3,18.0,94.73,-30.0,Mild
2,8.2,5.5,3.0,11,18.0,61.9,-30.0,Moderate
2,8.6,5.5,3.0,14,18.0,80.97,-30.0,Mild
2,8.6,5.5,3.0,15,18.0,76.57,-30.0,Mild
2,8.6,5.5,3.0,20,18.0,100.0,-30.0,Mild
2,8.6,5.5,3.0,8,18.0,100.0,-30.0,Mild
2,8.6,5.5,3.0,2,18.0,100.0,-30.0,Mild
2,8.6,5.5,3.0,16,18.0,85.9,-30.0,Mild
2,8.6,5.5,3.0,5,18.0,100.0,-30.0,Mild
2,8.6,5.5,3.0,13,18.0,76.27,-30.0,Mild
2,7.4,5.5,3.0,0,18.0,100.0,-30.0,Critical
2,8.6,5.5,3.0,21,18.0,86.73,-30.0,Mild
1,7.4,5.5,3.0,21,18.0,0.07,-30.0,Critical
1,7.4,5.5,3.0,7,18.0,0.03,-30.0,Critical
1,8.2,5.5,3.0,0,18.0,100.0,-30.0,Moderate
1,7.4,5.5,3.0,3,18.0,0.07,-30.0,Critical
1,9.0,5.5,3.0,1,18.0,81.67,-30.0,Subclinical
1,7.4,5.5,3.0,17,18.0,0.07,-30.0,Critical
1,7.4,5.5,3.0,8,18.0,4.53,-30.0,Critical
1,8.2,5.5,3.0,2,6.33,54.16,-30.0,Moderate
2,8.6,5.5,3.0,16,27.83,100.0,-30.0,Mild
2,8.6,5.5,3.0,8,25.92,91.46,-30.0,Mild
2,8.6,5.5,3.0,15,29.75,98.12,-30.0,Mild
2,8.6,5.5,3.0,21,34.0,98.75,-30.0,Mild
2,8.6,5.5,3.0,20,27.75,97.19,-30.0,Mild
2,8.6,5.5,3.0,9,26.33,96.77,-30.0,Mild
2,8.6,5.5,3.0,17,26.75,98.23,-30.0,Mild
2,8.6,5.5,3.0,6,23.67,85.04,-30.0,Mild
2,8.6,5.5,3.0,4,23.17,81.85,-30.0,Mild
2,8.6,5.5,3.0,13,27.75,90.1,-30.0,Mild
2,8.6,5.5,3.0,11,26.92,100.0,-30.0,Mild
2,8.6,5.5,3.0,7,24.67,89.65,-30.0,Mild
2,8.6,5.5,3.0,18,31.17,88.75,-30.0,Mild
2,8.6,5.5,3.0,1,28.58,85.1,-30.0,Mild
2,8.6,5.5,3.0,2,30.92,93.44,-30.0,Mild
2,8.6,5.5,3.0,19,31.5,89.9,-30.0,Mild
2,8.6,5.5,3.0,14,26.5,98.54,-30.0,Mild
2,8.6,5.5,3.0,10,25.17,100.0,-30.0,Mild
2,8.6,5.5,3.0,5,19.75,78.15,-30.0,Mild
2,8.6,5.5,3.0,12,23.08,88.46,-30.0,Mild
2,8.6,5.5,3.0,3,21.08,92.17,-30.0,Mild
2,8.6,5.5,3.0,20,38.83,98.96,-30.0,Mild
2,8.6,5.5,3.0,10,27.42,97.92,-30.0,Mild
2,8.6,5.5,3.0,1,25.08,100.0,-30.0,Mild
2,8.6,5.5,3.0,17,28.83,100.0,-30.0,Mild
2,8.6,5.5,3.0,3,29.17,100.0,-30.0,Mild
2,8.6,5.5,3.0,9,35.0,100.0,-30.0,Mild
2,8.6,5.5,3.0,6,23.33,97.64,-30.0,Mild
2,8.6,5.5,3.0,5,29.25,100.0,-30.0,Mild
2,8.6,5.5,3.0,18,37.08,100.0,-30.0,Mild
2,8.2,5.5,3.0,19,30.08,100.0,-30.0,Moderate
2,8.2,5.5,3.0,13,24.92,99.89,-30.0,Moderate
2,8.6,5.5,3.0,14,33.92,100.0,-30.0,Mild
2,7.4,5.5,3.0,0,18.0,100.0,-30.0,Critical
2,8.2,5.5,3.0,7,28.42,96.39,-30.0,Moderate
2,8.6,5.5,3.0,12,34.83,100.0,-30.0,Mild
2,8.6,5.5,3.0,8,24.58,99.44,-30.0,Mild
2,8.6,5.5,3.0,15,29.25,100.0,-30.0,Mild
2,8.6,5.5,3.0,11,29.83,100.0,-30.0,Mild
2,8.2,5.5,3.0,21,29.42,97.91,-30.0,Moderate
2,8.6,5.5,3.0,4,23.83,98.44,-30.0,Mild
2,8.6,5.5,3.0,2,29.08,100.0,-30.0,Mild
2,8.6,5.5,3.0,16,26.58,100.0,-30.0,Mild
1,9.0,5.5,3.0,3,42.17,83.54,-30.0,Subclinical
1,8.6,5.5,3.0,9,21.67,86.67,-30.0,Mild
1,9.0,5.5,3.0,6,48.42,87.5,-30.0,Subclinical
1,9.0,5.5,3.0,2,42.0,86.56,-30.0,Subclinical
1,7.0,5.5,3.0,19,18.0,0.83,-30.0,Critical
1,9.0,5.5,3.0,8,45.83,88.96,-30.0,Subclinical
1,9.0,5.5,3.0,1,41.83,96.77,-30.0,Subclinical
1,9.0,5.5,3.0,4,47.08,87.71,-30.0,Subclinical
1,7.4,5.5,3.0,16,18.0,0.07,-30.0,Critical
1,9.0,5.5,3.0,7,47.83,89.27,-30.0,Subclinical
1,7.4,5.5,3.0,20,18.0,0.07,-30.0,Critical
1,9.0,5.5,3.0,5,41.25,85.52,-30.0,Subclinical
1,7.4,5.5,3.0,18,18.0,0.03,-30.0,Critical
1,8.6,5.5,3.0,7,20.25,81.64,-30.0,Mild
1,8.6,5.5,3.0,14,29.83,99.59,-30.0,Mild
1,8.6,5.5,3.0,13,19.33,90.33,-30.0,Mild
1,8.6,5.5,3.0,12,20.58,89.98,-30.0,Mild
1,8.6,5.5,3.0,3,23.42,86.49,-30.0,Mild
1,8.6,5.5,3.0,17,11.67,56.57,-30.0,Mild
1,8.6,5.5,3.0,16,24.75,99.07,-30.0,Mild
1,7.8,5.5,3.0,0,18.0,100.0,-30.0,Critical
1,8.6,5.5,3.0,11,14.42,74.53,-30.0,Mild
1,8.6,5.5,3.0,15,26.75,100.0,-30.0,Mild
1,8.6,5.5,3.0,10,29.25,100.0,-30.0,Mild
1,8.6,5.5,3.0,6,20.25,82.19,-30.0,Mild
1,8.6,5.5,3.0,8,19.92,85.88,-30.0,Mild
1,8.6,5.5,3.0,9,19.25,85.0,-30.0,Mild
1,8.6,5.5,3.0,4,21.58,83.26,-30.0,Mild
1,9.0,5.5,3.0,1,23.58,93.11,-30.0,Subclinical
1,8.6,5.5,3.0,2,18.5,82.63,-30.0,Mild
1,8.6,5.5,3.0,5,27.25,96.09,-30.0,Mild
2,7.8,5.5,3.0,0,18.0,100.0,-30.0,Critical
2,8.2,5.5,3.0,10,24.0,98.41,-30.0,Moderate
2,8.6,5.5,3.0,9,25.75,100.0,-30.0,Mild
2,8.2,5.5,3.0,4,25.33,94.78,-30.0,Moderate
2,8.2,5.5,3.0,11,29.83,97.61,-30.0,Moderate
2,8.6,5.5,3.0,20,26.08,100.0,-30.0,Mild
2,8.6,5.5,3.0,3,30.08,98.38,-30.0,Mild
2,8.2,5.5,3.0,12,24.08,94.04,-30.0,Moderate
2,8.6,5.5,3.0,1,26.42,97.0,-30.0,Mild
2,8.2,5.5,3.0,6,25.92,94.27,-30.0,Moderate
2,8.2,5.5,3.0,14,20.83,87.4,-30.0,Moderate
2,8.2,5.5,3.0,2,23.92,91.66,-30.0,Moderate
2,8.6,5.5,3.0,13,37.17,99.34,-30.0,Mild
2,8.2,5.5,3.0,16,27.25,100.0,-30.0,Moderate
2,8.6,5.5,3.0,7,32.25,96.57,-30.0,Mild
2,8.6,5.5,3.0,17,26.0,99.04,-30.0,Mild
2,8.6,5.5,3.0,18,24.92,99.89,-30.0,Mild
2,8.6,5.5,3.0,5,26.25,99.23,-30.0,Mild
2,8.2,5.5,3.0,15,27.5,96.37,-30.0,Moderate
2,8.2,5.5,3.0,8,31.42,97.0,-30.0,Moderate
2,8.6,5.5,3.0,19,21.58,95.44,-30.0,Mild
2,8.2,5.5,3.0,21,25.25,100.0,-30.0,Moderate
1,9.0,5.5,3.0,8,31.25,100.0,-30.0,Subclinical
1,9.0,5.5,3.0,11,43.83,96.04,-30.0,Subclinical
1,9.0,5.5,3.0,12,38.08,98.47,-30.0,Subclinical
1,9.0,5.5,3.0,4,33.08,99.51,-30.0,Subclinical
1,8.6,5.5,3.0,13,38.17,100.0,-30.0,Mild
1,7.8,5.5,3.0,0,18.0,100.0,-30.0,Critical
1,8.6,5.5,3.0,16,36.0,100.0,-30.0,Mild
1,9.0,5.5,3.0,1,33.08,98.47,-30.0,Subclinical
1,8.6,5.5,3.0,20,32.42,95.28,-30.0,Mild
1,9.0,5.5,3.0,3,33.92,100.0,-30.0,Subclinical
1,9.0,5.5,3.0,18,38.08,99.86,-30.0,Subclinical
1,9.0,5.5,3.0,2,35.5,94.03,-30.0,Subclinical
1,9.0,5.5,3.0,9,33.42,98.12,-30.0,Subclinical
1,9.0,5.5,3.0,10,34.67,99.79,-30.0,Subclinical
1,9.0,5.5,3.0,14,34.0,92.92,-30.0,Subclinical
1,9.0,5.5,3.0,6,39.0,96.11,-30.0,Subclinical
1,8.6,5.5,3.0,19,35.83,100.0,-30.0,Mild
1,8.6,5.5,3.0,21,34.67,100.0,-30.0,Mild
1,9.0,5.5,3.0,17,30.25,98.12,-30.0,Subclinical
1,8.6,5.5,3.0,15,29.67,98.68,-30.0,Mild
1,9.0,5.5,3.0,7,32.25,94.58,-30.0,Subclinical
1,9.0,5.5,3.0,5,32.0,99.1,-30.0,Subclinical
2,8.2,5.5,3.0,5,27.17,85.79,-30.0,Moderate
2,8.2,5.5,3.0,12,32.42,84.5,-30.0,Moderate
2,8.2,5.5,3.0,8,34.58,96.01,-30.0,Moderate
2,8.2,5.5,3.0,20,34.25,95.86,-30.0,Moderate
2,8.2,5.5,3.0,9,39.25,90.31,-30.0,Moderate
2,8.2,5.5,3.0,17,38.67,91.81,-30.0,Moderate
2,8.2,5.5,3.0,3,34.25,93.02,-30.0,Moderate
2,8.2,5.5,3.0,6,33.0,91.17,-30.0,Moderate
2,8.2,5.5,3.0,10,31.58,87.66,-30.0,Moderate
2,8.2,5.5,3.0,19,31.42,95.51,-30.0,Moderate
2,8.2,5.5,3.0,16,26.42,88.4,-30.0,Moderate
2,8.2,5.5,3.0,11,28.25,89.57,-30.0,Moderate
2,8.2,5.5,3.0,1,28.17,92.27,-30.0,Moderate
2,8.2,5.5,3.0,13,32.58,92.11,-30.0,Moderate
2,8.2,5.5,3.0,14,33.17,89.46,-30.0,Moderate
2,8.2,5.5,3.0,15,32.33,86.29,-30.0,Moderate
2,8.2,5.5,3.0,21,30.67,85.94,-30.0,Moderate
2,8.2,5.5,3.0,2,27.5,88.97,-30.0,Moderate
2,8.2,5.5,3.0,7,34.5,90.86,-30.0,Moderate
2,7.8,5.5,3.0,0,18.0,100.0,-30.0,Critical
2,8.2,5.5,3.0,4,30.83,88.11,-30.0,Moderate
2,8.2,5.5,3.0,18,28.67,85.41,-30.0,Moderate
2,8.2,5.5,3.0,3,26.08,94.04,-30.0,Moderate
2,8.2,5.5,3.0,15,24.0,98.67,-30.0,Moderate
2,8.6,5.5,3.0,2,28.83,100.0,-30.0,Mild
2,8.2,5.5,3.0,8,32.33,100.0,-30.0,Moderate
2,8.2,5.5,3.0,5,26.67,100.0,-30.0,Moderate
2,8.2,5.5,3.0,4,28.5,97.76,-30.0,Moderate
2,7.4,5.5,3.0,0,18.0,100.0,-30.0,Critical
2,8.6,5.5,3.0,16,28.5,100.0,-30.0,Mild
2,8.2,5.5,3.0,6,20.83,94.44,-30.0,Moderate
2,8.2,5.5,3.0,11,30.92,100.0,-30.0,Moderate
2,8.2,5.5,3.0,14,23.17,97.56,-30.0,Moderate
2,8.6,5.5,3.0,17,24.67,95.04,-30.0,Mild
2,8.2,5.5,3.0,18,22.42,95.38,-30.0,Moderate
2,8.6,5.5,3.0,7,25.83,100.0,-30.0,Mild
2,8.6,5.5,3.0,1,24.58,99.44,-30.0,Mild
2,8.6,5.5,3.0,21,27.17,100.0,-30.0,Mild
2,8.2,5.5,3.0,9,25.58,100.0,-30.0,Moderate
2,8.6,5.5,3.0,20,34.83,99.58,-30.0,Mild
2,8.2,5.5,3.0,13,28.5,100.0,-30.0,Moderate
2,8.6,5.5,3.0,10,31.58,100.0,-30.0,Mild
2,8.2,5.5,3.0,12,28.83,100.0,-30.0,Moderate
2,8.2,5.5,3.0,19,27.33,96.54,-30.0,Moderate
2,8.2,5.5,3.0,21,33.83,94.58,-30.0,Moderate
2,8.2,5.5,3.0,18,39.92,89.2,-30.0,Moderate
2,8.2,5.5,3.0,9,28.83,91.88,-30.0,Moderate
2,8.2,5.5,3.0,13,33.17,88.2,-30.0,Moderate
2,8.6,5.5,3.0,14,39.5,93.98,-30.0,Mild
2,8.2,5.5,3.0,17,33.92,84.83,-30.0,Moderate
2,8.2,5.5,3.0,5,32.5,89.82,-30.0,Moderate
2,8.2,5.5,3.0,15,36.33,92.13,-30.0,Moderate
2,8.2,5.5,3.0,19,37.92,93.6,-30.0,Moderate
2,8.2,5.5,3.0,11,27.58,88.93,-30.0,Moderate
2,8.6,5.5,3.0,8,32.5,91.61,-30.0,Mild
2,8.6,5.5,3.0,7,30.67,96.0,-30.0,Mild
2,8.6,5.5,3.0,1,29.08,100.0,-30.0,Mild
2,8.6,5.5,3.0,10,29.92,92.88,-30.0,Mild
2,8.6,5.5,3.0,16,39.33,91.44,-30.0,Mild
2,7.4,5.5,3.0,0,18.0,100.0,-30.0,Critical
2,8.2,5.5,3.0,3,29.75,85.81,-30.0,Moderate
2,8.6,5.5,3.0,2,33.33,93.18,-30.0,Mild
2,8.6,5.5,3.0,20,39.83,99.54,-30.0,Mild
2,8.2,5.5,3.0,12,31.5,87.8,-30.0,Moderate
2,8.2,5.5,3.0,4,36.25,91.86,-30.0,Moderate
2,8.6,5.5,3.0,6,35.83,97.64,-30.0,Mild
1,9.0,5.5,3.0,2,47.08,84.06,-30.0,Subclinical
1,9.0,5.5,3.0,6,40.75,89.9,-30.0,Subclinical
1,9.0,5.5,3.0,8,46.33,91.67,-30.0,Subclinical
1,9.0,5.5,3.0,11,22.75,91.0,-30.0,Subclinical
1,9.0,5.5,3.0,3,37.92,97.6,-30.0,Subclinical
1,9.0,5.5,3.0,10,40.33,89.69,-30.0,Subclinical
1,9.0,5.5,3.0,9,45.08,82.19,-30.0,Subclinical
1,7.8,5.5,3.0,0,18.0,100.0,-30.0,Critical
1,9.0,5.5,3.0,5,41.17,79.17,-30.0,Subclinical
1,9.0,5.5,3.0,1,49.08,87.81,-30.0,Subclinical
1,9.0,5.5,3.0,4,44.33,86.25,-30.0,Subclinical
1,9.0,5.5,3.0,7,47.5,83.85,-30.0,Subclinical
1,8.6,5.5,3.0,19,21.83,84.52,-30.0,Mild
1,8.6,5.5,3.0,21,26.42,89.96,-30.0,Mild
1,7.8,5.5,3.0,0,18.0,100.0,-30.0,Critical
1,9.0,5.5,3.0,1,28.17,100.0,-30.0,Subclinical
1,9.0,5.5,3.0,2,15.17,77.31,-30.0,Subclinical
1,8.6,5.5,3.0,15,19.42,76.26,-30.0,Mild
1,8.6,5.5,3.0,20,21.83,85.51,-30.0,Mild
1,8.6,5.5,3.0,18,35.92,87.34,-30.0,Mild
1,9.0,5.5,3.0,17,38.83,100.0,-30.0,Subclinical
1,9.0,5.5,3.0,16,30.92,100.0,-30.0,Subclinical
1,7.0,5.5,3.0,14,18.0,4.4,-30.0,Critical
2,8.6,5.5,3.0,10,28.08,100.0,-30.0,Mild
2,8.2,5.5,3.0,8,36.08,100.0,-30.0,Moderate
2,8.2,5.5,3.0,6,32.42,100.0,-30.0,Moderate
2,7.4,5.5,3.0,0,18.0,100.0,-30.0,Critical
2,8.2,5.5,3.0,19,35.08,89.01,-30.0,Moderate
2,8.2,5.5,3.0,18,34.83,92.01,-30.0,Moderate
2,8.2,5.5,3.0,9,31.67,100.0,-30.0,Moderate
2,8.2,5.5,3.0,3,21.08,94.78,-30.0,Moderate
2,8.2,5.5,3.0,16,35.67,89.32,-30.0,Moderate
2,8.2,5.5,3.0,4,33.17,100.0,-30.0,Moderate
2,8.6,5.5,3.0,1,25.33,100.0,-30.0,Mild
2,8.6,5.5,3.0,5,30.42,100.0,-30.0,Mild
2,8.2,5.5,3.0,11,27.67,97.98,-30.0,Moderate
2,8.2,5.5,3.0,15,34.67,95.78,-30.0,Moderate
2,8.2,5.5,3.0,20,29.83,89.79,-30.0,Moderate
2,8.2,5.5,3.0,14,29.42,88.43,-30.0,Moderate
2,8.6,5.5,3.0,2,32.42,99.51,-30.0,Mild
2,8.2,5.5,3.0,21,33.83,94.64,-30.0,Moderate
2,8.2,5.5,3.0,17,34.17,91.12,-30.0,Moderate
2,8.6,5.5,3.0,13,26.83,93.58,-30.0,Mild
2,8.2,5.5,3.0,7,33.17,100.0,-30.0,Moderate
2,8.2,5.5,3.0,12,37.17,98.7,-30.0,Moderate
2,8.6,5.5,3.0,19,44.75,72.21,-30.0,Mild
2,8.2,5.5,3.0,5,38.67,100.0,-30.0,Moderate
2,8.2,5.5,3.0,14,37.75,100.0,-30.0,Moderate
2,8.2,5.5,3.0,8,30.25,100.0,-30.0,Moderate
2,8.6,5.5,3.0,20,34.83,100.0,-30.0,Mild
2,8.2,5.5,3.0,12,34.83,94.29,-30.0,Moderate
2,8.6,5.5,3.0,17,48.5,70.44,-30.0,Mild
2,8.2,5.5,3.0,6,32.17,96.21,-30.0,Moderate
2,8.2,5.5,3.0,9,37.42,96.71,-30.0,Moderate
2,7.4,5.5,3.0,0,18.0,100.0,-30.0,Critical
2,8.2,5.5,3.0,7,33.75,100.0,-30.0,Moderate
2,8.6,5.5,3.0,4,35.67,100.0,-30.0,Mild
2,8.2,5.5,3.0,13,35.92,99.67,-30.0,Moderate
2,8.2,5.5,3.0,2,31.83,100.0,-30.0,Moderate
2,8.2,5.5,3.0,10,36.42,100.0,-30.0,Moderate
2,8.6,5.5,3.0,16,42.67,100.0,-30.0,Mild
2,8.2,5.5,3.0,3,30.75,100.0,-30.0,Moderate
2,8.6,5.5,3.0,21,50.58,100.0,-30.0,Mild
2,8.6,5.5,3.0,18,47.58,80.71,-30.0,Mild
2,8.2,5.5,3.0,1,25.83,100.0,-30.0,Moderate
2,8.2,5.5,3.0,11,34.25,100.0,-30.0,Moderate
2,8.6,5.5,3.0,15,40.92,100.0,-30.0,Mild
1,8.2,5.5,3.0,4,18.0,25.07,-30.0,Moderate
1,9.0,5.5,3.0,5,18.0,100.0,-30.0,Subclinical
2,8.6,5.5,3.0,3,18.0,100.0,-30.0,Mild
2,8.6,5.5,3.0,7,18.0,92.63,-30.0,Mild
2,8.6,5.5,3.0,9,18.0,86.3,-30.0,Mild
2,8.2,5.5,3.0,15,18.0,75.17,-30.0,Moderate
2,8.2,5.5,3.0,20,18.0,89.27,-30.0,Moderate
2,8.2,5.5,3.0,10,18.0,69.47,-30.0,Moderate
2,8.2,5.5,3.0,18,18.0,75.43,-30.0,Moderate
2,8.6,5.5,3.0,8,18.0,90.6,-30.0,Mild
2,8.2,5.5,3.0,17,18.0,64.5,-30.0,Moderate
2,8.2,5.5,3.0,21,18.0,76.63,-30.0,Moderate
2,8.2,5.5,3.0,2,18.0,100.0,-30.0,Moderate
2,8.6,5.5,3.0,6,18.0,100.0,-30.0,Mild
2,8.2,5.5,3.0,16,18.0,89.77,-30.0,Moderate
2,7.4,5.5,3.0,0,18.0,100.0,-30.0,Critical
2,8.6,5.5,3.0,11,18.0,84.63,-30.0,Mild
2,8.2,5.5,3.0,14,18.0,72.73,-30.0,Moderate
2,8.2,5.5,3.0,13,18.0,69.5,-30.0,Moderate
2,8.2,5.5,3.0,5,18.0,92.6,-30.0,Moderate
2,8.2,5.5,3.0,12,18.0,74.53,-30.0,Moderate
2,8.2,5.5,3.0,19,18.0,90.73,-30.0,Moderate
2,8.6,5.5,3.0,4,18.0,100.0,-30.0,Mild
2,8.2,5.5,3.0,1,18.0,100.0,-30.0,Moderate
1,9.0,5.5,3.0,18,37.92,99.29,-30.0,Subclinical
1,8.6,5.5,3.0,30,36.83,89.11,-30.0,Mild
1,8.6,5.5,3.0,30,32.67,85.97,-30.0,Mild
1,7.8,5.5,3.0,0,18.0,100.0,-30.0,Critical
1,8.6,5.5,3.0,30,36.58,93.18,-30.0,Mild
1,8.6,5.5,3.0,30,30.33,85.88,-30.0,Mild
1,8.6,5.5,3.0,14,28.42,90.47,-30.0,Mild
1,8.6,5.5,3.0,11,33.58,87.64,-30.0,Mild
1,9.0,5.5,3.0,21,36.25,97.99,-30.0,Subclinical
1,8.6,5.5,3.0,30,35.08,92.66,-30.0,Mild
1,8.6,5.5,3.0,30,18.0,100.0,-30.0,Mild
1,8.6,5.5,3.0,30,37.33,89.41,-30.0,Mild
1,8.6,5.5,3.0,30,39.42,89.32,-30.0,Mild
1,9.0,5.5,3.0,3,39.0,98.17,-30.0,Subclinical
1,8.6,5.5,3.0,30,34.67,87.47,-30.0,Mild
1,8.6,5.5,3.0,20,32.75,96.64,-30.0,Mild
1,8.6,5.5,3.0,8,31.58,96.4,-30.0,Mild
1,8.6,5.5,3.0,30,40.08,87.76,-30.0,Mild
1,8.6,5.5,3.0,30,37.75,85.24,-30.0,Mild
1,8.6,5.5,3.0,15,30.33,100.0,-30.0,Mild
1,8.6,5.5,3.0,19,25.33,92.12,-30.0,Mild
1,8.6,5.5,3.0,7,37.25,98.32,-30.0,Mild
1,8.6,5.5,3.0,30,36.25,88.39,-30.0,Mild
1,8.6,5.5,3.0,30,44.08,89.71,-30.0,Mild
1,8.6,5.5,3.0,30,35.67,84.9,-30.0,Mild
1,8.6,5.5,3.0,30,33.0,84.64,-30.0,Mild
1,9.0,5.5,3.0,4,37.08,100.0,-30.0,Subclinical
1,8.6,5.5,3.0,10,27.5,87.01,-30.0,Mild
1,9.0,5.5,3.0,2,36.75,100.0,-30.0,Subclinical
1,8.6,5.5,3.0,12,26.75,84.48,-30.0,Mild
1,8.6,5.5,3.0,30,37.17,88.7,-30.0,Mild
1,8.6,5.5,3.0,30,43.08,92.26,-30.0,Mild
1,8.6,5.5,3.0,5,32.42,90.5,-30.0,Mild
1,8.6,5.5,3.0,30,41.75,90.66,-30.0,Mild
1,9.0,5.5,3.0,1,26.58,100.0,-30.0,Subclinical
1,8.6,5.5,3.0,17,33.33,94.07,-30.0,Mild
1,8.6,5.5,3.0,30,33.75,87.89,-30.0,Mild
1,8.6,5.5,3.0,30,34.08,89.0,-30.0,Mild
1,8.6,5.5,3.0,6,32.42,90.2,-30.0,Mild
1,8.6,5.5,3.0,16,34.0,90.46,-30.0,Mild
1,8.6,5.5,3.0,9,34.92,88.39,-30.0,Mild
1,8.6,5.5,3.0,13,31.33,88.71,-30.0,Mild
1,8.6,5.5,3.0,30,37.17,92.36,-30.0,Mild
1,8.6,5.5,3.0,30,36.92,91.26,-30.0,Mild
2,8.2,5.5,3.0,1,32.08,100.0,-30.0,Moderate
2,8.2,5.5,3.0,14,21.0,94.67,-30.0,Moderate
2,8.2,5.5,3.0,2,20.25,93.67,-30.0,Moderate
2,8.2,5.5,3.0,4,19.75,90.22,-30.0,Moderate
2,8.2,5.5,3.0,12,29.58,100.0,-30.0,Moderate
2,8.2,5.5,3.0,10,25.92,98.83,-30.0,Moderate
2,8.2,5.5,3.0,20,20.58,94.11,-30.0,Moderate
2,8.2,5.5,3.0,17,12.67,67.04,-30.0,Moderate
2,8.2,5.5,3.0,9,24.42,99.22,-30.0,Moderate
2,8.2,5.5,3.0,8,26.17,100.0,-30.0,Moderate
2,7.4,5.5,3.0,0,18.0,100.0,-30.0,Critical
2,8.2,5.5,3.0,7,26.25,100.0,-30.0,Moderate
2,8.2,5.5,3.0,18,30.83,100.0,-30.0,Moderate
2,8.2,5.5,3.0,11,32.75,100.0,-30.0,Moderate
2,8.2,5.5,3.0,21,18.92,90.43,-30.0,Moderate
2,8.2,5.5,3.0,19,25.33,99.3,-30.0,Moderate
2,8.2,5.5,3.0,15,36.25,97.71,-30.0,Moderate
2,8.2,5.5,3.0,13,28.83,100.0,-30.0,Moderate
2,8.2,5.5,3.0,5,21.0,91.83,-30.0,Moderate
2,8.2,5.5,3.0,6,23.83,94.4,-30.0,Moderate
2,8.2,5.5,3.0,16,22.58,96.78,-30.0,Moderate
2,8.2,5.5,3.0,3,28.58,100.0,-30.0,Moderate
2,8.2,5.5,3.0,16,24.17,84.61,-30.0,Moderate
2,8.2,5.5,3.0,7,29.92,91.79,-30.0,Moderate
2,8.2,5.5,3.0,8,23.58,80.28,-30.0,Moderate
2,7.4,5.5,3.0,0,18.0,100.0,-30.0,Critical
2,8.2,5.5,3.0,12,22.83,80.54,-30.0,Moderate
2,8.2,5.5,3.0,19,30.25,100.0,-30.0,Moderate
2,8.2,5.5,3.0,13,26.17,90.91,-30.0,Moderate
2,8.2,5.5,3.0,15,27.08,85.51,-30.0,Moderate
2,8.2,5.5,3.0,11,25.75,87.92,-30.0,Moderate
2,8.2,5.5,3.0,1,24.42,86.13,-30.0,Moderate
2,8.2,5.5,3.0,5,21.75,79.52,-30.0,Moderate
2,8.2,5.5,3.0,3,25.17,85.02,-30.0,Moderate
2,8.2,5.5,3.0,10,26.33,84.83,-30.0,Moderate
2,8.2,5.5,3.0,9,26.33,85.47,-30.0,Moderate
2,8.2,5.5,3.0,4,25.83,88.78,-30.0,Moderate
2,8.2,5.5,3.0,6,27.67,92.37,-30.0,Moderate
2,8.2,5.5,3.0,14,25.08,88.01,-30.0,Moderate
2,8.2,5.5,3.0,20,25.67,99.97,-30.0,Moderate
2,8.2,5.5,3.0,18,23.17,83.4,-30.0,Moderate
2,8.2,5.5,3.0,2,20.58,81.78,-30.0,Moderate
2,8.2,5.5,3.0,17,20.83,77.87,-30.0,Moderate
2,8.2,5.5,3.0,21,28.0,100.0,-30.0,Moderate
1,7.8,5.5,3.0,2,11.83,37.3,-30.0,Critical
1,7.0,5.5,3.0,19,18.0,0.07,-30.0,Critical
1,8.2,5.5,3.0,0,18.0,100.0,-30.0,Moderate
1,7.4,5.5,3.0,10,18.0,0.03,-30.0,Critical
1,7.4,5.5,3.0,12,18.0,0.03,-30.0,Critical
1,7.4,5.5,3.0,15,18.0,0.03,-30.0,Critical
1,9.0,5.5,3.0,1,26.0,98.56,-30.0,Subclinical
1,7.4,5.5,3.0,21,18.0,0.13,-30.0,Critical
1,7.4,5.5,3.0,16,18.0,0.2,-30.0,Critical
1,7.4,5.5,3.0,14,18.0,0.13,-30.0,Critical
1,7.4,5.5,3.0,20,18.0,0.13,-30.0,Critical
2,8.6,5.5,3.0,4,37.08,100.0,-30.0,Mild
2,8.6,5.5,3.0,1,49.92,98.75,-30.0,Mild
2,8.2,5.5,3.0,14,38.0,100.0,-30.0,Moderate
2,8.6,5.5,3.0,7,41.42,97.43,-30.0,Mild
2,8.6,5.5,3.0,20,18.0,100.0,-30.0,Mild
2,8.6,5.5,3.0,6,40.67,100.0,-30.0,Mild
2,8.6,5.5,3.0,8,42.08,100.0,-30.0,Mild
2,8.6,5.5,3.0,10,43.33,99.79,-30.0,Mild
2,8.2,5.5,3.0,13,38.75,99.58,-30.0,Moderate
2,8.6,5.5,3.0,16,18.0,100.0,-30.0,Mild
2,8.6,5.5,3.0,11,29.75,100.0,-30.0,Mild
2,8.2,5.5,3.0,12,43.33,100.0,-30.0,Moderate
2,8.6,5.5,3.0,5,27.58,100.0,-30.0,Mild
2,8.6,5.5,3.0,9,31.92,97.64,-30.0,Mild
2,8.6,5.5,3.0,3,28.92,100.0,-30.0,Mild
2,8.6,5.5,3.0,18,18.0,100.0,-30.0,Mild
2,8.6,5.5,3.0,19,18.0,100.0,-30.0,Mild
2,8.2,5.5,3.0,17,18.0,100.0,-30.0,Moderate
2,8.2,5.5,3.0,15,29.0,100.0,-30.0,Moderate
2,8.6,5.5,3.0,2,32.42,97.85,-30.0,Mild
2,8.2,5.5,3.0,9,25.5,91.5,-30.0,Moderate
2,8.6,5.5,3.0,18,18.0,79.84,-30.0,Mild
2,8.6,5.5,3.0,5,26.58,100.0,-30.0,Mild
2,8.6,5.5,3.0,2,23.17,91.93,-30.0,Mild
2,8.2,5.5,3.0,11,26.33,100.0,-30.0,Moderate
2,8.6,5.5,3.0,17,49.75,95.56,-30.0,Mild
2,8.6,5.5,3.0,19,44.08,100.0,-30.0,Mild
2,8.2,5.5,3.0,12,23.33,97.27,-30.0,Moderate
2,8.2,5.5,3.0,8,27.17,95.68,-30.0,Moderate
2,8.2,5.5,3.0,14,30.58,100.0,-30.0,Moderate
2,8.6,5.5,3.0,3,26.0,99.74,-30.0,Mild
2,8.2,5.5,3.0,6,27.0,100.0,-30.0,Moderate
2,8.2,5.5,3.0,13,28.67,100.0,-30.0,Moderate
2,8.2,5.5,3.0,15,27.58,100.0,-30.0,Moderate
2,8.6,5.5,3.0,1,26.25,95.4,-30.0,Mild
2,8.6,5.5,3.0,20,51.33,100.0,-30.0,Mild
2,8.2,5.5,3.0,16,28.17,98.11,-30.0,Moderate
2,7.4,5.5,3.0,0,18.0,100.0,-30.0,Critical
2,8.2,5.5,3.0,7,28.75,99.4,-30.0,Moderate
2,8.6,5.5,3.0,4,21.83,95.78,-30.0,Mild
2,8.2,5.5,3.0,10,27.08,93.37,-30.0,Moderate
2,8.6,5.5,3.0,21,48.58,100.0,-30.0,Mild
1,8.6,5.5,3.0,17,18.0,48.63,-30.0,Mild
1,9.0,5.5,3.0,1,18.0,100.0,-30.0,Subclinical
1,8.6,5.5,3.0,16,18.0,54.87,-30.0,Mild
1,8.2,5.5,3.0,14,18.0,28.63,-30.0,Moderate
1,8.6,5.5,3.0,4,18.0,90.27,-30.0,Mild
1,7.8,5.5,3.0,12,18.0,22.67,-30.0,Critical
1,9.0,5.5,3.0,2,18.0,100.0,-30.0,Subclinical
1,9.0,5.5,3.0,3,18.0,100.0,-30.0,Subclinical
1,8.2,5.5,3.0,0,18.0,100.0,-30.0,Moderate
1,9.0,5.5,3.0,6,18.0,100.0,-30.0,Subclinical
1,9.0,5.5,3.0,5,18.0,100.0,-30.0,Subclinical
1,7.8,5.5,3.0,13,18.0,20.57,-30.0,Critical
1,9.0,5.5,3.0,21,44.92,85.21,-30.0,Subclinical
1,9.0,5.5,3.0,19,18.0,67.63,-30.0,Subclinical
1,9.0,5.5,3.0,8,18.0,100.0,-30.0,Subclinical
1,8.6,5.5,3.0,11,18.0,54.9,-30.0,Mild
1,9.0,5.5,3.0,18,18.0,87.07,-30.0,Subclinical
1,9.0,5.5,3.0,7,18.0,100.0,-30.0,Subclinical
1,8.6,5.5,3.0,15,18.0,55.91,-30.0,Mild
1,8.2,5.5,3.0,9,23.5,47.67,-30.0,Moderate
1,8.6,5.5,3.0,20,18.0,90.23,-30.0,Mild
1,7.0,5.5,3.0,10,18.0,0.93,-30.0,Critical
2,8.2,5.5,3.0,5,33.58,86.92,-30.0,Moderate
2,8.6,5.5,3.0,18,28.67,92.19,-30.0,Mild
2,8.2,5.5,3.0,9,39.08,85.57,-30.0,Moderate
2,8.2,5.5,3.0,1,19.75,78.97,-30.0,Moderate
2,8.2,5.5,3.0,21,30.42,90.39,-30.0,Moderate
2,8.6,5.5,3.0,4,33.58,87.06,-30.0,Mild
2,8.6,5.5,3.0,17,32.92,89.29,-30.0,Mild
2,8.6,5.5,3.0,16,36.0,87.06,-30.0,Mild
2,8.6,5.5,3.0,8,36.5,91.43,-30.0,Mild
2,8.6,5.5,3.0,14,29.75,89.98,-30.0,Mild
2,8.6,5.5,3.0,15,34.92,86.62,-30.0,Mild
2,8.6,5.5,3.0,7,35.92,89.42,-30.0,Mild
2,8.6,5.5,3.0,20,38.92,88.6,-30.0,Mild
2,8.6,5.5,3.0,19,36.0,92.38,-30.0,Mild
2,8.6,5.5,3.0,11,32.92,91.81,-30.0,Mild
2,8.2,5.5,3.0,6,30.08,88.41,-30.0,Moderate
2,8.6,5.5,3.0,12,31.67,86.9,-30.0,Mild
2,7.4,5.5,3.0,0,18.0,100.0,-30.0,Critical
2,8.6,5.5,3.0,13,29.0,89.06,-30.0,Mild
2,8.2,5.5,3.0,2,26.67,89.82,-30.0,Moderate
2,8.2,5.5,3.0,10,32.5,85.83,-30.0,Moderate
2,8.6,5.5,3.0,3,35.83,89.46,-30.0,Mild
2,8.2,5.5,3.0,2,28.83,100.0,-30.0,Moderate
2,8.2,5.5,3.0,5,32.58,98.11,-30.0,Moderate
2,8.2,5.5,3.0,21,27.67,84.74,-30.0,Moderate
2,8.6,5.5,3.0,18,34.75,93.98,-30.0,Mild
2,8.2,5.5,3.0,11,37.75,89.16,-30.0,Moderate
2,8.2,5.5,3.0,17,33.42,86.84,-30.0,Moderate
2,8.6,5.5,3.0,20,34.83,94.72,-30.0,Mild
2,8.2,5.5,3.0,3,32.08,94.67,-30.0,Moderate
2,8.6,5.5,3.0,16,39.33,90.36,-30.0,Mild
2,8.6,5.5,3.0,19,39.08,90.99,-30.0,Mild
2,8.6,5.5,3.0,12,31.25,100.0,-30.0,Mild
2,8.2,5.5,3.0,7,29.92,88.23,-30.0,Moderate
2,8.2,5.5,3.0,10,30.25,91.97,-30.0,Moderate
2,8.2,5.5,3.0,4,31.67,94.86,-30.0,Moderate
2,8.2,5.5,3.0,6,36.92,90.16,-30.0,Moderate
2,8.2,5.5,3.0,14,37.42,93.61,-30.0,Moderate
2,7.4,5.5,3.0,0,18.0,100.0,-30.0,Critical
2,8.2,5.5,3.0,8,35.33,88.68,-30.0,Moderate
2,8.2,5.5,3.0,13,36.92,94.56,-30.0,Moderate
2,8.2,5.5,3.0,9,23.42,93.6,-30.0,Moderate
2,8.2,5.5,3.0,15,31.08,92.86,-30.0,Moderate
2,8.2,5.5,3.0,1,28.5,100.0,-30.0,Moderate
2,8.2,5.5,3.0,16,31.0,82.07,-30.0,Moderate
2,8.2,5.5,3.0,3,31.42,93.24,-30.0,Moderate
2,8.2,5.5,3.0,18,26.17,89.14,-30.0,Moderate
2,8.2,5.5,3.0,12,38.25,87.98,-30.0,Moderate
2,8.2,5.5,3.0,15,39.92,88.72,-30.0,Moderate
2,8.2,5.5,3.0,8,31.75,88.22,-30.0,Moderate
2,8.2,5.5,3.0,13,35.5,85.88,-30.0,Moderate
2,7.4,5.5,3.0,0,18.0,100.0,-30.0,Critical
2,8.2,5.5,3.0,17,36.0,84.76,-30.0,Moderate
2,8.2,5.5,3.0,10,27.92,87.7,-30.0,Moderate
2,8.2,5.5,3.0,9,38.25,87.59,-30.0,Moderate
2,8.2,5.5,3.0,1,32.83,93.34,-30.0,Moderate
2,8.2,5.5,3.0,19,39.0,85.54,-30.0,Moderate
2,8.2,5.5,3.0,11,31.83,83.96,-30.0,Moderate
2,8.2,5.5,3.0,21,37.75,86.99,-30.0,Moderate
2,8.2,5.5,3.0,7,38.0,91.66,-30.0,Moderate
2,8.2,5.5,3.0,2,34.0,93.77,-30.0,Moderate
2,8.2,5.5,3.0,6,30.0,88.47,-30.0,Moderate
2,8.2,5.5,3.0,4,36.25,100.0,-30.0,Moderate
2,8.2,5.5,3.0,14,34.58,85.27,-30.0,Moderate
2,8.2,5.5,3.0,20,34.58,82.74,-30.0,Moderate
2,8.2,5.5,3.0,5,30.58,84.69,-30.0,Moderate
1,9.0,5.5,3.0,4,39.75,98.82,-30.0,Subclinical
1,9.0,5.5,3.0,9,38.83,100.0,-30.0,Subclinical
1,9.0,5.5,3.0,8,42.58,99.1,-30.0,Subclinical
1,9.0,5.5,3.0,3,48.33,100.0,-30.0,Subclinical
1,9.0,5.5,3.0,2,42.25,100.0,-30.0,Subclinical
1,8.6,5.5,3.0,7,39.42,100.0,-30.0,Mild
1,7.8,5.5,3.0,0,18.0,100.0,-30.0,Critical
1,9.0,5.5,3.0,11,23.5,84.88,-30.0,Subclinical
1,9.0,5.5,3.0,6,41.75,100.0,-30.0,Subclinical
1,9.0,5.5,3.0,10,45.67,100.0,-30.0,Subclinical
1,9.0,5.5,3.0,1,43.5,90.28,-30.0,Subclinical
1,9.0,5.5,3.0,5,38.17,100.0,-30.0,Subclinical
1,9.0,5.5,3.0,2,44.83,100.0,-30.0,Subclinical
1,9.0,5.5,3.0,5,37.75,100.0,-30.0,Subclinical
1,9.0,5.5,3.0,9,36.83,81.25,-30.0,Subclinical
1,9.0,5.5,3.0,8,44.75,100.0,-30.0,Subclinical
1,9.0,5.5,3.0,7,46.25,100.0,-30.0,Subclinical
1,9.0,5.5,3.0,15,44.25,100.0,-30.0,Subclinical
1,9.0,5.5,3.0,1,47.67,100.0,-30.0,Subclinical
1,9.0,5.5,3.0,4,32.08,100.0,-30.0,Subclinical
1,9.0,5.5,3.0,12,41.08,100.0,-30.0,Subclinical
1,9.0,5.5,3.0,14,37.08,100.0,-30.0,Subclinical
1,9.0,5.5,3.0,6,41.08,100.0,-30.0,Subclinical
1,9.0,5.5,3.0,11,35.33,100.0,-30.0,Subclinical
1,9.0,5.5,3.0,3,40.33,100.0,-30.0,Subclinical
1,9.0,5.5,3.0,13,42.75,100.0,-30.0,Subclinical
1,9.0,5.5,3.0,16,41.25,96.98,-30.0,Subclinical
1,9.0,5.5,3.0,10,38.5,100.0,-30.0,Subclinical
1,9.0,5.5,3.0,17,37.42,88.85,-30.0,Subclinical
2,8.2,5.5,3.0,5,33.33,94.93,-30.0,Moderate
2,8.2,5.5,3.0,13,33.42,96.69,-30.0,Moderate
2,8.2,5.5,3.0,18,27.17,90.41,-30.0,Moderate
2,8.2,5.5,3.0,19,37.42,97.17,-30.0,Moderate
2,8.2,5.5,3.0,16,33.67,97.56,-30.0,Moderate
2,8.6,5.5,3.0,20,36.75,97.22,-30.0,Mild
2,8.6,5.5,3.0,1,31.83,96.18,-30.0,Mild
2,8.2,5.5,3.0,3,32.08,94.86,-30.0,Moderate
2,8.6,5.5,3.0,14,33.75,99.67,-30.0,Mild
2,8.2,5.5,3.0,7,29.33,100.0,-30.0,Moderate
2,8.2,5.5,3.0,10,33.25,97.59,-30.0,Moderate
2,8.2,5.5,3.0,15,30.58,97.53,-30.0,Moderate
2,8.2,5.5,3.0,12,31.58,100.0,-30.0,Moderate
2,8.2,5.5,3.0,4,29.92,96.08,-30.0,Moderate
2,8.2,5.5,3.0,2,31.42,97.98,-30.0,Moderate
2,8.2,5.5,3.0,21,36.92,99.24,-30.0,Moderate
2,8.2,5.5,3.0,9,30.83,97.85,-30.0,Moderate
2,7.4,5.5,3.0,0,18.0,100.0,-30.0,Critical
2,8.2,5.5,3.0,8,29.0,99.9,-30.0,Moderate
2,8.2,5.5,3.0,11,29.33,96.33,-30.0,Moderate
2,8.6,5.5,3.0,17,36.83,96.32,-30.0,Mild
2,8.2,5.5,3.0,6,36.33,100.0,-30.0,Moderate
2,8.2,5.5,3.0,18,30.17,88.99,-30.0,Moderate
2,8.2,5.5,3.0,2,36.75,93.99,-30.0,Moderate
2,8.2,5.5,3.0,14,21.92,83.94,-30.0,Moderate
2,8.2,5.5,3.0,19,28.58,92.44,-30.0,Moderate
2,8.2,5.5,3.0,3,35.75,92.69,-30.0,Moderate
2,8.2,5.5,3.0,12,30.17,100.0,-30.0,Moderate
2,8.2,5.5,3.0,10,27.5,91.37,-30.0,Moderate
2,8.2,5.5,3.0,6,32.67,90.43,-30.0,Moderate
2,8.2,5.5,3.0,17,26.58,92.28,-30.0,Moderate
2,8.2,5.5,3.0,21,27.92,88.74,-30.0,Moderate
2,8.2,5.5,3.0,1,37.5,96.48,-30.0,Moderate
2,8.2,5.5,3.0,13,26.42,92.09,-30.0,Moderate
2,8.2,5.5,3.0,11,26.5,94.01,-30.0,Moderate
2,8.2,5.5,3.0,9,27.67,92.61,-30.0,Moderate
2,8.2,5.5,3.0,4,37.42,95.42,-30.0,Moderate
2,7.4,5.5,3.0,0,18.0,100.0,-30.0,Critical
2,8.2,5.5,3.0,15,26.25,91.34,-30.0,Moderate
2,8.2,5.5,3.0,7,31.08,92.41,-30.0,Moderate
2,8.2,5.5,3.0,16,22.75,93.93,-30.0,Moderate
2,8.2,5.5,3.0,8,30.67,90.51,-30.0,Moderate
2,8.2,5.5,3.0,20,23.08,91.31,-30.0,Moderate
2,8.2,5.5,3.0,5,32.58,92.27,-30.0,Moderate
2,8.2,5.5,3.0,10,23.83,93.38,-30.0,Moderate
2,8.6,5.5,3.0,6,21.42,95.22,-30.0,Mild
2,8.6,5.5,3.0,16,24.83,93.6,-30.0,Mild
2,8.2,5.5,3.0,9,15.75,87.67,-30.0,Moderate
2,8.6,5.5,3.0,14,32.25,93.4,-30.0,Mild
2,8.6,5.5,3.0,12,29.92,100.0,-30.0,Mild
2,8.6,5.5,3.0,19,18.67,82.53,-30.0,Mild
2,8.6,5.5,3.0,20,26.5,99.24,-30.0,Mild
2,8.6,5.5,3.0,15,22.17,96.22,-30.0,Mild
2,8.6,5.5,3.0,1,23.5,98.0,-30.0,Mild
2,8.6,5.5,3.0,5,24.0,86.24,-30.0,Mild
2,8.6,5.5,3.0,4,21.42,95.22,-30.0,Mild
2,8.6,5.5,3.0,8,22.83,97.11,-30.0,Mild
2,8.6,5.5,3.0,11,21.83,89.81,-30.0,Mild
2,8.6,5.5,3.0,2,20.83,86.81,-30.0,Mild
2,8.6,5.5,3.0,13,25.25,100.0,-30.0,Mild
2,8.6,5.5,3.0,17,23.83,98.31,-30.0,Mild
2,8.6,5.5,3.0,18,20.92,90.04,-30.0,Mild
2,8.6,5.5,3.0,7,18.17,90.89,-30.0,Mild
2,7.4,5.5,3.0,0,18.0,100.0,-30.0,Critical
2,8.6,5.5,3.0,21,21.75,95.67,-30.0,Mild
2,8.6,5.5,3.0,3,21.42,95.22,-30.0,Mild
1,9.0,5.5,3.0,8,34.5,100.0,-30.0,Subclinical
1,9.0,5.5,3.0,16,25.92,100.0,-30.0,Subclinical
1,9.0,5.5,3.0,11,37.75,94.69,-30.0,Subclinical
1,9.0,5.5,3.0,20,23.67,97.33,-30.0,Subclinical
1,9.0,5.5,3.0,2,23.67,79.31,-30.0,Subclinical
1,9.0,5.5,3.0,12,33.25,97.6,-30.0,Subclinical
1,9.0,5.5,3.0,6,33.17,100.0,-30.0,Subclinical
1,9.0,5.5,3.0,4,27.83,84.48,-30.0,Subclinical
1,9.0,5.5,3.0,3,38.58,79.69,-30.0,Subclinical
1,9.0,5.5,3.0,1,38.33,85.62,-30.0,Subclinical
1,9.0,5.5,3.0,7,31.25,100.0,-30.0,Subclinical
1,9.0,5.5,3.0,21,26.5,100.0,-30.0,Subclinical
1,9.0,5.5,3.0,9,27.25,100.0,-30.0,Subclinical
1,9.0,5.5,3.0,10,29.42,100.0,-30.0,Subclinical
1,9.0,5.5,3.0,18,31.08,100.0,-30.0,Subclinical
1,9.0,5.5,3.0,13,30.67,100.0,-30.0,Subclinical
1,9.0,5.5,3.0,19,35.83,91.88,-30.0,Subclinical
1,9.0,5.5,3.0,15,33.67,97.29,-30.0,Subclinical
1,9.0,5.5,3.0,14,27.67,100.0,-30.0,Subclinical
1,9.0,5.5,3.0,5,27.92,100.0,-30.0,Subclinical
1,9.0,5.5,3.0,17,31.25,100.0,-30.0,Subclinical
2,8.2,5.5,3.0,18,24.67,94.51,-30.0,Moderate
2,8.2,5.5,3.0,10,30.08,92.91,-30.0,Moderate
2,8.2,5.5,3.0,17,32.08,92.56,-30.0,Moderate
2,8.2,5.5,3.0,13,29.58,95.04,-30.0,Moderate
2,8.2,5.5,3.0,6,30.75,94.22,-30.0,Moderate
2,8.2,5.5,3.0,7,27.33,89.26,-30.0,Moderate
2,8.2,5.5,3.0,8,22.75,93.21,-30.0,Moderate
2,8.2,5.5,3.0,20,26.83,91.68,-30.0,Moderate
2,8.2,5.5,3.0,1,18.58,81.86,-30.0,Moderate
2,8.2,5.5,3.0,12,30.67,95.17,-30.0,Moderate
2,8.2,5.5,3.0,11,16.75,84.53,-30.0,Moderate
2,8.2,5.5,3.0,4,24.42,91.26,-30.0,Moderate
2,8.2,5.5,3.0,19,19.83,86.67,-30.0,Moderate
2,7.4,5.5,3.0,0,18.0,100.0,-30.0,Critical
2,8.2,5.5,3.0,16,28.58,91.84,-30.0,Moderate
2,8.2,5.5,3.0,2,17.92,82.0,-30.0,Moderate
2,8.2,5.5,3.0,3,19.17,85.06,-30.0,Moderate
2,8.2,5.5,3.0,15,23.33,95.54,-30.0,Moderate
2,8.2,5.5,3.0,21,28.42,91.66,-30.0,Moderate
2,8.2,5.5,3.0,9,25.83,89.89,-30.0,Moderate
2,8.2,5.5,3.0,5,17.17,80.71,-30.0,Moderate
2,8.2,5.5,3.0,14,24.58,92.52,-30.0,Moderate
1,8.6,5.5,3.0,17,25.17,100.0,-30.0,Mild
1,9.0,5.5,3.0,2,16.83,80.78,-30.0,Subclinical
1,8.6,5.5,3.0,18,24.83,96.96,-30.0,Mild
1,8.6,5.5,3.0,11,25.17,100.0,-30.0,Mild
1,9.0,5.5,3.0,6,25.08,100.0,-30.0,Subclinical
1,8.6,5.5,3.0,9,26.5,100.0,-30.0,Mild
1,8.6,5.5,3.0,10,23.17,97.56,-30.0,Mild
1,9.0,5.5,3.0,4,18.0,90.67,-30.0,Subclinical
1,9.0,5.5,3.0,5,20.75,94.33,-30.0,Subclinical
1,8.6,5.5,3.0,16,25.75,98.66,-30.0,Mild
1,8.6,5.5,3.0,15,31.17,100.0,-30.0,Mild
1,9.0,5.5,3.0,1,22.17,87.06,-30.0,Subclinical
1,8.6,5.5,3.0,12,23.33,97.78,-30.0,Mild
1,8.6,5.5,3.0,21,29.75,98.97,-30.0,Mild
1,8.6,5.5,3.0,19,25.33,90.52,-30.0,Mild
1,9.0,5.5,3.0,7,27.0,100.0,-30.0,Subclinical
1,8.6,5.5,3.0,20,22.5,91.03,-30.0,Mild
1,8.6,5.5,3.0,14,25.42,94.06,-30.0,Mild
1,9.0,5.5,3.0,8,26.67,100.0,-30.0,Subclinical
1,8.6,5.5,3.0,13,28.0,96.86,-30.0,Mild
1,9.0,5.5,3.0,3,23.83,98.44,-30.0,Subclinical
1,8.6,5.5,3.0,2,18.0,82.07,-30.0,Mild
1,8.6,5.5,3.0,5,18.0,76.3,-30.0,Mild
1,8.6,5.5,3.0,10,18.0,93.0,-30.0,Mild
1,8.6,5.5,3.0,9,18.0,67.1,-30.0,Mild
1,8.6,5.5,3.0,1,18.0,95.27,-30.0,Mild
1,9.0,5.5,3.0,12,18.0,100.0,-30.0,Subclinical
1,8.6,5.5,3.0,11,18.0,81.37,-30.0,Mild
1,8.6,5.5,3.0,8,18.0,62.17,-30.0,Mild
1,8.6,5.5,3.0,4,18.0,71.67,-30.0,Mild
1,7.8,5.5,3.0,0,18.0,100.0,-30.0,Critical
1,8.6,5.5,3.0,13,18.0,78.03,-30.0,Mild
1,8.6,5.5,3.0,3,18.0,97.07,-30.0,Mild
1,8.6,5.5,3.0,7,18.0,87.9,-30.0,Mild
1,8.6,5.5,3.0,14,18.0,41.87,-30.0,Mild
1,8.6,5.5,3.0,6,18.0,71.5,-30.0,Mild
2,8.2,5.5,3.0,3,26.25,100.0,-30.0,Moderate
2,8.2,5.5,3.0,5,37.67,100.0,-30.0,Moderate
2,8.2,5.5,3.0,9,32.17,95.78,-30.0,Moderate
2,8.2,5.5,3.0,8,36.58,100.0,-30.0,Moderate
2,8.2,5.5,3.0,6,33.0,100.0,-30.0,Moderate
2,8.2,5.5,3.0,19,41.67,100.0,-30.0,Moderate
2,8.2,5.5,3.0,10,33.92,99.66,-30.0,Moderate
2,8.2,5.5,3.0,2,38.5,100.0,-30.0,Moderate
2,8.2,5.5,3.0,4,36.92,100.0,-30.0,Moderate
2,8.2,5.5,3.0,17,39.5,100.0,-30.0,Moderate
2,8.2,5.5,3.0,1,37.25,100.0,-30.0,Moderate
2,8.2,5.5,3.0,12,35.5,96.87,-30.0,Moderate
2,8.2,5.5,3.0,15,33.33,100.0,-30.0,Moderate
2,8.2,5.5,3.0,16,35.58,100.0,-30.0,Moderate
2,7.4,5.5,3.0,0,18.0,100.0,-30.0,Critical
2,8.2,5.5,3.0,18,35.92,98.47,-30.0,Moderate
2,8.2,5.5,3.0,7,41.0,96.94,-30.0,Moderate
2,8.2,5.5,3.0,21,42.92,100.0,-30.0,Moderate
2,8.2,5.5,3.0,11,30.58,96.11,-30.0,Moderate
2,8.2,5.5,3.0,13,38.08,98.64,-30.0,Moderate
2,8.2,5.5,3.0,14,37.58,100.0,-30.0,Moderate
2,8.2,5.5,3.0,20,36.58,100.0,-30.0,Moderate
1,9.0,5.5,3.0,7,27.75,100.0,-30.0,Subclinical
1,9.0,5.5,3.0,1,26.5,95.39,-30.0,Subclinical
1,9.0,5.5,3.0,3,28.17,98.5,-30.0,Subclinical
1,9.0,5.5,3.0,15,23.75,95.54,-30.0,Subclinical
1,8.6,5.5,3.0,12,19.92,78.85,-30.0,Mild
1,8.6,5.5,3.0,5,25.42,88.3,-30.0,Mild
1,8.6,5.5,3.0,18,31.17,89.44,-30.0,Mild
1,8.6,5.5,3.0,16,21.42,88.5,-30.0,Mild
1,8.6,5.5,3.0,14,31.17,94.84,-30.0,Mild
1,9.0,5.5,3.0,21,29.0,100.0,-30.0,Subclinical
1,8.2,5.5,3.0,0,18.0,100.0,-30.0,Moderate
1,8.6,5.5,3.0,11,25.17,98.17,-30.0,Mild
1,8.6,5.5,3.0,4,19.75,84.67,-30.0,Mild
1,8.6,5.5,3.0,6,28.0,95.36,-30.0,Mild
1,9.0,5.5,3.0,19,30.5,100.0,-30.0,Subclinical
1,8.6,5.5,3.0,10,14.33,78.46,-30.0,Mild
1,8.6,5.5,3.0,17,26.25,93.78,-30.0,Mild
1,9.0,5.5,3.0,9,14.0,78.49,-30.0,Subclinical
1,8.6,5.5,3.0,20,31.42,93.24,-30.0,Mild
1,9.0,5.5,3.0,2,29.33,98.63,-30.0,Subclinical
1,9.0,5.5,3.0,13,27.58,100.0,-30.0,Subclinical
1,9.0,5.5,3.0,8,19.25,77.54,-30.0,Subclinical
2,8.6,5.5,3.0,7,31.33,97.92,-30.0,Mild
2,8.6,5.5,3.0,5,26.17,95.09,-30.0,Mild
2,8.6,5.5,3.0,18,26.67,94.73,-30.0,Mild
2,8.6,5.5,3.0,4,27.0,93.54,-30.0,Mild
2,8.2,5.5,3.0,15,26.58,94.38,-30.0,Moderate
2,8.6,5.5,3.0,12,27.0,99.51,-30.0,Mild
2,8.6,5.5,3.0,11,31.58,98.06,-30.0,Mild
2,8.2,5.5,3.0,10,26.67,93.41,-30.0,Moderate
2,8.6,5.5,3.0,1,11.75,72.12,-30.0,Mild
2,8.2,5.5,3.0,16,36.25,99.03,-30.0,Moderate
2,8.6,5.5,3.0,13,30.92,99.54,-30.0,Mild
2,8.6,5.5,3.0,2,18.0,82.26,-30.0,Mild
2,8.2,5.5,3.0,14,30.75,97.18,-30.0,Moderate
2,8.6,5.5,3.0,6,26.33,97.08,-30.0,Mild
2,8.6,5.5,3.0,20,35.25,98.82,-30.0,Mild
2,8.6,5.5,3.0,21,30.75,99.58,-30.0,Mild
2,8.6,5.5,3.0,17,23.92,94.98,-30.0,Mild
2,8.2,5.5,3.0,3,16.83,75.99,-30.0,Moderate
2,8.2,5.5,3.0,19,24.42,97.12,-30.0,Moderate
2,8.6,5.5,3.0,8,26.58,92.41,-30.0,Mild
2,8.6,5.5,3.0,9,34.75,99.87,-30.0,Mild
2,7.4,5.5,3.0,0,18.0,100.0,-30.0,Critical
1,8.6,5.5,3.0,7,25.25,98.64,-30.0,Mild
1,8.6,5.5,3.0,5,32.33,100.0,-30.0,Mild
1,8.6,5.5,3.0,19,29.08,95.17,-30.0,Mild
1,9.0,5.5,3.0,4,33.58,100.0,-30.0,Subclinical
1,8.6,5.5,3.0,10,40.08,97.29,-30.0,Mild
1,9.0,5.5,3.0,3,35.33,100.0,-30.0,Subclinical
1,8.6,5.5,3.0,17,36.58,100.0,-30.0,Mild
1,8.6,5.5,3.0,21,38.92,100.0,-30.0,Mild
1,8.6,5.5,3.0,8,37.0,97.64,-30.0,Mild
1,8.6,5.5,3.0,15,30.25,93.96,-30.0,Mild
1,8.6,5.5,3.0,9,35.5,97.29,-30.0,Mild
1,8.6,5.5,3.0,11,36.67,100.0,-30.0,Mild
1,8.6,5.5,3.0,14,40.67,95.28,-30.0,Mild
1,8.6,5.5,3.0,12,37.25,99.31,-30.0,Mild
1,9.0,5.5,3.0,1,28.67,100.0,-30.0,Subclinical
1,8.6,5.5,3.0,18,38.0,99.22,-30.0,Mild
1,9.0,5.5,3.0,2,31.08,87.57,-30.0,Subclinical
1,8.6,5.5,3.0,13,29.0,97.03,-30.0,Mild
1,8.6,5.5,3.0,6,38.25,98.61,-30.0,Mild
1,8.6,5.5,3.0,20,38.33,91.68,-30.0,Mild
1,7.8,5.5,3.0,0,18.0,100.0,-30.0,Critical
1,8.6,5.5,3.0,16,28.5,85.98,-30.0,Mild
2,7.4,5.5,3.0,0,60.58,100.0,-30.0,Critical
2,8.2,5.5,3.0,17,39.75,86.02,-30.0,Moderate
2,8.2,5.5,3.0,21,37.17,89.92,-30.0,Moderate
2,8.2,5.5,3.0,5,32.67,88.52,-30.0,Moderate
2,8.6,5.5,3.0,18,34.25,87.24,-30.0,Mild
2,8.6,5.5,3.0,20,39.0,91.46,-30.0,Mild
2,8.2,5.5,3.0,13,41.67,91.73,-30.0,Moderate
2,8.2,5.5,3.0,3,33.67,84.22,-30.0,Moderate
2,8.2,5.5,3.0,11,33.83,86.07,-30.0,Moderate
2,8.2,5.5,3.0,16,42.42,86.6,-30.0,Moderate
2,8.2,5.5,3.0,14,33.25,92.64,-30.0,Moderate
2,8.2,5.5,3.0,10,38.25,85.54,-30.0,Moderate
2,8.2,5.5,3.0,12,39.58,86.43,-30.0,Moderate
2,8.2,5.5,3.0,6,36.0,88.42,-30.0,Moderate
2,8.2,5.5,3.0,4,34.92,85.38,-30.0,Moderate
2,8.2,5.5,3.0,7,32.5,83.81,-30.0,Moderate
2,8.6,5.5,3.0,1,32.5,93.61,-30.0,Mild
2,8.6,5.5,3.0,19,37.42,85.52,-30.0,Mild
2,8.2,5.5,3.0,8,33.17,86.49,-30.0,Moderate
2,8.2,5.5,3.0,2,34.58,86.82,-30.0,Moderate
2,8.2,5.5,3.0,15,40.08,89.76,-30.0,Moderate
2,8.2,5.5,3.0,9,36.5,85.01,-30.0,Moderate
2,8.6,5.5,3.0,20,25.58,90.94,-30.0,Mild
2,8.6,5.5,3.0,6,23.25,89.94,-30.0,Mild
2,8.6,5.5,3.0,4,28.5,96.98,-30.0,Mild
2,8.6,5.5,3.0,7,25.33,89.17,-30.0,Mild
2,8.6,5.5,3.0,15,26.17,100.0,-30.0,Mild
2,8.6,5.5,3.0,21,17.92,81.88,-30.0,Mild
2,8.6,5.5,3.0,1,28.5,100.0,-30.0,Mild
2,8.6,5.5,3.0,14,24.42,98.83,-30.0,Mild
2,8.6,5.5,3.0,18,23.08,92.83,-30.0,Mild
2,8.6,5.5,3.0,19,25.0,100.0,-30.0,Mild
2,8.6,5.5,3.0,11,19.58,70.73,-30.0,Mild
2,8.6,5.5,3.0,12,28.33,100.0,-30.0,Mild
2,8.6,5.5,3.0,9,24.0,84.67,-30.0,Mild
2,8.6,5.5,3.0,8,15.17,67.31,-30.0,Mild
2,8.6,5.5,3.0,2,23.92,87.31,-30.0,Mild
2,8.6,5.5,3.0,13,28.58,100.0,-30.0,Mild
2,8.6,5.5,3.0,16,28.92,100.0,-30.0,Mild
2,8.6,5.5,3.0,10,24.08,88.48,-30.0,Mild
2,8.6,5.5,3.0,3,19.67,87.56,-30.0,Mild
2,8.6,5.5,3.0,17,25.0,100.0,-30.0,Mild
2,8.6,5.5,3.0,5,28.92,94.79,-30.0,Mild
1,8.2,5.5,3.0,0,18.0,100.0,-30.0,Moderate
1,9.0,5.5,3.0,6,18.0,100.0,-30.0,Subclinical
1,9.0,5.5,3.0,1,18.0,100.0,-30.0,Subclinical
1,9.0,5.5,3.0,5,18.0,100.0,-30.0,Subclinical
1,9.0,5.5,3.0,4,18.0,100.0,-30.0,Subclinical
1,8.2,5.5,3.0,0,18.0,100.0,-30.0,Moderate
1,9.0,5.5,3.0,7,18.0,100.0,-30.0,Subclinical
1,9.0,5.5,3.0,8,18.0,100.0,-30.0,Subclinical
1,9.0,5.5,3.0,2,18.0,100.0,-30.0,Subclinical
1,8.6,5.5,3.0,3,18.0,100.0,-30.0,Mild
2,8.2,5.5,3.0,14,35.42,100.0,-30.0,Moderate
2,8.2,5.5,3.0,19,31.0,100.0,-30.0,Moderate
2,8.2,5.5,3.0,20,33.83,100.0,-30.0,Moderate
2,8.2,5.5,3.0,13,34.5,100.0,-30.0,Moderate
2,8.6,5.5,3.0,18,33.92,99.86,-30.0,Mild
2,8.2,5.5,3.0,11,32.92,98.12,-30.0,Moderate
2,7.4,5.5,3.0,0,18.0,100.0,-30.0,Critical
2,8.2,5.5,3.0,3,29.58,96.32,-30.0,Moderate
2,8.2,5.5,3.0,6,34.5,99.44,-30.0,Moderate
2,8.2,5.5,3.0,21,36.92,97.22,-30.0,Moderate
2,8.6,5.5,3.0,8,36.17,98.82,-30.0,Mild
2,8.2,5.5,3.0,1,23.5,89.88,-30.0,Moderate
2,8.6,5.5,3.0,5,35.33,96.94,-30.0,Mild
2,8.2,5.5,3.0,4,32.25,99.51,-30.0,Moderate
2,8.2,5.5,3.0,17,34.25,100.0,-30.0,Moderate
2,8.2,5.5,3.0,15,34.67,100.0,-30.0,Moderate
2,8.2,5.5,3.0,7,30.92,92.7,-30.0,Moderate
2,8.2,5.5,3.0,10,30.83,100.0,-30.0,Moderate
2,8.2,5.5,3.0,2,27.25,100.0,-30.0,Moderate
2,8.2,5.5,3.0,12,30.17,100.0,-30.0,Moderate
2,8.2,5.5,3.0,9,29.92,100.0,-30.0,Moderate
2,8.6,5.5,3.0,16,37.42,100.0,-30.0,Mild
2,8.6,5.5,3.0,21,18.0,71.27,-30.0,Mild
2,7.8,5.5,3.0,6,18.0,57.77,-30.0,Critical
2,8.2,5.5,3.0,4,18.0,60.23,-30.0,Moderate
2,7.8,5.5,3.0,7,18.0,58.9,-30.0,Critical
2,8.2,5.5,3.0,20,18.0,51.0,-30.0,Moderate
2,8.2,5.5,3.0,15,18.0,55.53,-30.0,Moderate
2,8.6,5.5,3.0,8,18.0,61.07,-30.0,Mild
2,7.8,5.5,3.0,9,18.0,48.9,-30.0,Critical
2,8.6,5.5,3.0,11,18.0,70.53,-30.0,Mild
2,8.6,5.5,3.0,12,18.0,63.83,-30.0,Mild
2,8.6,5.5,3.0,14,18.0,68.2,-30.0,Mild
2,7.8,5.5,3.0,5,18.0,51.93,-30.0,Critical
2,7.8,5.5,3.0,10,18.0,58.5,-30.0,Critical
2,8.6,5.5,3.0,18,18.0,60.07,-30.0,Mild
2,8.2,5.5,3.0,16,18.0,53.27,-30.0,Moderate
2,7.8,5.5,3.0,2,18.0,42.13,-30.0,Critical
2,8.6,5.5,3.0,17,18.0,86.83,-30.0,Mild
2,7.4,5.5,3.0,0,18.0,100.0,-30.0,Critical
2,7.8,5.5,3.0,3,18.0,48.67,-30.0,Critical
2,7.4,5.5,3.0,1,18.0,39.37,-30.0,Critical
2,8.6,5.5,3.0,19,18.0,81.07,-30.0,Mild
2,8.6,5.5,3.0,13,18.0,66.77,-30.0,Mild
2,8.6,5.5,3.0,14,25.0,100.0,-30.0,Mild
2,8.6,5.5,3.0,1,18.75,91.67,-30.0,Mild
2,8.6,5.5,3.0,9,21.17,94.77,-30.0,Mild
2,8.6,5.5,3.0,20,26.08,100.0,-30.0,Mild
2,8.6,5.5,3.0,5,22.92,97.22,-30.0,Mild
2,8.6,5.5,3.0,16,25.67,96.07,-30.0,Mild
2,8.6,5.5,3.0,10,19.0,89.99,-30.0,Mild
2,8.6,5.5,3.0,17,25.33,96.69,-30.0,Mild
2,8.6,5.5,3.0,12,21.92,95.3,-30.0,Mild
2,8.6,5.5,3.0,4,22.42,94.94,-30.0,Mild
2,8.6,5.5,3.0,13,20.67,92.42,-30.0,Mild
2,8.6,5.5,3.0,7,22.5,96.67,-30.0,Mild
2,8.6,5.5,3.0,8,23.08,97.44,-30.0,Mild
2,8.6,5.5,3.0,15,22.08,90.72,-30.0,Mild
2,8.6,5.5,3.0,6,24.33,96.03,-30.0,Mild
2,8.6,5.5,3.0,2,16.83,89.11,-30.0,Mild
2,8.6,5.5,3.0,3,20.92,93.06,-30.0,Mild
2,8.6,5.5,3.0,21,31.33,98.44,-30.0,Mild
2,8.6,5.5,3.0,19,21.42,95.22,-30.0,Mild
2,8.2,5.5,3.0,18,24.67,93.98,-30.0,Moderate
2,8.6,5.5,3.0,11,21.58,92.58,-30.0,Mild
2,7.4,5.5,3.0,0,18.0,100.0,-30.0,Critical
1,9.0,5.5,3.0,1,39.92,94.72,-30.0,Subclinical
1,9.0,5.5,3.0,8,43.67,100.0,-30.0,Subclinical
1,9.0,5.5,3.0,14,48.83,96.46,-30.0,Subclinical
1,9.0,5.5,3.0,12,39.0,100.0,-30.0,Subclinical
1,9.0,5.5,3.0,3,44.83,99.93,-30.0,Subclinical
1,9.0,5.5,3.0,11,41.5,100.0,-30.0,Subclinical
1,9.0,5.5,3.0,20,45.08,90.21,-30.0,Subclinical
1,8.6,5.5,3.0,10,36.83,100.0,-30.0,Mild
1,9.0,5.5,3.0,13,47.67,97.43,-30.0,Subclinical
1,9.0,5.5,3.0,9,39.17,94.24,-30.0,Subclinical
1,9.0,5.5,3.0,21,51.17,84.69,-30.0,Subclinical
1,9.0,5.5,3.0,18,45.58,100.0,-30.0,Subclinical
1,9.0,5.5,3.0,16,44.25,100.0,-30.0,Subclinical
1,9.0,5.5,3.0,17,42.5,100.0,-30.0,Subclinical
1,9.0,5.5,3.0,19,18.0,60.83,-30.0,Subclinical
1,9.0,5.5,3.0,7,50.5,85.21,-30.0,Subclinical
1,9.0,5.5,3.0,6,43.67,91.15,-30.0,Subclinical
1,9.0,5.5,3.0,5,43.25,95.62,-30.0,Subclinical
1,9.0,5.5,3.0,15,44.42,98.47,-30.0,Subclinical
1,9.0,5.5,3.0,2,44.58,91.35,-30.0,Subclinical
1,9.0,5.5,3.0,4,45.0,100.0,-30.0,Subclinical
2,8.2,5.5,3.0,17,28.83,80.32,-30.0,Moderate
2,8.2,5.5,3.0,13,27.5,84.66,-30.0,Moderate
2,8.2,5.5,3.0,16,20.0,62.4,-30.0,Moderate
2,8.2,5.5,3.0,9,14.67,67.79,-30.0,Moderate
2,8.2,5.5,3.0,15,22.58,69.72,-30.0,Moderate
2,8.2,5.5,3.0,8,20.42,75.8,-30.0,Moderate
2,8.2,5.5,3.0,3,19.25,73.49,-30.0,Moderate
2,8.2,5.5,3.0,18,15.92,65.88,-30.0,Moderate
2,8.2,5.5,3.0,2,17.5,68.94,-30.0,Moderate
2,8.2,5.5,3.0,20,23.17,84.04,-30.0,Moderate
2,8.6,5.5,3.0,10,23.33,88.35,-30.0,Mild
2,8.2,5.5,3.0,12,17.08,76.54,-30.0,Moderate
2,8.2,5.5,3.0,4,19.83,74.09,-30.0,Moderate
2,8.2,5.5,3.0,7,21.25,79.34,-30.0,Moderate
2,8.2,5.5,3.0,5,23.0,80.64,-30.0,Moderate
2,8.2,5.5,3.0,21,26.33,83.59,-30.0,Moderate
2,8.6,5.5,3.0,19,20.83,81.13,-30.0,Mild
2,8.2,5.5,3.0,1,21.42,77.54,-30.0,Moderate
2,8.2,5.5,3.0,14,20.75,74.03,-30.0,Moderate
2,7.4,5.5,3.0,0,18.0,100.0,-30.0,Critical
2,8.2,5.5,3.0,11,17.58,72.62,-30.0,Moderate
2,8.2,5.5,3.0,6,22.75,77.5,-30.0,Moderate
2,8.2,5.5,3.0,12,24.75,98.63,-30.0,Moderate
2,8.2,5.5,3.0,9,29.83,100.0,-30.0,Moderate
2,8.2,5.5,3.0,19,32.67,100.0,-30.0,Moderate
2,8.2,5.5,3.0,11,25.75,100.0,-30.0,Moderate
2,8.2,5.5,3.0,2,28.58,100.0,-30.0,Moderate
2,8.6,5.5,3.0,17,9.75,79.67,-30.0,Mild
2,8.2,5.5,3.0,20,29.42,93.66,-30.0,Moderate
2,8.2,5.5,3.0,8,22.58,94.58,-30.0,Moderate
2,8.2,5.5,3.0,18,18.25,91.0,-30.0,Moderate
2,8.2,5.5,3.0,14,10.25,66.12,-30.0,Moderate
2,7.4,5.5,3.0,0,18.0,100.0,-30.0,Critical
2,8.2,5.5,3.0,7,24.92,99.89,-30.0,Moderate
2,8.2,5.5,3.0,15,12.17,81.69,-30.0,Moderate
2,8.2,5.5,3.0,13,18.5,89.94,-30.0,Moderate
2,8.6,5.5,3.0,4,27.83,100.0,-30.0,Mild
2,8.2,5.5,3.0,16,18.42,91.22,-30.0,Moderate
2,8.2,5.5,3.0,3,28.75,100.0,-30.0,Moderate
2,8.2,5.5,3.0,21,28.0,100.0,-30.0,Moderate
2,8.2,5.5,3.0,6,24.08,98.78,-30.0,Moderate
2,8.2,5.5,3.0,5,24.5,99.33,-30.0,Moderate
2,8.2,5.5,3.0,10,27.58,93.32,-30.0,Moderate
2,8.6,5.5,3.0,1,28.08,100.0,-30.0,Mild
2,8.2,5.5,3.0,30,30.5,84.53,-30.0,Moderate
2,7.8,5.5,3.0,17,18.0,59.47,-30.0,Critical
2,8.2,5.5,3.0,30,29.33,87.72,-30.0,Moderate
2,8.2,5.5,3.0,30,34.92,95.79,-30.0,Moderate
2,8.2,5.5,3.0,30,30.0,93.34,-30.0,Moderate
2,8.2,5.5,3.0,8,18.0,61.23,-30.0,Moderate
2,8.2,5.5,3.0,30,24.25,71.96,-30.0,Moderate
2,8.2,5.5,3.0,30,18.42,66.37,-30.0,Moderate
2,8.2,5.5,3.0,10,18.0,82.9,-30.0,Moderate
2,8.2,5.5,3.0,30,26.83,88.16,-30.0,Moderate
2,8.2,5.5,3.0,7,18.0,89.4,-30.0,Moderate
2,8.2,5.5,3.0,30,24.92,81.06,-30.0,Moderate
2,8.6,5.5,3.0,30,33.08,98.54,-30.0,Mild
2,8.2,5.5,3.0,20,18.0,98.4,-30.0,Moderate
2,7.4,5.5,3.0,0,18.0,100.0,-30.0,Critical
2,8.2,5.5,3.0,15,18.0,78.73,-30.0,Moderate
2,8.2,5.5,3.0,19,18.0,67.93,-30.0,Moderate
2,8.2,5.5,3.0,3,18.0,69.17,-30.0,Moderate
2,8.2,5.5,3.0,6,18.0,70.63,-30.0,Moderate
2,8.2,5.5,3.0,30,27.33,87.41,-30.0,Moderate
2,8.2,5.5,3.0,1,18.0,70.2,-30.0,Moderate
2,8.2,5.5,3.0,4,18.0,100.0,-30.0,Moderate
2,8.2,5.5,3.0,30,27.92,92.7,-30.0,Moderate
2,8.2,5.5,3.0,30,24.25,73.86,-30.0,Moderate
2,8.6,5.5,3.0,18,18.0,95.37,-30.0,Mild
2,8.2,5.5,3.0,30,30.17,91.86,-30.0,Moderate
2,8.2,5.5,3.0,30,21.83,82.48,-30.0,Moderate
2,8.2,5.5,3.0,30,30.42,90.63,-30.0,Moderate
2,8.2,5.5,3.0,30,27.58,92.94,-30.0,Moderate
2,8.2,5.5,3.0,16,18.0,74.9,-30.0,Moderate
2,8.2,5.5,3.0,5,18.0,92.53,-30.0,Moderate
2,8.2,5.5,3.0,2,18.0,73.1,-30.0,Moderate
2,8.2,5.5,3.0,30,27.92,91.06,-30.0,Moderate
2,8.2,5.5,3.0,13,18.0,90.1,-30.0,Moderate
2,8.2,5.5,3.0,21,18.0,73.57,-30.0,Moderate
2,8.2,5.5,3.0,30,18.0,100.0,-30.0,Moderate
2,8.2,5.5,3.0,14,18.0,70.87,-30.0,Moderate
2,8.2,5.5,3.0,11,18.0,61.9,-30.0,Moderate
2,8.2,5.5,3.0,30,31.08,87.1,-30.0,Moderate
2,8.2,5.5,3.0,12,18.0,82.33,-30.0,Moderate
2,8.2,5.5,3.0,30,23.92,72.67,-30.0,Moderate
2,8.2,5.5,3.0,30,27.58,89.17,-30.0,Moderate
2,8.2,5.5,3.0,9,18.0,64.8,-30.0,Moderate
2,8.2,5.5,3.0,30,32.92,91.76,-30.0,Moderate
2,8.2,5.5,3.0,16,43.67,100.0,-30.0,Moderate
2,8.2,5.5,3.0,15,40.33,100.0,-30.0,Moderate
2,8.2,5.5,3.0,11,27.58,100.0,-30.0,Moderate
2,8.6,5.5,3.0,6,37.5,96.6,-30.0,Mild
2,8.2,5.5,3.0,2,31.92,99.72,-30.0,Moderate
2,8.6,5.5,3.0,21,33.92,100.0,-30.0,Mild
2,8.2,5.5,3.0,1,23.0,84.9,-30.0,Moderate
2,8.2,5.5,3.0,13,37.92,100.0,-30.0,Moderate
2,8.2,5.5,3.0,20,38.58,95.69,-30.0,Moderate
2,8.6,5.5,3.0,17,37.17,100.0,-30.0,Mild
2,8.2,5.5,3.0,19,37.5,100.0,-30.0,Moderate
2,8.2,5.5,3.0,3,32.92,94.1,-30.0,Moderate
2,8.6,5.5,3.0,8,42.25,96.67,-30.0,Mild
2,8.6,5.5,3.0,7,31.08,98.12,-30.0,Mild
2,8.2,5.5,3.0,12,38.33,94.38,-30.0,Moderate
2,8.6,5.5,3.0,4,35.33,97.71,-30.0,Mild
2,8.2,5.5,3.0,9,29.5,85.81,-30.0,Moderate
2,8.6,5.5,3.0,18,39.08,100.0,-30.0,Mild
2,8.2,5.5,3.0,14,37.75,100.0,-30.0,Moderate
2,8.2,5.5,3.0,10,27.67,86.6,-30.0,Moderate
2,7.4,5.5,3.0,0,18.0,100.0,-30.0,Critical
2,8.2,5.5,3.0,5,27.5,97.36,-30.0,Moderate
2,8.6,5.5,3.0,21,39.08,100.0,-30.0,Mild
2,8.6,5.5,3.0,17,36.67,100.0,-30.0,Mild
2,8.6,5.5,3.0,8,35.92,100.0,-30.0,Mild
2,8.6,5.5,3.0,16,29.67,98.4,-30.0,Mild
2,8.6,5.5,3.0,14,37.42,100.0,-30.0,Mild
2,8.2,5.5,3.0,5,39.83,100.0,-30.0,Moderate
2,8.6,5.5,3.0,2,38.08,100.0,-30.0,Mild
2,8.6,5.5,3.0,6,36.83,100.0,-30.0,Mild
2,8.6,5.5,3.0,10,18.0,89.79,-30.0,Mild
2,8.6,5.5,3.0,3,40.08,100.0,-30.0,Mild
2,8.6,5.5,3.0,7,39.17,100.0,-30.0,Mild
2,8.6,5.5,3.0,4,48.25,85.73,-30.0,Mild
2,8.2,5.5,3.0,12,47.67,100.0,-30.0,Moderate
2,8.6,5.5,3.0,11,46.5,100.0,-30.0,Mild
2,8.6,5.5,3.0,19,34.25,100.0,-30.0,Mild
2,8.6,5.5,3.0,18,36.67,91.11,-30.0,Mild
2,8.6,5.5,3.0,9,45.17,95.42,-30.0,Mild
2,8.6,5.5,3.0,13,27.17,100.0,-30.0,Mild
2,8.6,5.5,3.0,15,36.92,100.0,-30.0,Mild
2,8.6,5.5,3.0,20,36.92,92.99,-30.0,Mild
2,8.6,5.5,3.0,1,49.83,91.46,-30.0,Mild
1,9.0,5.5,3.0,1,43.33,100.0,-30.0,Subclinical
1,9.0,5.5,3.0,2,36.67,100.0,-30.0,Subclinical
1,9.0,5.5,3.0,3,26.67,100.0,-30.0,Subclinical
1,8.6,5.5,3.0,4,25.83,100.0,-30.0,Mild
1,9.0,5.5,3.0,5,41.67,99.8,-30.0,Subclinical
1,9.0,5.5,3.0,6,17.58,70.33,-30.0,Subclinical
1,9.0,5.5,3.0,16,29.42,96.98,-30.0,Subclinical
1,9.0,5.5,3.0,13,27.0,100.0,-30.0,Subclinical
1,9.0,5.5,3.0,18,33.33,100.0,-30.0,Subclinical
1,9.0,5.5,3.0,9,25.08,100.0,-30.0,Subclinical
1,9.0,5.5,3.0,17,28.75,98.22,-30.0,Subclinical
1,9.0,5.5,3.0,14,22.17,96.22,-30.0,Subclinical
1,9.0,5.5,3.0,15,38.17,100.0,-30.0,Subclinical
1,9.0,5.5,3.0,21,31.17,98.53,-30.0,Subclinical
1,7.4,5.5,3.0,7,18.0,0.1,-30.0,Critical
1,9.0,5.5,3.0,12,29.08,100.0,-30.0,Subclinical
1,6.6,5.5,3.0,0,18.0,23.27,-30.0,Critical
1,9.0,5.5,3.0,19,25.17,100.0,-30.0,Subclinical
1,9.0,5.5,3.0,10,31.58,100.0,-30.0,Subclinical
1,9.0,5.5,3.0,8,20.58,85.11,-30.0,Subclinical
1,9.0,5.5,3.0,20,31.17,100.0,-30.0,Subclinical
1,9.0,5.5,3.0,11,30.5,100.0,-30.0,Subclinical
1,9.0,5.5,3.0,13,29.75,94.58,-30.0,Subclinical
1,9.0,5.5,3.0,2,25.0,99.17,-30.0,Subclinical
1,9.0,5.5,3.0,14,34.17,96.74,-30.0,Subclinical
1,9.0,5.5,3.0,6,29.92,100.0,-30.0,Subclinical
1,9.0,5.5,3.0,3,22.08,96.11,-30.0,Subclinical
1,8.6,5.5,3.0,18,34.25,98.68,-30.0,Mild
1,9.0,5.5,3.0,10,27.17,99.03,-30.0,Subclinical
1,9.0,5.5,3.0,7,34.67,96.81,-30.0,Subclinical
1,8.6,5.5,3.0,16,37.92,94.38,-30.0,Mild
1,9.0,5.5,3.0,11,28.17,100.0,-30.0,Subclinical
1,8.6,5.5,3.0,20,23.67,97.17,-30.0,Mild
1,9.0,5.5,3.0,5,28.67,99.03,-30.0,Subclinical
1,9.0,5.5,3.0,21,30.42,100.0,-30.0,Subclinical
1,9.0,5.5,3.0,8,33.33,99.31,-30.0,Subclinical
1,7.8,5.5,3.0,0,18.0,100.0,-30.0,Critical
1,9.0,5.5,3.0,12,34.08,96.88,-30.0,Subclinical
1,9.0,5.5,3.0,15,34.25,99.1,-30.0,Subclinical
1,9.0,5.5,3.0,4,32.75,95.21,-30.0,Subclinical
1,9.0,5.5,3.0,17,35.17,99.31,-30.0,Subclinical
1,9.0,5.5,3.0,9,37.67,95.49,-30.0,Subclinical
1,9.0,5.5,3.0,19,35.75,98.47,-30.0,Subclinical
1,9.0,5.5,3.0,1,32.67,94.93,-30.0,Subclinical
1,9.0,5.5,3.0,1,24.0,98.18,-30.0,Subclinical
1,8.6,5.5,3.0,21,31.58,90.28,-30.0,Mild
1,8.6,5.5,3.0,16,35.08,91.61,-30.0,Mild
1,8.2,5.5,3.0,0,18.0,100.0,-30.0,Moderate
1,8.6,5.5,3.0,7,34.67,91.57,-30.0,Mild
1,9.0,5.5,3.0,2,34.42,92.79,-30.0,Subclinical
1,8.6,5.5,3.0,18,25.25,90.74,-30.0,Mild
1,8.6,5.5,3.0,4,35.5,96.23,-30.0,Mild
1,8.6,5.5,3.0,11,32.5,88.63,-30.0,Mild
1,9.0,5.5,3.0,6,30.33,97.5,-30.0,Subclinical
1,8.6,5.5,3.0,13,33.42,91.64,-30.0,Mild
1,8.6,5.5,3.0,8,29.42,97.91,-30.0,Mild
1,8.6,5.5,3.0,15,27.33,89.6,-30.0,Mild
1,8.6,5.5,3.0,17,35.33,86.09,-30.0,Mild
1,8.6,5.5,3.0,3,37.67,91.6,-30.0,Mild
1,8.6,5.5,3.0,10,30.83,100.0,-30.0,Mild
1,8.6,5.5,3.0,20,29.58,89.81,-30.0,Mild
1,9.0,5.5,3.0,5,34.0,99.58,-30.0,Subclinical
1,8.6,5.5,3.0,12,30.67,92.19,-30.0,Mild
1,9.0,5.5,3.0,19,35.08,96.36,-30.0,Subclinical
1,8.6,5.5,3.0,9,30.92,94.08,-30.0,Mild
1,8.6,5.5,3.0,14,30.67,89.92,-30.0,Mild
2,8.2,5.5,3.0,10,25.5,83.31,-30.0,Moderate
2,8.2,5.5,3.0,16,23.17,80.49,-30.0,Moderate
2,8.2,5.5,3.0,11,23.67,82.32,-30.0,Moderate
2,8.2,5.5,3.0,5,26.83,87.88,-30.0,Moderate
2,8.6,5.5,3.0,3,27.5,85.79,-30.0,Mild
2,8.6,5.5,3.0,1,22.92,90.94,-30.0,Mild
2,8.2,5.5,3.0,6,25.92,91.89,-30.0,Moderate
2,8.2,5.5,3.0,12,25.25,83.83,-30.0,Moderate
2,8.2,5.5,3.0,21,30.17,82.47,-30.0,Moderate
2,8.2,5.5,3.0,20,25.92,82.17,-30.0,Moderate
2,8.2,5.5,3.0,4,21.83,79.53,-30.0,Moderate
2,8.2,5.5,3.0,19,27.83,83.67,-30.0,Moderate
2,8.2,5.5,3.0,7,27.0,86.9,-30.0,Moderate
2,8.2,5.5,3.0,17,30.5,87.14,-30.0,Moderate
2,8.2,5.5,3.0,8,29.25,86.38,-30.0,Moderate
2,8.2,5.5,3.0,13,24.92,86.98,-30.0,Moderate
2,8.2,5.5,3.0,18,23.67,85.06,-30.0,Moderate
2,8.6,5.5,3.0,14,28.25,84.02,-30.0,Mild
2,8.6,5.5,3.0,2,22.33,84.77,-30.0,Mild
2,8.2,5.5,3.0,9,24.33,83.03,-30.0,Moderate
2,8.2,5.5,3.0,15,28.17,85.38,-30.0,Moderate
2,7.4,5.5,3.0,0,18.0,100.0,-30.0,Critical
2,8.2,5.5,3.0,2,20.58,79.58,-30.0,Moderate
2,8.6,5.5,3.0,3,29.17,93.67,-30.0,Mild
2,8.6,5.5,3.0,17,29.33,96.74,-30.0,Mild
2,8.6,5.5,3.0,16,20.17,81.86,-30.0,Mild
2,8.6,5.5,3.0,7,26.75,93.53,-30.0,Mild
2,8.6,5.5,3.0,20,34.5,91.24,-30.0,Mild
2,8.6,5.5,3.0,12,30.5,100.0,-30.0,Mild
2,8.6,5.5,3.0,4,31.08,96.29,-30.0,Mild
2,8.6,5.5,3.0,18,32.58,100.0,-30.0,Mild
2,7.4,5.5,3.0,0,18.0,100.0,-30.0,Critical
2,8.6,5.5,3.0,6,27.42,91.23,-30.0,Mild
2,8.6,5.5,3.0,15,32.42,91.25,-30.0,Mild
2,8.2,5.5,3.0,11,34.0,99.21,-30.0,Moderate
2,8.2,5.5,3.0,21,32.17,88.91,-30.0,Moderate
2,8.6,5.5,3.0,9,28.17,100.0,-30.0,Mild
2,8.6,5.5,3.0,10,32.08,100.0,-30.0,Mild
2,8.6,5.5,3.0,14,18.42,86.69,-30.0,Mild
2,8.6,5.5,3.0,8,27.5,97.53,-30.0,Mild
2,8.6,5.5,3.0,13,28.58,100.0,-30.0,Mild
2,8.2,5.5,3.0,1,24.67,96.22,-30.0,Moderate
2,8.6,5.5,3.0,5,25.42,86.74,-30.0,Mild
2,8.6,5.5,3.0,19,29.33,97.83,-30.0,Mild
2,8.2,5.5,3.0,4,18.0,69.67,-30.0,Moderate
2,7.8,5.5,3.0,14,18.0,59.73,-30.0,Critical
2,8.2,5.5,3.0,19,18.0,73.9,-30.0,Moderate
2,8.2,5.5,3.0,7,18.0,69.4,-30.0,Moderate
2,8.2,5.5,3.0,3,18.0,69.6,-30.0,Moderate
2,8.2,5.5,3.0,6,18.0,67.1,-30.0,Moderate
2,7.8,5.5,3.0,18,18.0,47.73,-30.0,Critical
2,8.6,5.5,3.0,1,18.0,100.0,-30.0,Mild
2,7.8,5.5,3.0,12,18.0,56.73,-30.0,Critical
2,7.8,5.5,3.0,17,18.0,49.2,-30.0,Critical
2,8.2,5.5,3.0,5,18.0,74.9,-30.0,Moderate
2,8.6,5.5,3.0,2,18.0,100.0,-30.0,Mild
2,7.8,5.5,3.0,13,18.0,55.07,-30.0,Critical
2,7.8,5.5,3.0,15,18.0,50.3,-30.0,Critical
2,8.2,5.5,3.0,11,18.0,60.97,-30.0,Moderate
2,8.2,5.5,3.0,10,18.0,67.37,-30.0,Moderate
2,8.2,5.5,3.0,21,18.0,72.7,-30.0,Moderate
2,7.4,5.5,3.0,0,18.0,100.0,-30.0,Critical
2,7.8,5.5,3.0,20,18.0,58.27,-30.0,Critical
2,7.8,5.5,3.0,16,18.0,59.47,-30.0,Critical
2,8.2,5.5,3.0,9,18.0,75.6,-30.0,Moderate
2,8.2,5.5,3.0,8,18.0,60.9,-30.0,Moderate
1,8.6,5.5,3.0,9,38.58,100.0,-30.0,Mild
1,8.6,5.5,3.0,4,32.83,100.0,-30.0,Mild
1,8.6,5.5,3.0,14,15.33,62.2,-30.0,Mild
1,9.0,5.5,3.0,1,27.67,100.0,-30.0,Subclinical
1,9.0,5.5,3.0,8,35.0,100.0,-30.0,Subclinical
1,8.6,5.5,3.0,7,33.42,100.0,-30.0,Mild
1,9.0,5.5,3.0,6,43.33,100.0,-30.0,Subclinical
1,9.0,5.5,3.0,10,48.08,100.0,-30.0,Subclinical
1,8.6,5.5,3.0,2,34.17,100.0,-30.0,Mild
1,8.6,5.5,3.0,13,32.33,100.0,-30.0,Mild
1,9.0,5.5,3.0,11,34.92,100.0,-30.0,Subclinical
1,8.6,5.5,3.0,5,33.67,100.0,-30.0,Mild
1,8.6,5.5,3.0,3,34.25,97.02,-30.0,Mild
1,9.0,5.5,3.0,12,38.58,100.0,-30.0,Subclinical
1,7.8,5.5,3.0,0,18.0,100.0,-30.0,Critical
2,8.6,5.5,3.0,15,36.08,100.0,-30.0,Mild
2,8.6,5.5,3.0,3,44.42,100.0,-30.0,Mild
2,7.4,5.5,3.0,0,18.0,100.0,-30.0,Critical
2,8.2,5.5,3.0,13,43.42,100.0,-30.0,Moderate
2,8.6,5.5,3.0,12,41.17,100.0,-30.0,Mild
2,8.6,5.5,3.0,20,46.67,99.65,-30.0,Mild
2,8.6,5.5,3.0,11,43.5,100.0,-30.0,Mild
2,8.6,5.5,3.0,7,42.17,100.0,-30.0,Mild
2,8.6,5.5,3.0,8,47.83,100.0,-30.0,Mild
2,8.6,5.5,3.0,9,41.67,100.0,-30.0,Mild
2,8.6,5.5,3.0,14,44.25,100.0,-30.0,Mild
2,8.6,5.5,3.0,16,48.42,100.0,-30.0,Mild
2,8.6,5.5,3.0,18,29.5,100.0,-30.0,Mild
2,8.6,5.5,3.0,1,47.08,100.0,-30.0,Mild
2,8.6,5.5,3.0,21,18.0,100.0,-30.0,Mild
2,8.6,5.5,3.0,2,36.42,100.0,-30.0,Mild
2,8.6,5.5,3.0,5,46.17,100.0,-30.0,Mild
2,8.6,5.5,3.0,4,41.42,100.0,-30.0,Mild
2,8.6,5.5,3.0,19,38.17,100.0,-30.0,Mild
2,8.6,5.5,3.0,17,18.0,100.0,-30.0,Mild
2,8.6,5.5,3.0,10,38.83,100.0,-30.0,Mild
2,8.6,5.5,3.0,6,40.42,100.0,-30.0,Mild
1,9.0,5.5,3.0,2,18.83,90.81,-30.0,Subclinical
1,9.0,5.5,3.0,5,30.42,98.31,-30.0,Subclinical
1,7.8,5.5,3.0,0,18.0,100.0,-30.0,Critical
1,9.0,5.5,3.0,1,27.5,99.65,-30.0,Subclinical
1,9.0,5.5,3.0,3,22.75,89.44,-30.0,Subclinical
1,9.0,5.5,3.0,4,18.42,81.62,-30.0,Subclinical
1,7.8,5.5,3.0,6,11.67,51.14,-30.0,Critical
2,8.6,5.5,3.0,19,47.0,96.32,-30.0,Mild
2,8.6,5.5,3.0,9,44.67,100.0,-30.0,Mild
2,8.6,5.5,3.0,1,35.42,100.0,-30.0,Mild
2,8.6,5.5,3.0,14,41.5,100.0,-30.0,Mild
2,8.6,5.5,3.0,13,41.42,100.0,-30.0,Mild
2,8.6,5.5,3.0,21,47.42,100.0,-30.0,Mild
2,8.6,5.5,3.0,18,46.25,96.88,-30.0,Mild
2,8.6,5.5,3.0,4,35.58,100.0,-30.0,Mild
2,8.6,5.5,3.0,15,31.17,100.0,-30.0,Mild
2,8.6,5.5,3.0,8,33.33,100.0,-30.0,Mild
2,8.6,5.5,3.0,6,38.67,96.94,-30.0,Mild
2,8.6,5.5,3.0,16,40.5,100.0,-30.0,Mild
2,8.6,5.5,3.0,12,50.25,100.0,-30.0,Mild
2,8.6,5.5,3.0,2,23.42,97.06,-30.0,Mild
2,8.6,5.5,3.0,20,18.0,90.0,-30.0,Mild
2,8.6,5.5,3.0,3,32.5,100.0,-30.0,Mild
2,8.6,5.5,3.0,11,42.92,98.68,-30.0,Mild
2,8.6,5.5,3.0,7,48.42,99.17,-30.0,Mild
2,8.6,5.5,3.0,10,39.25,100.0,-30.0,Mild
2,7.8,5.5,3.0,0,18.0,100.0,-30.0,Critical
2,8.6,5.5,3.0,17,40.17,100.0,-30.0,Mild
2,8.6,5.5,3.0,5,42.83,97.08,-30.0,Mild
2,8.2,5.5,3.0,5,29.25,100.0,-30.0,Moderate
2,8.2,5.5,3.0,16,18.0,87.07,-30.0,Moderate
2,8.2,5.5,3.0,4,26.42,100.0,-30.0,Moderate
2,8.2,5.5,3.0,12,18.0,100.0,-30.0,Moderate
2,8.2,5.5,3.0,15,18.0,75.0,-30.0,Moderate
2,8.2,5.5,3.0,19,18.0,86.2,-30.0,Moderate
2,8.2,5.5,3.0,8,38.83,100.0,-30.0,Moderate
2,8.2,5.5,3.0,11,18.0,100.0,-30.0,Moderate
2,8.2,5.5,3.0,10,29.5,95.76,-30.0,Moderate
2,8.2,5.5,3.0,2,28.08,96.98,-30.0,Moderate
2,8.2,5.5,3.0,3,36.42,100.0,-30.0,Moderate
2,8.2,5.5,3.0,20,18.0,91.97,-30.0,Moderate
2,7.4,5.5,3.0,0,23.33,97.78,-30.0,Critical
2,8.2,5.5,3.0,17,18.0,77.27,-30.0,Moderate
2,8.2,5.5,3.0,21,18.0,79.33,-30.0,Moderate
2,8.2,5.5,3.0,14,18.0,87.17,-30.0,Moderate
2,8.2,5.5,3.0,18,18.0,93.43,-30.0,Moderate
2,8.2,5.5,3.0,7,27.75,94.17,-30.0,Moderate
2,8.2,5.5,3.0,6,33.92,96.19,-30.0,Moderate
2,8.2,5.5,3.0,9,39.83,99.58,-30.0,Moderate
2,8.2,5.5,3.0,13,18.0,75.7,-30.0,Moderate
2,8.6,5.5,3.0,1,29.67,97.99,-30.0,Mild
1,8.6,5.5,3.0,1,11.92,47.67,-30.0,Mild
2,8.2,5.5,3.0,15,23.25,97.67,-30.0,Moderate
2,8.2,5.5,3.0,18,35.0,100.0,-30.0,Moderate
2,8.2,5.5,3.0,11,25.5,100.0,-30.0,Moderate
2,8.6,5.5,3.0,8,24.67,99.56,-30.0,Mild
2,8.2,5.5,3.0,19,28.67,100.0,-30.0,Moderate
2,8.2,5.5,3.0,7,29.0,100.0,-30.0,Moderate
2,8.2,5.5,3.0,4,22.58,96.78,-30.0,Moderate
2,8.2,5.5,3.0,12,29.67,100.0,-30.0,Moderate
2,8.2,5.5,3.0,14,32.25,100.0,-30.0,Moderate
2,8.2,5.5,3.0,9,27.58,100.0,-30.0,Moderate
2,8.2,5.5,3.0,1,26.92,98.36,-30.0,Moderate
2,8.6,5.5,3.0,5,19.08,77.33,-30.0,Mild
2,8.2,5.5,3.0,3,15.83,79.79,-30.0,Moderate
2,8.2,5.5,3.0,17,30.42,100.0,-30.0,Moderate
2,8.2,5.5,3.0,2,22.92,93.68,-30.0,Moderate
2,8.2,5.5,3.0,13,33.5,100.0,-30.0,Moderate
2,8.2,5.5,3.0,6,24.75,93.0,-30.0,Moderate
2,8.2,5.5,3.0,10,34.17,100.0,-30.0,Moderate
2,8.2,5.5,3.0,20,24.83,99.78,-30.0,Moderate
2,8.2,5.5,3.0,16,31.33,100.0,-30.0,Moderate
2,8.2,5.5,3.0,21,33.25,100.0,-30.0,Moderate
2,7.4,5.5,3.0,0,18.0,100.0,-30.0,Critical
2,8.2,5.5,3.0,15,31.83,82.66,-30.0,Moderate
2,8.6,5.5,3.0,21,36.67,91.79,-30.0,Mild
2,8.2,5.5,3.0,18,38.83,90.38,-30.0,Moderate
2,8.2,5.5,3.0,17,37.5,89.68,-30.0,Moderate
2,8.6,5.5,3.0,11,38.33,97.43,-30.0,Mild
2,8.2,5.5,3.0,3,33.92,85.39,-30.0,Moderate
2,8.2,5.5,3.0,8,31.42,90.39,-30.0,Moderate
2,8.2,5.5,3.0,19,34.0,92.93,-30.0,Moderate
2,8.6,5.5,3.0,7,40.92,97.31,-30.0,Mild
2,7.4,5.5,3.0,0,18.0,100.0,-30.0,Critical
2,8.2,5.5,3.0,2,34.0,85.25,-30.0,Moderate
2,8.2,5.5,3.0,9,32.92,91.31,-30.0,Moderate
2,8.6,5.5,3.0,13,41.17,98.4,-30.0,Mild
2,8.2,5.5,3.0,1,36.08,92.86,-30.0,Moderate
2,8.6,5.5,3.0,5,37.0,93.17,-30.0,Mild
2,8.2,5.5,3.0,14,34.0,89.78,-30.0,Moderate
2,8.2,5.5,3.0,12,36.42,95.24,-30.0,Moderate
2,8.2,5.5,3.0,6,40.92,100.0,-30.0,Moderate
2,8.2,5.5,3.0,20,33.17,92.74,-30.0,Moderate
2,8.2,5.5,3.0,4,33.75,90.98,-30.0,Moderate
2,8.2,5.5,3.0,16,29.17,88.03,-30.0,Moderate
2,8.2,5.5,3.0,10,33.25,90.84,-30.0,Moderate
2,8.2,5.5,3.0,16,31.83,89.33,-30.0,Moderate
2,8.6,5.5,3.0,4,34.67,97.03,-30.0,Mild
2,8.2,5.5,3.0,9,33.25,90.14,-30.0,Moderate
2,8.2,5.5,3.0,12,28.92,86.93,-30.0,Moderate
2,8.2,5.5,3.0,11,27.58,85.54,-30.0,Moderate
2,8.2,5.5,3.0,14,33.25,93.19,-30.0,Moderate
2,8.6,5.5,3.0,15,34.42,100.0,-30.0,Mild
2,8.6,5.5,3.0,18,30.0,94.07,-30.0,Mild
2,8.2,5.5,3.0,5,34.92,85.12,-30.0,Moderate
2,7.8,5.5,3.0,0,18.0,100.0,-30.0,Critical
2,8.6,5.5,3.0,20,28.67,92.92,-30.0,Mild
2,8.2,5.5,3.0,7,43.08,87.52,-30.0,Moderate
2,8.6,5.5,3.0,3,32.08,87.87,-30.0,Mild
2,8.2,5.5,3.0,17,31.83,88.23,-30.0,Moderate
2,8.2,5.5,3.0,2,42.08,89.67,-30.0,Moderate
2,8.2,5.5,3.0,8,34.92,83.62,-30.0,Moderate
2,8.2,5.5,3.0,21,33.5,89.66,-30.0,Moderate
2,8.2,5.5,3.0,19,27.58,85.78,-30.0,Moderate
2,8.6,5.5,3.0,1,28.67,100.0,-30.0,Mild
2,8.2,5.5,3.0,13,31.08,85.33,-30.0,Moderate
2,8.2,5.5,3.0,10,39.17,90.89,-30.0,Moderate
2,8.2,5.5,3.0,6,35.17,89.64,-30.0,Moderate
1,8.6,5.5,3.0,7,32.0,100.0,-30.0,Mild
1,9.0,5.5,3.0,16,28.25,96.32,-30.0,Subclinical
1,8.6,5.5,3.0,14,27.25,98.87,-30.0,Mild
1,8.6,5.5,3.0,21,28.5,95.42,-30.0,Mild
1,9.0,5.5,3.0,1,15.5,75.91,-30.0,Subclinical
1,9.0,5.5,3.0,13,35.83,92.36,-30.0,Subclinical
1,9.0,5.5,3.0,6,29.58,98.96,-30.0,Subclinical
1,8.6,5.5,3.0,5,28.67,100.0,-30.0,Mild
1,9.0,5.5,3.0,9,32.58,99.65,-30.0,Subclinical
1,9.0,5.5,3.0,2,12.33,70.21,-30.0,Subclinical
1,9.0,5.5,3.0,12,35.75,93.06,-30.0,Subclinical
1,8.6,5.5,3.0,4,22.83,77.82,-30.0,Mild
1,9.0,5.5,3.0,17,31.83,95.97,-30.0,Subclinical
1,9.0,5.5,3.0,20,31.58,94.38,-30.0,Subclinical
1,9.0,5.5,3.0,11,34.67,100.0,-30.0,Subclinical
1,8.6,5.5,3.0,18,20.42,91.39,-30.0,Mild
1,7.8,5.5,3.0,0,18.0,100.0,-30.0,Critical
1,9.0,5.5,3.0,8,20.5,90.32,-30.0,Subclinical
1,9.0,5.5,3.0,15,35.67,90.28,-30.0,Subclinical
1,9.0,5.5,3.0,3,19.42,81.03,-30.0,Subclinical
1,8.6,5.5,3.0,10,21.83,94.88,-30.0,Mild
1,9.0,5.5,3.0,19,24.33,94.04,-30.0,Subclinical
1,8.6,5.5,3.0,4,30.42,94.89,-30.0,Mild
1,9.0,5.5,3.0,1,31.67,100.0,-30.0,Subclinical
1,8.6,5.5,3.0,5,25.75,93.42,-30.0,Mild
1,8.6,5.5,3.0,3,27.75,100.0,-30.0,Mild
1,8.6,5.5,3.0,2,25.58,97.2,-30.0,Mild
1,9.0,5.5,3.0,6,12.83,60.83,-30.0,Subclinical
1,7.8,5.5,3.0,0,18.0,100.0,-30.0,Critical
1,9.0,5.5,3.0,18,18.0,100.0,-30.0,Subclinical
1,9.0,5.5,3.0,6,18.0,88.67,-30.0,Subclinical
1,9.0,5.5,3.0,2,18.0,92.9,-30.0,Subclinical
1,9.0,5.5,3.0,14,18.0,100.0,-30.0,Subclinical
1,9.0,5.5,3.0,21,18.0,88.47,-30.0,Subclinical
1,9.0,5.5,3.0,13,18.0,100.0,-30.0,Subclinical
1,9.0,5.5,3.0,19,18.0,95.7,-30.0,Subclinical
1,9.0,5.5,3.0,17,18.0,100.0,-30.0,Subclinical
1,9.0,5.5,3.0,7,18.0,95.27,-30.0,Subclinical
1,9.0,5.5,3.0,11,18.0,69.23,-30.0,Subclinical
1,9.0,5.5,3.0,8,18.0,70.83,-30.0,Subclinical
1,9.0,5.5,3.0,4,18.0,93.07,-30.0,Subclinical
1,9.0,5.5,3.0,9,18.0,63.7,-30.0,Subclinical
1,9.0,5.5,3.0,12,18.0,100.0,-30.0,Subclinical
1,9.0,5.5,3.0,16,18.0,100.0,-30.0,Subclinical
1,9.0,5.5,3.0,5,18.0,86.87,-30.0,Subclinical
1,9.0,5.5,3.0,3,18.0,91.6,-30.0,Subclinical
1,9.0,5.5,3.0,1,18.0,100.0,-30.0,Subclinical
1,8.2,5.5,3.0,0,18.0,100.0,-30.0,Moderate
1,9.0,5.5,3.0,20,18.0,100.0,-30.0,Subclinical
1,9.0,5.5,3.0,10,18.0,67.2,-30.0,Subclinical
1,9.0,5.5,3.0,15,18.0,100.0,-30.0,Subclinical
2,8.6,5.5,3.0,5,33.75,100.0,-30.0,Mild
2,8.6,5.5,3.0,14,33.0,100.0,-30.0,Mild
2,8.6,5.5,3.0,18,30.08,90.93,-30.0,Mild
2,8.6,5.5,3.0,9,30.33,100.0,-30.0,Mild
2,8.6,5.5,3.0,20,38.5,100.0,-30.0,Mild
2,8.6,5.5,3.0,16,31.42,96.84,-30.0,Mild
2,8.6,5.5,3.0,7,38.0,98.68,-30.0,Mild
2,7.4,5.5,3.0,0,18.0,100.0,-30.0,Critical
2,8.6,5.5,3.0,13,29.17,100.0,-30.0,Mild
2,8.6,5.5,3.0,3,27.58,95.74,-30.0,Mild
2,8.6,5.5,3.0,10,37.17,96.12,-30.0,Mild
2,8.6,5.5,3.0,8,34.67,92.21,-30.0,Mild
2,8.2,5.5,3.0,2,29.0,94.79,-30.0,Moderate
2,8.6,5.5,3.0,4,33.67,93.93,-30.0,Mild
2,8.6,5.5,3.0,15,32.67,99.78,-30.0,Mild
2,8.6,5.5,3.0,17,41.0,97.51,-30.0,Mild
2,8.6,5.5,3.0,11,32.5,98.83,-30.0,Mild
2,8.6,5.5,3.0,19,34.92,100.0,-30.0,Mild
2,8.6,5.5,3.0,12,32.25,96.34,-30.0,Mild
2,8.6,5.5,3.0,1,41.33,100.0,-30.0,Mild
2,8.6,5.5,3.0,21,33.33,100.0,-30.0,Mild
2,8.6,5.5,3.0,6,35.33,95.4,-30.0,Mild
1,8.6,5.5,3.0,5,22.58,81.52,-30.0,Mild
1,8.6,5.5,3.0,4,23.42,76.56,-30.0,Mild
1,7.8,5.5,3.0,0,18.0,100.0,-30.0,Critical
1,8.6,5.5,3.0,6,23.42,87.74,-30.0,Mild
1,7.8,5.5,3.0,8,8.5,39.95,-30.0,Critical
1,8.6,5.5,3.0,3,20.33,78.8,-30.0,Mild
1,8.6,5.5,3.0,7,19.75,79.97,-30.0,Mild
1,8.6,5.5,3.0,2,22.42,84.7,-30.0,Mild
1,8.6,5.5,3.0,1,25.58,91.54,-30.0,Mild
1,9.0,5.5,3.0,2,18.0,100.0,-30.0,Subclinical
1,8.6,5.5,3.0,15,18.0,71.73,-30.0,Mild
1,9.0,5.5,3.0,11,18.0,100.0,-30.0,Subclinical
1,8.6,5.5,3.0,16,18.0,100.0,-30.0,Mild
1,8.6,5.5,3.0,6,18.0,80.67,-30.0,Mild
1,8.6,5.5,3.0,12,18.0,92.43,-30.0,Mild
1,8.6,5.5,3.0,10,18.0,87.97,-30.0,Mild
1,9.0,5.5,3.0,1,18.0,100.0,-30.0,Subclinical
1,8.6,5.5,3.0,14,18.0,67.97,-30.0,Mild
1,8.6,5.5,3.0,3,18.0,80.43,-30.0,Mild
1,8.6,5.5,3.0,4,18.0,97.1,-30.0,Mild
1,8.2,5.5,3.0,0,18.0,100.0,-30.0,Moderate
1,8.6,5.5,3.0,17,18.0,63.93,-30.0,Mild
1,8.6,5.5,3.0,5,18.0,89.43,-30.0,Mild
1,8.6,5.5,3.0,21,18.0,89.1,-30.0,Mild
1,8.6,5.5,3.0,19,18.0,99.1,-30.0,Mild
1,8.6,5.5,3.0,9,18.0,72.87,-30.0,Mild
1,9.0,5.5,3.0,20,18.0,100.0,-30.0,Subclinical
1,8.6,5.5,3.0,7,18.0,89.03,-30.0,Mild
1,8.6,5.5,3.0,8,18.0,74.57,-30.0,Mild
1,8.6,5.5,3.0,18,18.0,70.63,-30.0,Mild
1,8.6,5.5,3.0,13,18.0,100.0,-30.0,Mild
2,8.2,5.5,3.0,13,26.5,100.0,-30.0,Moderate
2,8.2,5.5,3.0,3,35.0,97.3,-30.0,Moderate
2,8.2,5.5,3.0,2,26.17,96.9,-30.0,Moderate
2,8.2,5.5,3.0,4,34.17,100.0,-30.0,Moderate
2,8.2,5.5,3.0,9,34.17,95.26,-30.0,Moderate
2,8.2,5.5,3.0,5,34.75,98.18,-30.0,Moderate
2,8.2,5.5,3.0,16,23.58,96.06,-30.0,Moderate
2,8.6,5.5,3.0,18,29.83,100.0,-30.0,Mild
2,8.2,5.5,3.0,8,32.75,98.61,-30.0,Moderate
2,8.2,5.5,3.0,12,29.75,94.1,-30.0,Moderate
2,8.2,5.5,3.0,11,25.58,90.63,-30.0,Moderate
2,8.2,5.5,3.0,7,33.0,100.0,-30.0,Moderate
2,8.2,5.5,3.0,21,31.17,97.12,-30.0,Moderate
2,8.2,5.5,3.0,10,28.92,98.06,-30.0,Moderate
2,8.2,5.5,3.0,14,29.25,100.0,-30.0,Moderate
2,8.2,5.5,3.0,6,32.17,92.6,-30.0,Moderate
2,8.6,5.5,3.0,17,26.17,97.38,-30.0,Mild
2,8.2,5.5,3.0,20,28.92,100.0,-30.0,Moderate
2,8.2,5.5,3.0,1,35.58,100.0,-30.0,Moderate
2,8.2,5.5,3.0,15,27.08,100.0,-30.0,Moderate
2,8.2,5.5,3.0,19,27.42,99.03,-30.0,Moderate
2,8.6,5.5,3.0,1,22.58,74.91,-30.0,Mild
2,8.2,5.5,3.0,14,22.58,94.49,-30.0,Moderate
2,8.6,5.5,3.0,6,23.08,88.83,-30.0,Mild
2,8.6,5.5,3.0,2,18.17,86.33,-30.0,Mild
2,8.2,5.5,3.0,5,20.17,81.57,-30.0,Moderate
2,8.2,5.5,3.0,21,12.33,65.33,-30.0,Moderate
2,8.6,5.5,3.0,13,13.92,74.95,-30.0,Mild
2,8.2,5.5,3.0,11,16.08,72.72,-30.0,Moderate
2,8.2,5.5,3.0,8,17.83,77.62,-30.0,Moderate
2,8.2,5.5,3.0,19,18.75,78.04,-30.0,Moderate
2,7.8,5.5,3.0,12,12.08,56.06,-30.0,Critical
2,8.2,5.5,3.0,4,17.08,78.67,-30.0,Moderate
2,7.4,5.5,3.0,0,18.0,100.0,-30.0,Critical
2,8.6,5.5,3.0,15,22.33,90.31,-30.0,Mild
2,8.2,5.5,3.0,10,13.92,61.03,-30.0,Moderate
2,8.2,5.5,3.0,9,15.08,69.88,-30.0,Moderate
2,8.2,5.5,3.0,17,23.92,89.33,-30.0,Moderate
2,8.2,5.5,3.0,16,20.58,82.59,-30.0,Moderate
2,8.2,5.5,3.0,7,22.75,89.19,-30.0,Moderate
2,8.2,5.5,3.0,18,21.67,89.98,-30.0,Moderate
2,8.2,5.5,3.0,3,24.75,90.4,-30.0,Moderate
2,8.2,5.5,3.0,20,13.33,66.83,-30.0,Moderate
2,8.6,5.5,3.0,2,40.75,100.0,-30.0,Mild
2,8.6,5.5,3.0,5,40.83,100.0,-30.0,Mild
2,8.2,5.5,3.0,8,42.25,100.0,-30.0,Moderate
2,8.2,5.5,3.0,3,39.67,100.0,-30.0,Moderate
2,8.6,5.5,3.0,1,38.42,100.0,-30.0,Mild
2,7.4,5.5,3.0,0,18.0,100.0,-30.0,Critical
2,8.6,5.5,3.0,6,36.67,100.0,-30.0,Mild
2,8.2,5.5,3.0,15,42.33,100.0,-30.0,Moderate
2,8.6,5.5,3.0,10,44.58,100.0,-30.0,Mild
2,8.2,5.5,3.0,13,38.25,100.0,-30.0,Moderate
2,8.2,5.5,3.0,9,38.58,100.0,-30.0,Moderate
2,8.2,5.5,3.0,19,41.42,100.0,-30.0,Moderate
2,8.2,5.5,3.0,20,38.25,100.0,-30.0,Moderate
2,8.2,5.5,3.0,17,41.25,100.0,-30.0,Moderate
2,8.6,5.5,3.0,16,32.83,100.0,-30.0,Mild
2,8.2,5.5,3.0,12,38.17,100.0,-30.0,Moderate
2,8.2,5.5,3.0,21,39.83,100.0,-30.0,Moderate
2,8.6,5.5,3.0,11,35.75,100.0,-30.0,Mild
2,8.2,5.5,3.0,14,39.33,97.78,-30.0,Moderate
2,8.2,5.5,3.0,4,38.67,100.0,-30.0,Moderate
2,8.2,5.5,3.0,18,39.17,100.0,-30.0,Moderate
2,8.2,5.5,3.0,7,33.75,100.0,-30.0,Moderate
2,8.2,5.5,3.0,2,30.33,100.0,-30.0,Moderate
2,8.6,5.5,3.0,14,34.5,100.0,-30.0,Mild
2,8.6,5.5,3.0,15,32.5,100.0,-30.0,Mild
2,8.6,5.5,3.0,7,28.67,97.78,-30.0,Mild
2,8.2,5.5,3.0,21,35.33,100.0,-30.0,Moderate
2,8.6,5.5,3.0,1,28.42,100.0,-30.0,Mild
2,8.6,5.5,3.0,16,34.33,100.0,-30.0,Mild
2,8.6,5.5,3.0,9,31.67,100.0,-30.0,Mild
2,8.2,5.5,3.0,3,30.08,100.0,-30.0,Moderate
2,8.2,5.5,3.0,20,39.0,100.0,-30.0,Moderate
2,8.2,5.5,3.0,4,36.42,100.0,-30.0,Moderate
2,8.2,5.5,3.0,12,34.17,100.0,-30.0,Moderate
2,8.2,5.5,3.0,18,26.08,99.24,-30.0,Moderate
2,8.6,5.5,3.0,5,31.33,100.0,-30.0,Mild
2,8.2,5.5,3.0,10,35.42,100.0,-30.0,Moderate
2,8.2,5.5,3.0,19,33.25,97.03,-30.0,Moderate
2,8.6,5.5,3.0,13,36.42,100.0,-30.0,Mild
2,8.2,5.5,3.0,17,35.58,93.32,-30.0,Moderate
2,7.4,5.5,3.0,0,18.0,100.0,-30.0,Critical
2,8.6,5.5,3.0,11,37.58,100.0,-30.0,Mild
2,8.6,5.5,3.0,8,33.17,100.0,-30.0,Mild
2,8.2,5.5,3.0,6,28.58,100.0,-30.0,Moderate
2,8.2,5.5,3.0,5,24.17,95.86,-30.0,Moderate
2,7.4,5.5,3.0,0,18.0,100.0,-30.0,Critical
2,8.2,5.5,3.0,14,18.08,69.8,-30.0,Moderate
2,8.2,5.5,3.0,10,24.5,82.08,-30.0,Moderate
2,8.2,5.5,3.0,17,20.08,81.18,-30.0,Moderate
2,8.2,5.5,3.0,7,33.67,85.29,-30.0,Moderate
2,8.2,5.5,3.0,12,24.75,82.11,-30.0,Moderate
2,8.2,5.5,3.0,21,33.67,99.61,-30.0,Moderate
2,8.2,5.5,3.0,4,30.42,96.27,-30.0,Moderate
2,8.2,5.5,3.0,11,30.58,93.98,-30.0,Moderate
2,8.2,5.5,3.0,2,30.25,88.17,-30.0,Moderate
2,8.2,5.5,3.0,19,27.33,92.28,-30.0,Moderate
2,8.2,5.5,3.0,18,20.67,87.33,-30.0,Moderate
2,8.2,5.5,3.0,3,28.58,85.94,-30.0,Moderate
2,8.2,5.5,3.0,16,17.33,72.02,-30.0,Moderate
2,8.2,5.5,3.0,9,32.25,84.28,-30.0,Moderate
2,8.2,5.5,3.0,1,36.08,95.78,-30.0,Moderate
2,8.2,5.5,3.0,8,31.75,85.63,-30.0,Moderate
2,8.2,5.5,3.0,15,23.25,82.61,-30.0,Moderate
2,8.2,5.5,3.0,13,22.83,88.18,-30.0,Moderate
2,8.2,5.5,3.0,6,29.92,90.22,-30.0,Moderate
2,8.2,5.5,3.0,20,28.25,87.49,-30.0,Moderate
1,8.6,5.5,3.0,8,28.83,89.67,-30.0,Mild
1,8.6,5.5,3.0,13,34.67,93.9,-30.0,Mild
1,8.6,5.5,3.0,16,32.08,97.68,-30.0,Mild
1,8.6,5.5,3.0,6,31.17,90.44,-30.0,Mild
1,9.0,5.5,3.0,11,33.25,96.46,-30.0,Subclinical
1,9.0,5.5,3.0,17,34.92,98.12,-30.0,Subclinical
1,9.0,5.5,3.0,3,36.0,95.03,-30.0,Subclinical
1,9.0,5.5,3.0,10,33.67,92.34,-30.0,Subclinical
1,9.0,5.5,3.0,12,37.5,94.24,-30.0,Subclinical
1,9.0,5.5,3.0,9,36.67,97.01,-30.0,Subclinical
1,9.0,5.5,3.0,5,36.25,97.14,-30.0,Subclinical
1,8.6,5.5,3.0,15,35.08,87.71,-30.0,Mild
1,9.0,5.5,3.0,14,33.92,93.5,-30.0,Subclinical
1,9.0,5.5,3.0,18,38.5,93.47,-30.0,Subclinical
1,8.6,5.5,3.0,7,37.92,97.06,-30.0,Mild
1,9.0,5.5,3.0,1,28.83,100.0,-30.0,Subclinical
1,9.0,5.5,3.0,2,36.92,98.06,-30.0,Subclinical
1,8.6,5.5,3.0,20,35.83,93.4,-30.0,Mild
1,8.6,5.5,3.0,21,38.67,93.87,-30.0,Mild
1,9.0,5.5,3.0,4,36.0,93.66,-30.0,Subclinical
1,9.0,5.5,3.0,19,32.25,100.0,-30.0,Subclinical
1,8.6,5.5,3.0,30,27.83,99.07,-30.0,Mild
1,8.6,5.5,3.0,30,27.25,96.5,-30.0,Mild
1,8.6,5.5,3.0,30,34.0,95.64,-30.0,Mild
1,8.6,5.5,3.0,30,18.0,83.67,-30.0,Mild
1,8.6,5.5,3.0,30,25.58,93.82,-30.0,Mild
1,8.6,5.5,3.0,30,29.58,94.12,-30.0,Mild
1,8.6,5.5,3.0,30,29.92,98.88,-30.0,Mild
1,8.6,5.5,3.0,30,24.92,90.6,-30.0,Mild
1,9.0,5.5,3.0,30,30.17,99.79,-30.0,Subclinical
1,8.6,5.5,3.0,30,17.83,86.02,-30.0,Mild
1,8.6,5.5,3.0,30,31.83,100.0,-30.0,Mild
1,8.2,5.5,3.0,0,18.0,100.0,-30.0,Moderate
1,8.6,5.5,3.0,30,29.92,97.0,-30.0,Mild
1,8.6,5.5,3.0,30,23.17,88.57,-30.0,Mild
1,8.6,5.5,3.0,30,20.08,77.22,-30.0,Mild
1,8.6,5.5,3.0,30,27.42,86.65,-30.0,Mild
1,8.6,5.5,3.0,30,20.42,79.82,-30.0,Mild
1,8.6,5.5,3.0,30,24.33,86.67,-30.0,Mild
1,8.6,5.5,3.0,30,19.67,77.5,-30.0,Mild
1,8.6,5.5,3.0,30,23.58,92.1,-30.0,Mild
1,8.6,5.5,3.0,30,22.83,85.53,-30.0,Mild
1,8.6,5.5,3.0,30,26.92,97.81,-30.0,Mild
1,8.6,5.5,3.0,30,16.83,72.6,-30.0,Mild
1,9.0,5.5,3.0,21,29.5,100.0,-30.0,Subclinical
1,9.0,5.5,3.0,10,20.08,90.17,-30.0,Subclinical
1,9.0,5.5,3.0,16,24.0,98.0,-30.0,Subclinical
1,9.0,5.5,3.0,19,33.75,100.0,-30.0,Subclinical
1,9.0,5.5,3.0,20,24.75,99.5,-30.0,Subclinical
1,9.0,5.5,3.0,12,29.33,100.0,-30.0,Subclinical
1,9.0,5.5,3.0,15,29.33,98.85,-30.0,Subclinical
1,9.0,5.5,3.0,11,17.08,76.25,-30.0,Subclinical
1,9.0,5.5,3.0,9,27.0,89.48,-30.0,Subclinical
1,9.0,5.5,3.0,1,28.92,93.33,-30.0,Subclinical
1,8.2,5.5,3.0,5,8.92,35.67,-30.0,Moderate
1,9.0,5.5,3.0,7,26.08,96.15,-30.0,Subclinical
1,9.0,5.5,3.0,17,31.92,100.0,-30.0,Subclinical
1,9.0,5.5,3.0,3,20.67,69.67,-30.0,Subclinical
1,9.0,5.5,3.0,14,24.83,97.58,-30.0,Subclinical
1,9.0,5.5,3.0,13,22.25,93.56,-30.0,Subclinical
1,9.0,5.5,3.0,6,21.5,84.67,-30.0,Subclinical
1,9.0,5.5,3.0,2,19.0,70.81,-30.0,Subclinical
1,9.0,5.5,3.0,8,31.0,100.0,-30.0,Subclinical
1,9.0,5.5,3.0,18,35.58,100.0,-30.0,Subclinical
1,8.2,5.5,3.0,4,9.0,42.27,-30.0,Moderate
2,8.6,5.5,3.0,21,18.0,82.17,-30.0,Mild
2,8.6,5.5,3.0,18,18.0,82.17,-30.0,Mild
2,8.2,5.5,3.0,3,18.0,73.03,-30.0,Moderate
2,8.2,5.5,3.0,12,18.0,100.0,-30.0,Moderate
2,8.2,5.5,3.0,13,18.0,100.0,-30.0,Moderate
2,8.6,5.5,3.0,15,18.0,87.37,-30.0,Mild
2,8.2,5.5,3.0,2,18.0,70.03,-30.0,Moderate
2,8.2,5.5,3.0,19,18.0,77.13,-30.0,Moderate
2,7.8,5.5,3.0,9,18.0,58.5,-30.0,Critical
2,8.2,5.5,3.0,10,18.0,70.63,-30.0,Moderate
2,8.2,5.5,3.0,5,18.0,69.07,-30.0,Moderate
2,8.2,5.5,3.0,11,18.0,61.33,-30.0,Moderate
2,8.6,5.5,3.0,20,18.0,83.1,-30.0,Mild
2,8.2,5.5,3.0,8,18.0,62.83,-30.0,Moderate
2,8.6,5.5,3.0,16,18.0,97.6,-30.0,Mild
2,8.6,5.5,3.0,7,18.0,77.93,-30.0,Mild
2,8.2,5.5,3.0,14,18.0,96.67,-30.0,Moderate
2,8.2,5.5,3.0,1,18.0,84.87,-30.0,Moderate
2,8.2,5.5,3.0,17,18.0,74.23,-30.0,Moderate
2,8.2,5.5,3.0,6,18.0,65.67,-30.0,Moderate
2,7.4,5.5,3.0,0,18.0,100.0,-30.0,Critical
2,8.2,5.5,3.0,4,18.0,76.03,-30.0,Moderate
2,8.6,5.5,3.0,13,34.75,86.02,-30.0,Mild
2,8.2,5.5,3.0,4,37.17,96.47,-30.0,Moderate
2,8.6,5.5,3.0,17,38.92,87.28,-30.0,Mild
2,8.6,5.5,3.0,14,32.42,82.66,-30.0,Mild
2,8.2,5.5,3.0,11,36.42,85.08,-30.0,Moderate
2,8.6,5.5,3.0,18,39.08,87.6,-30.0,Mild
2,8.6,5.5,3.0,19,35.08,89.12,-30.0,Mild
2,8.6,5.5,3.0,9,34.58,91.56,-30.0,Mild
2,8.6,5.5,3.0,2,41.0,100.0,-30.0,Mild
2,8.6,5.5,3.0,1,32.75,100.0,-30.0,Mild
2,8.6,5.5,3.0,21,45.17,95.92,-30.0,Mild
2,8.6,5.5,3.0,10,36.67,87.17,-30.0,Mild
2,8.6,5.5,3.0,3,35.0,74.46,-30.0,Mild
2,8.6,5.5,3.0,5,33.67,92.97,-30.0,Mild
2,7.8,5.5,3.0,0,18.0,100.0,-30.0,Critical
2,8.6,5.5,3.0,6,39.33,97.29,-30.0,Mild
2,8.6,5.5,3.0,8,31.08,85.78,-30.0,Mild
2,8.6,5.5,3.0,20,38.33,100.0,-30.0,Mild
2,8.6,5.5,3.0,7,35.42,90.06,-30.0,Mild
2,8.6,5.5,3.0,16,38.17,88.18,-30.0,Mild
2,8.6,5.5,3.0,12,34.83,89.39,-30.0,Mild
2,8.2,5.5,3.0,15,30.42,83.88,-30.0,Moderate
2,8.6,5.5,3.0,5,25.92,92.15,-30.0,Mild
2,8.2,5.5,3.0,15,39.5,100.0,-30.0,Moderate
2,8.6,5.5,3.0,18,45.75,100.0,-30.0,Mild
2,8.6,5.5,3.0,6,30.92,96.67,-30.0,Mild
2,8.6,5.5,3.0,21,40.0,100.0,-30.0,Mild
2,8.2,5.5,3.0,20,43.0,100.0,-30.0,Moderate
2,8.6,5.5,3.0,14,19.42,87.62,-30.0,Mild
2,8.6,5.5,3.0,19,37.75,100.0,-30.0,Mild
2,8.6,5.5,3.0,10,32.58,100.0,-30.0,Mild
2,8.6,5.5,3.0,13,34.17,86.88,-30.0,Mild
2,7.8,5.5,3.0,8,4.42,33.87,-30.0,Critical
2,8.6,5.5,3.0,12,35.92,93.22,-30.0,Mild
2,8.6,5.5,3.0,7,43.5,100.0,-30.0,Mild
2,7.4,5.5,3.0,0,18.0,100.0,-30.0,Critical
2,8.6,5.5,3.0,9,21.75,80.39,-30.0,Mild
2,8.2,5.5,3.0,17,42.83,100.0,-30.0,Moderate
2,8.6,5.5,3.0,2,33.67,85.28,-30.0,Mild
2,8.6,5.5,3.0,11,29.5,97.6,-30.0,Mild
2,8.6,5.5,3.0,16,50.42,100.0,-30.0,Mild
2,8.6,5.5,3.0,1,30.08,100.0,-30.0,Mild
2,8.6,5.5,3.0,19,32.42,100.0,-30.0,Mild
2,8.2,5.5,3.0,15,31.67,99.99,-30.0,Moderate
2,7.8,5.5,3.0,0,18.0,100.0,-30.0,Critical
2,8.2,5.5,3.0,10,30.08,100.0,-30.0,Moderate
2,8.6,5.5,3.0,18,29.92,100.0,-30.0,Mild
2,8.2,5.5,3.0,5,26.0,89.8,-30.0,Moderate
2,8.6,5.5,3.0,8,31.0,100.0,-30.0,Mild
2,8.6,5.5,3.0,9,29.92,100.0,-30.0,Mild
2,8.2,5.5,3.0,13,27.17,100.0,-30.0,Moderate
2,8.2,5.5,3.0,20,26.83,90.63,-30.0,Moderate
2,8.2,5.5,3.0,6,29.42,97.57,-30.0,Moderate
2,8.2,5.5,3.0,4,26.67,95.52,-30.0,Moderate
2,8.2,5.5,3.0,12,32.42,99.16,-30.0,Moderate
2,8.6,5.5,3.0,21,33.42,98.26,-30.0,Mild
2,8.6,5.5,3.0,17,28.75,100.0,-30.0,Mild
2,8.6,5.5,3.0,14,35.75,95.83,-30.0,Mild
2,8.6,5.5,3.0,16,33.0,100.0,-30.0,Mild
2,8.6,5.5,3.0,1,22.75,97.0,-30.0,Mild
2,8.2,5.5,3.0,11,30.92,100.0,-30.0,Moderate
2,8.2,5.5,3.0,2,31.17,100.0,-30.0,Moderate
2,8.2,5.5,3.0,7,21.67,95.56,-30.0,Moderate
2,8.2,5.5,3.0,3,34.42,100.0,-30.0,Moderate
1,9.0,5.5,3.0,17,21.92,93.83,-30.0,Subclinical
1,9.0,5.5,3.0,11,28.92,100.0,-30.0,Subclinical
1,9.0,5.5,3.0,9,27.5,98.75,-30.0,Subclinical
1,9.0,5.5,3.0,2,30.08,100.0,-30.0,Subclinical
1,9.0,5.5,3.0,21,31.5,100.0,-30.0,Subclinical
1,9.0,5.5,3.0,6,26.92,100.0,-30.0,Subclinical
1,9.0,5.5,3.0,20,25.83,100.0,-30.0,Subclinical
1,9.0,5.5,3.0,19,33.75,100.0,-30.0,Subclinical
1,9.0,5.5,3.0,15,32.25,100.0,-30.0,Subclinical
1,9.0,5.5,3.0,14,24.33,98.67,-30.0,Subclinical
1,9.0,5.5,3.0,1,33.83,97.92,-30.0,Subclinical
1,9.0,5.5,3.0,3,30.92,98.12,-30.0,Subclinical
1,9.0,5.5,3.0,16,33.17,100.0,-30.0,Subclinical
1,9.0,5.5,3.0,8,23.0,96.0,-30.0,Subclinical
1,9.0,5.5,3.0,4,30.92,100.0,-30.0,Subclinical
1,9.0,5.5,3.0,10,25.92,96.98,-30.0,Subclinical
1,9.0,5.5,3.0,13,29.33,100.0,-30.0,Subclinical
1,9.0,5.5,3.0,5,29.17,96.77,-30.0,Subclinical
1,9.0,5.5,3.0,7,30.92,100.0,-30.0,Subclinical
1,9.0,5.5,3.0,18,28.25,100.0,-30.0,Subclinical
1,9.0,5.5,3.0,12,26.5,100.0,-30.0,Subclinical
1,8.6,5.5,3.0,1,18.0,57.92,-30.0,Mild
1,9.0,5.5,3.0,4,49.75,82.92,-30.0,Subclinical
1,9.0,5.5,3.0,2,18.0,67.92,-30.0,Subclinical
1,8.6,5.5,3.0,3,18.0,59.79,-30.0,Mild
1,9.0,5.5,3.0,5,23.83,95.33,-30.0,Subclinical
2,8.2,5.5,3.0,21,33.75,100.0,-30.0,Moderate
2,8.2,5.5,3.0,16,36.83,98.77,-30.0,Moderate
2,8.2,5.5,3.0,13,34.0,97.6,-30.0,Moderate
2,8.2,5.5,3.0,4,30.83,88.31,-30.0,Moderate
2,8.2,5.5,3.0,6,36.08,100.0,-30.0,Moderate
2,8.2,5.5,3.0,2,41.0,95.98,-30.0,Moderate
2,8.2,5.5,3.0,5,31.58,89.92,-30.0,Moderate
2,8.2,5.5,3.0,1,32.58,92.58,-30.0,Moderate
2,8.6,5.5,3.0,11,41.92,100.0,-30.0,Mild
2,8.2,5.5,3.0,18,35.17,97.63,-30.0,Moderate
2,8.2,5.5,3.0,9,29.42,81.96,-30.0,Moderate
2,7.4,5.5,3.0,0,18.0,100.0,-30.0,Critical
2,8.2,5.5,3.0,15,35.08,92.91,-30.0,Moderate
2,8.2,5.5,3.0,7,41.67,100.0,-30.0,Moderate
2,8.6,5.5,3.0,10,19.0,76.82,-30.0,Mild
2,8.2,5.5,3.0,14,34.33,92.37,-30.0,Moderate
2,8.2,5.5,3.0,20,26.08,90.17,-30.0,Moderate
2,8.2,5.5,3.0,12,39.58,93.13,-30.0,Moderate
2,8.2,5.5,3.0,3,25.75,94.23,-30.0,Moderate
2,8.2,5.5,3.0,17,37.08,100.0,-30.0,Moderate
2,8.2,5.5,3.0,19,32.17,97.23,-30.0,Moderate
2,8.2,5.5,3.0,8,27.0,100.0,-30.0,Moderate
1,8.2,5.5,3.0,0,18.0,100.0,-30.0,Moderate
1,9.0,5.5,3.0,11,28.83,91.6,-30.0,Subclinical
1,9.0,5.5,3.0,4,21.25,95.0,-30.0,Subclinical
1,8.6,5.5,3.0,16,33.75,100.0,-30.0,Mild
1,9.0,5.5,3.0,2,22.58,96.78,-30.0,Subclinical
1,8.6,5.5,3.0,21,29.58,95.53,-30.0,Mild
1,9.0,5.5,3.0,13,29.5,100.0,-30.0,Subclinical
1,8.6,5.5,3.0,12,18.0,90.67,-30.0,Mild
1,9.0,5.5,3.0,9,20.08,86.68,-30.0,Subclinical
1,9.0,5.5,3.0,5,24.58,96.06,-30.0,Subclinical
1,8.6,5.5,3.0,19,21.33,84.48,-30.0,Mild
1,8.6,5.5,3.0,10,16.17,69.96,-30.0,Mild
1,8.6,5.5,3.0,1,12.0,71.9,-30.0,Mild
1,8.6,5.5,3.0,14,22.58,91.72,-30.0,Mild
1,9.0,5.5,3.0,3,22.33,96.44,-30.0,Subclinical
1,8.6,5.5,3.0,20,28.17,87.6,-30.0,Mild
1,8.6,5.5,3.0,18,26.83,89.73,-30.0,Mild
1,9.0,5.5,3.0,6,21.58,91.55,-30.0,Subclinical
1,8.6,5.5,3.0,15,26.42,98.28,-30.0,Mild
1,8.6,5.5,3.0,17,26.08,96.06,-30.0,Mild
1,9.0,5.5,3.0,7,19.75,86.03,-30.0,Subclinical
1,9.0,5.5,3.0,8,21.42,90.12,-30.0,Subclinical
2,8.6,5.5,3.0,3,33.17,85.3,-30.0,Mild
2,8.6,5.5,3.0,7,35.33,87.73,-30.0,Mild
2,8.6,5.5,3.0,6,32.0,87.58,-30.0,Mild
2,8.6,5.5,3.0,9,35.58,84.29,-30.0,Mild
2,8.2,5.5,3.0,18,33.42,89.91,-30.0,Moderate
2,8.6,5.5,3.0,4,36.33,87.62,-30.0,Mild
2,8.6,5.5,3.0,8,32.5,87.8,-30.0,Mild
2,8.6,5.5,3.0,16,29.83,88.39,-30.0,Mild
2,8.2,5.5,3.0,19,35.75,86.66,-30.0,Moderate
2,8.6,5.5,3.0,20,30.42,92.62,-30.0,Mild
2,7.4,5.5,3.0,0,18.0,100.0,-30.0,Critical
2,8.6,5.5,3.0,5,37.25,84.52,-30.0,Mild
2,8.6,5.5,3.0,1,32.08,93.33,-30.0,Mild
2,8.6,5.5,3.0,21,38.25,87.04,-30.0,Mild
2,8.2,5.5,3.0,14,24.92,88.19,-30.0,Moderate
2,8.2,5.5,3.0,11,30.42,88.7,-30.0,Moderate
2,8.6,5.5,3.0,12,33.75,91.56,-30.0,Mild
2,8.2,5.5,3.0,13,29.67,90.83,-30.0,Moderate
2,8.6,5.5,3.0,10,25.25,88.36,-30.0,Mild
2,8.6,5.5,3.0,17,27.08,89.08,-30.0,Mild
2,8.2,5.5,3.0,15,29.75,87.36,-30.0,Moderate
2,8.6,5.5,3.0,2,36.92,89.97,-30.0,Mild
1,9.0,5.5,3.0,6,28.25,89.97,-30.0,Subclinical
1,9.0,5.5,3.0,13,26.17,100.0,-30.0,Subclinical
1,9.0,5.5,3.0,17,20.42,85.1,-30.0,Subclinical
1,9.0,5.5,3.0,7,26.67,100.0,-30.0,Subclinical
1,8.2,5.5,3.0,0,18.0,100.0,-30.0,Moderate
1,9.0,5.5,3.0,15,18.33,74.17,-30.0,Subclinical
1,9.0,5.5,3.0,3,29.58,100.0,-30.0,Subclinical
1,9.0,5.5,3.0,2,23.92,95.52,-30.0,Subclinical
1,9.0,5.5,3.0,10,25.58,86.43,-30.0,Subclinical
1,9.0,5.5,3.0,1,19.83,88.78,-30.0,Subclinical
1,9.0,5.5,3.0,12,26.83,100.0,-30.0,Subclinical
1,9.0,5.5,3.0,18,14.75,72.31,-30.0,Subclinical
1,9.0,5.5,3.0,14,25.0,100.0,-30.0,Subclinical
1,9.0,5.5,3.0,20,15.0,60.0,-30.0,Subclinical
1,9.0,5.5,3.0,19,24.83,99.67,-30.0,Subclinical
1,9.0,5.5,3.0,16,24.0,84.35,-30.0,Subclinical
1,9.0,5.5,3.0,9,24.92,88.7,-30.0,Subclinical
1,9.0,5.5,3.0,5,28.75,91.66,-30.0,Subclinical
1,9.0,5.5,3.0,8,25.33,98.19,-30.0,Subclinical
1,9.0,5.5,3.0,4,20.5,85.87,-30.0,Subclinical
1,9.0,5.5,3.0,11,27.08,100.0,-30.0,Subclinical
1,8.6,5.5,3.0,2,34.58,90.22,-30.0,Mild
1,9.0,5.5,3.0,4,30.17,77.58,-30.0,Subclinical
1,8.6,5.5,3.0,3,39.25,96.66,-30.0,Mild
1,9.0,5.5,3.0,1,47.92,100.0,-30.0,Subclinical
1,7.8,5.5,3.0,0,18.0,100.0,-30.0,Critical
1,8.6,5.5,3.0,6,24.25,79.26,-30.0,Mild
1,9.0,5.5,3.0,1,33.92,100.0,-30.0,Subclinical
1,8.6,5.5,3.0,7,28.42,90.36,-30.0,Mild
1,8.6,5.5,3.0,4,36.83,96.02,-30.0,Mild
1,8.6,5.5,3.0,2,29.92,92.23,-30.0,Mild
1,9.0,5.5,3.0,5,41.75,100.0,-30.0,Subclinical
1,8.6,5.5,3.0,3,38.75,97.98,-30.0,Mild
1,9.0,5.5,3.0,9,20.58,83.05,-30.0,Subclinical
1,8.6,5.5,3.0,8,39.17,95.9,-30.0,Mild
1,7.8,5.5,3.0,0,18.0,100.0,-30.0,Critical
2,8.2,5.5,3.0,19,36.83,88.49,-30.0,Moderate
2,8.2,5.5,3.0,11,39.33,92.26,-30.0,Moderate
2,8.2,5.5,3.0,2,37.42,89.01,-30.0,Moderate
2,8.2,5.5,3.0,18,30.75,86.02,-30.0,Moderate
2,8.2,5.5,3.0,4,37.0,90.26,-30.0,Moderate
2,8.2,5.5,3.0,12,43.0,87.19,-30.0,Moderate
2,8.2,5.5,3.0,14,27.83,87.64,-30.0,Moderate
2,8.2,5.5,3.0,5,42.08,90.11,-30.0,Moderate
2,8.2,5.5,3.0,10,43.0,94.89,-30.0,Moderate
2,8.2,5.5,3.0,8,42.5,90.44,-30.0,Moderate
2,8.2,5.5,3.0,15,25.33,84.45,-30.0,Moderate
2,8.2,5.5,3.0,21,39.42,87.48,-30.0,Moderate
2,8.2,5.5,3.0,17,39.08,93.34,-30.0,Moderate
2,8.2,5.5,3.0,13,44.0,93.04,-30.0,Moderate
2,7.4,5.5,3.0,0,73.33,100.0,-30.0,Critical
2,8.2,5.5,3.0,16,34.58,90.78,-30.0,Moderate
2,8.2,5.5,3.0,6,40.0,91.01,-30.0,Moderate
2,8.2,5.5,3.0,3,42.75,94.67,-30.0,Moderate
2,8.2,5.5,3.0,9,45.75,93.94,-30.0,Moderate
2,8.2,5.5,3.0,7,42.25,93.99,-30.0,Moderate
2,8.2,5.5,3.0,20,33.42,85.08,-30.0,Moderate
2,8.6,5.5,3.0,1,42.75,97.09,-30.0,Mild
2,8.6,5.5,3.0,10,32.08,97.56,-30.0,Mild
2,8.6,5.5,3.0,17,37.92,99.9,-30.0,Mild
2,8.6,5.5,3.0,2,35.08,100.0,-30.0,Mild
2,8.6,5.5,3.0,20,34.42,100.0,-30.0,Mild
2,8.6,5.5,3.0,1,32.5,100.0,-30.0,Mild
2,8.6,5.5,3.0,4,29.58,100.0,-30.0,Mild
2,8.6,5.5,3.0,7,21.92,95.89,-30.0,Mild
2,8.2,5.5,3.0,21,32.0,95.11,-30.0,Moderate
2,8.6,5.5,3.0,11,31.33,99.19,-30.0,Mild
2,8.6,5.5,3.0,19,33.33,99.19,-30.0,Mild
2,8.6,5.5,3.0,12,35.92,100.0,-30.0,Mild
2,8.6,5.5,3.0,18,35.08,100.0,-30.0,Mild
2,8.6,5.5,3.0,5,36.67,94.69,-30.0,Mild
2,8.6,5.5,3.0,13,25.33,94.33,-30.0,Mild
2,8.6,5.5,3.0,15,30.58,100.0,-30.0,Mild
2,8.6,5.5,3.0,14,34.75,98.41,-30.0,Mild
2,8.6,5.5,3.0,9,32.0,100.0,-30.0,Mild
2,8.6,5.5,3.0,3,34.33,100.0,-30.0,Mild
2,8.6,5.5,3.0,6,35.42,100.0,-30.0,Mild
2,8.2,5.5,3.0,8,28.75,93.04,-30.0,Moderate
2,8.6,5.5,3.0,16,30.5,100.0,-30.0,Mild
2,7.8,5.5,3.0,0,18.0,100.0,-30.0,Critical
1,8.2,5.5,3.0,0,18.0,100.0,-30.0,Moderate
1,9.0,5.5,3.0,14,38.0,100.0,-30.0,Subclinical
1,9.0,5.5,3.0,16,18.0,96.43,-30.0,Subclinical
1,9.0,5.5,3.0,6,25.83,100.0,-30.0,Subclinical
1,9.0,5.5,3.0,1,26.25,100.0,-30.0,Subclinical
1,8.6,5.5,3.0,2,20.17,83.67,-30.0,Mild
1,8.6,5.5,3.0,5,26.83,99.8,-30.0,Mild
1,9.0,5.5,3.0,15,35.25,90.42,-30.0,Subclinical
1,8.6,5.5,3.0,7,20.67,88.32,-30.0,Mild
1,9.0,5.5,3.0,13,38.75,100.0,-30.0,Subclinical
1,8.6,5.5,3.0,8,25.92,100.0,-30.0,Mild
1,9.0,5.5,3.0,10,34.17,100.0,-30.0,Subclinical
1,8.6,5.5,3.0,9,28.67,97.0,-30.0,Mild
1,8.6,5.5,3.0,11,35.17,100.0,-30.0,Mild
1,9.0,5.5,3.0,4,27.75,100.0,-30.0,Subclinical
1,8.6,5.5,3.0,3,22.33,90.0,-30.0,Mild
1,9.0,5.5,3.0,12,39.08,100.0,-30.0,Subclinical
1,9.0,5.5,3.0,30,35.58,100.0,-30.0,Subclinical
1,8.2,5.5,3.0,8,4.67,46.78,-30.0,Moderate
1,9.0,5.5,3.0,30,27.08,97.85,-30.0,Subclinical
1,9.0,5.5,3.0,9,18.0,88.57,-30.0,Subclinical
1,8.6,5.5,3.0,30,22.42,80.99,-30.0,Mild
1,8.6,5.5,3.0,5,18.0,89.87,-30.0,Mild
1,8.6,5.5,3.0,30,28.0,95.06,-30.0,Mild
1,8.6,5.5,3.0,6,18.0,77.27,-30.0,Mild
1,8.6,5.5,3.0,3,18.0,73.33,-30.0,Mild
1,8.6,5.5,3.0,30,23.0,90.06,-30.0,Mild
1,9.0,5.5,3.0,11,18.0,70.2,-30.0,Subclinical
1,8.2,5.5,3.0,12,18.0,54.67,-30.0,Moderate
1,8.6,5.5,3.0,1,18.0,100.0,-30.0,Mild
1,8.6,5.5,3.0,2,18.0,92.27,-30.0,Mild
1,8.6,5.5,3.0,4,18.0,78.93,-30.0,Mild
1,8.6,5.5,3.0,30,18.0,100.0,-30.0,Mild
1,9.0,5.5,3.0,30,20.67,86.27,-30.0,Subclinical
1,9.0,5.5,3.0,30,29.58,98.37,-30.0,Subclinical
1,9.0,5.5,3.0,30,26.75,100.0,-30.0,Subclinical
1,9.0,5.5,3.0,30,25.92,95.38,-30.0,Subclinical
1,8.6,5.5,3.0,30,28.75,87.27,-30.0,Mild
1,9.0,5.5,3.0,30,25.83,100.0,-30.0,Subclinical
1,8.6,5.5,3.0,30,23.42,81.6,-30.0,Mild
1,9.0,5.5,3.0,10,18.0,79.17,-30.0,Subclinical
1,8.6,5.5,3.0,30,28.75,92.93,-30.0,Mild
1,8.6,5.5,3.0,30,26.58,96.64,-30.0,Mild
1,9.0,5.5,3.0,30,36.5,100.0,-30.0,Subclinical
1,8.6,5.5,3.0,30,20.08,79.73,-30.0,Mild
1,8.2,5.5,3.0,0,18.0,100.0,-30.0,Moderate
1,8.6,5.5,3.0,30,20.33,93.78,-30.0,Mild
1,9.0,5.5,3.0,30,25.67,100.0,-30.0,Subclinical
1,7.8,5.5,3.0,7,4.25,36.27,-30.0,Critical
1,9.0,5.5,3.0,30,23.08,97.44,-30.0,Subclinical
1,8.6,5.5,3.0,30,25.83,84.91,-30.0,Mild
1,9.0,5.5,3.0,30,25.92,100.0,-30.0,Subclinical
1,9.0,5.5,3.0,2,50.0,90.0,-30.0,Subclinical
1,9.0,5.5,3.0,4,48.92,84.69,-30.0,Subclinical
1,9.0,5.5,3.0,3,51.58,91.56,-30.0,Subclinical
1,9.0,5.5,3.0,5,47.25,86.77,-30.0,Subclinical
1,9.0,5.5,3.0,6,48.17,85.94,-30.0,Subclinical
1,9.0,5.5,3.0,1,51.42,100.0,-30.0,Subclinical
1,9.0,5.5,3.0,7,26.83,100.0,-30.0,Subclinical
1,9.0,5.5,3.0,14,35.58,100.0,-30.0,Subclinical
1,9.0,5.5,3.0,1,24.75,87.21,-30.0,Subclinical
1,9.0,5.5,3.0,12,28.25,100.0,-30.0,Subclinical
1,9.0,5.5,3.0,5,35.67,100.0,-30.0,Subclinical
1,9.0,5.5,3.0,15,33.33,100.0,-30.0,Subclinical
1,9.0,5.5,3.0,8,33.08,100.0,-30.0,Subclinical
1,9.0,5.5,3.0,4,19.33,84.08,-30.0,Subclinical
1,9.0,5.5,3.0,20,33.42,94.06,-30.0,Subclinical
1,9.0,5.5,3.0,2,24.75,95.23,-30.0,Subclinical
1,9.0,5.5,3.0,13,31.75,100.0,-30.0,Subclinical
1,9.0,5.5,3.0,9,33.92,100.0,-30.0,Subclinical
1,9.0,5.5,3.0,6,33.75,100.0,-30.0,Subclinical
1,9.0,5.5,3.0,3,29.42,90.94,-30.0,Subclinical
1,9.0,5.5,3.0,17,35.67,100.0,-30.0,Subclinical
1,9.0,5.5,3.0,18,31.83,100.0,-30.0,Subclinical
1,9.0,5.5,3.0,11,29.67,98.65,-30.0,Subclinical
1,9.0,5.5,3.0,10,24.08,98.17,-30.0,Subclinical
1,9.0,5.5,3.0,7,34.75,100.0,-30.0,Subclinical
1,9.0,5.5,3.0,16,30.5,100.0,-30.0,Subclinical
1,9.0,5.5,3.0,21,31.5,100.0,-30.0,Subclinical
1,9.0,5.5,3.0,19,29.17,100.0,-30.0,Subclinical
2,8.6,5.5,3.0,5,31.17,94.28,-30.0,Mild
2,8.6,5.5,3.0,12,30.0,97.93,-30.0,Mild
2,8.6,5.5,3.0,3,31.0,100.0,-30.0,Mild
2,8.6,5.5,3.0,10,32.75,94.49,-30.0,Mild
2,8.6,5.5,3.0,2,30.0,100.0,-30.0,Mild
2,8.6,5.5,3.0,21,31.42,97.9,-30.0,Mild
2,8.6,5.5,3.0,15,25.5,100.0,-30.0,Mild
2,8.6,5.5,3.0,4,27.92,98.97,-30.0,Mild
2,8.6,5.5,3.0,16,24.5,93.84,-30.0,Mild
2,8.6,5.5,3.0,7,33.25,98.94,-30.0,Mild
2,8.6,5.5,3.0,14,19.92,89.34,-30.0,Mild
2,8.6,5.5,3.0,8,23.75,93.51,-30.0,Mild
2,8.6,5.5,3.0,9,31.83,91.28,-30.0,Mild
2,8.6,5.5,3.0,18,29.83,94.5,-30.0,Mild
2,8.6,5.5,3.0,11,33.75,93.2,-30.0,Mild
2,8.6,5.5,3.0,19,28.58,100.0,-30.0,Mild
2,7.4,5.5,3.0,0,18.0,100.0,-30.0,Critical
2,8.6,5.5,3.0,1,27.42,100.0,-30.0,Mild
2,8.6,5.5,3.0,20,27.17,97.3,-30.0,Mild
2,8.6,5.5,3.0,17,29.5,92.39,-30.0,Mild
2,8.6,5.5,3.0,13,31.75,97.41,-30.0,Mild
2,8.2,5.5,3.0,6,30.17,95.11,-30.0,Moderate
2,8.6,5.5,3.0,12,35.25,100.0,-30.0,Mild
2,8.6,5.5,3.0,15,39.5,100.0,-30.0,Mild
2,8.6,5.5,3.0,11,44.5,100.0,-30.0,Mild
2,8.6,5.5,3.0,20,39.0,100.0,-30.0,Mild
2,8.6,5.5,3.0,9,33.0,92.92,-30.0,Mild
2,7.4,5.5,3.0,0,18.0,100.0,-30.0,Critical
2,8.6,5.5,3.0,13,48.5,100.0,-30.0,Mild
2,8.6,5.5,3.0,10,44.08,100.0,-30.0,Mild
2,8.6,5.5,3.0,6,28.25,90.97,-30.0,Mild
2,8.6,5.5,3.0,18,43.5,100.0,-30.0,Mild
2,8.6,5.5,3.0,1,49.33,93.82,-30.0,Mild
2,8.6,5.5,3.0,7,22.08,96.11,-30.0,Mild
2,8.6,5.5,3.0,16,42.42,100.0,-30.0,Mild
2,8.2,5.5,3.0,4,18.0,58.33,-30.0,Moderate
2,8.6,5.5,3.0,2,23.08,88.88,-30.0,Mild
2,8.2,5.5,3.0,17,45.25,100.0,-30.0,Moderate
2,8.6,5.5,3.0,14,37.42,100.0,-30.0,Mild
2,8.6,5.5,3.0,21,40.17,100.0,-30.0,Mild
2,7.8,5.5,3.0,8,7.58,45.59,-30.0,Critical
2,8.2,5.5,3.0,5,30.67,100.0,-30.0,Moderate
2,8.6,5.5,3.0,3,39.67,81.15,-30.0,Mild
2,8.6,5.5,3.0,19,35.75,100.0,-30.0,Mild
2,8.6,5.5,3.0,19,28.42,100.0,-30.0,Mild
2,8.6,5.5,3.0,17,29.92,100.0,-30.0,Mild
2,8.6,5.5,3.0,16,30.58,100.0,-30.0,Mild
2,8.6,5.5,3.0,4,20.42,89.81,-30.0,Mild
2,8.6,5.5,3.0,15,28.83,96.36,-30.0,Mild
2,8.6,5.5,3.0,7,31.92,100.0,-30.0,Mild
2,8.6,5.5,3.0,6,27.83,100.0,-30.0,Mild
2,8.6,5.5,3.0,13,22.25,91.19,-30.0,Mild
2,8.2,5.5,3.0,11,22.5,96.67,-30.0,Moderate
2,8.2,5.5,3.0,21,15.5,87.33,-30.0,Moderate
2,8.6,5.5,3.0,1,25.17,100.0,-30.0,Mild
2,8.6,5.5,3.0,12,24.83,99.78,-30.0,Mild
2,8.6,5.5,3.0,18,28.42,100.0,-30.0,Mild
2,8.2,5.5,3.0,2,19.5,81.92,-30.0,Moderate
2,8.2,5.5,3.0,9,24.75,89.24,-30.0,Moderate
2,8.6,5.5,3.0,10,24.92,99.89,-30.0,Mild
2,8.6,5.5,3.0,5,28.42,100.0,-30.0,Mild
2,7.4,5.5,3.0,0,18.0,100.0,-30.0,Critical
2,8.6,5.5,3.0,14,27.58,100.0,-30.0,Mild
2,8.6,5.5,3.0,3,18.08,88.9,-30.0,Mild
2,8.2,5.5,3.0,8,22.08,85.92,-30.0,Moderate
2,8.6,5.5,3.0,20,22.33,96.44,-30.0,Mild
1,8.6,5.5,3.0,11,34.5,99.93,-30.0,Mild
1,9.0,5.5,3.0,1,32.5,100.0,-30.0,Subclinical
1,8.6,5.5,3.0,9,32.08,99.86,-30.0,Mild
1,9.0,5.5,3.0,6,37.08,95.14,-30.0,Subclinical
1,8.2,5.5,3.0,0,18.0,100.0,-30.0,Moderate
1,8.6,5.5,3.0,21,29.42,98.19,-30.0,Mild
1,8.6,5.5,3.0,10,34.33,97.08,-30.0,Mild
1,9.0,5.5,3.0,20,30.5,98.54,-30.0,Subclinical
1,9.0,5.5,3.0,16,38.33,97.92,-30.0,Subclinical
1,8.6,5.5,3.0,2,29.5,100.0,-30.0,Mild
1,9.0,5.5,3.0,5,34.5,98.19,-30.0,Subclinical
1,9.0,5.5,3.0,4,38.33,97.92,-30.0,Subclinical
1,9.0,5.5,3.0,18,30.25,97.99,-30.0,Subclinical
1,9.0,5.5,3.0,12,34.83,93.12,-30.0,Subclinical
1,8.6,5.5,3.0,7,32.17,100.0,-30.0,Mild
1,8.6,5.5,3.0,15,28.67,100.0,-30.0,Mild
1,9.0,5.5,3.0,8,37.08,99.1,-30.0,Subclinical
1,8.6,5.5,3.0,13,27.33,97.15,-30.0,Mild
1,8.6,5.5,3.0,3,28.42,100.0,-30.0,Mild
1,8.6,5.5,3.0,14,34.25,100.0,-30.0,Mild
1,8.6,5.5,3.0,17,31.58,100.0,-30.0,Mild
1,8.6,5.5,3.0,19,30.83,96.88,-30.0,Mild
2,8.2,5.5,3.0,8,37.75,91.83,-30.0,Moderate
2,8.2,5.5,3.0,17,28.08,89.99,-30.0,Moderate
2,8.2,5.5,3.0,13,44.0,91.67,-30.0,Moderate
2,8.2,5.5,3.0,6,33.58,94.69,-30.0,Moderate
2,8.2,5.5,3.0,15,37.83,100.0,-30.0,Moderate
2,8.2,5.5,3.0,16,33.67,90.98,-30.0,Moderate
2,8.6,5.5,3.0,19,29.67,100.0,-30.0,Mild
2,8.2,5.5,3.0,7,35.25,92.79,-30.0,Moderate
2,8.2,5.5,3.0,10,38.58,90.71,-30.0,Moderate
2,8.6,5.5,3.0,21,36.5,95.82,-30.0,Mild
2,8.2,5.5,3.0,3,26.17,98.71,-30.0,Moderate
2,8.2,5.5,3.0,18,34.75,95.88,-30.0,Moderate
2,8.2,5.5,3.0,14,36.58,89.07,-30.0,Moderate
2,8.2,5.5,3.0,12,40.0,94.03,-30.0,Moderate
2,8.2,5.5,3.0,1,33.75,87.37,-30.0,Moderate
2,7.4,5.5,3.0,0,18.0,100.0,-30.0,Critical
2,8.6,5.5,3.0,20,45.5,97.69,-30.0,Mild
2,8.2,5.5,3.0,11,33.25,92.89,-30.0,Moderate
2,8.2,5.5,3.0,2,31.0,90.51,-30.0,Moderate
2,8.2,5.5,3.0,9,33.58,86.64,-30.0,Moderate
2,8.2,5.5,3.0,4,27.83,98.19,-30.0,Moderate
2,8.2,5.5,3.0,5,32.75,92.18,-30.0,Moderate
1,9.0,5.5,3.0,1,18.0,100.0,-30.0,Subclinical
1,7.8,5.5,3.0,0,18.0,100.0,-30.0,Critical
1,8.2,5.5,3.0,0,18.0,100.0,-30.0,Moderate
1,9.0,5.5,3.0,12,18.0,79.67,-30.0,Subclinical
1,9.0,5.5,3.0,18,18.0,90.23,-30.0,Subclinical
1,9.0,5.5,3.0,4,32.42,91.74,-30.0,Subclinical
1,8.6,5.5,3.0,5,18.0,57.73,-30.0,Mild
1,9.0,5.5,3.0,14,18.0,83.37,-30.0,Subclinical
1,9.0,5.5,3.0,10,18.0,67.77,-30.0,Subclinical
1,8.6,5.5,3.0,3,9.08,57.35,-30.0,Mild
1,9.0,5.5,3.0,21,18.0,73.73,-30.0,Subclinical
1,8.6,5.5,3.0,1,18.0,57.27,-30.0,Mild
1,9.0,5.5,3.0,17,18.0,76.07,-30.0,Subclinical
1,9.0,5.5,3.0,11,18.0,76.43,-30.0,Subclinical
1,8.6,5.5,3.0,20,3.5,53.3,-30.0,Mild
1,9.0,5.5,3.0,16,18.0,78.53,-30.0,Subclinical
1,8.6,5.5,3.0,8,18.0,46.97,-30.0,Mild
1,8.6,5.5,3.0,2,18.0,53.67,-30.0,Mild
1,9.0,5.5,3.0,15,18.0,72.4,-30.0,Subclinical
1,8.6,5.5,3.0,19,5.0,50.55,-30.0,Mild
1,9.0,5.5,3.0,6,18.0,61.8,-30.0,Subclinical
1,8.6,5.5,3.0,7,18.0,54.1,-30.0,Mild
1,8.6,5.5,3.0,9,3.58,50.98,-30.0,Mild
1,8.6,5.5,3.0,13,3.75,43.62,-30.0,Mild
1,9.0,5.5,3.0,2,21.33,95.11,-30.0,Subclinical
1,7.8,5.5,3.0,12,4.83,19.33,-30.0,Critical
1,9.0,5.5,3.0,3,22.67,96.89,-30.0,Subclinical
1,9.0,5.5,3.0,8,15.75,87.67,-30.0,Subclinical
1,8.2,5.5,3.0,0,18.0,100.0,-30.0,Moderate
1,9.0,5.5,3.0,5,27.5,100.0,-30.0,Subclinical
1,9.0,5.5,3.0,11,32.08,100.0,-30.0,Subclinical
1,9.0,5.5,3.0,4,29.83,100.0,-30.0,Subclinical
1,9.0,5.5,3.0,9,22.33,96.44,-30.0,Subclinical
1,9.0,5.5,3.0,10,22.58,96.78,-30.0,Subclinical
1,9.0,5.5,3.0,7,27.67,100.0,-30.0,Subclinical
1,9.0,5.5,3.0,6,29.25,100.0,-30.0,Subclinical
1,9.0,5.5,3.0,1,13.42,84.56,-30.0,Subclinical
1,9.0,5.5,3.0,3,21.0,94.67,-30.0,Subclinical
1,9.0,5.5,3.0,9,23.33,97.78,-30.0,Subclinical
1,8.6,5.5,3.0,16,25.17,98.47,-30.0,Mild
1,9.0,5.5,3.0,10,32.67,100.0,-30.0,Subclinical
1,9.0,5.5,3.0,6,27.58,100.0,-30.0,Subclinical
1,8.6,5.5,3.0,15,27.08,100.0,-30.0,Mild
1,9.0,5.5,3.0,4,25.17,100.0,-30.0,Subclinical
1,8.6,5.5,3.0,12,25.75,100.0,-30.0,Mild
1,9.0,5.5,3.0,17,31.17,100.0,-30.0,Subclinical
1,9.0,5.5,3.0,5,24.08,98.78,-30.0,Subclinical
1,9.0,5.5,3.0,21,29.42,100.0,-30.0,Subclinical
1,9.0,5.5,3.0,20,39.83,100.0,-30.0,Subclinical
1,8.6,5.5,3.0,11,30.92,99.78,-30.0,Mild
1,8.2,5.5,3.0,0,18.0,100.0,-30.0,Moderate
1,9.0,5.5,3.0,14,33.33,100.0,-30.0,Subclinical
1,9.0,5.5,3.0,2,24.17,98.89,-30.0,Subclinical
1,8.6,5.5,3.0,13,29.25,100.0,-30.0,Mild
1,9.0,5.5,3.0,19,30.58,100.0,-30.0,Subclinical
1,8.6,5.5,3.0,8,27.75,100.0,-30.0,Mild
1,9.0,5.5,3.0,1,25.08,100.0,-30.0,Subclinical
1,8.6,5.5,3.0,18,31.42,96.26,-30.0,Mild
1,9.0,5.5,3.0,7,28.17,100.0,-30.0,Subclinical
2,8.2,5.5,3.0,14,31.5,100.0,-30.0,Moderate
2,8.2,5.5,3.0,6,33.58,100.0,-30.0,Moderate
2,8.2,5.5,3.0,7,35.58,100.0,-30.0,Moderate
2,8.2,5.5,3.0,12,32.58,100.0,-30.0,Moderate
2,8.6,5.5,3.0,2,31.33,97.43,-30.0,Mild
2,8.2,5.5,3.0,8,34.58,100.0,-30.0,Moderate
2,8.2,5.5,3.0,5,37.17,99.51,-30.0,Moderate
2,8.2,5.5,3.0,3,29.83,100.0,-30.0,Moderate
2,8.6,5.5,3.0,1,35.92,91.74,-30.0,Mild
2,8.2,5.5,3.0,15,31.08,98.82,-30.0,Moderate
2,8.2,5.5,3.0,9,41.33,100.0,-30.0,Moderate
2,8.2,5.5,3.0,10,33.0,100.0,-30.0,Moderate
2,8.2,5.5,3.0,20,32.08,100.0,-30.0,Moderate
2,8.2,5.5,3.0,16,30.83,100.0,-30.0,Moderate
2,8.2,5.5,3.0,19,33.08,100.0,-30.0,Moderate
2,7.4,5.5,3.0,0,18.0,100.0,-30.0,Critical
2,8.2,5.5,3.0,4,33.17,100.0,-30.0,Moderate
2,8.2,5.5,3.0,21,35.0,100.0,-30.0,Moderate
2,8.2,5.5,3.0,17,36.5,100.0,-30.0,Moderate
2,8.2,5.5,3.0,18,28.58,99.94,-30.0,Moderate
2,8.2,5.5,3.0,11,31.25,100.0,-30.0,Moderate
2,8.2,5.5,3.0,13,36.67,100.0,-30.0,Moderate
2,8.6,5.5,3.0,11,18.0,66.87,-30.0,Mild
2,8.2,5.5,3.0,18,18.0,62.03,-30.0,Moderate
2,8.2,5.5,3.0,17,18.0,81.43,-30.0,Moderate
2,7.8,5.5,3.0,3,18.0,52.7,-30.0,Critical
2,8.6,5.5,3.0,19,18.0,76.73,-30.0,Mild
2,8.6,5.5,3.0,14,18.0,64.6,-30.0,Mild
2,8.2,5.5,3.0,9,18.0,70.4,-30.0,Moderate
2,7.4,5.5,3.0,0,18.0,100.0,-30.0,Critical
2,8.2,5.5,3.0,4,18.0,67.47,-30.0,Moderate
2,7.8,5.5,3.0,2,18.0,50.07,-30.0,Critical
2,8.2,5.5,3.0,8,18.0,66.83,-30.0,Moderate
2,8.2,5.5,3.0,7,18.0,74.53,-30.0,Moderate
2,8.2,5.5,3.0,12,18.0,78.33,-30.0,Moderate
2,8.2,5.5,3.0,13,18.0,72.7,-30.0,Moderate
2,8.2,5.5,3.0,16,18.0,70.3,-30.0,Moderate
2,8.2,5.5,3.0,15,18.0,66.9,-30.0,Moderate
2,8.2,5.5,3.0,20,18.0,66.47,-30.0,Moderate
2,8.2,5.5,3.0,10,18.0,79.7,-30.0,Moderate
2,8.2,5.5,3.0,1,18.0,98.43,-30.0,Moderate
2,7.8,5.5,3.0,6,18.0,58.73,-30.0,Critical
2,8.2,5.5,3.0,21,18.0,70.17,-30.0,Moderate
2,8.2,5.5,3.0,5,18.0,84.57,-30.0,Moderate
2,8.2,5.5,3.0,11,31.75,99.65,-30.0,Moderate
2,8.2,5.5,3.0,16,30.83,89.28,-30.0,Moderate
2,8.2,5.5,3.0,21,30.67,91.77,-30.0,Moderate
2,8.2,5.5,3.0,14,33.08,92.58,-30.0,Moderate
2,8.2,5.5,3.0,19,30.67,91.17,-30.0,Moderate
2,8.6,5.5,3.0,4,35.75,100.0,-30.0,Mild
2,8.2,5.5,3.0,12,37.67,100.0,-30.0,Moderate
2,8.2,5.5,3.0,17,20.5,89.97,-30.0,Moderate
2,8.2,5.5,3.0,9,29.25,99.51,-30.0,Moderate
2,8.2,5.5,3.0,5,32.83,100.0,-30.0,Moderate
2,8.2,5.5,3.0,1,31.08,100.0,-30.0,Moderate
2,8.2,5.5,3.0,8,34.92,95.76,-30.0,Moderate
2,8.2,5.5,3.0,10,33.25,97.15,-30.0,Moderate
2,8.2,5.5,3.0,18,26.92,87.39,-30.0,Moderate
2,8.2,5.5,3.0,7,32.0,100.0,-30.0,Moderate
2,8.2,5.5,3.0,15,36.0,89.89,-30.0,Moderate
2,8.2,5.5,3.0,6,33.5,97.99,-30.0,Moderate
2,8.2,5.5,3.0,3,31.25,99.44,-30.0,Moderate
2,8.6,5.5,3.0,2,30.83,98.12,-30.0,Mild
2,8.2,5.5,3.0,13,28.83,99.24,-30.0,Moderate
2,8.2,5.5,3.0,20,25.75,83.38,-30.0,Moderate
1,9.0,5.5,3.0,8,25.0,94.69,-30.0,Subclinical
1,9.0,5.5,3.0,5,18.58,78.42,-30.0,Subclinical
1,9.0,5.5,3.0,19,26.0,100.0,-30.0,Subclinical
1,9.0,5.5,3.0,7,20.92,89.75,-30.0,Subclinical
1,9.0,5.5,3.0,2,21.83,91.58,-30.0,Subclinical
1,9.0,5.5,3.0,14,25.67,93.85,-30.0,Subclinical
1,9.0,5.5,3.0,4,31.17,96.56,-30.0,Subclinical
1,9.0,5.5,3.0,10,23.33,96.35,-30.0,Subclinical
1,9.0,5.5,3.0,21,27.92,100.0,-30.0,Subclinical
1,9.0,5.5,3.0,13,22.83,95.67,-30.0,Subclinical
1,9.0,5.5,3.0,11,24.92,99.83,-30.0,Subclinical
1,9.0,5.5,3.0,12,32.67,93.96,-30.0,Subclinical
1,9.0,5.5,3.0,9,16.17,79.21,-30.0,Subclinical
1,9.0,5.5,3.0,17,29.58,100.0,-30.0,Subclinical
1,9.0,5.5,3.0,18,28.0,100.0,-30.0,Subclinical
1,9.0,5.5,3.0,15,27.17,100.0,-30.0,Subclinical
1,9.0,5.5,3.0,1,21.67,89.06,-30.0,Subclinical
1,9.0,5.5,3.0,6,17.92,73.02,-30.0,Subclinical
1,9.0,5.5,3.0,3,29.08,91.67,-30.0,Subclinical
1,9.0,5.5,3.0,16,28.83,100.0,-30.0,Subclinical
1,9.0,5.5,3.0,20,26.42,100.0,-30.0,Subclinical
1,8.6,5.5,3.0,13,28.75,97.99,-30.0,Mild
1,8.6,5.5,3.0,18,32.5,96.67,-30.0,Mild
1,9.0,5.5,3.0,3,28.33,92.71,-30.0,Subclinical
1,8.6,5.5,3.0,9,26.08,97.5,-30.0,Mild
1,8.6,5.5,3.0,16,31.58,97.15,-30.0,Mild
1,9.0,5.5,3.0,17,36.17,94.51,-30.0,Subclinical
1,8.6,5.5,3.0,8,36.83,93.75,-30.0,Mild
1,9.0,5.5,3.0,2,33.33,97.01,-30.0,Subclinical
1,8.6,5.5,3.0,7,26.58,98.06,-30.0,Mild
1,9.0,5.5,3.0,1,30.67,97.08,-30.0,Subclinical
1,8.6,5.5,3.0,15,37.33,90.28,-30.0,Mild
1,8.6,5.5,3.0,6,33.83,91.81,-30.0,Mild
1,8.6,5.5,3.0,20,31.83,100.0,-30.0,Mild
1,9.0,5.5,3.0,5,29.42,100.0,-30.0,Subclinical
1,9.0,5.5,3.0,21,35.42,93.33,-30.0,Subclinical
1,8.6,5.5,3.0,12,32.92,90.07,-30.0,Mild
1,8.6,5.5,3.0,11,28.42,100.0,-30.0,Mild
1,8.6,5.5,3.0,19,33.08,100.0,-30.0,Mild
1,9.0,5.5,3.0,10,31.17,95.9,-30.0,Subclinical
1,9.0,5.5,3.0,4,33.08,94.65,-30.0,Subclinical
1,8.6,5.5,3.0,14,36.17,96.25,-30.0,Mild
1,9.0,5.5,3.0,15,27.42,100.0,-30.0,Subclinical
1,8.6,5.5,3.0,17,26.67,98.2,-30.0,Mild
1,8.6,5.5,3.0,16,23.33,92.87,-30.0,Mild
1,7.8,5.5,3.0,0,18.0,100.0,-30.0,Critical
1,8.6,5.5,3.0,20,27.25,99.11,-30.0,Mild
1,9.0,5.5,3.0,9,23.58,98.11,-30.0,Subclinical
1,8.6,5.5,3.0,14,27.0,98.93,-30.0,Mild
1,8.6,5.5,3.0,18,33.75,100.0,-30.0,Mild
1,8.6,5.5,3.0,4,13.67,71.98,-30.0,Mild
1,8.6,5.5,3.0,8,26.17,96.33,-30.0,Mild
1,8.6,5.5,3.0,6,25.58,95.48,-30.0,Mild
1,8.6,5.5,3.0,5,20.42,91.04,-30.0,Mild
1,8.6,5.5,3.0,2,14.08,76.55,-30.0,Mild
1,8.6,5.5,3.0,19,25.0,100.0,-30.0,Mild
1,8.6,5.5,3.0,21,28.0,96.91,-30.0,Mild
1,8.6,5.5,3.0,12,29.67,100.0,-30.0,Mild
1,9.0,5.5,3.0,7,15.75,87.67,-30.0,Subclinical
1,9.0,5.5,3.0,10,26.92,100.0,-30.0,Subclinical
1,9.0,5.5,3.0,11,20.92,94.56,-30.0,Subclinical
1,9.0,5.5,3.0,13,31.25,100.0,-30.0,Subclinical
1,9.0,5.5,3.0,1,20.58,92.31,-30.0,Subclinical
1,8.6,5.5,3.0,3,13.67,68.64,-30.0,Mild
1,9.0,5.5,3.0,17,39.0,98.85,-30.0,Subclinical
1,9.0,5.5,3.0,20,32.17,91.04,-30.0,Subclinical
1,9.0,5.5,3.0,13,31.92,90.83,-30.0,Subclinical
1,9.0,5.5,3.0,16,29.67,100.0,-30.0,Subclinical
1,9.0,5.5,3.0,19,37.58,99.58,-30.0,Subclinical
1,9.0,5.5,3.0,9,36.83,84.06,-30.0,Subclinical
1,9.0,5.5,3.0,7,38.25,90.73,-30.0,Subclinical
1,9.0,5.5,3.0,15,29.75,93.44,-30.0,Subclinical
1,9.0,5.5,3.0,11,31.5,79.06,-30.0,Subclinical
1,9.0,5.5,3.0,18,32.33,100.0,-30.0,Subclinical
1,9.0,5.5,3.0,8,36.67,100.0,-30.0,Subclinical
1,9.0,5.5,3.0,5,28.0,77.4,-30.0,Subclinical
1,9.0,5.5,3.0,6,35.92,87.92,-30.0,Subclinical
1,9.0,5.5,3.0,14,37.42,94.48,-30.0,Subclinical
1,9.0,5.5,3.0,1,21.33,85.33,-30.0,Subclinical
1,9.0,5.5,3.0,12,27.58,93.65,-30.0,Subclinical
1,9.0,5.5,3.0,21,32.25,84.17,-30.0,Subclinical
1,9.0,5.5,3.0,10,34.0,91.56,-30.0,Subclinical
2,8.2,5.5,3.0,15,39.67,100.0,-30.0,Moderate
2,8.6,5.5,3.0,20,33.58,100.0,-30.0,Mild
2,8.2,5.5,3.0,3,32.67,100.0,-30.0,Moderate
2,8.2,5.5,3.0,14,36.67,98.64,-30.0,Moderate
2,8.2,5.5,3.0,5,29.08,100.0,-30.0,Moderate
2,8.2,5.5,3.0,13,38.67,98.1,-30.0,Moderate
2,8.2,5.5,3.0,9,38.42,100.0,-30.0,Moderate
2,8.2,5.5,3.0,7,41.75,100.0,-30.0,Moderate
2,8.2,5.5,3.0,16,41.08,100.0,-30.0,Moderate
2,8.2,5.5,3.0,1,32.33,100.0,-30.0,Moderate
2,8.2,5.5,3.0,17,43.17,100.0,-30.0,Moderate
2,8.2,5.5,3.0,2,36.5,100.0,-30.0,Moderate
2,8.2,5.5,3.0,12,30.17,100.0,-30.0,Moderate
2,7.4,5.5,3.0,0,18.0,100.0,-30.0,Critical
2,8.2,5.5,3.0,18,34.75,99.03,-30.0,Moderate
2,8.2,5.5,3.0,10,36.75,100.0,-30.0,Moderate
2,8.2,5.5,3.0,6,32.33,100.0,-30.0,Moderate
2,8.2,5.5,3.0,11,38.25,100.0,-30.0,Moderate
2,8.2,5.5,3.0,8,39.08,100.0,-30.0,Moderate
2,8.2,5.5,3.0,4,26.75,100.0,-30.0,Moderate
2,8.2,5.5,3.0,19,36.17,100.0,-30.0,Moderate
2,8.2,5.5,3.0,21,36.17,93.54,-30.0,Moderate
2,8.6,5.5,3.0,11,37.5,100.0,-30.0,Mild
2,8.6,5.5,3.0,6,38.17,97.71,-30.0,Mild
2,8.6,5.5,3.0,7,39.33,100.0,-30.0,Mild
2,8.6,5.5,3.0,3,28.25,96.06,-30.0,Mild
2,8.6,5.5,3.0,15,32.17,91.34,-30.0,Mild
2,8.6,5.5,3.0,2,36.92,97.29,-30.0,Mild
2,8.6,5.5,3.0,13,41.75,100.0,-30.0,Mild
2,8.6,5.5,3.0,1,36.83,98.28,-30.0,Mild
2,8.6,5.5,3.0,16,30.58,97.3,-30.0,Mild
2,7.8,5.5,3.0,0,18.0,100.0,-30.0,Critical
2,8.6,5.5,3.0,14,31.75,94.04,-30.0,Mild
2,8.2,5.5,3.0,18,34.33,92.8,-30.0,Moderate
2,8.2,5.5,3.0,19,30.25,88.49,-30.0,Moderate
2,8.6,5.5,3.0,8,34.67,100.0,-30.0,Mild
2,8.6,5.5,3.0,9,35.92,100.0,-30.0,Mild
2,8.2,5.5,3.0,12,23.92,91.77,-30.0,Moderate
2,8.6,5.5,3.0,4,32.58,100.0,-30.0,Mild
2,8.6,5.5,3.0,21,36.83,91.04,-30.0,Mild
2,8.6,5.5,3.0,5,29.58,93.54,-30.0,Mild
2,8.2,5.5,3.0,10,26.42,72.96,-30.0,Moderate
2,8.2,5.5,3.0,20,34.5,89.24,-30.0,Moderate
2,8.2,5.5,3.0,17,34.42,90.27,-30.0,Moderate
1,8.2,5.5,3.0,0,18.0,100.0,-30.0,Moderate
2,8.2,5.5,3.0,15,26.42,88.77,-30.0,Moderate
2,8.2,5.5,3.0,6,36.92,99.63,-30.0,Moderate
2,8.6,5.5,3.0,12,29.17,100.0,-30.0,Mild
2,8.2,5.5,3.0,19,29.0,90.7,-30.0,Moderate
2,8.2,5.5,3.0,3,31.25,100.0,-30.0,Moderate
2,8.2,5.5,3.0,11,27.5,100.0,-30.0,Moderate
2,8.2,5.5,3.0,1,28.75,98.57,-30.0,Moderate
2,8.2,5.5,3.0,7,31.58,95.0,-30.0,Moderate
2,8.2,5.5,3.0,17,27.0,94.43,-30.0,Moderate
2,8.2,5.5,3.0,5,30.67,96.81,-30.0,Moderate
2,8.2,5.5,3.0,10,31.17,97.89,-30.0,Moderate
2,8.2,5.5,3.0,20,26.42,89.1,-30.0,Moderate
2,8.2,5.5,3.0,8,35.58,99.77,-30.0,Moderate
2,8.6,5.5,3.0,16,31.33,97.99,-30.0,Mild
2,8.2,5.5,3.0,2,32.0,98.78,-30.0,Moderate
2,8.6,5.5,3.0,13,25.5,100.0,-30.0,Mild
2,8.2,5.5,3.0,21,32.92,93.11,-30.0,Moderate
2,8.6,5.5,3.0,14,32.58,99.5,-30.0,Mild
2,8.2,5.5,3.0,4,35.58,100.0,-30.0,Moderate
2,8.2,5.5,3.0,18,29.42,91.64,-30.0,Moderate
2,7.4,5.5,3.0,0,18.0,100.0,-30.0,Critical
2,8.2,5.5,3.0,9,29.08,94.99,-30.0,Moderate
1,9.0,5.5,3.0,21,18.0,77.2,-30.0,Subclinical
1,9.0,5.5,3.0,20,18.0,71.2,-30.0,Subclinical
1,8.6,5.5,3.0,4,18.0,70.27,-30.0,Mild
1,9.0,5.5,3.0,14,18.0,73.97,-30.0,Subclinical
1,8.6,5.5,3.0,2,18.0,68.07,-30.0,Mild
1,9.0,5.5,3.0,11,35.5,97.43,-30.0,Subclinical
1,8.6,5.5,3.0,6,18.0,62.73,-30.0,Mild
1,8.6,5.5,3.0,19,4.83,47.52,-30.0,Mild
1,8.2,5.5,3.0,1,18.0,58.63,-30.0,Moderate
1,8.6,5.5,3.0,5,18.0,60.8,-30.0,Mild
1,9.0,5.5,3.0,16,18.0,84.9,-30.0,Subclinical
1,9.0,5.5,3.0,10,16.75,64.42,-30.0,Subclinical
1,9.0,5.5,3.0,15,18.0,78.8,-30.0,Subclinical
1,8.6,5.5,3.0,8,18.0,75.27,-30.0,Mild
1,7.8,5.5,3.0,9,18.0,39.6,-30.0,Critical
1,8.6,5.5,3.0,7,18.0,77.53,-30.0,Mild
1,7.8,5.5,3.0,0,18.0,100.0,-30.0,Critical
1,8.6,5.5,3.0,12,10.08,59.13,-30.0,Mild
1,8.6,5.5,3.0,13,3.75,46.77,-30.0,Mild
1,8.6,5.5,3.0,3,18.0,66.93,-30.0,Mild
1,9.0,5.5,3.0,17,18.0,85.5,-30.0,Subclinical
1,8.6,5.5,3.0,18,4.0,45.42,-30.0,Mild
1,9.0,5.5,3.0,1,24.08,97.65,-30.0,Subclinical
1,9.0,5.5,3.0,3,37.92,100.0,-30.0,Subclinical
1,9.0,5.5,3.0,5,38.08,100.0,-30.0,Subclinical
1,9.0,5.5,3.0,4,40.0,98.96,-30.0,Subclinical
1,9.0,5.5,3.0,2,39.17,100.0,-30.0,Subclinical
1,8.6,5.5,3.0,6,29.67,100.0,-30.0,Mild
1,8.2,5.5,3.0,7,32.92,66.68,-30.0,Moderate
1,9.0,5.5,3.0,4,36.08,100.0,-30.0,Subclinical
1,9.0,5.5,3.0,3,34.92,100.0,-30.0,Subclinical
1,8.6,5.5,3.0,9,15.58,57.62,-30.0,Mild
1,7.8,5.5,3.0,0,18.0,100.0,-30.0,Critical
1,9.0,5.5,3.0,2,30.67,100.0,-30.0,Subclinical
1,8.6,5.5,3.0,8,37.5,100.0,-30.0,Mild
1,9.0,5.5,3.0,1,32.42,100.0,-30.0,Subclinical
1,8.6,5.5,3.0,5,33.33,100.0,-30.0,Mild
1,8.6,5.5,3.0,4,24.83,97.01,-30.0,Mild
1,8.2,5.5,3.0,6,8.17,32.33,-30.0,Moderate
1,9.0,5.5,3.0,2,21.75,86.57,-30.0,Subclinical
1,8.6,5.5,3.0,3,20.58,90.49,-30.0,Mild
1,8.6,5.5,3.0,5,24.75,93.21,-30.0,Mild
1,8.6,5.5,3.0,1,24.92,99.89,-30.0,Mild
1,7.8,5.5,3.0,0,18.0,100.0,-30.0,Critical
2,8.6,5.5,3.0,11,30.33,96.46,-30.0,Mild
2,8.6,5.5,3.0,7,44.83,87.6,-30.0,Mild
2,8.6,5.5,3.0,19,38.08,87.29,-30.0,Mild
2,8.6,5.5,3.0,18,49.75,96.77,-30.0,Mild
2,8.6,5.5,3.0,21,38.58,82.4,-30.0,Mild
2,8.6,5.5,3.0,16,43.67,100.0,-30.0,Mild
2,8.6,5.5,3.0,20,41.58,94.69,-30.0,Mild
2,8.6,5.5,3.0,15,43.33,100.0,-30.0,Mild
2,8.6,5.5,3.0,8,43.33,100.0,-30.0,Mild
2,8.6,5.5,3.0,4,31.67,100.0,-30.0,Mild
2,8.6,5.5,3.0,9,45.83,100.0,-30.0,Mild
2,8.6,5.5,3.0,12,46.5,98.85,-30.0,Mild
2,8.6,5.5,3.0,5,46.33,89.58,-30.0,Mild
2,8.6,5.5,3.0,13,34.25,93.02,-30.0,Mild
2,8.6,5.5,3.0,1,43.75,95.62,-30.0,Mild
2,8.6,5.5,3.0,3,37.75,100.0,-30.0,Mild
2,8.6,5.5,3.0,2,38.92,98.54,-30.0,Mild
2,8.6,5.5,3.0,17,36.67,90.73,-30.0,Mild
2,8.6,5.5,3.0,6,37.67,83.85,-30.0,Mild
2,8.6,5.5,3.0,10,42.25,100.0,-30.0,Mild
2,8.6,5.5,3.0,14,34.42,91.35,-30.0,Mild
1,9.0,5.5,3.0,14,32.33,91.15,-30.0,Subclinical
1,9.0,5.5,3.0,9,30.67,85.21,-30.0,Subclinical
1,9.0,5.5,3.0,2,20.33,67.65,-30.0,Subclinical
1,9.0,5.5,3.0,11,30.25,81.25,-30.0,Subclinical
1,9.0,5.5,3.0,6,27.17,86.77,-30.0,Subclinical
1,9.0,5.5,3.0,7,28.42,90.1,-30.0,Subclinical
1,9.0,5.5,3.0,16,23.92,91.27,-30.0,Subclinical
1,9.0,5.5,3.0,21,28.33,86.25,-30.0,Subclinical
1,9.0,5.5,3.0,8,33.17,90.94,-30.0,Subclinical
1,9.0,5.5,3.0,18,30.92,91.25,-30.0,Subclinical
1,9.0,5.5,3.0,13,26.17,94.06,-30.0,Subclinical
1,9.0,5.5,3.0,10,31.75,96.15,-30.0,Subclinical
1,9.0,5.5,3.0,5,21.17,73.17,-30.0,Subclinical
1,9.0,5.5,3.0,19,34.83,91.46,-30.0,Subclinical
1,9.0,5.5,3.0,4,24.17,80.94,-30.0,Subclinical
1,9.0,5.5,3.0,3,24.42,77.38,-30.0,Subclinical
1,9.0,5.5,3.0,17,32.25,88.65,-30.0,Subclinical
1,9.0,5.5,3.0,20,29.17,90.62,-30.0,Subclinical
1,9.0,5.5,3.0,12,28.67,94.38,-30.0,Subclinical
1,9.0,5.5,3.0,15,31.17,85.83,-30.0,Subclinical
1,9.0,5.5,3.0,1,24.58,98.33,-30.0,Subclinical
2,8.6,5.5,3.0,18,27.67,100.0,-30.0,Mild
2,8.6,5.5,3.0,11,26.58,98.84,-30.0,Mild
2,7.4,5.5,3.0,0,18.0,100.0,-30.0,Critical
2,8.6,5.5,3.0,20,31.17,100.0,-30.0,Mild
2,8.6,5.5,3.0,10,25.25,100.0,-30.0,Mild
2,8.6,5.5,3.0,7,29.33,100.0,-30.0,Mild
2,8.6,5.5,3.0,6,26.33,100.0,-30.0,Mild
2,8.6,5.5,3.0,9,26.25,100.0,-30.0,Mild
2,8.6,5.5,3.0,2,25.67,100.0,-30.0,Mild
2,8.6,5.5,3.0,3,22.58,96.42,-30.0,Mild
2,8.6,5.5,3.0,17,26.17,94.7,-30.0,Mild
2,8.6,5.5,3.0,4,22.25,96.33,-30.0,Mild
2,8.6,5.5,3.0,19,24.67,85.78,-30.0,Mild
2,8.2,5.5,3.0,13,29.0,93.6,-30.0,Moderate
2,8.6,5.5,3.0,15,29.08,91.09,-30.0,Mild
2,8.2,5.5,3.0,16,26.17,92.46,-30.0,Moderate
2,8.6,5.5,3.0,12,27.58,100.0,-30.0,Mild
2,8.2,5.5,3.0,8,25.42,100.0,-30.0,Moderate
2,8.6,5.5,3.0,14,27.67,100.0,-30.0,Mild
2,8.6,5.5,3.0,21,26.33,100.0,-30.0,Mild
2,8.6,5.5,3.0,1,27.5,100.0,-30.0,Mild
2,8.6,5.5,3.0,5,26.67,100.0,-30.0,Mild
2,8.6,5.5,3.0,2,33.0,100.0,-30.0,Mild
2,8.6,5.5,3.0,21,39.75,100.0,-30.0,Mild
2,8.6,5.5,3.0,10,35.0,100.0,-30.0,Mild
2,8.6,5.5,3.0,11,35.17,96.61,-30.0,Mild
2,8.6,5.5,3.0,16,32.42,100.0,-30.0,Mild
2,8.6,5.5,3.0,4,32.25,100.0,-30.0,Mild
2,8.2,5.5,3.0,1,30.17,93.6,-30.0,Moderate
2,8.6,5.5,3.0,18,31.08,100.0,-30.0,Mild
2,8.6,5.5,3.0,7,32.58,99.26,-30.0,Mild
2,8.6,5.5,3.0,15,37.83,100.0,-30.0,Mild
2,8.6,5.5,3.0,12,31.92,100.0,-30.0,Mild
2,8.6,5.5,3.0,17,34.25,100.0,-30.0,Mild
2,8.6,5.5,3.0,5,27.17,100.0,-30.0,Mild
2,8.6,5.5,3.0,8,33.83,99.06,-30.0,Mild
2,8.6,5.5,3.0,9,35.17,100.0,-30.0,Mild
2,8.6,5.5,3.0,19,34.5,100.0,-30.0,Mild
2,7.4,5.5,3.0,0,18.0,100.0,-30.0,Critical
2,8.6,5.5,3.0,6,35.67,100.0,-30.0,Mild
2,8.6,5.5,3.0,20,45.83,100.0,-30.0,Mild
2,8.2,5.5,3.0,13,33.17,100.0,-30.0,Moderate
2,8.6,5.5,3.0,14,38.08,100.0,-30.0,Mild
2,8.2,5.5,3.0,3,36.83,99.17,-30.0,Moderate
2,8.6,5.5,3.0,12,41.75,100.0,-30.0,Mild
2,8.6,5.5,3.0,21,40.0,100.0,-30.0,Mild
2,8.6,5.5,3.0,6,45.58,100.0,-30.0,Mild
2,8.6,5.5,3.0,4,25.0,100.0,-30.0,Mild
2,7.8,5.5,3.0,3,10.58,46.58,-30.0,Critical
2,8.6,5.5,3.0,2,10.83,71.67,-30.0,Mild
2,8.6,5.5,3.0,20,35.5,100.0,-30.0,Mild
2,8.6,5.5,3.0,10,41.33,100.0,-30.0,Mild
2,8.6,5.5,3.0,11,45.17,100.0,-30.0,Mild
2,8.6,5.5,3.0,13,41.0,100.0,-30.0,Mild
2,8.6,5.5,3.0,14,37.58,100.0,-30.0,Mild
2,8.6,5.5,3.0,19,37.0,100.0,-30.0,Mild
2,8.6,5.5,3.0,5,44.67,100.0,-30.0,Mild
2,7.8,5.5,3.0,0,18.0,100.0,-30.0,Critical
2,8.6,5.5,3.0,15,40.67,99.38,-30.0,Mild
2,8.6,5.5,3.0,9,44.0,100.0,-30.0,Mild
2,8.6,5.5,3.0,16,33.25,100.0,-30.0,Mild
2,8.6,5.5,3.0,8,43.42,100.0,-30.0,Mild
2,8.6,5.5,3.0,17,34.33,100.0,-30.0,Mild
2,8.6,5.5,3.0,18,37.83,100.0,-30.0,Mild
2,8.6,5.5,3.0,1,19.67,71.94,-30.0,Mild
2,8.6,5.5,3.0,7,43.33,100.0,-30.0,Mild
2,8.2,5.5,3.0,17,17.58,83.39,-30.0,Moderate
2,8.2,5.5,3.0,9,15.5,71.0,-30.0,Moderate
2,8.2,5.5,3.0,30,16.17,68.7,-30.0,Moderate
2,8.2,5.5,3.0,30,20.67,78.76,-30.0,Moderate
2,8.2,5.5,3.0,14,14.17,73.61,-30.0,Moderate
2,8.2,5.5,3.0,30,17.0,67.61,-30.0,Moderate
2,8.2,5.5,3.0,21,27.5,91.68,-30.0,Moderate
2,8.2,5.5,3.0,30,18.67,71.91,-30.0,Moderate
2,8.2,5.5,3.0,30,19.92,74.62,-30.0,Moderate
2,8.2,5.5,3.0,30,18.0,100.0,-30.0,Moderate
2,8.2,5.5,3.0,20,25.25,92.37,-30.0,Moderate
2,8.2,5.5,3.0,8,18.0,81.8,-30.0,Moderate
2,8.2,5.5,3.0,30,14.33,67.59,-30.0,Moderate
2,8.2,5.5,3.0,30,24.83,78.02,-30.0,Moderate
2,8.2,5.5,3.0,7,14.92,75.26,-30.0,Moderate
2,8.2,5.5,3.0,30,15.42,67.74,-30.0,Moderate
2,8.2,5.5,3.0,30,16.75,63.96,-30.0,Moderate
2,8.2,5.5,3.0,30,15.58,65.57,-30.0,Moderate
2,8.2,5.5,3.0,10,19.58,84.76,-30.0,Moderate
2,8.2,5.5,3.0,6,15.75,74.99,-30.0,Moderate
2,8.2,5.5,3.0,30,18.67,73.11,-30.0,Moderate
2,8.2,5.5,3.0,30,18.25,71.52,-30.0,Moderate
2,8.2,5.5,3.0,30,19.25,82.0,-30.0,Moderate
2,8.2,5.5,3.0,18,21.67,85.84,-30.0,Moderate
2,7.4,5.5,3.0,0,18.0,100.0,-30.0,Critical
2,8.2,5.5,3.0,30,19.33,77.12,-30.0,Moderate
2,8.2,5.5,3.0,30,20.17,81.98,-30.0,Moderate
2,8.2,5.5,3.0,30,19.83,77.51,-30.0,Moderate
2,8.2,5.5,3.0,13,17.33,79.5,-30.0,Moderate
2,8.2,5.5,3.0,19,27.25,97.31,-30.0,Moderate
2,8.2,5.5,3.0,5,15.25,80.21,-30.0,Moderate
2,8.2,5.5,3.0,16,17.67,80.36,-30.0,Moderate
2,8.2,5.5,3.0,30,17.67,70.91,-30.0,Moderate
2,8.2,5.5,3.0,3,13.5,78.2,-30.0,Moderate
2,8.2,5.5,3.0,4,12.17,75.98,-30.0,Moderate
2,8.6,5.5,3.0,1,22.25,96.33,-30.0,Mild
2,8.2,5.5,3.0,12,19.42,82.26,-30.0,Moderate
2,8.2,5.5,3.0,30,16.08,72.38,-30.0,Moderate
2,8.2,5.5,3.0,30,16.58,69.92,-30.0,Moderate
2,8.2,5.5,3.0,2,19.17,85.74,-30.0,Moderate
2,8.2,5.5,3.0,15,21.67,83.08,-30.0,Moderate
2,8.2,5.5,3.0,11,15.92,73.1,-30.0,Moderate
2,8.2,5.5,3.0,30,22.92,81.73,-30.0,Moderate
2,8.2,5.5,3.0,30,14.08,66.24,-30.0,Moderate
1,9.0,5.5,3.0,13,26.17,100.0,-30.0,Subclinical
1,9.0,5.5,3.0,8,25.42,87.5,-30.0,Subclinical
1,9.0,5.5,3.0,15,25.17,100.0,-30.0,Subclinical
1,9.0,5.5,3.0,2,23.67,86.08,-30.0,Subclinical
1,9.0,5.5,3.0,1,16.92,70.92,-30.0,Subclinical
1,9.0,5.5,3.0,11,31.25,93.85,-30.0,Subclinical
1,9.0,5.5,3.0,4,20.92,77.46,-30.0,Subclinical
1,9.0,5.5,3.0,3,20.25,79.77,-30.0,Subclinical
1,9.0,5.5,3.0,10,38.83,100.0,-30.0,Subclinical
1,9.0,5.5,3.0,20,32.42,100.0,-30.0,Subclinical
1,9.0,5.5,3.0,7,29.08,100.0,-30.0,Subclinical
1,9.0,5.5,3.0,12,40.0,87.71,-30.0,Subclinical
1,9.0,5.5,3.0,5,26.92,84.9,-30.0,Subclinical
1,9.0,5.5,3.0,16,35.58,100.0,-30.0,Subclinical
1,9.0,5.5,3.0,19,20.5,91.0,-30.0,Subclinical
1,9.0,5.5,3.0,9,30.33,91.88,-30.0,Subclinical
1,9.0,5.5,3.0,21,33.83,100.0,-30.0,Subclinical
1,9.0,5.5,3.0,14,30.08,100.0,-30.0,Subclinical
1,9.0,5.5,3.0,18,38.42,100.0,-30.0,Subclinical
1,9.0,5.5,3.0,17,28.42,100.0,-30.0,Subclinical
1,9.0,5.5,3.0,6,30.17,94.69,-30.0,Subclinical
1,9.0,5.5,3.0,2,33.17,100.0,-30.0,Subclinical
1,9.0,5.5,3.0,3,40.75,100.0,-30.0,Subclinical
1,9.0,5.5,3.0,4,35.92,95.1,-30.0,Subclinical
1,9.0,5.5,3.0,9,45.17,90.0,-30.0,Subclinical
1,9.0,5.5,3.0,13,41.0,99.9,-30.0,Subclinical
1,9.0,5.5,3.0,8,41.0,96.77,-30.0,Subclinical
1,9.0,5.5,3.0,5,21.0,82.94,-30.0,Subclinical
1,9.0,5.5,3.0,18,40.75,100.0,-30.0,Subclinical
1,9.0,5.5,3.0,17,40.08,96.88,-30.0,Subclinical
1,9.0,5.5,3.0,11,41.0,100.0,-30.0,Subclinical
1,9.0,5.5,3.0,1,40.25,96.88,-30.0,Subclinical
1,9.0,5.5,3.0,15,46.0,100.0,-30.0,Subclinical
1,9.0,5.5,3.0,19,37.92,100.0,-30.0,Subclinical
1,9.0,5.5,3.0,12,42.58,100.0,-30.0,Subclinical
1,9.0,5.5,3.0,7,30.67,100.0,-30.0,Subclinical
1,9.0,5.5,3.0,21,40.92,90.1,-30.0,Subclinical
1,9.0,5.5,3.0,10,33.0,98.12,-30.0,Subclinical
1,9.0,5.5,3.0,16,39.25,100.0,-30.0,Subclinical
1,9.0,5.5,3.0,6,44.25,95.21,-30.0,Subclinical
1,9.0,5.5,3.0,14,36.42,100.0,-30.0,Subclinical
1,9.0,5.5,3.0,20,41.83,100.0,-30.0,Subclinical
2,8.6,5.5,3.0,20,46.17,99.79,-30.0,Mild
2,8.6,5.5,3.0,7,32.08,100.0,-30.0,Mild
2,8.6,5.5,3.0,18,41.33,86.77,-30.0,Mild
2,8.6,5.5,3.0,15,34.75,100.0,-30.0,Mild
2,7.4,5.5,3.0,0,18.0,100.0,-30.0,Critical
2,8.6,5.5,3.0,10,27.75,100.0,-30.0,Mild
2,8.6,5.5,3.0,2,40.5,100.0,-30.0,Mild
2,8.6,5.5,3.0,9,37.33,100.0,-30.0,Mild
2,8.6,5.5,3.0,17,48.0,80.1,-30.0,Mild
2,8.6,5.5,3.0,16,36.0,100.0,-30.0,Mild
2,8.6,5.5,3.0,5,44.67,93.02,-30.0,Mild
2,8.6,5.5,3.0,11,38.25,97.15,-30.0,Mild
2,8.6,5.5,3.0,6,29.75,98.06,-30.0,Mild
2,8.6,5.5,3.0,19,49.33,84.17,-30.0,Mild
2,8.6,5.5,3.0,3,26.83,95.94,-30.0,Mild
2,8.6,5.5,3.0,21,42.58,100.0,-30.0,Mild
2,8.6,5.5,3.0,4,33.25,96.77,-30.0,Mild
2,8.6,5.5,3.0,12,40.5,99.38,-30.0,Mild
2,8.6,5.5,3.0,1,38.08,100.0,-30.0,Mild
2,8.6,5.5,3.0,13,44.83,94.38,-30.0,Mild
2,8.6,5.5,3.0,14,39.42,100.0,-30.0,Mild
2,8.6,5.5,3.0,8,26.75,100.0,-30.0,Mild
2,8.2,5.5,3.0,21,28.92,78.62,-30.0,Moderate
2,8.2,5.5,3.0,3,20.58,80.7,-30.0,Moderate
2,7.8,5.5,3.0,0,18.0,100.0,-30.0,Critical
2,8.2,5.5,3.0,18,30.75,81.58,-30.0,Moderate
2,8.2,5.5,3.0,8,26.0,83.0,-30.0,Moderate
2,8.2,5.5,3.0,16,30.0,81.38,-30.0,Moderate
2,8.2,5.5,3.0,11,30.17,86.41,-30.0,Moderate
2,8.2,5.5,3.0,10,26.25,86.79,-30.0,Moderate
2,8.2,5.5,3.0,5,22.58,79.88,-30.0,Moderate
2,8.2,5.5,3.0,13,16.5,79.76,-30.0,Moderate
2,8.6,5.5,3.0,2,18.5,77.71,-30.0,Mild
2,8.2,5.5,3.0,9,24.58,91.93,-30.0,Moderate
2,8.6,5.5,3.0,19,38.83,100.0,-30.0,Mild
2,8.2,5.5,3.0,4,27.42,85.54,-30.0,Moderate
2,8.2,5.5,3.0,20,34.92,84.56,-30.0,Moderate
2,8.2,5.5,3.0,7,29.08,91.54,-30.0,Moderate
2,8.6,5.5,3.0,15,38.17,100.0,-30.0,Mild
2,8.2,5.5,3.0,6,22.75,84.32,-30.0,Moderate
2,8.6,5.5,3.0,14,25.75,100.0,-30.0,Mild
2,8.6,5.5,3.0,1,18.75,86.77,-30.0,Mild
2,8.2,5.5,3.0,17,34.17,84.08,-30.0,Moderate
2,8.2,5.5,3.0,12,24.25,88.9,-30.0,Moderate
2,8.2,5.5,3.0,15,29.17,95.24,-30.0,Moderate
2,8.2,5.5,3.0,13,32.5,94.06,-30.0,Moderate
2,8.2,5.5,3.0,4,32.08,100.0,-30.0,Moderate
2,8.2,5.5,3.0,1,26.08,100.0,-30.0,Moderate
2,7.4,5.5,3.0,0,18.0,100.0,-30.0,Critical
2,8.2,5.5,3.0,5,31.08,100.0,-30.0,Moderate
2,8.2,5.5,3.0,17,36.5,100.0,-30.0,Moderate
2,8.2,5.5,3.0,16,32.33,98.36,-30.0,Moderate
2,8.2,5.5,3.0,18,30.33,99.14,-30.0,Moderate
2,8.6,5.5,3.0,10,32.75,100.0,-30.0,Mild
2,8.2,5.5,3.0,8,31.33,100.0,-30.0,Moderate
2,8.2,5.5,3.0,19,33.0,96.38,-30.0,Moderate
2,8.6,5.5,3.0,7,31.75,100.0,-30.0,Mild
2,8.2,5.5,3.0,14,29.83,88.22,-30.0,Moderate
2,8.6,5.5,3.0,9,31.5,100.0,-30.0,Mild
2,8.2,5.5,3.0,6,31.92,97.81,-30.0,Moderate
2,8.2,5.5,3.0,21,29.17,99.58,-30.0,Moderate
2,8.2,5.5,3.0,2,26.0,98.09,-30.0,Moderate
2,8.2,5.5,3.0,20,31.83,100.0,-30.0,Moderate
2,8.2,5.5,3.0,3,27.92,92.37,-30.0,Moderate
2,8.2,5.5,3.0,11,30.67,91.86,-30.0,Moderate
2,8.2,5.5,3.0,12,28.0,93.6,-30.0,Moderate
1,8.6,5.5,3.0,20,29.5,100.0,-30.0,Mild
1,9.0,5.5,3.0,4,7.58,74.63,-30.0,Subclinical
1,8.2,5.5,3.0,0,18.0,100.0,-30.0,Moderate
1,8.6,5.5,3.0,16,27.83,100.0,-30.0,Mild
1,9.0,5.5,3.0,5,19.08,92.11,-30.0,Subclinical
1,9.0,5.5,3.0,6,16.67,88.89,-30.0,Subclinical
1,8.6,5.5,3.0,13,32.33,100.0,-30.0,Mild
1,8.6,5.5,3.0,12,22.42,96.56,-30.0,Mild
1,8.6,5.5,3.0,10,17.92,88.44,-30.0,Mild
1,8.6,5.5,3.0,15,17.58,86.08,-30.0,Mild
1,8.6,5.5,3.0,21,26.92,100.0,-30.0,Mild
1,8.6,5.5,3.0,17,26.08,100.0,-30.0,Mild
1,8.6,5.5,3.0,8,27.33,100.0,-30.0,Mild
1,8.6,5.5,3.0,11,18.0,88.02,-30.0,Mild
1,8.6,5.5,3.0,14,20.33,93.78,-30.0,Mild
1,9.0,5.5,3.0,7,19.92,93.22,-30.0,Subclinical
1,8.6,5.5,3.0,19,23.58,98.11,-30.0,Mild
1,8.6,5.5,3.0,18,22.5,96.67,-30.0,Mild
1,8.6,5.5,3.0,9,19.33,92.44,-30.0,Mild
1,9.0,5.5,3.0,1,8.17,77.56,-30.0,Subclinical
1,9.0,5.5,3.0,2,8.33,73.96,-30.0,Subclinical
1,9.0,5.5,3.0,3,14.75,80.64,-30.0,Subclinical
2,8.2,5.5,3.0,19,38.33,85.9,-30.0,Moderate
2,7.4,5.5,3.0,0,18.0,100.0,-30.0,Critical
2,8.2,5.5,3.0,21,38.17,89.46,-30.0,Moderate
2,8.6,5.5,3.0,15,39.5,92.06,-30.0,Mild
2,8.2,5.5,3.0,14,35.58,92.78,-30.0,Moderate
2,8.2,5.5,3.0,12,39.83,88.89,-30.0,Moderate
2,8.2,5.5,3.0,1,33.08,98.17,-30.0,Moderate
2,8.2,5.5,3.0,5,37.08,91.99,-30.0,Moderate
2,8.2,5.5,3.0,20,39.75,87.89,-30.0,Moderate
2,8.2,5.5,3.0,7,39.08,92.69,-30.0,Moderate
2,8.2,5.5,3.0,16,34.0,86.17,-30.0,Moderate
2,8.2,5.5,3.0,10,33.0,85.64,-30.0,Moderate
2,8.2,5.5,3.0,9,40.83,86.82,-30.0,Moderate
2,8.2,5.5,3.0,3,36.25,91.98,-30.0,Moderate
2,8.6,5.5,3.0,17,44.25,91.84,-30.0,Mild
2,8.2,5.5,3.0,18,37.17,86.69,-30.0,Moderate
2,8.2,5.5,3.0,13,42.83,88.48,-30.0,Moderate
2,8.2,5.5,3.0,2,33.08,88.48,-30.0,Moderate
2,8.2,5.5,3.0,6,34.08,95.42,-30.0,Moderate
2,8.2,5.5,3.0,11,36.58,91.71,-30.0,Moderate
2,8.2,5.5,3.0,8,30.5,88.32,-30.0,Moderate
2,8.2,5.5,3.0,4,33.75,87.64,-30.0,Moderate
2,8.6,5.5,3.0,4,25.08,100.0,-30.0,Mild
2,8.2,5.5,3.0,6,24.5,99.33,-30.0,Moderate
2,8.6,5.5,3.0,20,25.0,100.0,-30.0,Mild
2,8.6,5.5,3.0,1,32.08,100.0,-30.0,Mild
2,8.6,5.5,3.0,2,37.5,100.0,-30.0,Mild
2,8.6,5.5,3.0,10,30.75,100.0,-30.0,Mild
2,8.6,5.5,3.0,17,25.58,100.0,-30.0,Mild
2,8.2,5.5,3.0,14,29.67,100.0,-30.0,Moderate
2,8.6,5.5,3.0,16,27.33,100.0,-30.0,Mild
2,8.2,5.5,3.0,18,22.92,93.52,-30.0,Moderate
2,7.4,5.5,3.0,0,18.0,100.0,-30.0,Critical
2,8.2,5.5,3.0,5,22.83,97.11,-30.0,Moderate
2,8.6,5.5,3.0,7,35.42,100.0,-30.0,Mild
2,8.6,5.5,3.0,12,33.25,100.0,-30.0,Mild
2,8.6,5.5,3.0,11,30.17,99.51,-30.0,Mild
2,8.6,5.5,3.0,13,28.75,100.0,-30.0,Mild
2,8.6,5.5,3.0,8,48.5,92.15,-30.0,Mild
2,8.2,5.5,3.0,9,26.75,100.0,-30.0,Moderate
2,8.6,5.5,3.0,19,27.83,100.0,-30.0,Mild
2,8.2,5.5,3.0,21,20.17,90.1,-30.0,Moderate
2,8.2,5.5,3.0,3,25.92,100.0,-30.0,Moderate
2,8.2,5.5,3.0,15,26.75,100.0,-30.0,Moderate
2,8.6,5.5,3.0,21,29.75,100.0,-30.0,Mild
2,8.6,5.5,3.0,20,36.17,100.0,-30.0,Mild
2,8.6,5.5,3.0,14,37.67,98.69,-30.0,Mild
2,8.6,5.5,3.0,19,37.33,100.0,-30.0,Mild
2,8.6,5.5,3.0,12,31.42,99.06,-30.0,Mild
2,8.6,5.5,3.0,3,40.08,98.73,-30.0,Mild
2,8.6,5.5,3.0,8,43.58,100.0,-30.0,Mild
2,8.6,5.5,3.0,5,39.08,100.0,-30.0,Mild
2,8.6,5.5,3.0,10,36.75,99.08,-30.0,Mild
2,8.2,5.5,3.0,6,35.5,92.11,-30.0,Moderate
2,8.2,5.5,3.0,18,29.25,100.0,-30.0,Moderate
2,7.4,5.5,3.0,0,18.0,100.0,-30.0,Critical
2,8.6,5.5,3.0,11,38.0,100.0,-30.0,Mild
2,8.2,5.5,3.0,2,36.92,92.4,-30.0,Moderate
2,8.2,5.5,3.0,4,38.92,96.34,-30.0,Moderate
2,8.6,5.5,3.0,9,37.92,100.0,-30.0,Mild
2,8.2,5.5,3.0,17,33.42,100.0,-30.0,Moderate
2,8.2,5.5,3.0,15,33.08,91.83,-30.0,Moderate
2,8.2,5.5,3.0,1,35.5,91.31,-30.0,Moderate
2,8.2,5.5,3.0,7,36.0,97.49,-30.0,Moderate
2,8.6,5.5,3.0,13,43.33,100.0,-30.0,Mild
2,8.6,5.5,3.0,16,27.92,100.0,-30.0,Mild
2,8.6,5.5,3.0,10,38.0,100.0,-30.0,Mild
2,8.6,5.5,3.0,3,26.58,95.97,-30.0,Mild
2,8.6,5.5,3.0,11,34.0,100.0,-30.0,Mild
2,8.6,5.5,3.0,2,35.42,98.54,-30.0,Mild
2,8.6,5.5,3.0,21,42.0,100.0,-30.0,Mild
2,8.6,5.5,3.0,14,32.92,100.0,-30.0,Mild
2,8.6,5.5,3.0,5,37.17,99.24,-30.0,Mild
2,8.6,5.5,3.0,8,34.0,100.0,-30.0,Mild
2,8.6,5.5,3.0,7,29.67,100.0,-30.0,Mild
2,8.6,5.5,3.0,17,36.5,100.0,-30.0,Mild
2,8.6,5.5,3.0,9,34.5,100.0,-30.0,Mild
2,7.4,5.5,3.0,0,18.0,100.0,-30.0,Critical
2,8.6,5.5,3.0,20,38.58,100.0,-30.0,Mild
2,8.6,5.5,3.0,4,31.0,100.0,-30.0,Mild
2,8.6,5.5,3.0,12,33.58,99.17,-30.0,Mild
2,8.6,5.5,3.0,13,38.83,100.0,-30.0,Mild
2,8.6,5.5,3.0,16,33.83,100.0,-30.0,Mild
2,8.2,5.5,3.0,1,26.83,95.35,-30.0,Moderate
2,8.6,5.5,3.0,18,30.92,100.0,-30.0,Mild
2,8.2,5.5,3.0,6,29.33,100.0,-30.0,Moderate
2,8.6,5.5,3.0,19,38.58,100.0,-30.0,Mild
2,8.6,5.5,3.0,15,32.75,97.36,-30.0,Mild
2,8.6,5.5,3.0,21,35.67,95.7,-30.0,Mild
2,8.6,5.5,3.0,20,43.0,97.61,-30.0,Mild
2,8.6,5.5,3.0,13,33.75,96.39,-30.0,Mild
2,8.6,5.5,3.0,14,41.5,94.98,-30.0,Mild
2,8.6,5.5,3.0,2,33.92,97.13,-30.0,Mild
2,8.6,5.5,3.0,10,44.08,97.39,-30.0,Mild
2,8.2,5.5,3.0,5,35.58,90.06,-30.0,Moderate
2,8.6,5.5,3.0,8,42.17,95.21,-30.0,Mild
2,8.6,5.5,3.0,11,36.08,92.96,-30.0,Mild
2,8.6,5.5,3.0,7,36.08,92.72,-30.0,Mild
2,8.2,5.5,3.0,12,37.17,89.14,-30.0,Moderate
2,8.6,5.5,3.0,16,37.67,99.94,-30.0,Mild
2,8.2,5.5,3.0,3,37.83,92.9,-30.0,Moderate
2,8.6,5.5,3.0,17,37.17,92.04,-30.0,Mild
2,7.4,5.5,3.0,0,18.0,100.0,-30.0,Critical
2,8.6,5.5,3.0,19,39.0,94.96,-30.0,Mild
2,8.6,5.5,3.0,18,35.75,93.31,-30.0,Mild
2,8.2,5.5,3.0,1,34.5,90.29,-30.0,Moderate
2,8.2,5.5,3.0,6,32.25,94.42,-30.0,Moderate
2,8.6,5.5,3.0,4,35.33,98.34,-30.0,Mild
2,8.2,5.5,3.0,9,38.83,93.53,-30.0,Moderate
2,8.2,5.5,3.0,15,38.0,94.3,-30.0,Moderate
2,8.2,5.5,3.0,12,18.0,82.67,-30.0,Moderate
2,7.4,5.5,3.0,0,18.0,100.0,-30.0,Critical
2,8.2,5.5,3.0,2,18.0,94.37,-30.0,Moderate
2,8.2,5.5,3.0,8,18.0,77.7,-30.0,Moderate
2,8.2,5.5,3.0,18,18.0,95.9,-30.0,Moderate
2,8.2,5.5,3.0,4,18.0,76.0,-30.0,Moderate
2,8.2,5.5,3.0,17,18.0,100.0,-30.0,Moderate
2,8.2,5.5,3.0,11,18.0,99.97,-30.0,Moderate
2,8.2,5.5,3.0,9,18.0,82.3,-30.0,Moderate
2,8.2,5.5,3.0,20,18.0,92.8,-30.0,Moderate
2,8.2,5.5,3.0,15,18.0,92.1,-30.0,Moderate
2,8.2,5.5,3.0,13,18.0,73.33,-30.0,Moderate
2,8.2,5.5,3.0,10,18.0,70.6,-30.0,Moderate
2,8.2,5.5,3.0,19,18.0,95.57,-30.0,Moderate
2,8.2,5.5,3.0,5,18.0,81.57,-30.0,Moderate
2,8.2,5.5,3.0,16,18.0,83.17,-30.0,Moderate
2,8.2,5.5,3.0,3,18.0,100.0,-30.0,Moderate
2,8.2,5.5,3.0,6,18.0,67.23,-30.0,Moderate
2,8.2,5.5,3.0,1,18.0,89.23,-30.0,Moderate
2,8.2,5.5,3.0,21,18.0,100.0,-30.0,Moderate
2,8.2,5.5,3.0,7,18.0,82.2,-30.0,Moderate
2,8.2,5.5,3.0,14,18.0,87.47,-30.0,Moderate
1,9.0,5.5,3.0,7,18.0,100.0,-30.0,Subclinical
1,8.6,5.5,3.0,17,18.0,100.0,-30.0,Mild
1,9.0,5.5,3.0,19,18.0,96.9,-30.0,Subclinical
1,9.0,5.5,3.0,15,18.0,100.0,-30.0,Subclinical
1,9.0,5.5,3.0,5,18.0,100.0,-30.0,Subclinical
1,9.0,5.5,3.0,2,18.0,100.0,-30.0,Subclinical
1,9.0,5.5,3.0,20,18.0,100.0,-30.0,Subclinical
1,9.0,5.5,3.0,10,18.0,100.0,-30.0,Subclinical
1,8.6,5.5,3.0,13,18.0,100.0,-30.0,Mild
1,9.0,5.5,3.0,4,18.0,100.0,-30.0,Subclinical
1,8.2,5.5,3.0,0,18.0,100.0,-30.0,Moderate
1,9.0,5.5,3.0,3,18.0,100.0,-30.0,Subclinical
1,9.0,5.5,3.0,12,18.0,100.0,-30.0,Subclinical
1,9.0,5.5,3.0,16,18.0,100.0,-30.0,Subclinical
1,9.0,5.5,3.0,6,18.0,100.0,-30.0,Subclinical
1,9.0,5.5,3.0,8,18.0,100.0,-30.0,Subclinical
1,9.0,5.5,3.0,11,18.0,100.0,-30.0,Subclinical
1,9.0,5.5,3.0,1,18.0,100.0,-30.0,Subclinical
1,9.0,5.5,3.0,18,18.0,100.0,-30.0,Subclinical
1,9.0,5.5,3.0,9,18.0,100.0,-30.0,Subclinical
1,9.0,5.5,3.0,14,18.0,100.0,-30.0,Subclinical
1,9.0,5.5,3.0,21,18.0,100.0,-30.0,Subclinical
2,7.8,5.5,3.0,0,18.0,100.0,-30.0,Critical
2,8.2,5.5,3.0,9,51.0,75.0,-30.0,Moderate
2,8.6,5.5,3.0,6,37.42,100.0,-30.0,Mild
2,8.6,5.5,3.0,4,40.08,92.08,-30.0,Mild
2,8.6,5.5,3.0,20,48.92,92.43,-30.0,Mild
2,7.8,5.5,3.0,3,18.0,48.96,-30.0,Critical
2,8.6,5.5,3.0,13,47.75,79.06,-30.0,Mild
2,8.6,5.5,3.0,2,50.92,100.0,-30.0,Mild
2,8.6,5.5,3.0,19,47.67,89.9,-30.0,Mild
2,8.2,5.5,3.0,14,18.0,55.0,-30.0,Moderate
2,8.6,5.5,3.0,15,39.33,100.0,-30.0,Mild
2,8.6,5.5,3.0,21,43.25,100.0,-30.0,Mild
2,8.6,5.5,3.0,5,25.25,100.0,-30.0,Mild
2,8.6,5.5,3.0,8,45.67,88.75,-30.0,Mild
2,8.2,5.5,3.0,7,32.42,83.75,-30.0,Moderate
2,8.6,5.5,3.0,11,44.33,96.04,-30.0,Mild
2,8.2,5.5,3.0,12,18.0,57.29,-30.0,Moderate
2,8.6,5.5,3.0,10,44.17,87.19,-30.0,Mild
2,8.6,5.5,3.0,18,47.5,85.83,-30.0,Mild
2,7.8,5.5,3.0,16,18.0,48.96,-30.0,Critical
2,8.6,5.5,3.0,7,38.92,100.0,-30.0,Mild
2,8.6,5.5,3.0,21,46.92,100.0,-30.0,Mild
2,8.6,5.5,3.0,3,36.5,99.24,-30.0,Mild
2,8.6,5.5,3.0,18,44.92,95.42,-30.0,Mild
2,8.6,5.5,3.0,8,38.42,100.0,-30.0,Mild
2,8.6,5.5,3.0,12,46.33,100.0,-30.0,Mild
2,8.6,5.5,3.0,10,39.5,100.0,-30.0,Mild
2,8.6,5.5,3.0,6,40.25,99.79,-30.0,Mild
2,8.6,5.5,3.0,17,36.67,100.0,-30.0,Mild
2,8.6,5.5,3.0,2,41.92,100.0,-30.0,Mild
2,8.6,5.5,3.0,11,38.83,100.0,-30.0,Mild
2,8.6,5.5,3.0,16,41.17,100.0,-30.0,Mild
2,7.4,5.5,3.0,0,18.0,100.0,-30.0,Critical
2,8.6,5.5,3.0,15,41.0,100.0,-30.0,Mild
2,8.6,5.5,3.0,9,43.5,100.0,-30.0,Mild
2,8.6,5.5,3.0,1,34.33,100.0,-30.0,Mild
2,8.6,5.5,3.0,19,35.33,87.29,-30.0,Mild
2,8.6,5.5,3.0,13,43.92,100.0,-30.0,Mild
2,8.6,5.5,3.0,14,44.25,100.0,-30.0,Mild
2,8.6,5.5,3.0,20,45.25,95.97,-30.0,Mild
2,8.6,5.5,3.0,4,35.17,98.13,-30.0,Mild
2,8.6,5.5,3.0,5,41.0,100.0,-30.0,Mild
2,8.6,5.5,3.0,10,42.67,99.65,-30.0,Mild
2,8.6,5.5,3.0,20,35.75,100.0,-30.0,Mild
2,8.2,5.5,3.0,17,37.83,93.18,-30.0,Moderate
2,8.6,5.5,3.0,9,38.25,97.3,-30.0,Mild
2,8.6,5.5,3.0,1,32.08,100.0,-30.0,Mild
2,8.6,5.5,3.0,21,40.25,100.0,-30.0,Mild
2,8.6,5.5,3.0,19,40.58,100.0,-30.0,Mild
2,8.6,5.5,3.0,8,40.0,99.3,-30.0,Mild
2,8.6,5.5,3.0,5,39.5,95.35,-30.0,Mild
2,8.2,5.5,3.0,6,37.92,100.0,-30.0,Moderate
2,8.6,5.5,3.0,3,36.5,99.61,-30.0,Mild
2,8.6,5.5,3.0,15,38.0,97.46,-30.0,Mild
2,7.4,5.5,3.0,0,18.0,100.0,-30.0,Critical
2,8.6,5.5,3.0,13,36.25,99.13,-30.0,Mild
2,8.2,5.5,3.0,7,37.92,99.6,-30.0,Moderate
2,8.6,5.5,3.0,18,41.92,96.81,-30.0,Mild
2,8.6,5.5,3.0,4,35.08,99.1,-30.0,Mild
2,8.6,5.5,3.0,12,41.67,100.0,-30.0,Mild
2,8.6,5.5,3.0,11,38.75,98.89,-30.0,Mild
2,8.6,5.5,3.0,16,43.67,97.76,-30.0,Mild
2,8.6,5.5,3.0,14,38.75,100.0,-30.0,Mild
2,8.6,5.5,3.0,2,39.0,100.0,-30.0,Mild
2,8.2,5.5,3.0,14,23.08,93.28,-30.0,Moderate
2,8.2,5.5,3.0,3,22.75,97.0,-30.0,Moderate
2,8.2,5.5,3.0,11,23.17,90.66,-30.0,Moderate
2,8.2,5.5,3.0,7,19.92,92.67,-30.0,Moderate
2,8.2,5.5,3.0,18,21.33,95.11,-30.0,Moderate
2,8.2,5.5,3.0,2,19.58,83.02,-30.0,Moderate
2,8.2,5.5,3.0,12,29.0,97.57,-30.0,Moderate
2,8.2,5.5,3.0,20,20.58,94.11,-30.0,Moderate
2,8.2,5.5,3.0,1,23.08,96.5,-30.0,Moderate
2,7.4,5.5,3.0,0,18.0,100.0,-30.0,Critical
2,8.2,5.5,3.0,21,20.5,89.62,-30.0,Moderate
2,8.6,5.5,3.0,6,22.75,97.0,-30.0,Mild
2,8.2,5.5,3.0,5,19.58,91.47,-30.0,Moderate
2,8.2,5.5,3.0,19,23.67,91.54,-30.0,Moderate
2,8.2,5.5,3.0,4,17.67,88.07,-30.0,Moderate
2,8.2,5.5,3.0,8,22.42,93.28,-30.0,Moderate
2,8.2,5.5,3.0,15,21.5,95.33,-30.0,Moderate
2,8.2,5.5,3.0,10,23.17,89.36,-30.0,Moderate
2,8.2,5.5,3.0,13,24.67,99.56,-30.0,Moderate
2,8.6,5.5,3.0,17,25.75,100.0,-30.0,Mild
2,8.2,5.5,3.0,16,18.08,84.53,-30.0,Moderate
2,8.2,5.5,3.0,9,17.33,85.47,-30.0,Moderate
2,8.6,5.5,3.0,17,34.42,87.0,-30.0,Mild
2,8.2,5.5,3.0,14,29.08,87.93,-30.0,Moderate
2,8.2,5.5,3.0,9,21.5,83.69,-30.0,Moderate
2,8.6,5.5,3.0,20,36.67,94.76,-30.0,Mild
2,8.6,5.5,3.0,18,33.0,95.03,-30.0,Mild
2,8.2,5.5,3.0,1,19.0,78.78,-30.0,Moderate
2,8.2,5.5,3.0,6,27.25,87.67,-30.0,Moderate
2,7.4,5.5,3.0,0,46.83,100.0,-30.0,Critical
2,8.2,5.5,3.0,16,29.83,90.1,-30.0,Moderate
2,8.2,5.5,3.0,13,30.17,89.2,-30.0,Moderate
2,8.2,5.5,3.0,3,24.25,85.94,-30.0,Moderate
2,8.6,5.5,3.0,4,32.0,100.0,-30.0,Mild
2,8.6,5.5,3.0,10,32.5,93.84,-30.0,Mild
2,8.2,5.5,3.0,11,25.75,89.89,-30.0,Moderate
2,8.6,5.5,3.0,5,27.5,93.33,-30.0,Mild
2,8.6,5.5,3.0,21,35.75,90.42,-30.0,Mild
2,8.2,5.5,3.0,12,24.25,86.26,-30.0,Moderate
2,8.2,5.5,3.0,8,23.17,85.19,-30.0,Moderate
2,8.2,5.5,3.0,7,32.58,91.71,-30.0,Moderate
2,8.6,5.5,3.0,15,31.83,92.98,-30.0,Mild
2,8.6,5.5,3.0,19,36.0,90.5,-30.0,Mild
2,8.2,5.5,3.0,2,23.83,88.6,-30.0,Moderate
