filepath,filename,label,label_int,cluster_id,split
/content/drive/MyDrive/NewCattleSense/dataset/images/mastitis/Picture42-1-400x284.jpg,Picture42-1-400x284.jpg,mastitis,1,"('mastitis', 'Picture42-1-400x284_jpg.rf.fgVvDqwzlZ9iLsOlOEaS.jpg')",train
/content/drive/MyDrive/NewCattleSense/dataset/images/mastitis/pox5-e1515354512661-400x284.jpg,pox5-e1515354512661-400x284.jpg,mastitis,1,"('mastitis', 'pox5-e1515354512661-400x284_jpg.rf.xOJXkO3HzErN1wdhssd5.jpg')",train
/content/drive/MyDrive/NewCattleSense/dataset/images/mastitis/hyp13-e1515373816135-1024x738-1-400x284.jpg,hyp13-e1515373816135-1024x738-1-400x284.jpg,mastitis,1,"('mastitis', 'hyp13-e1515373816135-1024x738-1-400x284_jpg.rf.N1CeyYqBVSGuhf8WmRVh.jpg')",train
/content/drive/MyDrive/NewCattleSense/dataset/images/mastitis/Chemical-burn-7-e1515283936872-400x284.jpg,Chemical-burn-7-e1515283936872-400x284.jpg,mastitis,1,"('mastitis', 'Chemical-burn-7-e1515283936872-400x284_jpg.rf.7D6cCOBZ6iTIN8ApMuec.jpg')",train
/content/drive/MyDrive/NewCattleSense/dataset/images/mastitis/Picture27-400x284.jpg,Picture27-400x284.jpg,mastitis,1,"('mastitis', 'Picture27-400x284_jpg.rf.iJAPlVqGAiRGUEIvyzvC.jpg')",train
/content/drive/MyDrive/NewCattleSense/dataset/images/mastitis/Picture44-400x284.jpg,Picture44-400x284.jpg,mastitis,1,"('mastitis', 'Picture44-400x284_jpg.rf.XCscDjSZ5xFfevbZMqln.jpg')",train
/content/drive/MyDrive/NewCattleSense/dataset/images/mastitis/wet-teat2-400x284.jpg,wet-teat2-400x284.jpg,mastitis,1,"('mastitis', 'wet-teat2-400x284.jpg')",train
/content/drive/MyDrive/NewCattleSense/dataset/images/mastitis/NMC-TCP-chemical-damage1-e1515281879220-400x284.jpeg,NMC-TCP-chemical-damage1-e1515281879220-400x284.jpeg,mastitis,1,"('mastitis', 'NMC-TCP-chemical-damage1-e1515281879220-400x284_jpeg.rf.qjYEimDWBA2Jf9KhnoHL.jpeg')",train
/content/drive/MyDrive/NewCattleSense/dataset/images/mastitis/Picture24-400x284.jpg,Picture24-400x284.jpg,mastitis,1,"('mastitis', 'Picture24-400x284_jpg.rf.U8FaavMe0DKGnVnC2NxD.jpg')",train
/content/drive/MyDrive/NewCattleSense/dataset/images/mastitis/Smooth-2-1-e1515372198475-400x284.jpg,Smooth-2-1-e1515372198475-400x284.jpg,mastitis,1,"('mastitis', 'Smooth-2-1-e1515372198475-400x284_jpg.rf.ti06l1ZAYMOsiGElVDRx.jpg')",train
/content/drive/MyDrive/NewCattleSense/dataset/images/mastitis/hyp16-e1515373888406-1024x718-1-400x284.jpg,hyp16-e1515373888406-1024x718-1-400x284.jpg,mastitis,1,"('mastitis', 'hyp16-e1515373888406-1024x718-1-400x284_jpg.rf.Doyhunr9aatOR97ca6bK.jpg')",train
/content/drive/MyDrive/NewCattleSense/dataset/images/mastitis/Picture24-1-400x284.jpg,Picture24-1-400x284.jpg,mastitis,1,"('mastitis', 'Picture24-1-400x284_jpg.rf.lAcoXRnBSj4tooFfn5GK.jpg')",train
/content/drive/MyDrive/NewCattleSense/dataset/images/mastitis/Purple-Teats-with-wedging-overmilking-400x284.jpg,Purple-Teats-with-wedging-overmilking-400x284.jpg,mastitis,1,"('mastitis', 'Purple-Teats-with-wedging-overmilking-400x284_jpg.rf.8PZerhVRKfxEi3iKBuMW.jpg')",train
/content/drive/MyDrive/NewCattleSense/dataset/images/mastitis/ring10-400x284.jpg,ring10-400x284.jpg,mastitis,1,"('mastitis', 'ring10-400x284_jpg.rf.5XxOXQYbeES6KXTlDrsj.jpg')",train
/content/drive/MyDrive/NewCattleSense/dataset/images/mastitis/Picture52-400x284.jpg,Picture52-400x284.jpg,mastitis,1,"('mastitis', 'Picture52-400x284_jpg.rf.vaARdcUFxB3WmynLQtmP.jpg')",train
/content/drive/MyDrive/NewCattleSense/dataset/images/mastitis/ring16-e1515291521268-400x284.jpg,ring16-e1515291521268-400x284.jpg,mastitis,1,"('mastitis', 'ring16-e1515291521268-400x284_jpg.rf.kyF7XvvMcl25aoIe45SE.jpg')",train
/content/drive/MyDrive/NewCattleSense/dataset/images/mastitis/pox4-e1515354347181-400x284.jpg,pox4-e1515354347181-400x284.jpg,mastitis,1,"('mastitis', 'pox4-e1515354347181-400x284_jpg.rf.hYIbkCHMy6DRO0sSRiIT.jpg')",train
/content/drive/MyDrive/NewCattleSense/dataset/images/mastitis/chaps-6.1.mouthpiece-400x284.png,chaps-6.1.mouthpiece-400x284.png,mastitis,1,"('mastitis', 'chaps-6_1_mouthpiece-400x284_png.rf.ph82d2Yr7EVUYn0Uw1AC.png')",train
/content/drive/MyDrive/NewCattleSense/dataset/images/mastitis/Picture21-2-400x284.jpg,Picture21-2-400x284.jpg,mastitis,1,"('mastitis', 'Picture21-2-400x284.jpg')",train
/content/drive/MyDrive/NewCattleSense/dataset/images/mastitis/hyp21-e1515374009194-1024x763-1-400x284.jpg,hyp21-e1515374009194-1024x763-1-400x284.jpg,mastitis,1,"('mastitis', 'hyp21-e1515374009194-1024x763-1-400x284_jpg.rf.BCtLYsaMJxI4gjuL5Gnf.jpg')",train
/content/drive/MyDrive/NewCattleSense/dataset/images/mastitis/wet-teat2-1-e1515287241981-400x284.jpg,wet-teat2-1-e1515287241981-400x284.jpg,mastitis,1,"('mastitis', 'wet-teat2-1-e1515287241981-400x284.jpg')",train
/content/drive/MyDrive/NewCattleSense/dataset/images/mastitis/Picture20-400x284.jpg,Picture20-400x284.jpg,mastitis,1,"('mastitis', 'Picture20-400x284_jpg.rf.5cBixPYB7RtO7aGvbAIS.jpg')",train
/content/drive/MyDrive/NewCattleSense/dataset/images/mastitis/pox3-e1515354218443-400x284.jpg,pox3-e1515354218443-400x284.jpg,mastitis,1,"('mastitis', 'pox3-e1515354218443-400x284_jpg.rf.b4UFPhP8jaKHGojRSEvF.jpg')",train
/content/drive/MyDrive/NewCattleSense/dataset/images/mastitis/Picture45-400x284.jpg,Picture45-400x284.jpg,mastitis,1,"('mastitis', 'Picture45-400x284_jpg.rf.5Os6UXvWLgytVAIIfnER.jpg')",train
/content/drive/MyDrive/NewCattleSense/dataset/images/mastitis/Picture13-400x284.jpg,Picture13-400x284.jpg,mastitis,1,"('mastitis', 'Picture13-400x284_jpg.rf.YQohQNAtEhH4dTI2KmfO.jpg')",train
/content/drive/MyDrive/NewCattleSense/dataset/images/mastitis/Picture48-400x284.jpg,Picture48-400x284.jpg,mastitis,1,"('mastitis', 'Picture48-400x284_jpg.rf.9r25gxn2zsgZ50JZN1ZR.jpg')",train
/content/drive/MyDrive/NewCattleSense/dataset/images/mastitis/hyp23-e1515374144420-1024x787-1-400x284.jpg,hyp23-e1515374144420-1024x787-1-400x284.jpg,mastitis,1,"('mastitis', 'hyp23-e1515374144420-1024x787-1-400x284_jpg.rf.7FANe0AbH1VxJxl8Wjrd.jpg')",train
/content/drive/MyDrive/NewCattleSense/dataset/images/mastitis/pet-hem2-e1515364540239-400x284.jpg,pet-hem2-e1515364540239-400x284.jpg,mastitis,1,"('mastitis', 'pet-hem2-e1515364540239-400x284_jpg.rf.4Ijzj60uvv8Xj50eda4m.jpg')",train
/content/drive/MyDrive/NewCattleSense/dataset/images/mastitis/ring4-400x284.jpg,ring4-400x284.jpg,mastitis,1,"('mastitis', 'ring4-400x284_jpg.rf.uPrOdgCXDPvskM8R1mJ5.jpg')",train
/content/drive/MyDrive/NewCattleSense/dataset/images/mastitis/Picture36-400x284.jpg,Picture36-400x284.jpg,mastitis,1,"('mastitis', 'Picture36-400x284_jpg.rf.wJqxJOCOe8eQsxCv23Kl.jpg')",train
/content/drive/MyDrive/NewCattleSense/dataset/images/mastitis/hyp7-e1515373678799-1024x799-1-400x284.jpg,hyp7-e1515373678799-1024x799-1-400x284.jpg,mastitis,1,"('mastitis', 'hyp7-e1515373678799-1024x799-1-400x284_jpg.rf.unjbirzvrFqrkbW0FoFx.jpg')",train
/content/drive/MyDrive/NewCattleSense/dataset/images/mastitis/hyp18-e1515373930791-1024x972-1-400x284.jpg,hyp18-e1515373930791-1024x972-1-400x284.jpg,mastitis,1,"('mastitis', 'hyp18-e1515373930791-1024x972-1-400x284_jpg.rf.GT9XFNbZbATlUJtcDQKq.jpg')",train
/content/drive/MyDrive/NewCattleSense/dataset/images/mastitis/Burnt-teat-e1515283231199-400x284.jpg,Burnt-teat-e1515283231199-400x284.jpg,mastitis,1,"('mastitis', 'Burnt-teat-e1515283231199-400x284_jpg.rf.znqSFDEtHh1MMa8OQr09.jpg')",train
/content/drive/MyDrive/NewCattleSense/dataset/images/mastitis/Picture25-1-400x284.jpg,Picture25-1-400x284.jpg,mastitis,1,"('mastitis', 'Picture25-1-400x284_jpg.rf.rHUUWkbhrd3f77BuX7z5.jpg')",train
/content/drive/MyDrive/NewCattleSense/dataset/images/mastitis/hyp5-e1515373631315-1024x893-1-400x284.jpg,hyp5-e1515373631315-1024x893-1-400x284.jpg,mastitis,1,"('mastitis', 'hyp5-e1515373631315-1024x893-1-400x284_jpg.rf.BycnETUonp3WlZ0iNJKP.jpg')",train
/content/drive/MyDrive/NewCattleSense/dataset/images/mastitis/Picture1-400x284.jpg,Picture1-400x284.jpg,mastitis,1,"('mastitis', 'Picture1-400x284_jpg.rf.RKzoSnOnZOBmo2CQU1tU.jpg')",train
/content/drive/MyDrive/NewCattleSense/dataset/images/mastitis/dry-skin-crack9-400x284.jpg,dry-skin-crack9-400x284.jpg,mastitis,1,"('mastitis', 'dry-skin-crack9-400x284_jpg.rf.iEdjYQuk7szIxXBe7WZa.jpg')",train
/content/drive/MyDrive/NewCattleSense/dataset/images/mastitis/hyp25-1024x683-1-400x284.jpg,hyp25-1024x683-1-400x284.jpg,mastitis,1,"('mastitis', 'hyp25-1024x683-1-400x284_jpg.rf.37vDICqcgmfbLpvaCnrw.jpg')",train
/content/drive/MyDrive/NewCattleSense/dataset/images/mastitis/Picture22-400x284.jpg,Picture22-400x284.jpg,mastitis,1,"('mastitis', 'Picture22-400x284_jpg.rf.gVNwexLMdqVdndLS8ECD.jpg')",train
/content/drive/MyDrive/NewCattleSense/dataset/images/mastitis/Petechail-hemoraghing-e1515364651809-400x284.jpg,Petechail-hemoraghing-e1515364651809-400x284.jpg,mastitis,1,"('mastitis', 'Petechail-hemoraghing-e1515364651809-400x284_jpg.rf.DEYn3f1g5sVjmwsSFdWd.jpg')",train
/content/drive/MyDrive/NewCattleSense/dataset/images/mastitis/hyp2-e1515373564252-729x1024-1-400x284.jpg,hyp2-e1515373564252-729x1024-1-400x284.jpg,mastitis,1,"('mastitis', 'hyp2-e1515373564252-729x1024-1-400x284_jpg.rf.sOVBCLDnBKAW6vnoUxnG.jpg')",train
/content/drive/MyDrive/NewCattleSense/dataset/images/mastitis/Picture23-1-400x284.jpg,Picture23-1-400x284.jpg,mastitis,1,"('mastitis', 'Picture23-1-400x284_jpg.rf.uyZ5Vj9ImBAfIEYH8DCL.jpg')",train
/content/drive/MyDrive/NewCattleSense/dataset/images/mastitis/dry-skin-eo5-400x284.jpg,dry-skin-eo5-400x284.jpg,mastitis,1,"('mastitis', 'dry-skin-eo5-400x284_jpg.rf.S1XVrWXIpFIfHuUlmcDl.jpg')",train
/content/drive/MyDrive/NewCattleSense/dataset/images/mastitis/hyp11-e1515373777349-1024x851-1-400x284.jpg,hyp11-e1515373777349-1024x851-1-400x284.jpg,mastitis,1,"('mastitis', 'hyp11-e1515373777349-1024x851-1-400x284_jpg.rf.mBX2lVWoAHa5Tlpg5PLh.jpg')",train
/content/drive/MyDrive/NewCattleSense/dataset/images/mastitis/Picture54-400x284.jpg,Picture54-400x284.jpg,mastitis,1,"('mastitis', 'Picture54-400x284_jpg.rf.xgR1OzIq4SpEtXRrNMo4.jpg')",train
/content/drive/MyDrive/NewCattleSense/dataset/images/mastitis/hyp24-e1515374393597-1024x788-1-400x284.jpg,hyp24-e1515374393597-1024x788-1-400x284.jpg,mastitis,1,"('mastitis', 'hyp24-e1515374393597-1024x788-1-400x284_jpg.rf.nRXtAap5Ld3s6SszTubW.jpg')",train
/content/drive/MyDrive/NewCattleSense/dataset/images/mastitis/exfol3-400x284.jpg,exfol3-400x284.jpg,mastitis,1,"('mastitis', 'exfol3-400x284_jpg.rf.lpeLOZLiSJ5WkTnkdMFp.jpg')",train
/content/drive/MyDrive/NewCattleSense/dataset/images/mastitis/Picture32-400x284.jpg,Picture32-400x284.jpg,mastitis,1,"('mastitis', 'Picture32-400x284_jpg.rf.bPTzFOuEi7tBlBaF46W3.jpg')",train
/content/drive/MyDrive/NewCattleSense/dataset/images/mastitis/dry-skin-crack-6-400x284.jpg,dry-skin-crack-6-400x284.jpg,mastitis,1,"('mastitis', 'dry-skin-crack-6-400x284_jpg.rf.WXOaGE8Q5ibtP3w6hJVH.jpg')",train
/content/drive/MyDrive/NewCattleSense/dataset/images/mastitis/Picture43-400x284.jpg,Picture43-400x284.jpg,mastitis,1,"('mastitis', 'Picture43-400x284_jpg.rf.VThtOyE2JnRM1pzSOEO0.jpg')",train
/content/drive/MyDrive/NewCattleSense/dataset/images/mastitis/exfol1-400x284.jpg,exfol1-400x284.jpg,mastitis,1,"('mastitis', 'exfol1-400x284.jpg')",train
/content/drive/MyDrive/NewCattleSense/dataset/images/mastitis/hyp19-e1515373952298-1024x828-1-400x284.jpg,hyp19-e1515373952298-1024x828-1-400x284.jpg,mastitis,1,"('mastitis', 'hyp19-e1515373952298-1024x828-1-400x284_jpg.rf.lJ7IVRu5J9qKFjK3bncU.jpg')",train
/content/drive/MyDrive/NewCattleSense/dataset/images/mastitis/Picture4-400x284.jpg,Picture4-400x284.jpg,mastitis,1,"('mastitis', 'Picture4-400x284_jpg.rf.viaTVaIyChOaQV12okzF.jpg')",train
/content/drive/MyDrive/NewCattleSense/dataset/images/mastitis/dry-skin8-400x284.jpg,dry-skin8-400x284.jpg,mastitis,1,"('mastitis', 'dry-skin8-400x284_jpg.rf.KlXTKgItDua0mWfpBgfJ.jpg')",train
/content/drive/MyDrive/NewCattleSense/dataset/images/mastitis/Picture18-400x284.jpg,Picture18-400x284.jpg,mastitis,1,"('mastitis', 'Picture18-400x284_jpg.rf.2A5zOge1DDpUagxpDi7f.jpg')",train
/content/drive/MyDrive/NewCattleSense/dataset/images/mastitis/severe-ringing-blue-teats-congestionKE-1-e1515364733512-1024x809-1-400x284.jpg,severe-ringing-blue-teats-congestionKE-1-e1515364733512-1024x809-1-400x284.jpg,mastitis,1,"('mastitis', 'severe-ringing-blue-teats-congestionKE-1-e1515364733512-1024x809-1-400x284_jpg.rf.H5aZUTumqhqep40OSBM6.jpg')",train
/content/drive/MyDrive/NewCattleSense/dataset/images/mastitis/Picture35-400x284.jpg,Picture35-400x284.jpg,mastitis,1,"('mastitis', 'Picture35-400x284_jpg.rf.bwnYaQ8wJTfiv6Hh2Lzl.jpg')",train
/content/drive/MyDrive/NewCattleSense/dataset/images/mastitis/Picture31-400x284.jpg,Picture31-400x284.jpg,mastitis,1,"('mastitis', 'Picture31-400x284_jpg.rf.gDnGDzLdehVIG6WynOVM.jpg')",train
/content/drive/MyDrive/NewCattleSense/dataset/images/mastitis/Picture17-400x284.jpg,Picture17-400x284.jpg,mastitis,1,"('mastitis', 'Picture17-400x284_jpg.rf.lNl5VKw0XpMm7koL4vCS.jpg')",train
/content/drive/MyDrive/NewCattleSense/dataset/images/mastitis/hyp22-e1515374029867-1024x742-1-400x284.jpg,hyp22-e1515374029867-1024x742-1-400x284.jpg,mastitis,1,"('mastitis', 'hyp22-e1515374029867-1024x742-1-400x284_jpg.rf.euETWxMD7ZJxMjw0nSsA.jpg')",train
/content/drive/MyDrive/NewCattleSense/dataset/images/mastitis/chaps-3.1whole-teat.soiled-400x284.png,chaps-3.1whole-teat.soiled-400x284.png,mastitis,1,"('mastitis', 'chaps-3_1whole-teat_soiled-400x284_png.rf.q2Da1VKTCfiQlG6hv6Eg.png')",train
/content/drive/MyDrive/NewCattleSense/dataset/images/mastitis/ring6-400x284.jpg,ring6-400x284.jpg,mastitis,1,"('mastitis', 'ring6-400x284_jpg.rf.a0SM29hVtdnC8TEgIluf.jpg')",train
/content/drive/MyDrive/NewCattleSense/dataset/images/mastitis/red5-e1515364876519-839x1024-1-400x284.jpg,red5-e1515364876519-839x1024-1-400x284.jpg,mastitis,1,"('mastitis', 'red5-e1515364876519-839x1024-1-400x284_jpg.rf.up6vbs34uHwZoud6VA3p.jpg')",train
/content/drive/MyDrive/NewCattleSense/dataset/images/mastitis/Hyperkeratosis-e1515371480240-332x284.jpg,Hyperkeratosis-e1515371480240-332x284.jpg,mastitis,1,"('mastitis', 'Hyperkeratosis-e1515371480240-332x284_jpg.rf.k8ISCF7CEIrzQegkYLcD.jpg')",train
/content/drive/MyDrive/NewCattleSense/dataset/images/mastitis/ring7-400x284.jpg,ring7-400x284.jpg,mastitis,1,"('mastitis', 'ring7-400x284_jpg.rf.ijM2xCeiCFXpyquAoA7J.jpg')",train
/content/drive/MyDrive/NewCattleSense/dataset/images/mastitis/pox6-e1515355158533-400x284.jpg,pox6-e1515355158533-400x284.jpg,mastitis,1,"('mastitis', 'pox6-e1515355158533-400x284_jpg.rf.C4UoKgDqkmyf01EPs1xw.jpg')",train
/content/drive/MyDrive/NewCattleSense/dataset/images/mastitis/Picture26-1-400x284.jpg,Picture26-1-400x284.jpg,mastitis,1,"('mastitis', 'Picture26-1-400x284_jpg.rf.jfAbl1bOzdtkrwHKHfYT.jpg')",train
/content/drive/MyDrive/NewCattleSense/dataset/images/mastitis/chemical-burn2-e1515284193990-400x284.jpg,chemical-burn2-e1515284193990-400x284.jpg,mastitis,1,"('mastitis', 'chemical-burn2-e1515284193990-400x284_jpg.rf.knuIkvj5BFchengvO12w.jpg')",train
/content/drive/MyDrive/NewCattleSense/dataset/images/mastitis/hyp12-e1515373796893-1024x903-1-400x284.jpg,hyp12-e1515373796893-1024x903-1-400x284.jpg,mastitis,1,"('mastitis', 'hyp12-e1515373796893-1024x903-1-400x284_jpg.rf.EkPXGGkHDd1YkMNRBdyR.jpg')",train
/content/drive/MyDrive/NewCattleSense/dataset/images/mastitis/Picture43-1-400x284.jpg,Picture43-1-400x284.jpg,mastitis,1,"('mastitis', 'Picture43-1-400x284_jpg.rf.z83UCdtZg7dFSuGaaCtw.jpg')",train
/content/drive/MyDrive/NewCattleSense/dataset/images/mastitis/Picture21-1-400x284.jpg,Picture21-1-400x284.jpg,mastitis,1,"('mastitis', 'Picture21-2-400x284.jpg')",train
/content/drive/MyDrive/NewCattleSense/dataset/images/mastitis/Picture51-400x284.jpg,Picture51-400x284.jpg,mastitis,1,"('mastitis', 'Picture51-400x284_jpg.rf.Kfyr8XnqfTtjQiVV1Emq.jpg')",train
/content/drive/MyDrive/NewCattleSense/dataset/images/mastitis/hyp4-e1515373603251-1024x688-1-400x284.jpg,hyp4-e1515373603251-1024x688-1-400x284.jpg,mastitis,1,"('mastitis', 'hyp4-e1515373603251-1024x688-1-400x284_jpg.rf.kxA64h3HBDrVO0vAkKds.jpg')",train
/content/drive/MyDrive/NewCattleSense/dataset/images/mastitis/dry-skin-crack5-400x284.jpg,dry-skin-crack5-400x284.jpg,mastitis,1,"('mastitis', 'dry-skin-crack5-400x284_jpg.rf.zYa7pt0eIyP3ejuI7v9l.jpg')",train
/content/drive/MyDrive/NewCattleSense/dataset/images/mastitis/exfol2-400x284.jpg,exfol2-400x284.jpg,mastitis,1,"('mastitis', 'exfol2-400x284_jpg.rf.UvD1T3hddAiQNBBlGHSG.jpg')",train
/content/drive/MyDrive/NewCattleSense/dataset/images/mastitis/Drying-chemical-barrier-dip-build-up-build-up-e1515286053269.jpg,Drying-chemical-barrier-dip-build-up-build-up-e1515286053269.jpg,mastitis,1,"('mastitis', 'Drying-chemical-barrier-dip-build-up-build-up-e1515286053269_jpg.rf.nJ3WWnJ4pTeZYJXyD6m0.jpg')",train
/content/drive/MyDrive/NewCattleSense/dataset/images/mastitis/Large-Ring-1-1-e1515371355481-400x284.jpg,Large-Ring-1-1-e1515371355481-400x284.jpg,mastitis,1,"('mastitis', 'Large-Ring-1-1-e1515371355481-400x284_jpg.rf.Fp9QmWLXLWNO6Zn3akBh.jpg')",train
/content/drive/MyDrive/NewCattleSense/dataset/images/mastitis/Picture20-1-400x284.jpg,Picture20-1-400x284.jpg,mastitis,1,"('mastitis', 'Picture20-1-400x284_jpg.rf.LQuPLg5Uo07qsbWzBvW1.jpg')",train
/content/drive/MyDrive/NewCattleSense/dataset/images/mastitis/severe-hemm7-e1515364519265-400x284.jpg,severe-hemm7-e1515364519265-400x284.jpg,mastitis,1,"('mastitis', 'severe-hemm7-e1515364519265-400x284_jpg.rf.RG9dPKpgiMXVcSjuKCu1.jpg')",train
/content/drive/MyDrive/NewCattleSense/dataset/images/mastitis/Picture50-1-400x284.jpg,Picture50-1-400x284.jpg,mastitis,1,"('mastitis', 'Picture50-1-400x284_jpg.rf.qqlrHpyzbBT9QDc65Q2V.jpg')",train
/content/drive/MyDrive/NewCattleSense/dataset/images/mastitis/Picture2-400x284.jpg,Picture2-400x284.jpg,mastitis,1,"('mastitis', 'Picture2-400x284_jpg.rf.xRdVoKCCujlhOJqdKqK4.jpg')",train
/content/drive/MyDrive/NewCattleSense/dataset/images/mastitis/blue11-e1515364798164-1012x1024-1-400x284.jpg,blue11-e1515364798164-1012x1024-1-400x284.jpg,mastitis,1,"('mastitis', 'blue11-e1515364798164-1012x1024-1-400x284_jpg.rf.8kogXnTCbhHdCyRe7Tvw.jpg')",train
/content/drive/MyDrive/NewCattleSense/dataset/images/mastitis/hyp14-e1515373846770-1024x925-1-400x284.jpg,hyp14-e1515373846770-1024x925-1-400x284.jpg,mastitis,1,"('mastitis', 'hyp14-e1515373846770-1024x925-1-400x284_jpg.rf.aLv3o0OkfPQRjFMGi3QM.jpg')",train
/content/drive/MyDrive/NewCattleSense/dataset/images/mastitis/dry-skin-crack7-400x284.jpg,dry-skin-crack7-400x284.jpg,mastitis,1,"('mastitis', 'dry-skin-crack7-400x284_jpg.rf.n2z2lBuTSnEiw7U9yt5x.jpg')",train
/content/drive/MyDrive/NewCattleSense/dataset/images/mastitis/Picture28-400x284.jpg,Picture28-400x284.jpg,mastitis,1,"('mastitis', 'Picture28-400x284_jpg.rf.VT2NNQxrPXRB6V6b2dp2.jpg')",train
/content/drive/MyDrive/NewCattleSense/dataset/images/mastitis/Picture49-400x284.jpg,Picture49-400x284.jpg,mastitis,1,"('mastitis', 'Picture49-400x284_jpg.rf.eW91PoEh3Z669HrI0eTR.jpg')",train
/content/drive/MyDrive/NewCattleSense/dataset/images/mastitis/hyp1-e1515373528892-940x1024-1-400x284.jpg,hyp1-e1515373528892-940x1024-1-400x284.jpg,mastitis,1,"('mastitis', 'hyp1-e1515373528892-940x1024-1-400x284_jpg.rf.OxJwSAwyeqEt19fhqVOB.jpg')",train
/content/drive/MyDrive/NewCattleSense/dataset/images/mastitis/ring2-400x284.jpg,ring2-400x284.jpg,mastitis,1,"('mastitis', 'ring2-400x284_jpg.rf.YriyAkHm1nedFgxehtnX.jpg')",train
/content/drive/MyDrive/NewCattleSense/dataset/images/mastitis/chaps-4.1scabbed-400x284.png,chaps-4.1scabbed-400x284.png,mastitis,1,"('mastitis', 'chaps-4_1scabbed-400x284_png.rf.vShVZpslMcGkf3gNos5o.png')",train
/content/drive/MyDrive/NewCattleSense/dataset/images/mastitis/Picture28-1-400x284.jpg,Picture28-1-400x284.jpg,mastitis,1,"('mastitis', 'Picture28-1-400x284_jpg.rf.evbAC3TCh63ZiDylezv4.jpg')",train
/content/drive/MyDrive/NewCattleSense/dataset/images/mastitis/Picture23-400x284.jpg,Picture23-400x284.jpg,mastitis,1,"('mastitis', 'Picture23-400x284_jpg.rf.R58b9veiqFeRXNxc2Ik7.jpg')",train
/content/drive/MyDrive/NewCattleSense/dataset/images/mastitis/Picture16-400x284.jpg,Picture16-400x284.jpg,mastitis,1,"('mastitis', 'Picture16-400x284_jpg.rf.70LuusGNUTdgrymgUUz2.jpg')",train
/content/drive/MyDrive/NewCattleSense/dataset/images/mastitis/Picture34-400x284.jpg,Picture34-400x284.jpg,mastitis,1,"('mastitis', 'Picture34-400x284_jpg.rf.ZMJhXjYdTQqkJjACSUBA.jpg')",train
/content/drive/MyDrive/NewCattleSense/dataset/images/mastitis/Facial-eczma-on-teats-e1515294568304-400x284.jpg,Facial-eczma-on-teats-e1515294568304-400x284.jpg,mastitis,1,"('mastitis', 'Facial-eczma-on-teats-e1515294568304-400x284_jpg.rf.TBlnpt7LaadVkNVjj6VF.jpg')",train
/content/drive/MyDrive/NewCattleSense/dataset/images/mastitis/hyp6-e1515373652959-1024x855-1-400x284.jpg,hyp6-e1515373652959-1024x855-1-400x284.jpg,mastitis,1,"('mastitis', 'hyp6-e1515373652959-1024x855-1-400x284_jpg.rf.eqMCOb1cuV9BXFMZQhVf.jpg')",train
/content/drive/MyDrive/NewCattleSense/dataset/images/mastitis/dry-skin5-400x284.jpg,dry-skin5-400x284.jpg,mastitis,1,"('mastitis', 'dry-skin5-400x284_jpg.rf.ts6O4W3KlM8LVezi3XtG.jpg')",train
/content/drive/MyDrive/NewCattleSense/dataset/images/mastitis/red11-683x1024-1-400x284.jpg,red11-683x1024-1-400x284.jpg,mastitis,1,"('mastitis', 'red11-683x1024-1-400x284_jpg.rf.3hMCcFsMrXJBNnpBLUkC.jpg')",train
/content/drive/MyDrive/NewCattleSense/dataset/images/mastitis/Base-ringing-400x284.jpg,Base-ringing-400x284.jpg,mastitis,1,"('mastitis', 'Base-ringing-400x284_jpg.rf.HMa0uKX3HcD87WxSwnkf.jpg')",train
/content/drive/MyDrive/NewCattleSense/dataset/images/mastitis/hyp9-e1515373723171-1024x924-1-400x284.jpg,hyp9-e1515373723171-1024x924-1-400x284.jpg,mastitis,1,"('mastitis', 'hyp9-e1515373723171-1024x924-1-400x284_jpg.rf.pAVV9yX0Kt2whpRsUGWJ.jpg')",train
/content/drive/MyDrive/NewCattleSense/dataset/images/mastitis/hyp17-e1515373911728-1024x894-1-400x284.jpg,hyp17-e1515373911728-1024x894-1-400x284.jpg,mastitis,1,"('mastitis', 'hyp17-e1515373911728-1024x894-1-400x284_jpg.rf.ReGcMto78Z8fKOiMbdZo.jpg')",train
/content/drive/MyDrive/NewCattleSense/dataset/images/mastitis/Picture40-400x284.jpg,Picture40-400x284.jpg,mastitis,1,"('mastitis', 'Picture40-400x284_jpg.rf.St7A7yz6lXPBmOGrlL17.jpg')",train
/content/drive/MyDrive/NewCattleSense/dataset/images/mastitis/chaps-2.1new-and-healed-390x284.png,chaps-2.1new-and-healed-390x284.png,mastitis,1,"('mastitis', 'chaps-2_1new-and-healed-390x284_png.rf.zJsiPzuQOi6aHq6XZhqi.png')",train
/content/drive/MyDrive/NewCattleSense/dataset/images/mastitis/Picture48-1-400x284.jpg,Picture48-1-400x284.jpg,mastitis,1,"('mastitis', 'Picture48-1-400x284_jpg.rf.VzkH7zyTvrrcFuw7XVny.jpg')",train
/content/drive/MyDrive/NewCattleSense/dataset/images/mastitis/pox1-e1515354008404-400x284.jpg,pox1-e1515354008404-400x284.jpg,mastitis,1,"('mastitis', 'pox1-e1515354008404-400x284_jpg.rf.f3ujKnKvTwZDbbqCUQnV.jpg')",train
/content/drive/MyDrive/NewCattleSense/dataset/images/mastitis/frostbite5_preview-e1515281757816-400x284.jpeg,frostbite5_preview-e1515281757816-400x284.jpeg,mastitis,1,"('mastitis', 'frostbite5_preview-e1515281757816-400x284_jpeg.rf.pat1X3aI6Eyb5HJElIcU.jpeg')",train
/content/drive/MyDrive/NewCattleSense/dataset/images/mastitis/Picture45-1-400x284.jpg,Picture45-1-400x284.jpg,mastitis,1,"('mastitis', 'Picture45-1-400x284_jpg.rf.cSXVnE3cNkLhSqvv8QxA.jpg')",train
/content/drive/MyDrive/NewCattleSense/dataset/images/mastitis/25_jpg.rf.mlWpkDV6w6Cwjxt2vbBw.jpg,25_jpg.rf.mlWpkDV6w6Cwjxt2vbBw.jpg,mastitis,1,"('mastitis', 'cwedcw_jpeg.rf.I7EEEeNvn2bVvCkBrlwz.jpeg')",train
/content/drive/MyDrive/NewCattleSense/dataset/images/mastitis/23_jpeg.rf.S7u2keJPiY4nOQa8bjBc.jpeg,23_jpeg.rf.S7u2keJPiY4nOQa8bjBc.jpeg,mastitis,1,"('mastitis', '23_jpeg.rf.S7u2keJPiY4nOQa8bjBc.jpeg')",train
/content/drive/MyDrive/NewCattleSense/dataset/images/mastitis/img-134-_jpg.rf.QGDtsR9HqXUFMSOcoDGM.jpg,img-134-_jpg.rf.QGDtsR9HqXUFMSOcoDGM.jpg,mastitis,1,"('mastitis', 'img-134-_jpg.rf.QGDtsR9HqXUFMSOcoDGM.jpg')",train
/content/drive/MyDrive/NewCattleSense/dataset/images/mastitis/Picture43-1-400x284_jpg.rf.Yz4t6BHOzc0KXUhAI993.jpg,Picture43-1-400x284_jpg.rf.Yz4t6BHOzc0KXUhAI993.jpg,mastitis,1,"('mastitis', 'Picture43-1-400x284_jpg.rf.z83UCdtZg7dFSuGaaCtw.jpg')",train
/content/drive/MyDrive/NewCattleSense/dataset/images/mastitis/hyp12-e1515373796893-1024x903-1-400x284_jpg.rf.EkPXGGkHDd1YkMNRBdyR.jpg,hyp12-e1515373796893-1024x903-1-400x284_jpg.rf.EkPXGGkHDd1YkMNRBdyR.jpg,mastitis,1,"('mastitis', 'hyp12-e1515373796893-1024x903-1-400x284_jpg.rf.EkPXGGkHDd1YkMNRBdyR.jpg')",train
/content/drive/MyDrive/NewCattleSense/dataset/images/mastitis/Mastitis-20-_jpg.rf.CGyUv3KIFMv1FKJgQMGu.jpg,Mastitis-20-_jpg.rf.CGyUv3KIFMv1FKJgQMGu.jpg,mastitis,1,"('mastitis', 'Mastitis-20-_jpg.rf.CGyUv3KIFMv1FKJgQMGu.jpg')",train
/content/drive/MyDrive/NewCattleSense/dataset/images/mastitis/1f4f933d-f061-43d6-b4b1-73754e20251f_Jpg_jpg.rf.2amw0F2Zlts8LMQi6Ui7.jpg,1f4f933d-f061-43d6-b4b1-73754e20251f_Jpg_jpg.rf.2amw0F2Zlts8LMQi6Ui7.jpg,mastitis,1,"('mastitis', '1f4f933d-f061-43d6-b4b1-73754e20251f_Jpg_jpg.rf.2amw0F2Zlts8LMQi6Ui7.jpg')",train
/content/drive/MyDrive/NewCattleSense/dataset/images/mastitis/hyp2-e1515373564252-729x1024-1-400x284_jpg.rf.sOVBCLDnBKAW6vnoUxnG.jpg,hyp2-e1515373564252-729x1024-1-400x284_jpg.rf.sOVBCLDnBKAW6vnoUxnG.jpg,mastitis,1,"('mastitis', 'hyp2-e1515373564252-729x1024-1-400x284_jpg.rf.sOVBCLDnBKAW6vnoUxnG.jpg')",train
/content/drive/MyDrive/NewCattleSense/dataset/images/mastitis/dry-skin-crack5-400x284_jpg.rf.zYa7pt0eIyP3ejuI7v9l.jpg,dry-skin-crack5-400x284_jpg.rf.zYa7pt0eIyP3ejuI7v9l.jpg,mastitis,1,"('mastitis', 'dry-skin-crack5-400x284_jpg.rf.zYa7pt0eIyP3ejuI7v9l.jpg')",train
/content/drive/MyDrive/NewCattleSense/dataset/images/mastitis/Mastitis-57-_jpg.rf.Cj7mmm23zwiO68UL81Cv.jpg,Mastitis-57-_jpg.rf.Cj7mmm23zwiO68UL81Cv.jpg,mastitis,1,"('mastitis', 'Mastitis-57-_jpg.rf.Cj7mmm23zwiO68UL81Cv.jpg')",train
/content/drive/MyDrive/NewCattleSense/dataset/images/mastitis/pox4-e1515354347181-400x284_jpg.rf.hYIbkCHMy6DRO0sSRiIT.jpg,pox4-e1515354347181-400x284_jpg.rf.hYIbkCHMy6DRO0sSRiIT.jpg,mastitis,1,"('mastitis', 'pox4-e1515354347181-400x284_jpg.rf.hYIbkCHMy6DRO0sSRiIT.jpg')",train
/content/drive/MyDrive/NewCattleSense/dataset/images/mastitis/Picture17-400x284_jpg.rf.lNl5VKw0XpMm7koL4vCS.jpg,Picture17-400x284_jpg.rf.lNl5VKw0XpMm7koL4vCS.jpg,mastitis,1,"('mastitis', 'Picture17-400x284_jpg.rf.lNl5VKw0XpMm7koL4vCS.jpg')",train
/content/drive/MyDrive/NewCattleSense/dataset/images/mastitis/exfol2-400x284_jpg.rf.UvD1T3hddAiQNBBlGHSG.jpg,exfol2-400x284_jpg.rf.UvD1T3hddAiQNBBlGHSG.jpg,mastitis,1,"('mastitis', 'exfol2-400x284_jpg.rf.UvD1T3hddAiQNBBlGHSG.jpg')",train
/content/drive/MyDrive/NewCattleSense/dataset/images/mastitis/Petechail-hemoraghing-e1515364651809-400x284_jpg.rf.DEYn3f1g5sVjmwsSFdWd.jpg,Petechail-hemoraghing-e1515364651809-400x284_jpg.rf.DEYn3f1g5sVjmwsSFdWd.jpg,mastitis,1,"('mastitis', 'Petechail-hemoraghing-e1515364651809-400x284_jpg.rf.DEYn3f1g5sVjmwsSFdWd.jpg')",train
/content/drive/MyDrive/NewCattleSense/dataset/images/mastitis/Mastitis-27-_jpg.rf.xc9zCd8pRrkg4ZgUEtyK.jpg,Mastitis-27-_jpg.rf.xc9zCd8pRrkg4ZgUEtyK.jpg,mastitis,1,"('mastitis', 'Mastitis-27-_jpg.rf.xc9zCd8pRrkg4ZgUEtyK.jpg')",train
/content/drive/MyDrive/NewCattleSense/dataset/images/mastitis/Mastitis-33-_jpg.rf.W3ayh5vjsiPEdaF4GHXP.jpg,Mastitis-33-_jpg.rf.W3ayh5vjsiPEdaF4GHXP.jpg,mastitis,1,"('mastitis', 'Mastitis-33-_jpg.rf.W3ayh5vjsiPEdaF4GHXP.jpg')",train
/content/drive/MyDrive/NewCattleSense/dataset/images/mastitis/1c4b0103-7228-4d5a-a62e-eb7faefe3689_Jpg_jpg.rf.CDarp2RrYbyzslKvsKLh.jpg,1c4b0103-7228-4d5a-a62e-eb7faefe3689_Jpg_jpg.rf.CDarp2RrYbyzslKvsKLh.jpg,mastitis,1,"('mastitis', '1c4b0103-7228-4d5a-a62e-eb7faefe3689_Jpg_jpg.rf.CDarp2RrYbyzslKvsKLh.jpg')",train
/content/drive/MyDrive/NewCattleSense/dataset/images/mastitis/Mastitis-10-_jpg.rf.UHSEpY06f3GOMX0sfULp.jpg,Mastitis-10-_jpg.rf.UHSEpY06f3GOMX0sfULp.jpg,mastitis,1,"('mastitis', 'Mastitis-10-_jpg.rf.UHSEpY06f3GOMX0sfULp.jpg')",train
/content/drive/MyDrive/NewCattleSense/dataset/images/mastitis/Mastitis-35-_jpg.rf.Am4Z5v6432AaTUJ0ENw2.jpg,Mastitis-35-_jpg.rf.Am4Z5v6432AaTUJ0ENw2.jpg,mastitis,1,"('mastitis', 'Mastitis-35-_jpg.rf.Am4Z5v6432AaTUJ0ENw2.jpg')",train
/content/drive/MyDrive/NewCattleSense/dataset/images/mastitis/33_jpg.rf.XCyJq7FekTybiiGuVpQj.jpg,33_jpg.rf.XCyJq7FekTybiiGuVpQj.jpg,mastitis,1,"('mastitis', 'ehverher_jpg.rf.IbVHF0k6kTVlPRzD0E0t.jpg')",train
/content/drive/MyDrive/NewCattleSense/dataset/images/mastitis/Mastitis-18-_jpg.rf.95Z9Ou5Zra71RQQhWatp.jpg,Mastitis-18-_jpg.rf.95Z9Ou5Zra71RQQhWatp.jpg,mastitis,1,"('mastitis', 'Mastitis-18-_jpg.rf.95Z9Ou5Zra71RQQhWatp.jpg')",train
/content/drive/MyDrive/NewCattleSense/dataset/images/mastitis/ring10-400x284_jpg.rf.5XxOXQYbeES6KXTlDrsj.jpg,ring10-400x284_jpg.rf.5XxOXQYbeES6KXTlDrsj.jpg,mastitis,1,"('mastitis', 'ring10-400x284_jpg.rf.5XxOXQYbeES6KXTlDrsj.jpg')",train
/content/drive/MyDrive/NewCattleSense/dataset/images/mastitis/Picture45-400x284_jpg.rf.5Os6UXvWLgytVAIIfnER.jpg,Picture45-400x284_jpg.rf.5Os6UXvWLgytVAIIfnER.jpg,mastitis,1,"('mastitis', 'Picture45-400x284_jpg.rf.5Os6UXvWLgytVAIIfnER.jpg')",train
/content/drive/MyDrive/NewCattleSense/dataset/images/mastitis/Picture34-400x284_jpg.rf.ZMJhXjYdTQqkJjACSUBA.jpg,Picture34-400x284_jpg.rf.ZMJhXjYdTQqkJjACSUBA.jpg,mastitis,1,"('mastitis', 'Picture34-400x284_jpg.rf.ZMJhXjYdTQqkJjACSUBA.jpg')",train
/content/drive/MyDrive/NewCattleSense/dataset/images/mastitis/21_jpg.rf.CCkgzqBagSBF9TbF5YnS.jpg,21_jpg.rf.CCkgzqBagSBF9TbF5YnS.jpg,mastitis,1,"('mastitis', 'qwf wf_jpg.rf.qJP3x2h7PiTJHHl7K0vU.jpg')",train
/content/drive/MyDrive/NewCattleSense/dataset/images/mastitis/Mastitis-34-_jpg.rf.xgHJXDwZGfGTzVNokoYD.jpg,Mastitis-34-_jpg.rf.xgHJXDwZGfGTzVNokoYD.jpg,mastitis,1,"('mastitis', 'Mastitis-34-_jpg.rf.xgHJXDwZGfGTzVNokoYD.jpg')",train
/content/drive/MyDrive/NewCattleSense/dataset/images/mastitis/Purple-Teats-with-wedging-overmilking-400x284_jpg.rf.8PZerhVRKfxEi3iKBuMW.jpg,Purple-Teats-with-wedging-overmilking-400x284_jpg.rf.8PZerhVRKfxEi3iKBuMW.jpg,mastitis,1,"('mastitis', 'Purple-Teats-with-wedging-overmilking-400x284_jpg.rf.8PZerhVRKfxEi3iKBuMW.jpg')",train
/content/drive/MyDrive/NewCattleSense/dataset/images/mastitis/26_jpg.rf.mlVvJd53XhEPTXQWOPUz.jpg,26_jpg.rf.mlVvJd53XhEPTXQWOPUz.jpg,mastitis,1,"('mastitis', 'cwedcw_jpeg.rf.I7EEEeNvn2bVvCkBrlwz.jpeg')",train
/content/drive/MyDrive/NewCattleSense/dataset/images/mastitis/Mastitis-38-_jpg.rf.o3xnEZB1Gl9M9DxiAGpy.jpg,Mastitis-38-_jpg.rf.o3xnEZB1Gl9M9DxiAGpy.jpg,mastitis,1,"('mastitis', 'Mastitis-38-_jpg.rf.o3xnEZB1Gl9M9DxiAGpy.jpg')",train
/content/drive/MyDrive/NewCattleSense/dataset/images/mastitis/Mastitis-28-_jpg.rf.cCKpubrTX7ysA0HUdALi.jpg,Mastitis-28-_jpg.rf.cCKpubrTX7ysA0HUdALi.jpg,mastitis,1,"('mastitis', 'Mastitis-28-_jpg.rf.cCKpubrTX7ysA0HUdALi.jpg')",train
/content/drive/MyDrive/NewCattleSense/dataset/images/mastitis/Screenshot-2024-09-14-171356_png.rf.tKUeqIyyGfDhURgMtwXU.jpg,Screenshot-2024-09-14-171356_png.rf.tKUeqIyyGfDhURgMtwXU.jpg,mastitis,1,"('mastitis', 'qrwf wfwf_jpg.rf.2wwd7Kh0GwJfh5W9Gi0X.jpg')",train
/content/drive/MyDrive/NewCattleSense/dataset/images/mastitis/Smooth-2-1-e1515372198475-400x284_jpg.rf.ti06l1ZAYMOsiGElVDRx.jpg,Smooth-2-1-e1515372198475-400x284_jpg.rf.ti06l1ZAYMOsiGElVDRx.jpg,mastitis,1,"('mastitis', 'Smooth-2-1-e1515372198475-400x284_jpg.rf.ti06l1ZAYMOsiGElVDRx.jpg')",train
/content/drive/MyDrive/NewCattleSense/dataset/images/mastitis/Mastitis-66-_jpg.rf.7FWLWd1RsKxP1tcc5YX1.jpg,Mastitis-66-_jpg.rf.7FWLWd1RsKxP1tcc5YX1.jpg,mastitis,1,"('mastitis', 'Mastitis-66-_jpg.rf.7FWLWd1RsKxP1tcc5YX1.jpg')",train
/content/drive/MyDrive/NewCattleSense/dataset/images/mastitis/Mastitis-42-_jpg.rf.1U3ItDmzfEBOSLwUOFMW.jpg,Mastitis-42-_jpg.rf.1U3ItDmzfEBOSLwUOFMW.jpg,mastitis,1,"('mastitis', 'Mastitis-42-_jpg.rf.XTaXrswyCCMTZPiopgg6.jpg')",train
/content/drive/MyDrive/NewCattleSense/dataset/images/mastitis/pox3-e1515354218443-400x284_jpg.rf.b4UFPhP8jaKHGojRSEvF.jpg,pox3-e1515354218443-400x284_jpg.rf.b4UFPhP8jaKHGojRSEvF.jpg,mastitis,1,"('mastitis', 'pox3-e1515354218443-400x284_jpg.rf.b4UFPhP8jaKHGojRSEvF.jpg')",train
/content/drive/MyDrive/NewCattleSense/dataset/images/mastitis/Mastitis-33-_jpg.rf.RXG13cVaRFYjgqQG6Jjo.jpg,Mastitis-33-_jpg.rf.RXG13cVaRFYjgqQG6Jjo.jpg,mastitis,1,"('mastitis', 'Mastitis-33-_jpg.rf.RXG13cVaRFYjgqQG6Jjo.jpg')",train
/content/drive/MyDrive/NewCattleSense/dataset/images/mastitis/21_jpg.rf.x5GFOBYzSTaOHwBuYNdM.jpg,21_jpg.rf.x5GFOBYzSTaOHwBuYNdM.jpg,mastitis,1,"('mastitis', 'qwf wf_jpg.rf.qJP3x2h7PiTJHHl7K0vU.jpg')",train
/content/drive/MyDrive/NewCattleSense/dataset/images/mastitis/7_jpeg.rf.jHKAVamXGhIFHvh23cZ9.jpeg,7_jpeg.rf.jHKAVamXGhIFHvh23cZ9.jpeg,mastitis,1,"('mastitis', '7_jpeg.rf.jHKAVamXGhIFHvh23cZ9.jpeg')",train
/content/drive/MyDrive/NewCattleSense/dataset/images/mastitis/Mastitis-26-_jpg.rf.ldPqZwMB0N710M9wniHp.jpg,Mastitis-26-_jpg.rf.ldPqZwMB0N710M9wniHp.jpg,mastitis,1,"('mastitis', 'Mastitis-26-_jpg.rf.ldPqZwMB0N710M9wniHp.jpg')",train
/content/drive/MyDrive/NewCattleSense/dataset/images/mastitis/12_jpg.rf.nOgljZfNtqJkRc2UnoK4.jpg,12_jpg.rf.nOgljZfNtqJkRc2UnoK4.jpg,mastitis,1,"('mastitis', '3vew_jpg.rf.YHS0RATWvW7wpiNc86k6.jpg')",train
/content/drive/MyDrive/NewCattleSense/dataset/images/mastitis/hyp14-e1515373846770-1024x925-1-400x284_jpg.rf.aLv3o0OkfPQRjFMGi3QM.jpg,hyp14-e1515373846770-1024x925-1-400x284_jpg.rf.aLv3o0OkfPQRjFMGi3QM.jpg,mastitis,1,"('mastitis', 'hyp14-e1515373846770-1024x925-1-400x284_jpg.rf.aLv3o0OkfPQRjFMGi3QM.jpg')",train
/content/drive/MyDrive/NewCattleSense/dataset/images/mastitis/1e5e9f06-42ec-467d-84c2-e992126697ff_Jpg_jpg.rf.fruyyaXoCv8ymJJs4pNf.jpg,1e5e9f06-42ec-467d-84c2-e992126697ff_Jpg_jpg.rf.fruyyaXoCv8ymJJs4pNf.jpg,mastitis,1,"('mastitis', '1e5e9f06-42ec-467d-84c2-e992126697ff_Jpg_jpg.rf.fruyyaXoCv8ymJJs4pNf.jpg')",train
/content/drive/MyDrive/NewCattleSense/dataset/images/mastitis/0c1de627-6097-48a7-8f26-f2bab41dbf66_Jpg_jpg.rf.kF8epvL927vlxZ4bBSr5.jpg,0c1de627-6097-48a7-8f26-f2bab41dbf66_Jpg_jpg.rf.kF8epvL927vlxZ4bBSr5.jpg,mastitis,1,"('mastitis', '0c1de627-6097-48a7-8f26-f2bab41dbf66_Jpg_jpg.rf.kF8epvL927vlxZ4bBSr5.jpg')",train
/content/drive/MyDrive/NewCattleSense/dataset/images/mastitis/Mastitis-30-_jpg.rf.KUqJo655MFS8UxUTaX8b.jpg,Mastitis-30-_jpg.rf.KUqJo655MFS8UxUTaX8b.jpg,mastitis,1,"('mastitis', 'Mastitis-30-_jpg.rf.KUqJo655MFS8UxUTaX8b.jpg')",train
/content/drive/MyDrive/NewCattleSense/dataset/images/mastitis/Large-Ring-1-1-e1515371355481-400x284_jpg.rf.Fp9QmWLXLWNO6Zn3akBh.jpg,Large-Ring-1-1-e1515371355481-400x284_jpg.rf.Fp9QmWLXLWNO6Zn3akBh.jpg,mastitis,1,"('mastitis', 'Large-Ring-1-1-e1515371355481-400x284_jpg.rf.Fp9QmWLXLWNO6Zn3akBh.jpg')",train
/content/drive/MyDrive/NewCattleSense/dataset/images/mastitis/0a9d9f54-edab-4998-9323-16e0fe286506_Jpg_jpg.rf.Qa4VOQEQNCORwXUiadU7.jpg,0a9d9f54-edab-4998-9323-16e0fe286506_Jpg_jpg.rf.Qa4VOQEQNCORwXUiadU7.jpg,mastitis,1,"('mastitis', '0a9d9f54-edab-4998-9323-16e0fe286506_Jpg_jpg.rf.Qa4VOQEQNCORwXUiadU7.jpg')",train
/content/drive/MyDrive/NewCattleSense/dataset/images/mastitis/Picture43-400x284_jpg.rf.VThtOyE2JnRM1pzSOEO0.jpg,Picture43-400x284_jpg.rf.VThtOyE2JnRM1pzSOEO0.jpg,mastitis,1,"('mastitis', 'Picture43-400x284_jpg.rf.VThtOyE2JnRM1pzSOEO0.jpg')",train
/content/drive/MyDrive/NewCattleSense/dataset/images/mastitis/1bb52f6a-be9a-4487-b202-26983ffcb41f_Jpg_jpg.rf.moa5lRNAlxJwwlpWVo6G.jpg,1bb52f6a-be9a-4487-b202-26983ffcb41f_Jpg_jpg.rf.moa5lRNAlxJwwlpWVo6G.jpg,mastitis,1,"('mastitis', '1bb52f6a-be9a-4487-b202-26983ffcb41f_Jpg_jpg.rf.moa5lRNAlxJwwlpWVo6G.jpg')",train
/content/drive/MyDrive/NewCattleSense/dataset/images/mastitis/Facial-eczma-on-teats-e1515294568304-400x284_jpg.rf.TBlnpt7LaadVkNVjj6VF.jpg,Facial-eczma-on-teats-e1515294568304-400x284_jpg.rf.TBlnpt7LaadVkNVjj6VF.jpg,mastitis,1,"('mastitis', 'Facial-eczma-on-teats-e1515294568304-400x284_jpg.rf.TBlnpt7LaadVkNVjj6VF.jpg')",train
/content/drive/MyDrive/NewCattleSense/dataset/images/mastitis/Mastitis-18-_jpg.rf.orP8AZigJYilmn83Qp4K.jpg,Mastitis-18-_jpg.rf.orP8AZigJYilmn83Qp4K.jpg,mastitis,1,"('mastitis', 'Mastitis-18-_jpg.rf.orP8AZigJYilmn83Qp4K.jpg')",train
/content/drive/MyDrive/NewCattleSense/dataset/images/mastitis/6_jpeg.rf.4VvRVXZ7USXKIt62CDDz.jpeg,6_jpeg.rf.4VvRVXZ7USXKIt62CDDz.jpeg,mastitis,1,"('mastitis', '6_jpeg.rf.4VvRVXZ7USXKIt62CDDz.jpeg')",train
/content/drive/MyDrive/NewCattleSense/dataset/images/mastitis/Mastitis-47-_jpg.rf.mJ5E93Xfqd6iLY4WJFVL.jpg,Mastitis-47-_jpg.rf.mJ5E93Xfqd6iLY4WJFVL.jpg,mastitis,1,"('mastitis', 'Mastitis-47-_jpg.rf.mJ5E93Xfqd6iLY4WJFVL.jpg')",train
/content/drive/MyDrive/NewCattleSense/dataset/images/mastitis/Picture21-1-400x284_jpg.rf.ypVWD2a5jY7OtKHX6sot.jpg,Picture21-1-400x284_jpg.rf.ypVWD2a5jY7OtKHX6sot.jpg,mastitis,1,"('mastitis', 'Picture21-2-400x284.jpg')",train
/content/drive/MyDrive/NewCattleSense/dataset/images/mastitis/0b552909-6380-459c-941c-69b2d54b23c9_Jpg_jpg.rf.JSTZtKW3emCvQt0q3uv7.jpg,0b552909-6380-459c-941c-69b2d54b23c9_Jpg_jpg.rf.JSTZtKW3emCvQt0q3uv7.jpg,mastitis,1,"('mastitis', 'rerve_jpg.rf.fW0dQY7KtokMiPaw4stk.jpg')",train
/content/drive/MyDrive/NewCattleSense/dataset/images/mastitis/hyp24-e1515374393597-1024x788-1-400x284_jpg.rf.nRXtAap5Ld3s6SszTubW.jpg,hyp24-e1515374393597-1024x788-1-400x284_jpg.rf.nRXtAap5Ld3s6SszTubW.jpg,mastitis,1,"('mastitis', 'hyp24-e1515374393597-1024x788-1-400x284_jpg.rf.nRXtAap5Ld3s6SszTubW.jpg')",train
/content/drive/MyDrive/NewCattleSense/dataset/images/mastitis/25_jpg.rf.kGVdv3SBKe786nN6GjE0.jpg,25_jpg.rf.kGVdv3SBKe786nN6GjE0.jpg,mastitis,1,"('mastitis', 'cwedcw_jpeg.rf.I7EEEeNvn2bVvCkBrlwz.jpeg')",train
/content/drive/MyDrive/NewCattleSense/dataset/images/mastitis/Mastitis-42-_jpg.rf.XfXVkihS6mbSkM7X62qF.jpg,Mastitis-42-_jpg.rf.XfXVkihS6mbSkM7X62qF.jpg,mastitis,1,"('mastitis', 'Mastitis-42-_jpg.rf.XfXVkihS6mbSkM7X62qF.jpg')",train
/content/drive/MyDrive/NewCattleSense/dataset/images/mastitis/Picture1-400x284_jpg.rf.RKzoSnOnZOBmo2CQU1tU.jpg,Picture1-400x284_jpg.rf.RKzoSnOnZOBmo2CQU1tU.jpg,mastitis,1,"('mastitis', 'Picture1-400x284_jpg.rf.RKzoSnOnZOBmo2CQU1tU.jpg')",train
/content/drive/MyDrive/NewCattleSense/dataset/images/mastitis/ring2-400x284_jpg.rf.YriyAkHm1nedFgxehtnX.jpg,ring2-400x284_jpg.rf.YriyAkHm1nedFgxehtnX.jpg,mastitis,1,"('mastitis', 'ring2-400x284_jpg.rf.YriyAkHm1nedFgxehtnX.jpg')",train
/content/drive/MyDrive/NewCattleSense/dataset/images/mastitis/hyp17-e1515373911728-1024x894-1-400x284_jpg.rf.ReGcMto78Z8fKOiMbdZo.jpg,hyp17-e1515373911728-1024x894-1-400x284_jpg.rf.ReGcMto78Z8fKOiMbdZo.jpg,mastitis,1,"('mastitis', 'hyp17-e1515373911728-1024x894-1-400x284_jpg.rf.ReGcMto78Z8fKOiMbdZo.jpg')",train
/content/drive/MyDrive/NewCattleSense/dataset/images/mastitis/Picture45-1-400x284_jpg.rf.cSXVnE3cNkLhSqvv8QxA.jpg,Picture45-1-400x284_jpg.rf.cSXVnE3cNkLhSqvv8QxA.jpg,mastitis,1,"('mastitis', 'Picture45-1-400x284_jpg.rf.cSXVnE3cNkLhSqvv8QxA.jpg')",train
/content/drive/MyDrive/NewCattleSense/dataset/images/mastitis/1f0051d0-7490-43bb-9fed-cccd4b0d283e_Jpg_jpg.rf.19UQI9HYHnylo437CXad.jpg,1f0051d0-7490-43bb-9fed-cccd4b0d283e_Jpg_jpg.rf.19UQI9HYHnylo437CXad.jpg,mastitis,1,"('mastitis', '1f0051d0-7490-43bb-9fed-cccd4b0d283e_Jpg_jpg.rf.19UQI9HYHnylo437CXad.jpg')",train
/content/drive/MyDrive/NewCattleSense/dataset/images/mastitis/Base-ringing-400x284_jpg.rf.HMa0uKX3HcD87WxSwnkf.jpg,Base-ringing-400x284_jpg.rf.HMa0uKX3HcD87WxSwnkf.jpg,mastitis,1,"('mastitis', 'Base-ringing-400x284_jpg.rf.HMa0uKX3HcD87WxSwnkf.jpg')",train
/content/drive/MyDrive/NewCattleSense/dataset/images/mastitis/1b1393d7-33a9-478a-9a17-9ccfdb816a93_Jpg_jpg.rf.UN13krtELa5LBIUszXao.jpg,1b1393d7-33a9-478a-9a17-9ccfdb816a93_Jpg_jpg.rf.UN13krtELa5LBIUszXao.jpg,mastitis,1,"('mastitis', '1b1393d7-33a9-478a-9a17-9ccfdb816a93_Jpg_jpg.rf.UN13krtELa5LBIUszXao.jpg')",train
/content/drive/MyDrive/NewCattleSense/dataset/images/mastitis/Mastitis-47-_jpg.rf.PitbeW2aIMPbsGwA0RdM.jpg,Mastitis-47-_jpg.rf.PitbeW2aIMPbsGwA0RdM.jpg,mastitis,1,"('mastitis', 'Mastitis-47-_jpg.rf.TogKh4UAXFOBza8YizGk.jpg')",train
/content/drive/MyDrive/NewCattleSense/dataset/images/mastitis/Mastitis-17-_jpg.rf.wruiy2DOwAbIsA2AnohC.jpg,Mastitis-17-_jpg.rf.wruiy2DOwAbIsA2AnohC.jpg,mastitis,1,"('mastitis', 'Mastitis-17-_jpg.rf.wruiy2DOwAbIsA2AnohC.jpg')",train
/content/drive/MyDrive/NewCattleSense/dataset/images/mastitis/hyp23-e1515374144420-1024x787-1-400x284_jpg.rf.7FANe0AbH1VxJxl8Wjrd.jpg,hyp23-e1515374144420-1024x787-1-400x284_jpg.rf.7FANe0AbH1VxJxl8Wjrd.jpg,mastitis,1,"('mastitis', 'hyp23-e1515374144420-1024x787-1-400x284_jpg.rf.7FANe0AbH1VxJxl8Wjrd.jpg')",train
/content/drive/MyDrive/NewCattleSense/dataset/images/mastitis/Mastitis-59-_jpg.rf.MdrRj4zdrQmKRaTID03y.jpg,Mastitis-59-_jpg.rf.MdrRj4zdrQmKRaTID03y.jpg,mastitis,1,"('mastitis', 'Mastitis-59-_jpg.rf.MdrRj4zdrQmKRaTID03y.jpg')",train
/content/drive/MyDrive/NewCattleSense/dataset/images/mastitis/Mastitis-17-_jpg.rf.ZEkssFpXtUyOkh50p2gp.jpg,Mastitis-17-_jpg.rf.ZEkssFpXtUyOkh50p2gp.jpg,mastitis,1,"('mastitis', 'Mastitis-17-_jpg.rf.wb3Uu8WHnZTe3SeLMdYF.jpg')",train
/content/drive/MyDrive/NewCattleSense/dataset/images/mastitis/Picture47-400x284_jpg.rf.NsNVmh32E3KB6jlV7kNc.jpg,Picture47-400x284_jpg.rf.NsNVmh32E3KB6jlV7kNc.jpg,mastitis,1,"('mastitis', 'Picture47-400x284_jpg.rf.NsNVmh32E3KB6jlV7kNc.jpg')",train
/content/drive/MyDrive/NewCattleSense/dataset/images/mastitis/Picture31-400x284_jpg.rf.gDnGDzLdehVIG6WynOVM.jpg,Picture31-400x284_jpg.rf.gDnGDzLdehVIG6WynOVM.jpg,mastitis,1,"('mastitis', 'Picture31-400x284_jpg.rf.gDnGDzLdehVIG6WynOVM.jpg')",train
/content/drive/MyDrive/NewCattleSense/dataset/images/mastitis/Mastitis-21-_jpg.rf.Uqlstq2vzjjgiXRClb4C.jpg,Mastitis-21-_jpg.rf.Uqlstq2vzjjgiXRClb4C.jpg,mastitis,1,"('mastitis', 'Mastitis-21-_jpg.rf.Uqlstq2vzjjgiXRClb4C.jpg')",train
/content/drive/MyDrive/NewCattleSense/dataset/images/mastitis/hyp7-e1515373678799-1024x799-1-400x284_jpg.rf.unjbirzvrFqrkbW0FoFx.jpg,hyp7-e1515373678799-1024x799-1-400x284_jpg.rf.unjbirzvrFqrkbW0FoFx.jpg,mastitis,1,"('mastitis', 'hyp7-e1515373678799-1024x799-1-400x284_jpg.rf.unjbirzvrFqrkbW0FoFx.jpg')",train
/content/drive/MyDrive/NewCattleSense/dataset/images/mastitis/dry-skin-eo5-400x284_jpg.rf.S1XVrWXIpFIfHuUlmcDl.jpg,dry-skin-eo5-400x284_jpg.rf.S1XVrWXIpFIfHuUlmcDl.jpg,mastitis,1,"('mastitis', 'dry-skin-eo5-400x284_jpg.rf.S1XVrWXIpFIfHuUlmcDl.jpg')",train
/content/drive/MyDrive/NewCattleSense/dataset/images/mastitis/Mastitis-54-_jpg.rf.eZj8SNfG3bVHMszkmo6O.jpg,Mastitis-54-_jpg.rf.eZj8SNfG3bVHMszkmo6O.jpg,mastitis,1,"('mastitis', 'Mastitis-54-_jpg.rf.eZj8SNfG3bVHMszkmo6O.jpg')",train
/content/drive/MyDrive/NewCattleSense/dataset/images/mastitis/Mastitis-61-_jpg.rf.CDIXsoELzJCpt0mAjYPG.jpg,Mastitis-61-_jpg.rf.CDIXsoELzJCpt0mAjYPG.jpg,mastitis,1,"('mastitis', 'Mastitis-61-_jpg.rf.CDIXsoELzJCpt0mAjYPG.jpg')",train
/content/drive/MyDrive/NewCattleSense/dataset/images/mastitis/Mastitis-34-_jpg.rf.TpdxwMc1Qr9SsrZXFvn1.jpg,Mastitis-34-_jpg.rf.TpdxwMc1Qr9SsrZXFvn1.jpg,mastitis,1,"('mastitis', 'Mastitis-34-_jpg.rf.TpdxwMc1Qr9SsrZXFvn1.jpg')",train
/content/drive/MyDrive/NewCattleSense/dataset/images/mastitis/Picture23-1-400x284_jpg.rf.uyZ5Vj9ImBAfIEYH8DCL.jpg,Picture23-1-400x284_jpg.rf.uyZ5Vj9ImBAfIEYH8DCL.jpg,mastitis,1,"('mastitis', 'Picture23-1-400x284_jpg.rf.uyZ5Vj9ImBAfIEYH8DCL.jpg')",train
/content/drive/MyDrive/NewCattleSense/dataset/images/mastitis/IMG_20250118_144025_jpg.rf.xRVUocNZ76cZwrioP8lB.jpg,IMG_20250118_144025_jpg.rf.xRVUocNZ76cZwrioP8lB.jpg,mastitis,1,"('mastitis', 'IMG_20250118_144025_jpg.rf.xRVUocNZ76cZwrioP8lB.jpg')",train
/content/drive/MyDrive/NewCattleSense/dataset/images/mastitis/Picture25-1-400x284_jpg.rf.rHUUWkbhrd3f77BuX7z5.jpg,Picture25-1-400x284_jpg.rf.rHUUWkbhrd3f77BuX7z5.jpg,mastitis,1,"('mastitis', 'Picture25-1-400x284_jpg.rf.rHUUWkbhrd3f77BuX7z5.jpg')",train
/content/drive/MyDrive/NewCattleSense/dataset/images/mastitis/Mastitis-35-_jpg.rf.hcrGfeIOSVIyT3sCb8KL.jpg,Mastitis-35-_jpg.rf.hcrGfeIOSVIyT3sCb8KL.jpg,mastitis,1,"('mastitis', 'Mastitis-35-_jpg.rf.hcrGfeIOSVIyT3sCb8KL.jpg')",train
/content/drive/MyDrive/NewCattleSense/dataset/images/mastitis/Mastitis-26-_jpg.rf.S2VvqBZsqZaPkBFr7QRA.jpg,Mastitis-26-_jpg.rf.S2VvqBZsqZaPkBFr7QRA.jpg,mastitis,1,"('mastitis', 'Mastitis-26-_jpg.rf.S2VvqBZsqZaPkBFr7QRA.jpg')",train
/content/drive/MyDrive/NewCattleSense/dataset/images/mastitis/Mastitis-14-_jpg.rf.09bLoFb9rXsP8XiI6pYC.jpg,Mastitis-14-_jpg.rf.09bLoFb9rXsP8XiI6pYC.jpg,mastitis,1,"('mastitis', 'Mastitis-14-_jpg.rf.09bLoFb9rXsP8XiI6pYC.jpg')",train
/content/drive/MyDrive/NewCattleSense/dataset/images/mastitis/1b888077-df2a-46cf-b052-7b03d4074593_Jpg_jpg.rf.v8JAj6PRGFJmzu6tiuQr.jpg,1b888077-df2a-46cf-b052-7b03d4074593_Jpg_jpg.rf.v8JAj6PRGFJmzu6tiuQr.jpg,mastitis,1,"('mastitis', '1b888077-df2a-46cf-b052-7b03d4074593_Jpg_jpg.rf.v8JAj6PRGFJmzu6tiuQr.jpg')",train
/content/drive/MyDrive/NewCattleSense/dataset/images/mastitis/IMG_20250118_143944_jpg.rf.mtd5KznpTxmlpwVfY2iE.jpg,IMG_20250118_143944_jpg.rf.mtd5KznpTxmlpwVfY2iE.jpg,mastitis,1,"('mastitis', 'IMG_20250118_143944_jpg.rf.mtd5KznpTxmlpwVfY2iE.jpg')",train
/content/drive/MyDrive/NewCattleSense/dataset/images/mastitis/Picture4-400x284_jpg.rf.viaTVaIyChOaQV12okzF.jpg,Picture4-400x284_jpg.rf.viaTVaIyChOaQV12okzF.jpg,mastitis,1,"('mastitis', 'Picture4-400x284_jpg.rf.viaTVaIyChOaQV12okzF.jpg')",train
/content/drive/MyDrive/NewCattleSense/dataset/images/mastitis/Mastitis-52-_jpg.rf.JC230KNUKpNPPriqVTVT.jpg,Mastitis-52-_jpg.rf.JC230KNUKpNPPriqVTVT.jpg,mastitis,1,"('mastitis', 'Mastitis-52-_jpg.rf.JC230KNUKpNPPriqVTVT.jpg')",train
/content/drive/MyDrive/NewCattleSense/dataset/images/mastitis/chemical-burn2-e1515284193990-400x284_jpg.rf.knuIkvj5BFchengvO12w.jpg,chemical-burn2-e1515284193990-400x284_jpg.rf.knuIkvj5BFchengvO12w.jpg,mastitis,1,"('mastitis', 'chemical-burn2-e1515284193990-400x284_jpg.rf.knuIkvj5BFchengvO12w.jpg')",train
/content/drive/MyDrive/NewCattleSense/dataset/images/mastitis/Picture23-400x284_jpg.rf.R58b9veiqFeRXNxc2Ik7.jpg,Picture23-400x284_jpg.rf.R58b9veiqFeRXNxc2Ik7.jpg,mastitis,1,"('mastitis', 'Picture23-400x284_jpg.rf.R58b9veiqFeRXNxc2Ik7.jpg')",train
/content/drive/MyDrive/NewCattleSense/dataset/images/mastitis/severe-ringing-blue-teats-congestionKE-1-e1515364733512-1024x809-1-400x284_jpg.rf.H5aZUTumqhqep40OSBM6.jpg,severe-ringing-blue-teats-congestionKE-1-e1515364733512-1024x809-1-400x284_jpg.rf.H5aZUTumqhqep40OSBM6.jpg,mastitis,1,"('mastitis', 'severe-ringing-blue-teats-congestionKE-1-e1515364733512-1024x809-1-400x284_jpg.rf.H5aZUTumqhqep40OSBM6.jpg')",train
/content/drive/MyDrive/NewCattleSense/dataset/images/mastitis/Mastitis-52-_jpg.rf.Zr6ggoasRgFQJ34PqZqC.jpg,Mastitis-52-_jpg.rf.Zr6ggoasRgFQJ34PqZqC.jpg,mastitis,1,"('mastitis', 'Mastitis-52-_jpg.rf.Zr6ggoasRgFQJ34PqZqC.jpg')",train
/content/drive/MyDrive/NewCattleSense/dataset/images/mastitis/Mastitis-1-_jpg.rf.fQarh2EpZfShY8R1Xoff.jpg,Mastitis-1-_jpg.rf.fQarh2EpZfShY8R1Xoff.jpg,mastitis,1,"('mastitis', 'Mastitis-1-_jpg.rf.fQarh2EpZfShY8R1Xoff.jpg')",train
/content/drive/MyDrive/NewCattleSense/dataset/images/mastitis/Picture27-400x284_jpg.rf.iJAPlVqGAiRGUEIvyzvC.jpg,Picture27-400x284_jpg.rf.iJAPlVqGAiRGUEIvyzvC.jpg,mastitis,1,"('mastitis', 'Picture27-400x284_jpg.rf.iJAPlVqGAiRGUEIvyzvC.jpg')",train
/content/drive/MyDrive/NewCattleSense/dataset/images/mastitis/Mastitis-28-_jpg.rf.K8xzIfPf4fzyTcXNYXJg.jpg,Mastitis-28-_jpg.rf.K8xzIfPf4fzyTcXNYXJg.jpg,mastitis,1,"('mastitis', 'Mastitis-28-_jpg.rf.K8xzIfPf4fzyTcXNYXJg.jpg')",train
/content/drive/MyDrive/NewCattleSense/dataset/images/mastitis/Picture32-400x284_jpg.rf.bPTzFOuEi7tBlBaF46W3.jpg,Picture32-400x284_jpg.rf.bPTzFOuEi7tBlBaF46W3.jpg,mastitis,1,"('mastitis', 'Picture32-400x284_jpg.rf.bPTzFOuEi7tBlBaF46W3.jpg')",train
/content/drive/MyDrive/NewCattleSense/dataset/images/mastitis/Picture48-400x284_jpg.rf.9r25gxn2zsgZ50JZN1ZR.jpg,Picture48-400x284_jpg.rf.9r25gxn2zsgZ50JZN1ZR.jpg,mastitis,1,"('mastitis', 'Picture48-400x284_jpg.rf.9r25gxn2zsgZ50JZN1ZR.jpg')",train
/content/drive/MyDrive/NewCattleSense/dataset/images/mastitis/hyp21-e1515374009194-1024x763-1-400x284_jpg.rf.BCtLYsaMJxI4gjuL5Gnf.jpg,hyp21-e1515374009194-1024x763-1-400x284_jpg.rf.BCtLYsaMJxI4gjuL5Gnf.jpg,mastitis,1,"('mastitis', 'hyp21-e1515374009194-1024x763-1-400x284_jpg.rf.BCtLYsaMJxI4gjuL5Gnf.jpg')",train
/content/drive/MyDrive/NewCattleSense/dataset/images/mastitis/frostbite5_preview-e1515281757816-400x284_jpeg.rf.pat1X3aI6Eyb5HJElIcU.jpeg,frostbite5_preview-e1515281757816-400x284_jpeg.rf.pat1X3aI6Eyb5HJElIcU.jpeg,mastitis,1,"('mastitis', 'frostbite5_preview-e1515281757816-400x284_jpeg.rf.pat1X3aI6Eyb5HJElIcU.jpeg')",train
/content/drive/MyDrive/NewCattleSense/dataset/images/mastitis/0e58be01-6b80-4778-a8b9-72df51453492_Jpg_jpg.rf.o3rGt8etVEUU7JD15AuN.jpg,0e58be01-6b80-4778-a8b9-72df51453492_Jpg_jpg.rf.o3rGt8etVEUU7JD15AuN.jpg,mastitis,1,"('mastitis', '0e58be01-6b80-4778-a8b9-72df51453492_Jpg_jpg.rf.o3rGt8etVEUU7JD15AuN.jpg')",train
/content/drive/MyDrive/NewCattleSense/dataset/images/mastitis/54cd3ac4-81d8-493a-b0b2-588b703930b8_Jpg_jpg.rf.2cdnE8Yd2gq1DcBZZGSP.jpg,54cd3ac4-81d8-493a-b0b2-588b703930b8_Jpg_jpg.rf.2cdnE8Yd2gq1DcBZZGSP.jpg,mastitis,1,"('mastitis', '54cd3ac4-81d8-493a-b0b2-588b703930b8_Jpg_jpg.rf.2cdnE8Yd2gq1DcBZZGSP.jpg')",train
/content/drive/MyDrive/NewCattleSense/dataset/images/mastitis/dry-skin-crack7-400x284_jpg.rf.n2z2lBuTSnEiw7U9yt5x.jpg,dry-skin-crack7-400x284_jpg.rf.n2z2lBuTSnEiw7U9yt5x.jpg,mastitis,1,"('mastitis', 'dry-skin-crack7-400x284_jpg.rf.n2z2lBuTSnEiw7U9yt5x.jpg')",train
/content/drive/MyDrive/NewCattleSense/dataset/images/mastitis/pox6-e1515355158533-400x284_jpg.rf.C4UoKgDqkmyf01EPs1xw.jpg,pox6-e1515355158533-400x284_jpg.rf.C4UoKgDqkmyf01EPs1xw.jpg,mastitis,1,"('mastitis', 'pox6-e1515355158533-400x284_jpg.rf.C4UoKgDqkmyf01EPs1xw.jpg')",train
/content/drive/MyDrive/NewCattleSense/dataset/images/mastitis/74af9c1c-7a53-4c94-8aa1-3e0a6251d8e9_Jpg_jpg.rf.kskq803pwX0PqeYFrWdQ.jpg,74af9c1c-7a53-4c94-8aa1-3e0a6251d8e9_Jpg_jpg.rf.kskq803pwX0PqeYFrWdQ.jpg,mastitis,1,"('mastitis', '74af9c1c-7a53-4c94-8aa1-3e0a6251d8e9_Jpg_jpg.rf.kskq803pwX0PqeYFrWdQ.jpg')",train
/content/drive/MyDrive/NewCattleSense/dataset/images/mastitis/pet-hem2-e1515364540239-400x284_jpg.rf.4Ijzj60uvv8Xj50eda4m.jpg,pet-hem2-e1515364540239-400x284_jpg.rf.4Ijzj60uvv8Xj50eda4m.jpg,mastitis,1,"('mastitis', 'pet-hem2-e1515364540239-400x284_jpg.rf.4Ijzj60uvv8Xj50eda4m.jpg')",train
/content/drive/MyDrive/NewCattleSense/dataset/images/mastitis/hyp6-e1515373652959-1024x855-1-400x284_jpg.rf.eqMCOb1cuV9BXFMZQhVf.jpg,hyp6-e1515373652959-1024x855-1-400x284_jpg.rf.eqMCOb1cuV9BXFMZQhVf.jpg,mastitis,1,"('mastitis', 'hyp6-e1515373652959-1024x855-1-400x284_jpg.rf.eqMCOb1cuV9BXFMZQhVf.jpg')",train
/content/drive/MyDrive/NewCattleSense/dataset/images/mastitis/Mastitis-35-_jpg.rf.RBgNzEoUXsYRwvUCFoEX.jpg,Mastitis-35-_jpg.rf.RBgNzEoUXsYRwvUCFoEX.jpg,mastitis,1,"('mastitis', 'Mastitis-35-_jpg.rf.RBgNzEoUXsYRwvUCFoEX.jpg')",train
/content/drive/MyDrive/NewCattleSense/dataset/images/mastitis/10_jpg.rf.tv37wuXScQpEOi2LhSxz.jpg,10_jpg.rf.tv37wuXScQpEOi2LhSxz.jpg,mastitis,1,"('mastitis', 'erhvehv_jpg.rf.44mpOrQSnaf9tTYai9nF.jpg')",train
/content/drive/MyDrive/NewCattleSense/dataset/images/mastitis/exfol3-400x284_jpg.rf.lpeLOZLiSJ5WkTnkdMFp.jpg,exfol3-400x284_jpg.rf.lpeLOZLiSJ5WkTnkdMFp.jpg,mastitis,1,"('mastitis', 'exfol3-400x284_jpg.rf.lpeLOZLiSJ5WkTnkdMFp.jpg')",train
/content/drive/MyDrive/NewCattleSense/dataset/images/mastitis/1db2b203-2304-442f-ae72-64498d643584_Jpg_jpg.rf.6kcCmBCnTCvTswzF2Suf.jpg,1db2b203-2304-442f-ae72-64498d643584_Jpg_jpg.rf.6kcCmBCnTCvTswzF2Suf.jpg,mastitis,1,"('mastitis', '1db2b203-2304-442f-ae72-64498d643584_Jpg_jpg.rf.6kcCmBCnTCvTswzF2Suf.jpg')",train
/content/drive/MyDrive/NewCattleSense/dataset/images/mastitis/3d91a7ee-e39b-42e9-be1a-e2215fc44cfd_Jpg_jpg.rf.j84kOf0YtSHwkcp0rZLr.jpg,3d91a7ee-e39b-42e9-be1a-e2215fc44cfd_Jpg_jpg.rf.j84kOf0YtSHwkcp0rZLr.jpg,mastitis,1,"('mastitis', '3d91a7ee-e39b-42e9-be1a-e2215fc44cfd_Jpg_jpg.rf.j84kOf0YtSHwkcp0rZLr.jpg')",train
/content/drive/MyDrive/NewCattleSense/dataset/images/mastitis/ring16-e1515291521268-400x284_jpg.rf.kyF7XvvMcl25aoIe45SE.jpg,ring16-e1515291521268-400x284_jpg.rf.kyF7XvvMcl25aoIe45SE.jpg,mastitis,1,"('mastitis', 'ring16-e1515291521268-400x284_jpg.rf.kyF7XvvMcl25aoIe45SE.jpg')",train
/content/drive/MyDrive/NewCattleSense/dataset/images/mastitis/Mastitis-18-_jpg.rf.SHF8yZ4yDEilY8CohZjl.jpg,Mastitis-18-_jpg.rf.SHF8yZ4yDEilY8CohZjl.jpg,mastitis,1,"('mastitis', 'Mastitis-18-_jpg.rf.SHF8yZ4yDEilY8CohZjl.jpg')",train
/content/drive/MyDrive/NewCattleSense/dataset/images/mastitis/hyp1-e1515373528892-940x1024-1-400x284_jpg.rf.OxJwSAwyeqEt19fhqVOB.jpg,hyp1-e1515373528892-940x1024-1-400x284_jpg.rf.OxJwSAwyeqEt19fhqVOB.jpg,mastitis,1,"('mastitis', 'hyp1-e1515373528892-940x1024-1-400x284_jpg.rf.OxJwSAwyeqEt19fhqVOB.jpg')",train
/content/drive/MyDrive/NewCattleSense/dataset/images/mastitis/hyp4-e1515373603251-1024x688-1-400x284_jpg.rf.kxA64h3HBDrVO0vAkKds.jpg,hyp4-e1515373603251-1024x688-1-400x284_jpg.rf.kxA64h3HBDrVO0vAkKds.jpg,mastitis,1,"('mastitis', 'hyp4-e1515373603251-1024x688-1-400x284_jpg.rf.kxA64h3HBDrVO0vAkKds.jpg')",train
/content/drive/MyDrive/NewCattleSense/dataset/images/mastitis/Picture16-400x284_jpg.rf.70LuusGNUTdgrymgUUz2.jpg,Picture16-400x284_jpg.rf.70LuusGNUTdgrymgUUz2.jpg,mastitis,1,"('mastitis', 'Picture16-400x284_jpg.rf.70LuusGNUTdgrymgUUz2.jpg')",train
/content/drive/MyDrive/NewCattleSense/dataset/images/mastitis/11_jpg.rf.s00eEqtb4DihV6m52z6p.jpg,11_jpg.rf.s00eEqtb4DihV6m52z6p.jpg,mastitis,1,"('mastitis', 'thumb_jpg.rf.7KTP1SlCVeWBOrvgumJZ.jpg')",train
/content/drive/MyDrive/NewCattleSense/dataset/images/mastitis/Chemcial-burn3-e1515283623745-400x284_jpg.rf.lbG8HBVI9Tm9usvML7Wr.jpg,Chemcial-burn3-e1515283623745-400x284_jpg.rf.lbG8HBVI9Tm9usvML7Wr.jpg,mastitis,1,"('mastitis', 'Chemcial-burn3-e1515283623745-400x284_jpg.rf.lbG8HBVI9Tm9usvML7Wr.jpg')",train
/content/drive/MyDrive/NewCattleSense/dataset/images/mastitis/dry-skin-crack-6-400x284_jpg.rf.WXOaGE8Q5ibtP3w6hJVH.jpg,dry-skin-crack-6-400x284_jpg.rf.WXOaGE8Q5ibtP3w6hJVH.jpg,mastitis,1,"('mastitis', 'dry-skin-crack-6-400x284_jpg.rf.WXOaGE8Q5ibtP3w6hJVH.jpg')",train
/content/drive/MyDrive/NewCattleSense/dataset/images/mastitis/3c1bed27-aaa6-44fc-b432-5e23af994c30_Jpg_jpg.rf.C6muhzhevig8FYWgfWN2.jpg,3c1bed27-aaa6-44fc-b432-5e23af994c30_Jpg_jpg.rf.C6muhzhevig8FYWgfWN2.jpg,mastitis,1,"('mastitis', 'qrvrvev_jpg.rf.wzZzlO9rDqdRYrLTDAQb.jpg')",train
/content/drive/MyDrive/NewCattleSense/dataset/images/mastitis/Picture24-1-400x284_jpg.rf.lAcoXRnBSj4tooFfn5GK.jpg,Picture24-1-400x284_jpg.rf.lAcoXRnBSj4tooFfn5GK.jpg,mastitis,1,"('mastitis', 'Picture24-1-400x284_jpg.rf.lAcoXRnBSj4tooFfn5GK.jpg')",train
/content/drive/MyDrive/NewCattleSense/dataset/images/mastitis/Mastitis-21-_jpg.rf.bV1cQYtoSu6dgxuMv55M.jpg,Mastitis-21-_jpg.rf.bV1cQYtoSu6dgxuMv55M.jpg,mastitis,1,"('mastitis', 'ds_jpg.rf.RRE702KkdiXAbujnnLAs.jpg')",train
/content/drive/MyDrive/NewCattleSense/dataset/images/mastitis/hyp18-e1515373930791-1024x972-1-400x284_jpg.rf.GT9XFNbZbATlUJtcDQKq.jpg,hyp18-e1515373930791-1024x972-1-400x284_jpg.rf.GT9XFNbZbATlUJtcDQKq.jpg,mastitis,1,"('mastitis', 'hyp18-e1515373930791-1024x972-1-400x284_jpg.rf.GT9XFNbZbATlUJtcDQKq.jpg')",train
/content/drive/MyDrive/NewCattleSense/dataset/images/mastitis/hyp16-e1515373888406-1024x718-1-400x284_jpg.rf.Doyhunr9aatOR97ca6bK.jpg,hyp16-e1515373888406-1024x718-1-400x284_jpg.rf.Doyhunr9aatOR97ca6bK.jpg,mastitis,1,"('mastitis', 'hyp16-e1515373888406-1024x718-1-400x284_jpg.rf.Doyhunr9aatOR97ca6bK.jpg')",train
/content/drive/MyDrive/NewCattleSense/dataset/images/mastitis/Mastitis-59-_jpg.rf.sNo4ikXSpvaIUZGTMBOc.jpg,Mastitis-59-_jpg.rf.sNo4ikXSpvaIUZGTMBOc.jpg,mastitis,1,"('mastitis', 'Mastitis-59-_jpg.rf.sNo4ikXSpvaIUZGTMBOc.jpg')",train
/content/drive/MyDrive/NewCattleSense/dataset/images/mastitis/Picture54-400x284_jpg.rf.xgR1OzIq4SpEtXRrNMo4.jpg,Picture54-400x284_jpg.rf.xgR1OzIq4SpEtXRrNMo4.jpg,mastitis,1,"('mastitis', 'Picture54-400x284_jpg.rf.xgR1OzIq4SpEtXRrNMo4.jpg')",train
/content/drive/MyDrive/NewCattleSense/dataset/images/mastitis/hyp5-e1515373631315-1024x893-1-400x284_jpg.rf.BycnETUonp3WlZ0iNJKP.jpg,hyp5-e1515373631315-1024x893-1-400x284_jpg.rf.BycnETUonp3WlZ0iNJKP.jpg,mastitis,1,"('mastitis', 'hyp5-e1515373631315-1024x893-1-400x284_jpg.rf.BycnETUonp3WlZ0iNJKP.jpg')",train
/content/drive/MyDrive/NewCattleSense/dataset/images/mastitis/1b583cfd-3f62-461d-9069-e4d18a4d9b5e_Jpg_jpg.rf.ypq5dRQG1IDGNP49r4xi.jpg,1b583cfd-3f62-461d-9069-e4d18a4d9b5e_Jpg_jpg.rf.ypq5dRQG1IDGNP49r4xi.jpg,mastitis,1,"('mastitis', '1b583cfd-3f62-461d-9069-e4d18a4d9b5e_Jpg_jpg.rf.ypq5dRQG1IDGNP49r4xi.jpg')",train
/content/drive/MyDrive/NewCattleSense/dataset/images/mastitis/Mastitis-58-_jpg.rf.mMdBEmUpI1v8gmsvYV91.jpg,Mastitis-58-_jpg.rf.mMdBEmUpI1v8gmsvYV91.jpg,mastitis,1,"('mastitis', 'Mastitis-58-_jpg.rf.mMdBEmUpI1v8gmsvYV91.jpg')",train
/content/drive/MyDrive/NewCattleSense/dataset/images/mastitis/01a86e68-be09-46dc-b900-0595e7023660_Jpg_jpg.rf.PpPjIXgQLqCsA0q4wA84.jpg,01a86e68-be09-46dc-b900-0595e7023660_Jpg_jpg.rf.PpPjIXgQLqCsA0q4wA84.jpg,mastitis,1,"('mastitis', '01a86e68-be09-46dc-b900-0595e7023660_Jpg_jpg.rf.PpPjIXgQLqCsA0q4wA84.jpg')",train
/content/drive/MyDrive/NewCattleSense/dataset/images/mastitis/Picture49-400x284_jpg.rf.eW91PoEh3Z669HrI0eTR.jpg,Picture49-400x284_jpg.rf.eW91PoEh3Z669HrI0eTR.jpg,mastitis,1,"('mastitis', 'Picture49-400x284_jpg.rf.eW91PoEh3Z669HrI0eTR.jpg')",train
/content/drive/MyDrive/NewCattleSense/dataset/images/mastitis/chaps-2_1new-and-healed-390x284_png.rf.zJsiPzuQOi6aHq6XZhqi.png,chaps-2_1new-and-healed-390x284_png.rf.zJsiPzuQOi6aHq6XZhqi.png,mastitis,1,"('mastitis', 'chaps-2_1new-and-healed-390x284_png.rf.zJsiPzuQOi6aHq6XZhqi.png')",train
/content/drive/MyDrive/NewCattleSense/dataset/images/mastitis/1cd11da1-beab-4f58-94b0-346c92fa1685_Jpg_jpg.rf.g8kJlFKJaBu3ep5mzDQp.jpg,1cd11da1-beab-4f58-94b0-346c92fa1685_Jpg_jpg.rf.g8kJlFKJaBu3ep5mzDQp.jpg,mastitis,1,"('mastitis', '1cd11da1-beab-4f58-94b0-346c92fa1685_Jpg_jpg.rf.g8kJlFKJaBu3ep5mzDQp.jpg')",train
/content/drive/MyDrive/NewCattleSense/dataset/images/mastitis/chaps-4_1scabbed-400x284_png.rf.vShVZpslMcGkf3gNos5o.png,chaps-4_1scabbed-400x284_png.rf.vShVZpslMcGkf3gNos5o.png,mastitis,1,"('mastitis', 'chaps-4_1scabbed-400x284_png.rf.vShVZpslMcGkf3gNos5o.png')",train
/content/drive/MyDrive/NewCattleSense/dataset/images/mastitis/Picture20-1-400x284_jpg.rf.LQuPLg5Uo07qsbWzBvW1.jpg,Picture20-1-400x284_jpg.rf.LQuPLg5Uo07qsbWzBvW1.jpg,mastitis,1,"('mastitis', 'Picture20-1-400x284_jpg.rf.LQuPLg5Uo07qsbWzBvW1.jpg')",train
/content/drive/MyDrive/NewCattleSense/dataset/images/mastitis/Mastitis-61-_jpg.rf.GaVUtjE1woN3mTxt3YRJ.jpg,Mastitis-61-_jpg.rf.GaVUtjE1woN3mTxt3YRJ.jpg,mastitis,1,"('mastitis', 'Mastitis-61-_jpg.rf.GaVUtjE1woN3mTxt3YRJ.jpg')",train
/content/drive/MyDrive/NewCattleSense/dataset/images/mastitis/Picture24-400x284_jpg.rf.U8FaavMe0DKGnVnC2NxD.jpg,Picture24-400x284_jpg.rf.U8FaavMe0DKGnVnC2NxD.jpg,mastitis,1,"('mastitis', 'Picture24-400x284_jpg.rf.U8FaavMe0DKGnVnC2NxD.jpg')",train
/content/drive/MyDrive/NewCattleSense/dataset/images/mastitis/Mastitis-34-_jpg.rf.FMYRNHb3eEbASuzBZ1dZ.jpg,Mastitis-34-_jpg.rf.FMYRNHb3eEbASuzBZ1dZ.jpg,mastitis,1,"('mastitis', 'Mastitis-34-_jpg.rf.FMYRNHb3eEbASuzBZ1dZ.jpg')",train
/content/drive/MyDrive/NewCattleSense/dataset/images/mastitis/Mastitis-45-_jpg.rf.I68JTUQixRAbmUtFZRCN.jpg,Mastitis-45-_jpg.rf.I68JTUQixRAbmUtFZRCN.jpg,mastitis,1,"('mastitis', 'Mastitis-45-_jpg.rf.I68JTUQixRAbmUtFZRCN.jpg')",train
/content/drive/MyDrive/NewCattleSense/dataset/images/mastitis/9_jpg.rf.6mGvbBnDso7TIrEyPiWe.jpg,9_jpg.rf.6mGvbBnDso7TIrEyPiWe.jpg,mastitis,1,"('mastitis', 'erhvehv_jpg.rf.44mpOrQSnaf9tTYai9nF.jpg')",train
/content/drive/MyDrive/NewCattleSense/dataset/images/mastitis/Picture22-400x284_jpg.rf.gVNwexLMdqVdndLS8ECD.jpg,Picture22-400x284_jpg.rf.gVNwexLMdqVdndLS8ECD.jpg,mastitis,1,"('mastitis', 'Picture22-400x284_jpg.rf.gVNwexLMdqVdndLS8ECD.jpg')",train
/content/drive/MyDrive/NewCattleSense/dataset/images/mastitis/Picture26-1-400x284_jpg.rf.jfAbl1bOzdtkrwHKHfYT.jpg,Picture26-1-400x284_jpg.rf.jfAbl1bOzdtkrwHKHfYT.jpg,mastitis,1,"('mastitis', 'Picture26-1-400x284_jpg.rf.jfAbl1bOzdtkrwHKHfYT.jpg')",train
/content/drive/MyDrive/NewCattleSense/dataset/images/mastitis/3ff475d6-87ea-4862-b9b0-c2aee5ee1650_Jpg_jpg.rf.prKInjcI3kCl1FBSpL0r.jpg,3ff475d6-87ea-4862-b9b0-c2aee5ee1650_Jpg_jpg.rf.prKInjcI3kCl1FBSpL0r.jpg,mastitis,1,"('mastitis', '3ff475d6-87ea-4862-b9b0-c2aee5ee1650_Jpg_jpg.rf.prKInjcI3kCl1FBSpL0r.jpg')",train
/content/drive/MyDrive/NewCattleSense/dataset/images/mastitis/Picture51-400x284_jpg.rf.Kfyr8XnqfTtjQiVV1Emq.jpg,Picture51-400x284_jpg.rf.Kfyr8XnqfTtjQiVV1Emq.jpg,mastitis,1,"('mastitis', 'Picture51-400x284_jpg.rf.Kfyr8XnqfTtjQiVV1Emq.jpg')",train
/content/drive/MyDrive/NewCattleSense/dataset/images/mastitis/24_jpg.rf.2PzdEy2K78xz4lrXcrwb.jpg,24_jpg.rf.2PzdEy2K78xz4lrXcrwb.jpg,mastitis,1,"('mastitis', '24_jpg.rf.2PzdEy2K78xz4lrXcrwb.jpg')",train
/content/drive/MyDrive/NewCattleSense/dataset/images/mastitis/pox5-e1515354512661-400x284_jpg.rf.xOJXkO3HzErN1wdhssd5.jpg,pox5-e1515354512661-400x284_jpg.rf.xOJXkO3HzErN1wdhssd5.jpg,mastitis,1,"('mastitis', 'pox5-e1515354512661-400x284_jpg.rf.xOJXkO3HzErN1wdhssd5.jpg')",train
/content/drive/MyDrive/NewCattleSense/dataset/images/mastitis/hyp22-e1515374029867-1024x742-1-400x284_jpg.rf.euETWxMD7ZJxMjw0nSsA.jpg,hyp22-e1515374029867-1024x742-1-400x284_jpg.rf.euETWxMD7ZJxMjw0nSsA.jpg,mastitis,1,"('mastitis', 'hyp22-e1515374029867-1024x742-1-400x284_jpg.rf.euETWxMD7ZJxMjw0nSsA.jpg')",train
/content/drive/MyDrive/NewCattleSense/dataset/images/mastitis/Mastitis-16-_jpg.rf.884y3XRcIB8fwENl335W.jpg,Mastitis-16-_jpg.rf.884y3XRcIB8fwENl335W.jpg,mastitis,1,"('mastitis', 'Mastitis-16-_jpg.rf.884y3XRcIB8fwENl335W.jpg')",train
/content/drive/MyDrive/NewCattleSense/dataset/images/mastitis/3df15c1e-30f0-4712-a441-12cddb8da1a3_Jpg_jpg.rf.P7gwZEOWUDq5ryqtmLQc.jpg,3df15c1e-30f0-4712-a441-12cddb8da1a3_Jpg_jpg.rf.P7gwZEOWUDq5ryqtmLQc.jpg,mastitis,1,"('mastitis', '3df15c1e-30f0-4712-a441-12cddb8da1a3_Jpg_jpg.rf.P7gwZEOWUDq5ryqtmLQc.jpg')",train
/content/drive/MyDrive/NewCattleSense/dataset/images/mastitis/Picture40-400x284_jpg.rf.St7A7yz6lXPBmOGrlL17.jpg,Picture40-400x284_jpg.rf.St7A7yz6lXPBmOGrlL17.jpg,mastitis,1,"('mastitis', 'Picture40-400x284_jpg.rf.St7A7yz6lXPBmOGrlL17.jpg')",train
/content/drive/MyDrive/NewCattleSense/dataset/images/mastitis/severe-hemm7-e1515364519265-400x284_jpg.rf.RG9dPKpgiMXVcSjuKCu1.jpg,severe-hemm7-e1515364519265-400x284_jpg.rf.RG9dPKpgiMXVcSjuKCu1.jpg,mastitis,1,"('mastitis', 'severe-hemm7-e1515364519265-400x284_jpg.rf.RG9dPKpgiMXVcSjuKCu1.jpg')",train
/content/drive/MyDrive/NewCattleSense/dataset/images/mastitis/ring6-400x284_jpg.rf.a0SM29hVtdnC8TEgIluf.jpg,ring6-400x284_jpg.rf.a0SM29hVtdnC8TEgIluf.jpg,mastitis,1,"('mastitis', 'ring6-400x284_jpg.rf.a0SM29hVtdnC8TEgIluf.jpg')",train
/content/drive/MyDrive/NewCattleSense/dataset/images/mastitis/Mastitis-43-_jpg.rf.dKPFfHQop0SnN1LDS7FI.jpg,Mastitis-43-_jpg.rf.dKPFfHQop0SnN1LDS7FI.jpg,mastitis,1,"('mastitis', 'Mastitis-43-_jpg.rf.dKPFfHQop0SnN1LDS7FI.jpg')",train
/content/drive/MyDrive/NewCattleSense/dataset/images/mastitis/Picture48-1-400x284_jpg.rf.VzkH7zyTvrrcFuw7XVny.jpg,Picture48-1-400x284_jpg.rf.VzkH7zyTvrrcFuw7XVny.jpg,mastitis,1,"('mastitis', 'Picture48-1-400x284_jpg.rf.VzkH7zyTvrrcFuw7XVny.jpg')",train
/content/drive/MyDrive/NewCattleSense/dataset/images/mastitis/pox1-e1515354008404-400x284_jpg.rf.f3ujKnKvTwZDbbqCUQnV.jpg,pox1-e1515354008404-400x284_jpg.rf.f3ujKnKvTwZDbbqCUQnV.jpg,mastitis,1,"('mastitis', 'pox1-e1515354008404-400x284_jpg.rf.f3ujKnKvTwZDbbqCUQnV.jpg')",train
/content/drive/MyDrive/NewCattleSense/dataset/images/mastitis/Chemical-burn-7-e1515283936872-400x284_jpg.rf.7D6cCOBZ6iTIN8ApMuec.jpg,Chemical-burn-7-e1515283936872-400x284_jpg.rf.7D6cCOBZ6iTIN8ApMuec.jpg,mastitis,1,"('mastitis', 'Chemical-burn-7-e1515283936872-400x284_jpg.rf.7D6cCOBZ6iTIN8ApMuec.jpg')",train
/content/drive/MyDrive/NewCattleSense/dataset/images/mastitis/Picture42-1-400x284_jpg.rf.fgVvDqwzlZ9iLsOlOEaS.jpg,Picture42-1-400x284_jpg.rf.fgVvDqwzlZ9iLsOlOEaS.jpg,mastitis,1,"('mastitis', 'Picture42-1-400x284_jpg.rf.fgVvDqwzlZ9iLsOlOEaS.jpg')",train
/content/drive/MyDrive/NewCattleSense/dataset/images/mastitis/30_jpg.rf.AzmP5snR8d0V0LvMYt3X.jpg,30_jpg.rf.AzmP5snR8d0V0LvMYt3X.jpg,mastitis,1,"('mastitis', '30_jpg.rf.AzmP5snR8d0V0LvMYt3X.jpg')",train
/content/drive/MyDrive/NewCattleSense/dataset/images/mastitis/Picture36-400x284_jpg.rf.wJqxJOCOe8eQsxCv23Kl.jpg,Picture36-400x284_jpg.rf.wJqxJOCOe8eQsxCv23Kl.jpg,mastitis,1,"('mastitis', 'Picture36-400x284_jpg.rf.wJqxJOCOe8eQsxCv23Kl.jpg')",train
/content/drive/MyDrive/NewCattleSense/dataset/images/mastitis/Mastitis-55-_jpg.rf.HmBmYNP8chc9QhiPG2u0.jpg,Mastitis-55-_jpg.rf.HmBmYNP8chc9QhiPG2u0.jpg,mastitis,1,"('mastitis', 'Mastitis-55-_jpg.rf.HmBmYNP8chc9QhiPG2u0.jpg')",train
/content/drive/MyDrive/NewCattleSense/dataset/images/mastitis/Hyperkeratosis-e1515371480240-332x284_jpg.rf.k8ISCF7CEIrzQegkYLcD.jpg,Hyperkeratosis-e1515371480240-332x284_jpg.rf.k8ISCF7CEIrzQegkYLcD.jpg,mastitis,1,"('mastitis', 'Hyperkeratosis-e1515371480240-332x284_jpg.rf.k8ISCF7CEIrzQegkYLcD.jpg')",train
/content/drive/MyDrive/NewCattleSense/dataset/images/mastitis/Mastitis-52-_jpg.rf.HFYaPsJCUsE3oBhkFywi.jpg,Mastitis-52-_jpg.rf.HFYaPsJCUsE3oBhkFywi.jpg,mastitis,1,"('mastitis', 'Mastitis-52-_jpg.rf.HFYaPsJCUsE3oBhkFywi.jpg')",train
/content/drive/MyDrive/NewCattleSense/dataset/images/mastitis/Mastitis-1-_jpg.rf.edTnLeda7PIHsNHgnrBc.jpg,Mastitis-1-_jpg.rf.edTnLeda7PIHsNHgnrBc.jpg,mastitis,1,"('mastitis', 'Mastitis-1-_jpg.rf.edTnLeda7PIHsNHgnrBc.jpg')",train
/content/drive/MyDrive/NewCattleSense/dataset/images/mastitis/33_jpg.rf.Xco6Wg5KdLC9LQke5P4d.jpg,33_jpg.rf.Xco6Wg5KdLC9LQke5P4d.jpg,mastitis,1,"('mastitis', 'ehverher_jpg.rf.IbVHF0k6kTVlPRzD0E0t.jpg')",train
/content/drive/MyDrive/NewCattleSense/dataset/images/mastitis/Mastitis-30-_jpg.rf.NSisxcIV1A0NNH0IbjpU.jpg,Mastitis-30-_jpg.rf.NSisxcIV1A0NNH0IbjpU.jpg,mastitis,1,"('mastitis', 'Mastitis-30-_jpg.rf.NSisxcIV1A0NNH0IbjpU.jpg')",train
/content/drive/MyDrive/NewCattleSense/dataset/images/mastitis/Picture44-400x284_jpg.rf.XCscDjSZ5xFfevbZMqln.jpg,Picture44-400x284_jpg.rf.XCscDjSZ5xFfevbZMqln.jpg,mastitis,1,"('mastitis', 'Picture44-400x284_jpg.rf.XCscDjSZ5xFfevbZMqln.jpg')",train
/content/drive/MyDrive/NewCattleSense/dataset/images/mastitis/hyp9-e1515373723171-1024x924-1-400x284_jpg.rf.pAVV9yX0Kt2whpRsUGWJ.jpg,hyp9-e1515373723171-1024x924-1-400x284_jpg.rf.pAVV9yX0Kt2whpRsUGWJ.jpg,mastitis,1,"('mastitis', 'hyp9-e1515373723171-1024x924-1-400x284_jpg.rf.pAVV9yX0Kt2whpRsUGWJ.jpg')",train
/content/drive/MyDrive/NewCattleSense/dataset/images/mastitis/IMG_20250118_144032_jpg.rf.sSWubryWOTeJwlPqiie0.jpg,IMG_20250118_144032_jpg.rf.sSWubryWOTeJwlPqiie0.jpg,mastitis,1,"('mastitis', 'IMG_20250118_144032_jpg.rf.sSWubryWOTeJwlPqiie0.jpg')",train
/content/drive/MyDrive/NewCattleSense/dataset/images/mastitis/dry-skin5-400x284_jpg.rf.ts6O4W3KlM8LVezi3XtG.jpg,dry-skin5-400x284_jpg.rf.ts6O4W3KlM8LVezi3XtG.jpg,mastitis,1,"('mastitis', 'dry-skin5-400x284_jpg.rf.ts6O4W3KlM8LVezi3XtG.jpg')",train
/content/drive/MyDrive/NewCattleSense/dataset/images/mastitis/18_jpg.rf.73NDhFC34sDPPp0UkEtH.jpg,18_jpg.rf.73NDhFC34sDPPp0UkEtH.jpg,mastitis,1,"('mastitis', 'a_jpg.rf.9XIzr8VnrRu8TBeurEAK.jpg')",train
/content/drive/MyDrive/NewCattleSense/dataset/images/mastitis/Picture20-400x284_jpg.rf.5cBixPYB7RtO7aGvbAIS.jpg,Picture20-400x284_jpg.rf.5cBixPYB7RtO7aGvbAIS.jpg,mastitis,1,"('mastitis', 'Picture20-400x284_jpg.rf.5cBixPYB7RtO7aGvbAIS.jpg')",train
/content/drive/MyDrive/NewCattleSense/dataset/images/mastitis/dry-skin-crack9-400x284_jpg.rf.iEdjYQuk7szIxXBe7WZa.jpg,dry-skin-crack9-400x284_jpg.rf.iEdjYQuk7szIxXBe7WZa.jpg,mastitis,1,"('mastitis', 'dry-skin-crack9-400x284_jpg.rf.iEdjYQuk7szIxXBe7WZa.jpg')",train
/content/drive/MyDrive/NewCattleSense/dataset/images/mastitis/ring4-400x284_jpg.rf.uPrOdgCXDPvskM8R1mJ5.jpg,ring4-400x284_jpg.rf.uPrOdgCXDPvskM8R1mJ5.jpg,mastitis,1,"('mastitis', 'ring4-400x284_jpg.rf.uPrOdgCXDPvskM8R1mJ5.jpg')",train
/content/drive/MyDrive/NewCattleSense/dataset/images/mastitis/Mastitis-59-_jpg.rf.KVaou9PpkHNYzdpP0RnP.jpg,Mastitis-59-_jpg.rf.KVaou9PpkHNYzdpP0RnP.jpg,mastitis,1,"('mastitis', 'Mastitis-59-_jpg.rf.KVaou9PpkHNYzdpP0RnP.jpg')",train
/content/drive/MyDrive/NewCattleSense/dataset/images/mastitis/Picture35-400x284_jpg.rf.bwnYaQ8wJTfiv6Hh2Lzl.jpg,Picture35-400x284_jpg.rf.bwnYaQ8wJTfiv6Hh2Lzl.jpg,mastitis,1,"('mastitis', 'Picture35-400x284_jpg.rf.bwnYaQ8wJTfiv6Hh2Lzl.jpg')",train
/content/drive/MyDrive/NewCattleSense/dataset/images/mastitis/Picture52-400x284_jpg.rf.vaARdcUFxB3WmynLQtmP.jpg,Picture52-400x284_jpg.rf.vaARdcUFxB3WmynLQtmP.jpg,mastitis,1,"('mastitis', 'Picture52-400x284_jpg.rf.vaARdcUFxB3WmynLQtmP.jpg')",train
/content/drive/MyDrive/NewCattleSense/dataset/images/mastitis/NMC-TCP-chemical-damage1-e1515281879220-400x284_jpeg.rf.qjYEimDWBA2Jf9KhnoHL.jpeg,NMC-TCP-chemical-damage1-e1515281879220-400x284_jpeg.rf.qjYEimDWBA2Jf9KhnoHL.jpeg,mastitis,1,"('mastitis', 'NMC-TCP-chemical-damage1-e1515281879220-400x284_jpeg.rf.qjYEimDWBA2Jf9KhnoHL.jpeg')",train
/content/drive/MyDrive/NewCattleSense/dataset/images/mastitis/Mastitis-21-_jpg.rf.svUgNmqWkAXD1MBwhNbw.jpg,Mastitis-21-_jpg.rf.svUgNmqWkAXD1MBwhNbw.jpg,mastitis,1,"('mastitis', 'Mastitis-21-_jpg.rf.svUgNmqWkAXD1MBwhNbw.jpg')",train
/content/drive/MyDrive/NewCattleSense/dataset/images/mastitis/Mastitis-7-_jpg.rf.YCsp1onlF1fuu9nT320T.jpg,Mastitis-7-_jpg.rf.YCsp1onlF1fuu9nT320T.jpg,mastitis,1,"('mastitis', 'Mastitis-7-_jpg.rf.YCsp1onlF1fuu9nT320T.jpg')",train
/content/drive/MyDrive/NewCattleSense/dataset/images/mastitis/Mastitis-4-_jpg.rf.eT94HHNeYP7umRrIOMt8.jpg,Mastitis-4-_jpg.rf.eT94HHNeYP7umRrIOMt8.jpg,mastitis,1,"('mastitis', 'Mastitis-4-_jpg.rf.eT94HHNeYP7umRrIOMt8.jpg')",train
/content/drive/MyDrive/NewCattleSense/dataset/images/mastitis/dry-skin8-400x284_jpg.rf.KlXTKgItDua0mWfpBgfJ.jpg,dry-skin8-400x284_jpg.rf.KlXTKgItDua0mWfpBgfJ.jpg,mastitis,1,"('mastitis', 'dry-skin8-400x284_jpg.rf.KlXTKgItDua0mWfpBgfJ.jpg')",train
/content/drive/MyDrive/NewCattleSense/dataset/images/mastitis/hyp19-e1515373952298-1024x828-1-400x284_jpg.rf.lJ7IVRu5J9qKFjK3bncU.jpg,hyp19-e1515373952298-1024x828-1-400x284_jpg.rf.lJ7IVRu5J9qKFjK3bncU.jpg,mastitis,1,"('mastitis', 'hyp19-e1515373952298-1024x828-1-400x284_jpg.rf.lJ7IVRu5J9qKFjK3bncU.jpg')",train
/content/drive/MyDrive/NewCattleSense/dataset/images/mastitis/Mastitis-32-_jpg.rf.ggL94p4nBBYN22yG1ZOy.jpg,Mastitis-32-_jpg.rf.ggL94p4nBBYN22yG1ZOy.jpg,mastitis,1,"('mastitis', 'Mastitis-32-_jpg.rf.ggL94p4nBBYN22yG1ZOy.jpg')",train
/content/drive/MyDrive/NewCattleSense/dataset/images/mastitis/Picture18-400x284_jpg.rf.2A5zOge1DDpUagxpDi7f.jpg,Picture18-400x284_jpg.rf.2A5zOge1DDpUagxpDi7f.jpg,mastitis,1,"('mastitis', 'Picture18-400x284_jpg.rf.2A5zOge1DDpUagxpDi7f.jpg')",train
/content/drive/MyDrive/NewCattleSense/dataset/images/mastitis/Burnt-teat-e1515283231199-400x284_jpg.rf.znqSFDEtHh1MMa8OQr09.jpg,Burnt-teat-e1515283231199-400x284_jpg.rf.znqSFDEtHh1MMa8OQr09.jpg,mastitis,1,"('mastitis', 'Burnt-teat-e1515283231199-400x284_jpg.rf.znqSFDEtHh1MMa8OQr09.jpg')",train
/content/drive/MyDrive/NewCattleSense/dataset/images/mastitis/1e5a9458-0065-401c-9ec5-dfc76c089248_Jpg_jpg.rf.c8Peh9NUccbS4TAbwp6E.jpg,1e5a9458-0065-401c-9ec5-dfc76c089248_Jpg_jpg.rf.c8Peh9NUccbS4TAbwp6E.jpg,mastitis,1,"('mastitis', '1e5a9458-0065-401c-9ec5-dfc76c089248_Jpg_jpg.rf.c8Peh9NUccbS4TAbwp6E.jpg')",train
/content/drive/MyDrive/NewCattleSense/dataset/images/mastitis/Picture28-1-400x284_jpg.rf.evbAC3TCh63ZiDylezv4.jpg,Picture28-1-400x284_jpg.rf.evbAC3TCh63ZiDylezv4.jpg,mastitis,1,"('mastitis', 'Picture28-1-400x284_jpg.rf.evbAC3TCh63ZiDylezv4.jpg')",train
/content/drive/MyDrive/NewCattleSense/dataset/images/mastitis/2ccea00d-7be7-41ad-a510-fcfb71ce6c94_Jpg_jpg.rf.3DDBb56AROZdrcGcJ0jX.jpg,2ccea00d-7be7-41ad-a510-fcfb71ce6c94_Jpg_jpg.rf.3DDBb56AROZdrcGcJ0jX.jpg,mastitis,1,"('mastitis', '2ccea00d-7be7-41ad-a510-fcfb71ce6c94_Jpg_jpg.rf.3DDBb56AROZdrcGcJ0jX.jpg')",train
/content/drive/MyDrive/NewCattleSense/dataset/images/mastitis/Picture2-400x284_jpg.rf.xRdVoKCCujlhOJqdKqK4.jpg,Picture2-400x284_jpg.rf.xRdVoKCCujlhOJqdKqK4.jpg,mastitis,1,"('mastitis', 'Picture2-400x284_jpg.rf.xRdVoKCCujlhOJqdKqK4.jpg')",train
/content/drive/MyDrive/NewCattleSense/dataset/images/mastitis/Mastitis-42-_jpg.rf.DWcIBNwkutr09qg0efUr.jpg,Mastitis-42-_jpg.rf.DWcIBNwkutr09qg0efUr.jpg,mastitis,1,"('mastitis', 'Mastitis-42-_jpg.rf.DWcIBNwkutr09qg0efUr.jpg')",train
/content/drive/MyDrive/NewCattleSense/dataset/images/mastitis/hyp11-e1515373777349-1024x851-1-400x284_jpg.rf.mBX2lVWoAHa5Tlpg5PLh.jpg,hyp11-e1515373777349-1024x851-1-400x284_jpg.rf.mBX2lVWoAHa5Tlpg5PLh.jpg,mastitis,1,"('mastitis', 'hyp11-e1515373777349-1024x851-1-400x284_jpg.rf.mBX2lVWoAHa5Tlpg5PLh.jpg')",train
/content/drive/MyDrive/NewCattleSense/dataset/images/mastitis/Screenshot-2024-09-14-173635_png.rf.HlFA6HPWYUKVsK8hzHHi.jpg,Screenshot-2024-09-14-173635_png.rf.HlFA6HPWYUKVsK8hzHHi.jpg,mastitis,1,"('mastitis', 'qf qq_jpg.rf.ysHgr8BhC1IuHiC7RBkp.jpg')",train
/content/drive/MyDrive/NewCattleSense/dataset/images/mastitis/hyp25-1024x683-1-400x284_jpg.rf.37vDICqcgmfbLpvaCnrw.jpg,hyp25-1024x683-1-400x284_jpg.rf.37vDICqcgmfbLpvaCnrw.jpg,mastitis,1,"('mastitis', 'hyp25-1024x683-1-400x284_jpg.rf.37vDICqcgmfbLpvaCnrw.jpg')",train
/content/drive/MyDrive/NewCattleSense/dataset/images/mastitis/chaps-6_1_mouthpiece-400x284_png.rf.ph82d2Yr7EVUYn0Uw1AC.png,chaps-6_1_mouthpiece-400x284_png.rf.ph82d2Yr7EVUYn0Uw1AC.png,mastitis,1,"('mastitis', 'chaps-6_1_mouthpiece-400x284_png.rf.ph82d2Yr7EVUYn0Uw1AC.png')",train
/content/drive/MyDrive/NewCattleSense/dataset/images/mastitis/chaps-3_1whole-teat_soiled-400x284_png.rf.q2Da1VKTCfiQlG6hv6Eg.png,chaps-3_1whole-teat_soiled-400x284_png.rf.q2Da1VKTCfiQlG6hv6Eg.png,mastitis,1,"('mastitis', 'chaps-3_1whole-teat_soiled-400x284_png.rf.q2Da1VKTCfiQlG6hv6Eg.png')",train
/content/drive/MyDrive/NewCattleSense/dataset/images/mastitis/hyp13-e1515373816135-1024x738-1-400x284_jpg.rf.N1CeyYqBVSGuhf8WmRVh.jpg,hyp13-e1515373816135-1024x738-1-400x284_jpg.rf.N1CeyYqBVSGuhf8WmRVh.jpg,mastitis,1,"('mastitis', 'hyp13-e1515373816135-1024x738-1-400x284_jpg.rf.N1CeyYqBVSGuhf8WmRVh.jpg')",train
/content/drive/MyDrive/NewCattleSense/dataset/images/mastitis/Mastitis-57-_jpg.rf.S3BThu6P8Ht5swMOS3wa.jpg,Mastitis-57-_jpg.rf.S3BThu6P8Ht5swMOS3wa.jpg,mastitis,1,"('mastitis', 'Mastitis-57-_jpg.rf.S3BThu6P8Ht5swMOS3wa.jpg')",train
/content/drive/MyDrive/NewCattleSense/dataset/images/mastitis/11_jpg.rf.LIjsyaW7Bx8YIMnPVdIM.jpg,11_jpg.rf.LIjsyaW7Bx8YIMnPVdIM.jpg,mastitis,1,"('mastitis', 'thumb_jpg.rf.7KTP1SlCVeWBOrvgumJZ.jpg')",train
/content/drive/MyDrive/NewCattleSense/dataset/images/mastitis/red11-683x1024-1-400x284_jpg.rf.3hMCcFsMrXJBNnpBLUkC.jpg,red11-683x1024-1-400x284_jpg.rf.3hMCcFsMrXJBNnpBLUkC.jpg,mastitis,1,"('mastitis', 'red11-683x1024-1-400x284_jpg.rf.3hMCcFsMrXJBNnpBLUkC.jpg')",train
/content/drive/MyDrive/NewCattleSense/dataset/images/mastitis/red5-e1515364876519-839x1024-1-400x284_jpg.rf.up6vbs34uHwZoud6VA3p.jpg,red5-e1515364876519-839x1024-1-400x284_jpg.rf.up6vbs34uHwZoud6VA3p.jpg,mastitis,1,"('mastitis', 'red5-e1515364876519-839x1024-1-400x284_jpg.rf.up6vbs34uHwZoud6VA3p.jpg')",train
/content/drive/MyDrive/NewCattleSense/dataset/images/mastitis/Picture28-400x284_jpg.rf.VT2NNQxrPXRB6V6b2dp2.jpg,Picture28-400x284_jpg.rf.VT2NNQxrPXRB6V6b2dp2.jpg,mastitis,1,"('mastitis', 'Picture28-400x284_jpg.rf.VT2NNQxrPXRB6V6b2dp2.jpg')",train
/content/drive/MyDrive/NewCattleSense/dataset/images/mastitis/Mastitis-54-_jpg.rf.dNVuKKY8uTqu1pfDk7zV.jpg,Mastitis-54-_jpg.rf.dNVuKKY8uTqu1pfDk7zV.jpg,mastitis,1,"('mastitis', 'Mastitis-54-_jpg.rf.dNVuKKY8uTqu1pfDk7zV.jpg')",train
/content/drive/MyDrive/NewCattleSense/dataset/images/mastitis/Mastitis-20-_jpg.rf.ejxQiZc1ocUbqUXfFRMQ.jpg,Mastitis-20-_jpg.rf.ejxQiZc1ocUbqUXfFRMQ.jpg,mastitis,1,"('mastitis', 'Mastitis-20-_jpg.rf.ejxQiZc1ocUbqUXfFRMQ.jpg')",train
/content/drive/MyDrive/NewCattleSense/dataset/images/mastitis/Mastitis-61-_jpg.rf.kYMEHFZqqyU5G9r0jghH.jpg,Mastitis-61-_jpg.rf.kYMEHFZqqyU5G9r0jghH.jpg,mastitis,1,"('mastitis', 'Mastitis-61-_jpg.rf.kYMEHFZqqyU5G9r0jghH.jpg')",train
/content/drive/MyDrive/NewCattleSense/dataset/images/mastitis/Mastitis-41-_jpg.rf.2U4T4Ctb98PA4HAxuP52.jpg,Mastitis-41-_jpg.rf.2U4T4Ctb98PA4HAxuP52.jpg,mastitis,1,"('mastitis', 'Mastitis-41-_jpg.rf.2U4T4Ctb98PA4HAxuP52.jpg')",train
/content/drive/MyDrive/NewCattleSense/dataset/images/mastitis/Picture13-400x284_jpg.rf.YQohQNAtEhH4dTI2KmfO.jpg,Picture13-400x284_jpg.rf.YQohQNAtEhH4dTI2KmfO.jpg,mastitis,1,"('mastitis', 'Picture13-400x284_jpg.rf.YQohQNAtEhH4dTI2KmfO.jpg')",train
/content/drive/MyDrive/NewCattleSense/dataset/images/mastitis/ring7-400x284_jpg.rf.ijM2xCeiCFXpyquAoA7J.jpg,ring7-400x284_jpg.rf.ijM2xCeiCFXpyquAoA7J.jpg,mastitis,1,"('mastitis', 'ring7-400x284_jpg.rf.ijM2xCeiCFXpyquAoA7J.jpg')",train
/content/drive/MyDrive/NewCattleSense/dataset/images/mastitis/blue11-e1515364798164-1012x1024-1-400x284_jpg.rf.8kogXnTCbhHdCyRe7Tvw.jpg,blue11-e1515364798164-1012x1024-1-400x284_jpg.rf.8kogXnTCbhHdCyRe7Tvw.jpg,mastitis,1,"('mastitis', 'blue11-e1515364798164-1012x1024-1-400x284_jpg.rf.8kogXnTCbhHdCyRe7Tvw.jpg')",train
/content/drive/MyDrive/NewCattleSense/dataset/images/mastitis/Picture50-1-400x284_jpg.rf.qqlrHpyzbBT9QDc65Q2V.jpg,Picture50-1-400x284_jpg.rf.qqlrHpyzbBT9QDc65Q2V.jpg,mastitis,1,"('mastitis', 'Picture50-1-400x284_jpg.rf.qqlrHpyzbBT9QDc65Q2V.jpg')",train
/content/drive/MyDrive/NewCattleSense/dataset/images/mastitis/Mastitis-45-_jpg.rf.xzLerG5FCGy7tPeYbKcs.jpg,Mastitis-45-_jpg.rf.xzLerG5FCGy7tPeYbKcs.jpg,mastitis,1,"('mastitis', 'Mastitis-45-_jpg.rf.xzLerG5FCGy7tPeYbKcs.jpg')",train
/content/drive/MyDrive/NewCattleSense/dataset/images/mastitis/03fa6dc4-7443-4e5f-9686-e3ec9de389ab_Jpg_jpg.rf.4DzfrJfvuorS0Qd65cMJ.jpg,03fa6dc4-7443-4e5f-9686-e3ec9de389ab_Jpg_jpg.rf.4DzfrJfvuorS0Qd65cMJ.jpg,mastitis,1,"('mastitis', '03fa6dc4-7443-4e5f-9686-e3ec9de389ab_Jpg_jpg.rf.4DzfrJfvuorS0Qd65cMJ.jpg')",train
/content/drive/MyDrive/NewCattleSense/dataset/images/mastitis/Mastitis-38-_jpg.rf.i2Jh6ETXiwd3FTaCapSV.jpg,Mastitis-38-_jpg.rf.i2Jh6ETXiwd3FTaCapSV.jpg,mastitis,1,"('mastitis', 'Mastitis-38-_jpg.rf.i2Jh6ETXiwd3FTaCapSV.jpg')",train
/content/drive/MyDrive/NewCattleSense/dataset/images/mastitis/5c4e65db-c68b-4282-a4de-f36003f7b613_Jpg_jpg.rf.wb07RHXR0VYHi6WmbeOH.jpg,5c4e65db-c68b-4282-a4de-f36003f7b613_Jpg_jpg.rf.wb07RHXR0VYHi6WmbeOH.jpg,mastitis,1,"('mastitis', '5c4e65db-c68b-4282-a4de-f36003f7b613_Jpg_jpg.rf.wb07RHXR0VYHi6WmbeOH.jpg')",train
/content/drive/MyDrive/NewCattleSense/dataset/images/mastitis/Drying-chemical-barrier-dip-build-up-build-up-e1515286053269_jpg.rf.nJ3WWnJ4pTeZYJXyD6m0.jpg,Drying-chemical-barrier-dip-build-up-build-up-e1515286053269_jpg.rf.nJ3WWnJ4pTeZYJXyD6m0.jpg,mastitis,1,"('mastitis', 'Drying-chemical-barrier-dip-build-up-build-up-e1515286053269_jpg.rf.nJ3WWnJ4pTeZYJXyD6m0.jpg')",train
/content/drive/MyDrive/NewCattleSense/dataset/images/mastitis/Mastitis-65-_jpg.rf.pFgOeGmqm7BkkEcxFo1u.jpg,Mastitis-65-_jpg.rf.pFgOeGmqm7BkkEcxFo1u.jpg,mastitis,1,"('mastitis', 'Mastitis-65-_jpg.rf.pFgOeGmqm7BkkEcxFo1u.jpg')",train
/content/drive/MyDrive/NewCattleSense/dataset/images/mastitis/3dff9e98-6a53-4f9b-8c24-76f791cfc9e0_Jpg_jpg.rf.4QA7xa4MZMLtrjtb8Q0D.jpg,3dff9e98-6a53-4f9b-8c24-76f791cfc9e0_Jpg_jpg.rf.4QA7xa4MZMLtrjtb8Q0D.jpg,mastitis,1,"('mastitis', '3dff9e98-6a53-4f9b-8c24-76f791cfc9e0_Jpg_jpg.rf.4QA7xa4MZMLtrjtb8Q0D.jpg')",train
/content/drive/MyDrive/NewCattleSense/dataset/images/mastitis/thumb_jpg.rf.7KTP1SlCVeWBOrvgumJZ.jpg,thumb_jpg.rf.7KTP1SlCVeWBOrvgumJZ.jpg,mastitis,1,"('mastitis', 'thumb_jpg.rf.7KTP1SlCVeWBOrvgumJZ.jpg')",train
/content/drive/MyDrive/NewCattleSense/dataset/images/mastitis/efvefe_jpeg.rf.xC6cnSElOpuYdy8G6uIC.jpeg,efvefe_jpeg.rf.xC6cnSElOpuYdy8G6uIC.jpeg,mastitis,1,"('mastitis', 'efvefe_jpeg.rf.xC6cnSElOpuYdy8G6uIC.jpeg')",train
/content/drive/MyDrive/NewCattleSense/dataset/images/mastitis/Picture13-400x284_jpg.rf.80KvZSWqwGlkHEmHg49R.jpg,Picture13-400x284_jpg.rf.80KvZSWqwGlkHEmHg49R.jpg,mastitis,1,"('mastitis', 'Picture13-400x284_jpg.rf.YQohQNAtEhH4dTI2KmfO.jpg')",train
/content/drive/MyDrive/NewCattleSense/dataset/images/mastitis/Picture43-1-400x284_jpg.rf.z83UCdtZg7dFSuGaaCtw.jpg,Picture43-1-400x284_jpg.rf.z83UCdtZg7dFSuGaaCtw.jpg,mastitis,1,"('mastitis', 'Picture43-1-400x284_jpg.rf.z83UCdtZg7dFSuGaaCtw.jpg')",train
/content/drive/MyDrive/NewCattleSense/dataset/images/mastitis/sdss_jpeg.rf.mS3QLChCFKsquDAaIi6D.jpeg,sdss_jpeg.rf.mS3QLChCFKsquDAaIi6D.jpeg,mastitis,1,"('mastitis', 'sdss_jpeg.rf.mS3QLChCFKsquDAaIi6D.jpeg')",train
/content/drive/MyDrive/NewCattleSense/dataset/images/mastitis/qwfwf_jpg.rf.44acR1EHhr2CIKKikML1.jpg,qwfwf_jpg.rf.44acR1EHhr2CIKKikML1.jpg,mastitis,1,"('mastitis', 'qwfwf_jpg.rf.44acR1EHhr2CIKKikML1.jpg')",train
/content/drive/MyDrive/NewCattleSense/dataset/images/mastitis/images (6)_jpg.rf.IbV4yv2wSlYwpX8udnsF.jpg,images (6)_jpg.rf.IbV4yv2wSlYwpX8udnsF.jpg,mastitis,1,"('mastitis', 'images (6)_jpg.rf.IbV4yv2wSlYwpX8udnsF.jpg')",train
/content/drive/MyDrive/NewCattleSense/dataset/images/mastitis/ds_jpg.rf.RRE702KkdiXAbujnnLAs.jpg,ds_jpg.rf.RRE702KkdiXAbujnnLAs.jpg,mastitis,1,"('mastitis', 'ds_jpg.rf.RRE702KkdiXAbujnnLAs.jpg')",train
/content/drive/MyDrive/NewCattleSense/dataset/images/mastitis/cccc_jpg.rf.sHfaCKCKiy3MK3HbRkOY.jpg,cccc_jpg.rf.sHfaCKCKiy3MK3HbRkOY.jpg,mastitis,1,"('mastitis', 'ehverher_jpg.rf.IbVHF0k6kTVlPRzD0E0t.jpg')",train
/content/drive/MyDrive/NewCattleSense/dataset/images/mastitis/xdcfvghbjnkml_jpeg.rf.XspiNYSvwQF3h2oage8D.jpeg,xdcfvghbjnkml_jpeg.rf.XspiNYSvwQF3h2oage8D.jpeg,mastitis,1,"('mastitis', 'xdcfvghbjnkml_jpeg.rf.XspiNYSvwQF3h2oage8D.jpeg')",train
/content/drive/MyDrive/NewCattleSense/dataset/images/mastitis/Picture54-400x284_jpg.rf.mQh4x4wbu3rGsCgF5Mld.jpg,Picture54-400x284_jpg.rf.mQh4x4wbu3rGsCgF5Mld.jpg,mastitis,1,"('mastitis', 'Picture54-400x284_jpg.rf.xgR1OzIq4SpEtXRrNMo4.jpg')",train
/content/drive/MyDrive/NewCattleSense/dataset/images/mastitis/wfwqf _jpg.rf.ChyI1mnA2I416K2t1ROF.jpg,wfwqf _jpg.rf.ChyI1mnA2I416K2t1ROF.jpg,mastitis,1,"('mastitis', 'wfwqf _jpg.rf.ChyI1mnA2I416K2t1ROF.jpg')",train
/content/drive/MyDrive/NewCattleSense/dataset/images/mastitis/2dd_jpg.rf.0OtcRZAPFCEdtudO1ZDQ.jpg,2dd_jpg.rf.0OtcRZAPFCEdtudO1ZDQ.jpg,mastitis,1,"('mastitis', '2dd_jpg.rf.0OtcRZAPFCEdtudO1ZDQ.jpg')",train
/content/drive/MyDrive/NewCattleSense/dataset/images/mastitis/WhatsApp Image 2025-11-18 at 10-40-53 PM_jpeg.rf.yF3JYDbIOoC00nv9vArR.jpeg,WhatsApp Image 2025-11-18 at 10-40-53 PM_jpeg.rf.yF3JYDbIOoC00nv9vArR.jpeg,mastitis,1,"('mastitis', 'WhatsApp Image 2025-11-18 at 10-40-53 PM_jpeg.rf.yF3JYDbIOoC00nv9vArR.jpeg')",train
/content/drive/MyDrive/NewCattleSense/dataset/images/mastitis/cwedcw_jpeg.rf.I7EEEeNvn2bVvCkBrlwz.jpeg,cwedcw_jpeg.rf.I7EEEeNvn2bVvCkBrlwz.jpeg,mastitis,1,"('mastitis', 'cwedcw_jpeg.rf.I7EEEeNvn2bVvCkBrlwz.jpeg')",train
/content/drive/MyDrive/NewCattleSense/dataset/images/mastitis/xcgvhbhj_jpeg.rf.d7ob5vzQ83wsBDJdxcBg.jpeg,xcgvhbhj_jpeg.rf.d7ob5vzQ83wsBDJdxcBg.jpeg,mastitis,1,"('mastitis', 'xcgvhbhj_jpeg.rf.d7ob5vzQ83wsBDJdxcBg.jpeg')",train
/content/drive/MyDrive/NewCattleSense/dataset/images/mastitis/a_jpg.rf.9XIzr8VnrRu8TBeurEAK.jpg,a_jpg.rf.9XIzr8VnrRu8TBeurEAK.jpg,mastitis,1,"('mastitis', 'a_jpg.rf.9XIzr8VnrRu8TBeurEAK.jpg')",train
/content/drive/MyDrive/NewCattleSense/dataset/images/mastitis/xcgvghbjnk_jpeg.rf.ulbvDC07eNtMjyl5PCnI.jpeg,xcgvghbjnk_jpeg.rf.ulbvDC07eNtMjyl5PCnI.jpeg,mastitis,1,"('mastitis', 'xcgvghbjnk_jpeg.rf.ulbvDC07eNtMjyl5PCnI.jpeg')",train
/content/drive/MyDrive/NewCattleSense/dataset/images/mastitis/wdcvwd_jpeg.rf.TOyJoUHFoWaPIYtFudux.jpeg,wdcvwd_jpeg.rf.TOyJoUHFoWaPIYtFudux.jpeg,mastitis,1,"('mastitis', 'wdcvwd_jpeg.rf.TOyJoUHFoWaPIYtFudux.jpeg')",train
/content/drive/MyDrive/NewCattleSense/dataset/images/mastitis/acacadsc_jpg.rf.rTnm1FVUJuJFx8IbsPyT.jpg,acacadsc_jpg.rf.rTnm1FVUJuJFx8IbsPyT.jpg,mastitis,1,"('mastitis', 'cwedcw_jpeg.rf.I7EEEeNvn2bVvCkBrlwz.jpeg')",train
/content/drive/MyDrive/NewCattleSense/dataset/images/mastitis/wq_jpg.rf.hYxPThEHW7TFkNq2i3T9.jpg,wq_jpg.rf.hYxPThEHW7TFkNq2i3T9.jpg,mastitis,1,"('mastitis', 'wq_jpg.rf.hYxPThEHW7TFkNq2i3T9.jpg')",train
/content/drive/MyDrive/NewCattleSense/dataset/images/mastitis/images_jpeg.rf.y9XJ87LTD6qJHbgEI6ib.jpeg,images_jpeg.rf.y9XJ87LTD6qJHbgEI6ib.jpeg,mastitis,1,"('mastitis', 'images_jpeg.rf.y9XJ87LTD6qJHbgEI6ib.jpeg')",train
/content/drive/MyDrive/NewCattleSense/dataset/images/mastitis/erhvehv_jpg.rf.44mpOrQSnaf9tTYai9nF.jpg,erhvehv_jpg.rf.44mpOrQSnaf9tTYai9nF.jpg,mastitis,1,"('mastitis', 'erhvehv_jpg.rf.44mpOrQSnaf9tTYai9nF.jpg')",train
/content/drive/MyDrive/NewCattleSense/dataset/images/mastitis/xdcfvgbhj_jpeg.rf.txCv7U7rh344CQYu0qVS.jpeg,xdcfvgbhj_jpeg.rf.txCv7U7rh344CQYu0qVS.jpeg,mastitis,1,"('mastitis', 'xdcfvgbhj_jpeg.rf.txCv7U7rh344CQYu0qVS.jpeg')",train
/content/drive/MyDrive/NewCattleSense/dataset/images/mastitis/eveveve_jpg.rf.LAXGORdEA6FXv1ZuuFsO.jpg,eveveve_jpg.rf.LAXGORdEA6FXv1ZuuFsO.jpg,mastitis,1,"('mastitis', 'eveveve_jpg.rf.LAXGORdEA6FXv1ZuuFsO.jpg')",train
/content/drive/MyDrive/NewCattleSense/dataset/images/mastitis/sdcsd_jpeg.rf.ITWgA9WewpWr6TN0NT9N.jpeg,sdcsd_jpeg.rf.ITWgA9WewpWr6TN0NT9N.jpeg,mastitis,1,"('mastitis', 'sdcsd_jpeg.rf.ITWgA9WewpWr6TN0NT9N.jpeg')",train
/content/drive/MyDrive/NewCattleSense/dataset/images/mastitis/qrvrvev_jpg.rf.wzZzlO9rDqdRYrLTDAQb.jpg,qrvrvev_jpg.rf.wzZzlO9rDqdRYrLTDAQb.jpg,mastitis,1,"('mastitis', 'qrvrvev_jpg.rf.wzZzlO9rDqdRYrLTDAQb.jpg')",train
/content/drive/MyDrive/NewCattleSense/dataset/images/mastitis/m_jpeg.rf.DnQNGxyirVQmwlzvqiyg.jpeg,m_jpeg.rf.DnQNGxyirVQmwlzvqiyg.jpeg,mastitis,1,"('mastitis', 'm_jpeg.rf.DnQNGxyirVQmwlzvqiyg.jpeg')",train
/content/drive/MyDrive/NewCattleSense/dataset/images/mastitis/WhatsApp Image 2025-11-18 at 10-40-52 PM (1)_jpeg.rf.b2Z7LD3qWF4YpkB7PtHC.jpeg,WhatsApp Image 2025-11-18 at 10-40-52 PM (1)_jpeg.rf.b2Z7LD3qWF4YpkB7PtHC.jpeg,mastitis,1,"('mastitis', 'WhatsApp Image 2025-11-18 at 10-40-52 PM (1)_jpeg.rf.b2Z7LD3qWF4YpkB7PtHC.jpeg')",train
/content/drive/MyDrive/NewCattleSense/dataset/images/mastitis/qrwf wfwf_jpg.rf.2wwd7Kh0GwJfh5W9Gi0X.jpg,qrwf wfwf_jpg.rf.2wwd7Kh0GwJfh5W9Gi0X.jpg,mastitis,1,"('mastitis', 'qrwf wfwf_jpg.rf.2wwd7Kh0GwJfh5W9Gi0X.jpg')",train
/content/drive/MyDrive/NewCattleSense/dataset/images/mastitis/qf qq_jpg.rf.ysHgr8BhC1IuHiC7RBkp.jpg,qf qq_jpg.rf.ysHgr8BhC1IuHiC7RBkp.jpg,mastitis,1,"('mastitis', 'qf qq_jpg.rf.ysHgr8BhC1IuHiC7RBkp.jpg')",train
/content/drive/MyDrive/NewCattleSense/dataset/images/mastitis/WhatsApp Image 2025-11-18 at 10-40-48 PM (1)_jpeg.rf.CFRnB8uebOwaJsw2XH9r.jpeg,WhatsApp Image 2025-11-18 at 10-40-48 PM (1)_jpeg.rf.CFRnB8uebOwaJsw2XH9r.jpeg,mastitis,1,"('mastitis', 'WhatsApp Image 2025-11-18 at 10-40-48 PM (1)_jpeg.rf.CFRnB8uebOwaJsw2XH9r.jpeg')",train
/content/drive/MyDrive/NewCattleSense/dataset/images/mastitis/Mastitis-52-_jpg.rf.t0C1IUQulS9br7S5rqzY.jpg,Mastitis-52-_jpg.rf.t0C1IUQulS9br7S5rqzY.jpg,mastitis,1,"('mastitis', 'Mastitis-52-_jpg.rf.t0C1IUQulS9br7S5rqzY.jpg')",train
/content/drive/MyDrive/NewCattleSense/dataset/images/mastitis/sc_jpg.rf.hMjcRajx39Q3LHEf9wRD.jpg,sc_jpg.rf.hMjcRajx39Q3LHEf9wRD.jpg,mastitis,1,"('mastitis', 'sc_jpg.rf.hMjcRajx39Q3LHEf9wRD.jpg')",train
/content/drive/MyDrive/NewCattleSense/dataset/images/mastitis/efw_jpg.rf.SXykhdQSJ2j1mFrAIzHr.jpg,efw_jpg.rf.SXykhdQSJ2j1mFrAIzHr.jpg,mastitis,1,"('mastitis', 'efw_jpg.rf.SXykhdQSJ2j1mFrAIzHr.jpg')",train
/content/drive/MyDrive/NewCattleSense/dataset/images/mastitis/images_jpg.rf.SsYwU3BGpyuf1QBxCh7B.jpg,images_jpg.rf.SsYwU3BGpyuf1QBxCh7B.jpg,mastitis,1,"('mastitis', 'images_jpg.rf.SsYwU3BGpyuf1QBxCh7B.jpg')",train
/content/drive/MyDrive/NewCattleSense/dataset/images/mastitis/qwf wf w_jpg.rf.WPvekSARhZjQGYv7YV1N.jpg,qwf wf w_jpg.rf.WPvekSARhZjQGYv7YV1N.jpg,mastitis,1,"('mastitis', 'qwf wf w_jpg.rf.WPvekSARhZjQGYv7YV1N.jpg')",train
/content/drive/MyDrive/NewCattleSense/dataset/images/mastitis/Mastitis-17-_jpg.rf.wb3Uu8WHnZTe3SeLMdYF.jpg,Mastitis-17-_jpg.rf.wb3Uu8WHnZTe3SeLMdYF.jpg,mastitis,1,"('mastitis', 'Mastitis-17-_jpg.rf.wb3Uu8WHnZTe3SeLMdYF.jpg')",train
/content/drive/MyDrive/NewCattleSense/dataset/images/mastitis/qwf wf_jpg.rf.qJP3x2h7PiTJHHl7K0vU.jpg,qwf wf_jpg.rf.qJP3x2h7PiTJHHl7K0vU.jpg,mastitis,1,"('mastitis', 'qwf wf_jpg.rf.qJP3x2h7PiTJHHl7K0vU.jpg')",train
/content/drive/MyDrive/NewCattleSense/dataset/images/mastitis/qc_jpeg.rf.o9Go5ZffcX6roOZBYZwp.jpeg,qc_jpeg.rf.o9Go5ZffcX6roOZBYZwp.jpeg,mastitis,1,"('mastitis', 'qc_jpeg.rf.o9Go5ZffcX6roOZBYZwp.jpeg')",train
/content/drive/MyDrive/NewCattleSense/dataset/images/mastitis/rerve_jpg.rf.fW0dQY7KtokMiPaw4stk.jpg,rerve_jpg.rf.fW0dQY7KtokMiPaw4stk.jpg,mastitis,1,"('mastitis', 'rerve_jpg.rf.fW0dQY7KtokMiPaw4stk.jpg')",train
/content/drive/MyDrive/NewCattleSense/dataset/images/mastitis/Mastitis-47-_jpg.rf.TogKh4UAXFOBza8YizGk.jpg,Mastitis-47-_jpg.rf.TogKh4UAXFOBza8YizGk.jpg,mastitis,1,"('mastitis', 'Mastitis-47-_jpg.rf.TogKh4UAXFOBza8YizGk.jpg')",train
/content/drive/MyDrive/NewCattleSense/dataset/images/mastitis/ghbhjnjk_jpeg.rf.72qTI5AFbPIpsZlITRgH.jpeg,ghbhjnjk_jpeg.rf.72qTI5AFbPIpsZlITRgH.jpeg,mastitis,1,"('mastitis', 'ghbhjnjk_jpeg.rf.72qTI5AFbPIpsZlITRgH.jpeg')",train
/content/drive/MyDrive/NewCattleSense/dataset/images/mastitis/Mastitis-26-_jpg.rf.5RHsyhuzYzXWBcGJCLZP.jpg,Mastitis-26-_jpg.rf.5RHsyhuzYzXWBcGJCLZP.jpg,mastitis,1,"('mastitis', 'Mastitis-26-_jpg.rf.ldPqZwMB0N710M9wniHp.jpg')",train
/content/drive/MyDrive/NewCattleSense/dataset/images/mastitis/dscsdcd_jpeg.rf.vI3RVQv1RaRWWY2Unb9T.jpeg,dscsdcd_jpeg.rf.vI3RVQv1RaRWWY2Unb9T.jpeg,mastitis,1,"('mastitis', 'dscsdcd_jpeg.rf.vI3RVQv1RaRWWY2Unb9T.jpeg')",train
/content/drive/MyDrive/NewCattleSense/dataset/images/mastitis/sd_jpeg.rf.9ROgmyyBHcnsJonkBck8.jpeg,sd_jpeg.rf.9ROgmyyBHcnsJonkBck8.jpeg,mastitis,1,"('mastitis', 'sd_jpeg.rf.9ROgmyyBHcnsJonkBck8.jpeg')",train
/content/drive/MyDrive/NewCattleSense/dataset/images/mastitis/gvhbjnkm_jpeg.rf.0qCp3i3Wu8d1cNFZYVNL.jpeg,gvhbjnkm_jpeg.rf.0qCp3i3Wu8d1cNFZYVNL.jpeg,mastitis,1,"('mastitis', 'sd_jpeg.rf.9ROgmyyBHcnsJonkBck8.jpeg')",train
/content/drive/MyDrive/NewCattleSense/dataset/images/mastitis/everve_jpeg.rf.yXp4DWPhPxjL4bbjvo4q.jpeg,everve_jpeg.rf.yXp4DWPhPxjL4bbjvo4q.jpeg,mastitis,1,"('mastitis', 'everve_jpeg.rf.yXp4DWPhPxjL4bbjvo4q.jpeg')",train
/content/drive/MyDrive/NewCattleSense/dataset/images/mastitis/34vwe_jpg.rf.UYCkF12ObsSZExfsNqjR.jpg,34vwe_jpg.rf.UYCkF12ObsSZExfsNqjR.jpg,mastitis,1,"('mastitis', 'thumb_jpg.rf.7KTP1SlCVeWBOrvgumJZ.jpg')",train
/content/drive/MyDrive/NewCattleSense/dataset/images/mastitis/Mastitis-42-_jpg.rf.XTaXrswyCCMTZPiopgg6.jpg,Mastitis-42-_jpg.rf.XTaXrswyCCMTZPiopgg6.jpg,mastitis,1,"('mastitis', 'Mastitis-42-_jpg.rf.XTaXrswyCCMTZPiopgg6.jpg')",train
/content/drive/MyDrive/NewCattleSense/dataset/images/mastitis/sdvsdv_jpeg.rf.EXE6HGfQX4VdigeDUArE.jpeg,sdvsdv_jpeg.rf.EXE6HGfQX4VdigeDUArE.jpeg,mastitis,1,"('mastitis', 'sdvsdv_jpeg.rf.EXE6HGfQX4VdigeDUArE.jpeg')",train
/content/drive/MyDrive/NewCattleSense/dataset/images/mastitis/3vew_jpg.rf.YHS0RATWvW7wpiNc86k6.jpg,3vew_jpg.rf.YHS0RATWvW7wpiNc86k6.jpg,mastitis,1,"('mastitis', '3vew_jpg.rf.YHS0RATWvW7wpiNc86k6.jpg')",train
/content/drive/MyDrive/NewCattleSense/dataset/images/mastitis/ehverher_jpg.rf.IbVHF0k6kTVlPRzD0E0t.jpg,ehverher_jpg.rf.IbVHF0k6kTVlPRzD0E0t.jpg,mastitis,1,"('mastitis', 'ehverher_jpg.rf.IbVHF0k6kTVlPRzD0E0t.jpg')",train
/content/drive/MyDrive/NewCattleSense/dataset/images/mastitis/cfvghbjn_jpeg.rf.LEKTaTq0NVuTj8JYG4QI.jpeg,cfvghbjn_jpeg.rf.LEKTaTq0NVuTj8JYG4QI.jpeg,mastitis,1,"('mastitis', 'cfvghbjn_jpeg.rf.LEKTaTq0NVuTj8JYG4QI.jpeg')",train
/content/drive/MyDrive/NewCattleSense/dataset/images/mastitis/ascasc_jpg.rf.3GBQfgz91ZVmjS6bGhYQ.jpg,ascasc_jpg.rf.3GBQfgz91ZVmjS6bGhYQ.jpg,mastitis,1,"('mastitis', 'cwedcw_jpeg.rf.I7EEEeNvn2bVvCkBrlwz.jpeg')",train
/content/drive/MyDrive/NewCattleSense/dataset/images/mastitis/sdc_jpeg.rf.weT97M1O5ayU1xmnCnzR.jpeg,sdc_jpeg.rf.weT97M1O5ayU1xmnCnzR.jpeg,mastitis,1,"('mastitis', 'sdc_jpeg.rf.weT97M1O5ayU1xmnCnzR.jpeg')",train
/content/drive/MyDrive/NewCattleSense/dataset/images/mastitis/ervr3_jpg.rf.1jLLUXH196qDOhwGt4R9.jpg,ervr3_jpg.rf.1jLLUXH196qDOhwGt4R9.jpg,mastitis,1,"('mastitis', 'ervr3_jpg.rf.1jLLUXH196qDOhwGt4R9.jpg')",train
/content/drive/MyDrive/NewCattleSense/dataset/images/mastitis/Mastitis-36-_jpg.rf.XMts8vZKpK2zzqYNMZVf.jpg,Mastitis-36-_jpg.rf.XMts8vZKpK2zzqYNMZVf.jpg,mastitis,1,"('mastitis', 'Mastitis-36-_jpg.rf.XMts8vZKpK2zzqYNMZVf.jpg')",train
/content/drive/MyDrive/NewCattleSense/dataset/images/mastitis/dc_jpeg.rf.DuC0K2VtQWIrO8qypfTw.jpeg,dc_jpeg.rf.DuC0K2VtQWIrO8qypfTw.jpeg,mastitis,1,"('mastitis', 'dc_jpeg.rf.DuC0K2VtQWIrO8qypfTw.jpeg')",train
/content/drive/MyDrive/NewCattleSense/dataset/images/mastitis/dcvhbhjn_jpeg.rf.tc7XNeno3gODyKN1DpUz.jpeg,dcvhbhjn_jpeg.rf.tc7XNeno3gODyKN1DpUz.jpeg,mastitis,1,"('mastitis', 'dcvhbhjn_jpeg.rf.tc7XNeno3gODyKN1DpUz.jpeg')",train
/content/drive/MyDrive/NewCattleSense/dataset/images/mastitis/3rv3r_jpg.rf.6bgUaQqsdwjVzHGyoudd.jpg,3rv3r_jpg.rf.6bgUaQqsdwjVzHGyoudd.jpg,mastitis,1,"('mastitis', 'a_jpg.rf.9XIzr8VnrRu8TBeurEAK.jpg')",train
/content/drive/MyDrive/NewCattleSense/dataset/images/mastitis/dsa_jpeg.rf.IWkkuJf4zhFWTnhcwQ6S.jpeg,dsa_jpeg.rf.IWkkuJf4zhFWTnhcwQ6S.jpeg,mastitis,1,"('mastitis', 'sdss_jpeg.rf.mS3QLChCFKsquDAaIi6D.jpeg')",train
"/content/drive/MyDrive/NewCattleSense/dataset/images/mastitis/gfgbhjmkl,;-';_jpeg.rf.hjpas3cFpvFpMiiYxEtZ.jpeg","gfgbhjmkl,;-';_jpeg.rf.hjpas3cFpvFpMiiYxEtZ.jpeg",mastitis,1,"('mastitis', ""gfgbhjmkl,;-';_jpeg.rf.hjpas3cFpvFpMiiYxEtZ.jpeg"")",train
/content/drive/MyDrive/NewCattleSense/dataset/images/mastitis/Mastitis-63-_jpg.rf.HTaU6NSOpAoe60DUf0JV.jpg,Mastitis-63-_jpg.rf.HTaU6NSOpAoe60DUf0JV.jpg,mastitis,1,"('mastitis', 'Mastitis-63-_jpg.rf.HTaU6NSOpAoe60DUf0JV.jpg')",train
/content/drive/MyDrive/NewCattleSense/dataset/images/mastitis/Mastitis-4-_jpg.rf.g4NFhF25TUAz7oqEDeoB.jpg,Mastitis-4-_jpg.rf.g4NFhF25TUAz7oqEDeoB.jpg,mastitis,1,"('mastitis', 'Mastitis-4-_jpg.rf.g4NFhF25TUAz7oqEDeoB.jpg')",train
/content/drive/MyDrive/NewCattleSense/dataset/images/mastitis/32_jpg.rf.r88eJwd70gCY7QHu4PCP.jpg,32_jpg.rf.r88eJwd70gCY7QHu4PCP.jpg,mastitis,1,"('mastitis', '32_jpg.rf.r88eJwd70gCY7QHu4PCP.jpg')",train
/content/drive/MyDrive/NewCattleSense/dataset/images/mastitis/31_jpg.rf.QcMt17wDd10wvTjOuG2z.jpg,31_jpg.rf.QcMt17wDd10wvTjOuG2z.jpg,mastitis,1,"('mastitis', '31_jpg.rf.QcMt17wDd10wvTjOuG2z.jpg')",train
/content/drive/MyDrive/NewCattleSense/dataset/images/mastitis/Mastitis-10-_jpg.rf.1duIa9PhwpnMtGjpCDmi.jpg,Mastitis-10-_jpg.rf.1duIa9PhwpnMtGjpCDmi.jpg,mastitis,1,"('mastitis', 'Mastitis-10-_jpg.rf.1duIa9PhwpnMtGjpCDmi.jpg')",train
/content/drive/MyDrive/NewCattleSense/dataset/images/mastitis/Mastitis-55-_jpg.rf.udbbuWm5rThogD0wvGZY.jpg,Mastitis-55-_jpg.rf.udbbuWm5rThogD0wvGZY.jpg,mastitis,1,"('mastitis', 'Mastitis-55-_jpg.rf.udbbuWm5rThogD0wvGZY.jpg')",train
/content/drive/MyDrive/NewCattleSense/dataset/images/mastitis/34_jpg.rf.VvnrRSqs5yWcFX4JwgaY.jpg,34_jpg.rf.VvnrRSqs5yWcFX4JwgaY.jpg,mastitis,1,"('mastitis', '34_jpg.rf.VvnrRSqs5yWcFX4JwgaY.jpg')",train
/content/drive/MyDrive/NewCattleSense/dataset/images/mastitis/Mastitis-55-_jpg.rf.2ryfsWPSA6WmKiAh69Nl.jpg,Mastitis-55-_jpg.rf.2ryfsWPSA6WmKiAh69Nl.jpg,mastitis,1,"('mastitis', 'Mastitis-55-_jpg.rf.2ryfsWPSA6WmKiAh69Nl.jpg')",train
/content/drive/MyDrive/NewCattleSense/dataset/images/mastitis/Mastitis-49-_jpg.rf.F9NAJLJRGiBgDXgs0iP6.jpg,Mastitis-49-_jpg.rf.F9NAJLJRGiBgDXgs0iP6.jpg,mastitis,1,"('mastitis', 'Mastitis-49-_jpg.rf.F9NAJLJRGiBgDXgs0iP6.jpg')",train
/content/drive/MyDrive/NewCattleSense/dataset/images/mastitis/Mastitis-64-_jpg.rf.U6nwLTJV4JdalHSDeniO.jpg,Mastitis-64-_jpg.rf.U6nwLTJV4JdalHSDeniO.jpg,mastitis,1,"('mastitis', 'Mastitis-64-_jpg.rf.U6nwLTJV4JdalHSDeniO.jpg')",train
/content/drive/MyDrive/NewCattleSense/dataset/images/mastitis/Mastitis-68-_jpg.rf.qHCgniyWq7WQuIDy4qnj.jpg,Mastitis-68-_jpg.rf.qHCgniyWq7WQuIDy4qnj.jpg,mastitis,1,"('mastitis', 'Mastitis-68-_jpg.rf.qHCgniyWq7WQuIDy4qnj.jpg')",train
/content/drive/MyDrive/NewCattleSense/dataset/images/mastitis/Screenshot-2024-09-14-170934_png.rf.d5u8Z0xFH9sKrliaVdlR.jpg,Screenshot-2024-09-14-170934_png.rf.d5u8Z0xFH9sKrliaVdlR.jpg,mastitis,1,"('mastitis', 'Screenshot-2024-09-14-170934_png.rf.d5u8Z0xFH9sKrliaVdlR.jpg')",train
/content/drive/MyDrive/NewCattleSense/dataset/images/mastitis/Mastitis-49-_jpg.rf.ZrHAYJX3SQTAm2EGYMjH.jpg,Mastitis-49-_jpg.rf.ZrHAYJX3SQTAm2EGYMjH.jpg,mastitis,1,"('mastitis', 'Mastitis-49-_jpg.rf.ZrHAYJX3SQTAm2EGYMjH.jpg')",train
/content/drive/MyDrive/NewCattleSense/dataset/images/mastitis/Mastitis-49-_jpg.rf.fZNOXu5WZtFJ4zQf5k0k.jpg,Mastitis-49-_jpg.rf.fZNOXu5WZtFJ4zQf5k0k.jpg,mastitis,1,"('mastitis', 'Mastitis-49-_jpg.rf.fZNOXu5WZtFJ4zQf5k0k.jpg')",train
/content/drive/MyDrive/NewCattleSense/dataset/images/mastitis/34_jpg.rf.x7236lO49qdaPknDuFSh.jpg,34_jpg.rf.x7236lO49qdaPknDuFSh.jpg,mastitis,1,"('mastitis', '34_jpg.rf.x7236lO49qdaPknDuFSh.jpg')",train
/content/drive/MyDrive/NewCattleSense/dataset/images/mastitis/Mastitis-13-_jpg.rf.bZ2WOLNT7aETubOHPxsf.jpg,Mastitis-13-_jpg.rf.bZ2WOLNT7aETubOHPxsf.jpg,mastitis,1,"('mastitis', 'Mastitis-13-_jpg.rf.bZ2WOLNT7aETubOHPxsf.jpg')",train
/content/drive/MyDrive/NewCattleSense/dataset/images/mastitis/Mastitis-12-_jpg.rf.x1PFS7kbn4bvgCcVu8ID.jpg,Mastitis-12-_jpg.rf.x1PFS7kbn4bvgCcVu8ID.jpg,mastitis,1,"('mastitis', 'Mastitis-12-_jpg.rf.x1PFS7kbn4bvgCcVu8ID.jpg')",train
/content/drive/MyDrive/NewCattleSense/dataset/images/mastitis/Mastitis-13-_jpg.rf.pniGF8OtgaJTWpIjhI1t.jpg,Mastitis-13-_jpg.rf.pniGF8OtgaJTWpIjhI1t.jpg,mastitis,1,"('mastitis', 'Mastitis-13-_jpg.rf.pniGF8OtgaJTWpIjhI1t.jpg')",train
/content/drive/MyDrive/NewCattleSense/dataset/images/mastitis/Mastitis-50-_jpg.rf.hMAZU1fk1jYlwjjA5Ehm.jpg,Mastitis-50-_jpg.rf.hMAZU1fk1jYlwjjA5Ehm.jpg,mastitis,1,"('mastitis', 'Mastitis-50-_jpg.rf.hMAZU1fk1jYlwjjA5Ehm.jpg')",train
/content/drive/MyDrive/NewCattleSense/dataset/images/mastitis/Mastitis-44-_jpg.rf.LbocZIboCPIa4w83oeAj.jpg,Mastitis-44-_jpg.rf.LbocZIboCPIa4w83oeAj.jpg,mastitis,1,"('mastitis', 'Mastitis-44-_jpg.rf.LbocZIboCPIa4w83oeAj.jpg')",train
/content/drive/MyDrive/NewCattleSense/dataset/images/mastitis/Mastitis-67-_jpg.rf.fdhnkXOSVeGIdP6AKlp3.jpg,Mastitis-67-_jpg.rf.fdhnkXOSVeGIdP6AKlp3.jpg,mastitis,1,"('mastitis', 'Mastitis-67-_jpg.rf.fdhnkXOSVeGIdP6AKlp3.jpg')",train
/content/drive/MyDrive/NewCattleSense/dataset/images/mastitis/Mastitis-64-_jpg.rf.nbnSBFo4eunA5eZqQxo7.jpg,Mastitis-64-_jpg.rf.nbnSBFo4eunA5eZqQxo7.jpg,mastitis,1,"('mastitis', 'Mastitis-64-_jpg.rf.nbnSBFo4eunA5eZqQxo7.jpg')",train
/content/drive/MyDrive/NewCattleSense/dataset/images/mastitis/23_jpg.rf.ydrW6OFmrp0XaSZMbIFa.jpg,23_jpg.rf.ydrW6OFmrp0XaSZMbIFa.jpg,mastitis,1,"('mastitis', '23_jpg.rf.ydrW6OFmrp0XaSZMbIFa.jpg')",train
/content/drive/MyDrive/NewCattleSense/dataset/images/mastitis/Mastitis-14-_jpg.rf.6Bz5cV87gIXJXO2rPQe6.jpg,Mastitis-14-_jpg.rf.6Bz5cV87gIXJXO2rPQe6.jpg,mastitis,1,"('mastitis', 'Mastitis-14-_jpg.rf.6Bz5cV87gIXJXO2rPQe6.jpg')",train
/content/drive/MyDrive/NewCattleSense/dataset/images/mastitis/28_jpg.rf.xkdci4yl4dNRw4CHKPRr.jpg,28_jpg.rf.xkdci4yl4dNRw4CHKPRr.jpg,mastitis,1,"('mastitis', 'eve_jpg.rf.7StbCAxn62dXfpPrETkZ.jpg')",train
/content/drive/MyDrive/NewCattleSense/dataset/images/mastitis/Mastitis-32-_jpg.rf.bpaZ82SEzOCwiGU9tdlR.jpg,Mastitis-32-_jpg.rf.bpaZ82SEzOCwiGU9tdlR.jpg,mastitis,1,"('mastitis', 'Mastitis-32-_jpg.rf.bpaZ82SEzOCwiGU9tdlR.jpg')",train
/content/drive/MyDrive/NewCattleSense/dataset/images/mastitis/Mastitis-67-_jpg.rf.r32abxWOIHlwFHBuuH8F.jpg,Mastitis-67-_jpg.rf.r32abxWOIHlwFHBuuH8F.jpg,mastitis,1,"('mastitis', 'Mastitis-67-_jpg.rf.r32abxWOIHlwFHBuuH8F.jpg')",train
/content/drive/MyDrive/NewCattleSense/dataset/images/mastitis/Mastitis-28-_jpg.rf.1di2Uvy2yUH0UnHjR8PT.jpg,Mastitis-28-_jpg.rf.1di2Uvy2yUH0UnHjR8PT.jpg,mastitis,1,"('mastitis', 'Mastitis-28-_jpg.rf.1di2Uvy2yUH0UnHjR8PT.jpg')",train
/content/drive/MyDrive/NewCattleSense/dataset/images/mastitis/Mastitis-67-_jpg.rf.bTaRP97NBhJ7zGkoZxKn.jpg,Mastitis-67-_jpg.rf.bTaRP97NBhJ7zGkoZxKn.jpg,mastitis,1,"('mastitis', 'Mastitis-67-_jpg.rf.bTaRP97NBhJ7zGkoZxKn.jpg')",train
/content/drive/MyDrive/NewCattleSense/dataset/images/mastitis/Mastitis-51-_jpg.rf.wTD1uiJwrHC2r5JLXKgv.jpg,Mastitis-51-_jpg.rf.wTD1uiJwrHC2r5JLXKgv.jpg,mastitis,1,"('mastitis', 'Mastitis-51-_jpg.rf.wTD1uiJwrHC2r5JLXKgv.jpg')",train
/content/drive/MyDrive/NewCattleSense/dataset/images/mastitis/1_jpg.rf.DvuQNEQTpVvPPLEVb3Bf.jpg,1_jpg.rf.DvuQNEQTpVvPPLEVb3Bf.jpg,mastitis,1,"('mastitis', '1_jpg.rf.DvuQNEQTpVvPPLEVb3Bf.jpg')",train
/content/drive/MyDrive/NewCattleSense/dataset/images/mastitis/Mastitis-13-_jpg.rf.VvpLSSI9xccguvkJggCK.jpg,Mastitis-13-_jpg.rf.VvpLSSI9xccguvkJggCK.jpg,mastitis,1,"('mastitis', 'Mastitis-13-_jpg.rf.VvpLSSI9xccguvkJggCK.jpg')",train
/content/drive/MyDrive/NewCattleSense/dataset/images/mastitis/Mastitis-41-_jpg.rf.zuCXU5NJJlhsLzlddXqx.jpg,Mastitis-41-_jpg.rf.zuCXU5NJJlhsLzlddXqx.jpg,mastitis,1,"('mastitis', 'Mastitis-41-_jpg.rf.zuCXU5NJJlhsLzlddXqx.jpg')",train
/content/drive/MyDrive/NewCattleSense/dataset/images/mastitis/Mastitis-29-_jpg.rf.0FYYKez0M8q79xgKIiL9.jpg,Mastitis-29-_jpg.rf.0FYYKez0M8q79xgKIiL9.jpg,mastitis,1,"('mastitis', 'Mastitis-29-_jpg.rf.0FYYKez0M8q79xgKIiL9.jpg')",train
/content/drive/MyDrive/NewCattleSense/dataset/images/mastitis/Mastitis-64-_jpg.rf.FXNq2MZwFsLoZvnfar8N.jpg,Mastitis-64-_jpg.rf.FXNq2MZwFsLoZvnfar8N.jpg,mastitis,1,"('mastitis', 'Mastitis-64-_jpg.rf.T6eVdFMQSz1ZXEhTAciq.jpg')",train
/content/drive/MyDrive/NewCattleSense/dataset/images/mastitis/Mastitis-44-_jpg.rf.Z15i2rXKFGaq9jKHDbZt.jpg,Mastitis-44-_jpg.rf.Z15i2rXKFGaq9jKHDbZt.jpg,mastitis,1,"('mastitis', 'Mastitis-44-_jpg.rf.Z15i2rXKFGaq9jKHDbZt.jpg')",train
/content/drive/MyDrive/NewCattleSense/dataset/images/mastitis/Mastitis-12-_jpg.rf.szj6bpHiXZzyXHPnoDqy.jpg,Mastitis-12-_jpg.rf.szj6bpHiXZzyXHPnoDqy.jpg,mastitis,1,"('mastitis', 'Mastitis-12-_jpg.rf.szj6bpHiXZzyXHPnoDqy.jpg')",train
/content/drive/MyDrive/NewCattleSense/dataset/images/mastitis/Mastitis-38-_jpg.rf.b9ra2WtuilFJ2O9TxoPW.jpg,Mastitis-38-_jpg.rf.b9ra2WtuilFJ2O9TxoPW.jpg,mastitis,1,"('mastitis', 'Mastitis-38-_jpg.rf.b9ra2WtuilFJ2O9TxoPW.jpg')",train
/content/drive/MyDrive/NewCattleSense/dataset/images/mastitis/mastitis_jpeg.rf.s27sqzQOMqXSCvf8dOPb.jpeg,mastitis_jpeg.rf.s27sqzQOMqXSCvf8dOPb.jpeg,mastitis,1,"('mastitis', 'mastitis_jpeg.rf.s27sqzQOMqXSCvf8dOPb.jpeg')",train
/content/drive/MyDrive/NewCattleSense/dataset/images/mastitis/Mastitis-50-_jpg.rf.apwmZFyIsESY1E2DvyRb.jpg,Mastitis-50-_jpg.rf.apwmZFyIsESY1E2DvyRb.jpg,mastitis,1,"('mastitis', 'Mastitis-50-_jpg.rf.apwmZFyIsESY1E2DvyRb.jpg')",train
/content/drive/MyDrive/NewCattleSense/dataset/images/mastitis/Mastitis-47-_jpg.rf.LJDgFvKa9JtaxnXcEpa6.jpg,Mastitis-47-_jpg.rf.LJDgFvKa9JtaxnXcEpa6.jpg,mastitis,1,"('mastitis', 'Mastitis-47-_jpg.rf.LJDgFvKa9JtaxnXcEpa6.jpg')",train
/content/drive/MyDrive/NewCattleSense/dataset/images/mastitis/Mastitis-29-_jpg.rf.WTiKIdVcmETplnLNdWMs.jpg,Mastitis-29-_jpg.rf.WTiKIdVcmETplnLNdWMs.jpg,mastitis,1,"('mastitis', 'Mastitis-29-_jpg.rf.WTiKIdVcmETplnLNdWMs.jpg')",train
/content/drive/MyDrive/NewCattleSense/dataset/images/mastitis/Mastitis-50-_jpg.rf.NhMWuHc0s9y0BCdkdjjM.jpg,Mastitis-50-_jpg.rf.NhMWuHc0s9y0BCdkdjjM.jpg,mastitis,1,"('mastitis', 'Mastitis-50-_jpg.rf.NhMWuHc0s9y0BCdkdjjM.jpg')",train
/content/drive/MyDrive/NewCattleSense/dataset/images/mastitis/Mastitis-33-_jpg.rf.CG7IrnNbZH2ikyehZdjv.jpg,Mastitis-33-_jpg.rf.CG7IrnNbZH2ikyehZdjv.jpg,mastitis,1,"('mastitis', 'Mastitis-33-_jpg.rf.CG7IrnNbZH2ikyehZdjv.jpg')",train
/content/drive/MyDrive/NewCattleSense/dataset/images/mastitis/20_jpg.rf.m3tMElTTbwONlyvmQhfa.jpg,20_jpg.rf.m3tMElTTbwONlyvmQhfa.jpg,mastitis,1,"('mastitis', '20_jpg.rf.m3tMElTTbwONlyvmQhfa.jpg')",train
/content/drive/MyDrive/NewCattleSense/dataset/images/mastitis/Mastitis-30-_jpg.rf.f91b50fb0rbC97oeY8P6.jpg,Mastitis-30-_jpg.rf.f91b50fb0rbC97oeY8P6.jpg,mastitis,1,"('mastitis', 'Mastitis-30-_jpg.rf.f91b50fb0rbC97oeY8P6.jpg')",train
/content/drive/MyDrive/NewCattleSense/dataset/images/mastitis/Mastitis-4-_jpg.rf.xVJ0T1egKXn2X105d6Kh.jpg,Mastitis-4-_jpg.rf.xVJ0T1egKXn2X105d6Kh.jpg,mastitis,1,"('mastitis', 'Mastitis-4-_jpg.rf.xVJ0T1egKXn2X105d6Kh.jpg')",train
/content/drive/MyDrive/NewCattleSense/dataset/images/mastitis/Mastitis-43-_jpg.rf.mBWTYumLYF1zvH2bWWxB.jpg,Mastitis-43-_jpg.rf.mBWTYumLYF1zvH2bWWxB.jpg,mastitis,1,"('mastitis', 'Mastitis-43-_jpg.rf.mBWTYumLYF1zvH2bWWxB.jpg')",train
/content/drive/MyDrive/NewCattleSense/dataset/images/mastitis/1_jpg.rf.pUDGiA0C3pQYsFKGsK4g.jpg,1_jpg.rf.pUDGiA0C3pQYsFKGsK4g.jpg,mastitis,1,"('mastitis', '1_jpg.rf.pUDGiA0C3pQYsFKGsK4g.jpg')",train
/content/drive/MyDrive/NewCattleSense/dataset/images/mastitis/Mastitis-68-_jpg.rf.BQ1lHRJ1OccwWrGM4EHE.jpg,Mastitis-68-_jpg.rf.BQ1lHRJ1OccwWrGM4EHE.jpg,mastitis,1,"('mastitis', 'Mastitis-68-_jpg.rf.BQ1lHRJ1OccwWrGM4EHE.jpg')",train
/content/drive/MyDrive/NewCattleSense/dataset/images/mastitis/29_jpg.rf.s6mbUjZlzrBPKPTR7A3I.jpg,29_jpg.rf.s6mbUjZlzrBPKPTR7A3I.jpg,mastitis,1,"('mastitis', '29_jpg.rf.s6mbUjZlzrBPKPTR7A3I.jpg')",train
/content/drive/MyDrive/NewCattleSense/dataset/images/mastitis/Mastitis-32-_jpg.rf.8XyxyrgcNFVOv2P6II4E.jpg,Mastitis-32-_jpg.rf.8XyxyrgcNFVOv2P6II4E.jpg,mastitis,1,"('mastitis', 'Mastitis-32-_jpg.rf.8XyxyrgcNFVOv2P6II4E.jpg')",train
/content/drive/MyDrive/NewCattleSense/dataset/images/mastitis/Screenshot-2024-09-14-165851_png.rf.8TN0ieui2cH3Ixug96dH.jpg,Screenshot-2024-09-14-165851_png.rf.8TN0ieui2cH3Ixug96dH.jpg,mastitis,1,"('mastitis', 'Screenshot-2024-09-14-165851_png.rf.8TN0ieui2cH3Ixug96dH.jpg')",train
/content/drive/MyDrive/NewCattleSense/dataset/images/mastitis/img-75-_jpg.rf.IsAe13IIZH2r0tHmLK8w.jpg,img-75-_jpg.rf.IsAe13IIZH2r0tHmLK8w.jpg,mastitis,1,"('mastitis', 'img-75-_jpg.rf.IsAe13IIZH2r0tHmLK8w.jpg')",train
/content/drive/MyDrive/NewCattleSense/dataset/images/mastitis/Mastitis-63-_jpg.rf.EBMJDkLftZw38FXAEbLA.jpg,Mastitis-63-_jpg.rf.EBMJDkLftZw38FXAEbLA.jpg,mastitis,1,"('mastitis', 'Mastitis-63-_jpg.rf.EBMJDkLftZw38FXAEbLA.jpg')",train
/content/drive/MyDrive/NewCattleSense/dataset/images/mastitis/23_jpg.rf.B48uNGkJZ46HRraPM2yy.jpg,23_jpg.rf.B48uNGkJZ46HRraPM2yy.jpg,mastitis,1,"('mastitis', '23_jpg.rf.ydrW6OFmrp0XaSZMbIFa.jpg')",train
/content/drive/MyDrive/NewCattleSense/dataset/images/mastitis/Mastitis-27-_jpg.rf.W2iBT9gugnR8lDVdX2EV.jpg,Mastitis-27-_jpg.rf.W2iBT9gugnR8lDVdX2EV.jpg,mastitis,1,"('mastitis', 'Mastitis-27-_jpg.rf.W2iBT9gugnR8lDVdX2EV.jpg')",train
/content/drive/MyDrive/NewCattleSense/dataset/images/mastitis/Mastitis-14-_jpg.rf.k3OC0GFL5YnOq2eBoeA1.jpg,Mastitis-14-_jpg.rf.k3OC0GFL5YnOq2eBoeA1.jpg,mastitis,1,"('mastitis', 'Mastitis-14-_jpg.rf.k3OC0GFL5YnOq2eBoeA1.jpg')",train
/content/drive/MyDrive/NewCattleSense/dataset/images/mastitis/blogs_posts-shutterstock_1677257290-scaled_webp.rf.eU2SRe6oYkfF3uhJlx9I.jpeg,blogs_posts-shutterstock_1677257290-scaled_webp.rf.eU2SRe6oYkfF3uhJlx9I.jpeg,mastitis,1,"('mastitis', 'blogs_posts-shutterstock_1677257290-scaled_webp.rf.eU2SRe6oYkfF3uhJlx9I.jpeg')",train
/content/drive/MyDrive/NewCattleSense/dataset/images/mastitis/cfvg_webp.rf.HvR5lnXxvWpuFzbLlB4q.jpeg,cfvg_webp.rf.HvR5lnXxvWpuFzbLlB4q.jpeg,mastitis,1,"('mastitis', 'cfvg_webp.rf.HvR5lnXxvWpuFzbLlB4q.jpeg')",train
/content/drive/MyDrive/NewCattleSense/dataset/images/mastitis/mastitis_jpeg_jpg.rf.zfRe8yf1u6ZCASILYtzj.jpg,mastitis_jpeg_jpg.rf.zfRe8yf1u6ZCASILYtzj.jpg,mastitis,1,"('mastitis', 'mastitis_jpeg_jpg.rf.zfRe8yf1u6ZCASILYtzj.jpg')",train
/content/drive/MyDrive/NewCattleSense/dataset/images/mastitis/Mastitis-41-_jpg.rf.i2sow4Y2hQ7VeyLUsXI5.jpg,Mastitis-41-_jpg.rf.i2sow4Y2hQ7VeyLUsXI5.jpg,mastitis,1,"('mastitis', 'Mastitis-41-_jpg.rf.i2sow4Y2hQ7VeyLUsXI5.jpg')",train
/content/drive/MyDrive/NewCattleSense/dataset/images/mastitis/WhatsApp Image 2025-11-18 at 10-40-54 PM (1)_jpeg.rf.STUZIrljZCQWmU8MxZVO.jpeg,WhatsApp Image 2025-11-18 at 10-40-54 PM (1)_jpeg.rf.STUZIrljZCQWmU8MxZVO.jpeg,mastitis,1,"('mastitis', 'WhatsApp Image 2025-11-18 at 10-40-54 PM (1)_jpeg.rf.STUZIrljZCQWmU8MxZVO.jpeg')",train
/content/drive/MyDrive/NewCattleSense/dataset/images/mastitis/WhatsApp Image 2025-11-18 at 10-40-48 PM_jpeg.rf.iOYOZo5brErI8jv6lpNu.jpeg,WhatsApp Image 2025-11-18 at 10-40-48 PM_jpeg.rf.iOYOZo5brErI8jv6lpNu.jpeg,mastitis,1,"('mastitis', 'WhatsApp Image 2025-11-18 at 10-40-48 PM_jpeg.rf.iOYOZo5brErI8jv6lpNu.jpeg')",train
/content/drive/MyDrive/NewCattleSense/dataset/images/mastitis/WhatsApp Image 2025-11-18 at 10-41-17 PM_jpeg.rf.qYDMaI45rcgjbppcAByP.jpeg,WhatsApp Image 2025-11-18 at 10-41-17 PM_jpeg.rf.qYDMaI45rcgjbppcAByP.jpeg,mastitis,1,"('mastitis', 'WhatsApp Image 2025-11-18 at 10-41-17 PM_jpeg.rf.qYDMaI45rcgjbppcAByP.jpeg')",train
/content/drive/MyDrive/NewCattleSense/dataset/images/mastitis/WhatsApp Image 2025-11-18 at 10-40-50 PM (1)_jpeg.rf.cnETiDp6lZnOutAqbhz4.jpeg,WhatsApp Image 2025-11-18 at 10-40-50 PM (1)_jpeg.rf.cnETiDp6lZnOutAqbhz4.jpeg,mastitis,1,"('mastitis', 'WhatsApp Image 2025-11-18 at 10-40-50 PM (1)_jpeg.rf.cnETiDp6lZnOutAqbhz4.jpeg')",train
/content/drive/MyDrive/NewCattleSense/dataset/images/mastitis/Mastitis-12-_jpg.rf.MOCBvyNQo6dGfChmhBbz.jpg,Mastitis-12-_jpg.rf.MOCBvyNQo6dGfChmhBbz.jpg,mastitis,1,"('mastitis', 'Mastitis-12-_jpg.rf.MOCBvyNQo6dGfChmhBbz.jpg')",train
/content/drive/MyDrive/NewCattleSense/dataset/images/mastitis/Mastitis-7-_jpg.rf.lbe3tHUi95JwvDGC2mY5.jpg,Mastitis-7-_jpg.rf.lbe3tHUi95JwvDGC2mY5.jpg,mastitis,1,"('mastitis', 'Mastitis-7-_jpg.rf.lbe3tHUi95JwvDGC2mY5.jpg')",train
/content/drive/MyDrive/NewCattleSense/dataset/images/mastitis/479728-213909_jpg.rf.i9IYXng1Z1qVU1W3Gh74.jpg,479728-213909_jpg.rf.i9IYXng1Z1qVU1W3Gh74.jpg,mastitis,1,"('mastitis', '479728-213909_jpg.rf.i9IYXng1Z1qVU1W3Gh74.jpg')",train
/content/drive/MyDrive/NewCattleSense/dataset/images/mastitis/udder-19_jpg.rf.RXvg0iAdQCNgWC1QfWAk.jpg,udder-19_jpg.rf.RXvg0iAdQCNgWC1QfWAk.jpg,mastitis,1,"('mastitis', 'udder-19_jpg.rf.RXvg0iAdQCNgWC1QfWAk.jpg')",train
/content/drive/MyDrive/NewCattleSense/dataset/images/mastitis/sdsdc_jpeg.rf.43EWz1YXnECOQE9nZMvZ.jpeg,sdsdc_jpeg.rf.43EWz1YXnECOQE9nZMvZ.jpeg,mastitis,1,"('mastitis', 'sdsdc_jpeg.rf.43EWz1YXnECOQE9nZMvZ.jpeg')",train
/content/drive/MyDrive/NewCattleSense/dataset/images/mastitis/Mastitis-63-_jpg.rf.DbZ6lIBZuUbx1U6TNJRL.jpg,Mastitis-63-_jpg.rf.DbZ6lIBZuUbx1U6TNJRL.jpg,mastitis,1,"('mastitis', 'Mastitis-63-_jpg.rf.DbZ6lIBZuUbx1U6TNJRL.jpg')",train
/content/drive/MyDrive/NewCattleSense/dataset/images/mastitis/Mastitis-64-_jpg.rf.T6eVdFMQSz1ZXEhTAciq.jpg,Mastitis-64-_jpg.rf.T6eVdFMQSz1ZXEhTAciq.jpg,mastitis,1,"('mastitis', 'Mastitis-64-_jpg.rf.T6eVdFMQSz1ZXEhTAciq.jpg')",train
/content/drive/MyDrive/NewCattleSense/dataset/images/mastitis/Mastitis-27-_jpg.rf.tHoEgJldXWqFl32fxYs6.jpg,Mastitis-27-_jpg.rf.tHoEgJldXWqFl32fxYs6.jpg,mastitis,1,"('mastitis', 'Mastitis-27-_jpg.rf.tHoEgJldXWqFl32fxYs6.jpg')",train
/content/drive/MyDrive/NewCattleSense/dataset/images/mastitis/Mastitis-30-_jpg.rf.t1CfgTTpO2NQJdTLPcS4.jpg,Mastitis-30-_jpg.rf.t1CfgTTpO2NQJdTLPcS4.jpg,mastitis,1,"('mastitis', 'Mastitis-30-_jpg.rf.t1CfgTTpO2NQJdTLPcS4.jpg')",train
/content/drive/MyDrive/NewCattleSense/dataset/images/mastitis/4_jpg.rf.SU4DRcMEZFYzPX4dy1Q4.jpg,4_jpg.rf.SU4DRcMEZFYzPX4dy1Q4.jpg,mastitis,1,"('mastitis', '4_jpg.rf.SU4DRcMEZFYzPX4dy1Q4.jpg')",train
/content/drive/MyDrive/NewCattleSense/dataset/images/mastitis/19_jpg.rf.22tEk3uOVi9se0E7SO0E.jpg,19_jpg.rf.22tEk3uOVi9se0E7SO0E.jpg,mastitis,1,"('mastitis', '19_jpg.rf.22tEk3uOVi9se0E7SO0E.jpg')",train
/content/drive/MyDrive/NewCattleSense/dataset/images/mastitis/evherhv_jpg.rf.TbPJeNObfBiIJS1almTO.jpg,evherhv_jpg.rf.TbPJeNObfBiIJS1almTO.jpg,mastitis,1,"('mastitis', 'evherhv_jpg.rf.TbPJeNObfBiIJS1almTO.jpg')",train
/content/drive/MyDrive/NewCattleSense/dataset/images/mastitis/rw3vwvw_jpg.rf.d9oNBPPMTG5vgtSQX0g3.jpg,rw3vwvw_jpg.rf.d9oNBPPMTG5vgtSQX0g3.jpg,mastitis,1,"('mastitis', 'rw3vwvw_jpg.rf.d9oNBPPMTG5vgtSQX0g3.jpg')",train
/content/drive/MyDrive/NewCattleSense/dataset/images/mastitis/asfd_jpeg.rf.KbZURJvGJlNO9fgPpr95.jpeg,asfd_jpeg.rf.KbZURJvGJlNO9fgPpr95.jpeg,mastitis,1,"('mastitis', 'asfd_jpeg.rf.KbZURJvGJlNO9fgPpr95.jpeg')",train
/content/drive/MyDrive/NewCattleSense/dataset/images/mastitis/vrev_jpg.rf.4XT44vbW2zUUdL3TKzuz.jpg,vrev_jpg.rf.4XT44vbW2zUUdL3TKzuz.jpg,mastitis,1,"('mastitis', 'vrev_jpg.rf.4XT44vbW2zUUdL3TKzuz.jpg')",train
/content/drive/MyDrive/NewCattleSense/dataset/images/mastitis/fw3vwv_jpg.rf.XHb2wUmmI6xTzEMfGr46.jpg,fw3vwv_jpg.rf.XHb2wUmmI6xTzEMfGr46.jpg,mastitis,1,"('mastitis', 'fw3vwv_jpg.rf.XHb2wUmmI6xTzEMfGr46.jpg')",train
/content/drive/MyDrive/NewCattleSense/dataset/images/mastitis/sdfas_jpeg.rf.7h9t7GUcrTsoIGhGKjDe.jpeg,sdfas_jpeg.rf.7h9t7GUcrTsoIGhGKjDe.jpeg,mastitis,1,"('mastitis', 'sdfas_jpeg.rf.7h9t7GUcrTsoIGhGKjDe.jpeg')",train
/content/drive/MyDrive/NewCattleSense/dataset/images/mastitis/cws_jpeg.rf.EV8GWkQSUPpnpNtUiQWT.jpeg,cws_jpeg.rf.EV8GWkQSUPpnpNtUiQWT.jpeg,mastitis,1,"('mastitis', 'cws_jpeg.rf.EV8GWkQSUPpnpNtUiQWT.jpeg')",train
/content/drive/MyDrive/NewCattleSense/dataset/images/mastitis/mastitisa 3_jpeg.rf.oQFk6TEbwuilQ2Zivjpq.jpeg,mastitisa 3_jpeg.rf.oQFk6TEbwuilQ2Zivjpq.jpeg,mastitis,1,"('mastitis', 'mastitisa 3_jpeg.rf.oQFk6TEbwuilQ2Zivjpq.jpeg')",train
/content/drive/MyDrive/NewCattleSense/dataset/images/mastitis/wd_jpeg.rf.n52ztrQwUzi3Rvkmw64z.jpeg,wd_jpeg.rf.n52ztrQwUzi3Rvkmw64z.jpeg,mastitis,1,"('mastitis', 'wd_jpeg.rf.n52ztrQwUzi3Rvkmw64z.jpeg')",train
/content/drive/MyDrive/NewCattleSense/dataset/images/mastitis/19_jpg.rf.STmQNLSmaATKk5lSPMLf.jpg,19_jpg.rf.STmQNLSmaATKk5lSPMLf.jpg,mastitis,1,"('mastitis', '19_jpg.rf.STmQNLSmaATKk5lSPMLf.jpg')",train
/content/drive/MyDrive/NewCattleSense/dataset/images/mastitis/df_jpeg.rf.1GNOKJIdhjD1BEd19pSC.jpeg,df_jpeg.rf.1GNOKJIdhjD1BEd19pSC.jpeg,mastitis,1,"('mastitis', 'df_jpeg.rf.1GNOKJIdhjD1BEd19pSC.jpeg')",train
/content/drive/MyDrive/NewCattleSense/dataset/images/mastitis/vwv_jpg.rf.NiCg0QQ7j1l8l82LKUYW.jpg,vwv_jpg.rf.NiCg0QQ7j1l8l82LKUYW.jpg,mastitis,1,"('mastitis', 'vwv_jpg.rf.NiCg0QQ7j1l8l82LKUYW.jpg')",train
/content/drive/MyDrive/NewCattleSense/dataset/images/mastitis/qw_jpg.rf.6HQSbaXo4qPuDZACEZ2C.jpg,qw_jpg.rf.6HQSbaXo4qPuDZACEZ2C.jpg,mastitis,1,"('mastitis', 'qw_jpg.rf.6HQSbaXo4qPuDZACEZ2C.jpg')",train
/content/drive/MyDrive/NewCattleSense/dataset/images/mastitis/dvs_jpeg.rf.AsQrWGeG1H78YKkQabAb.jpeg,dvs_jpeg.rf.AsQrWGeG1H78YKkQabAb.jpeg,mastitis,1,"('mastitis', 'dvs_jpeg.rf.AsQrWGeG1H78YKkQabAb.jpeg')",train
/content/drive/MyDrive/NewCattleSense/dataset/images/mastitis/gvege_jpg.rf.t24a4cZPAkp5x23XlXva.jpg,gvege_jpg.rf.t24a4cZPAkp5x23XlXva.jpg,mastitis,1,"('mastitis', 'gvege_jpg.rf.t24a4cZPAkp5x23XlXva.jpg')",train
/content/drive/MyDrive/NewCattleSense/dataset/images/mastitis/ervervever_jpg.rf.wY4mWSG2nGygHE1ZhnVs.jpg,ervervever_jpg.rf.wY4mWSG2nGygHE1ZhnVs.jpg,mastitis,1,"('mastitis', 'ervervever_jpg.rf.wY4mWSG2nGygHE1ZhnVs.jpg')",train
"/content/drive/MyDrive/NewCattleSense/dataset/images/mastitis/fvgbhnm,_jpeg.rf.KYuJEKq2dZKmpqiM7u2v.jpeg","fvgbhnm,_jpeg.rf.KYuJEKq2dZKmpqiM7u2v.jpeg",mastitis,1,"('mastitis', 'fvgbhnm,_jpeg.rf.KYuJEKq2dZKmpqiM7u2v.jpeg')",train
/content/drive/MyDrive/NewCattleSense/dataset/images/mastitis/xdcfvgbhnjmk_jpeg.rf.wrQcdMnfVPl5nVv5yoak.jpeg,xdcfvgbhnjmk_jpeg.rf.wrQcdMnfVPl5nVv5yoak.jpeg,mastitis,1,"('mastitis', 'xdcfvgbhnjmk_jpeg.rf.wrQcdMnfVPl5nVv5yoak.jpeg')",train
/content/drive/MyDrive/NewCattleSense/dataset/images/mastitis/2fe_jpg.rf.TTWv72h7aMyPEuZ6hl2o.jpg,2fe_jpg.rf.TTWv72h7aMyPEuZ6hl2o.jpg,mastitis,1,"('mastitis', '2fe_jpg.rf.TTWv72h7aMyPEuZ6hl2o.jpg')",train
/content/drive/MyDrive/NewCattleSense/dataset/images/mastitis/mastitisa-3_jpeg_jpg.rf.Nzi50C16eJXc7g6ly8su.jpg,mastitisa-3_jpeg_jpg.rf.Nzi50C16eJXc7g6ly8su.jpg,mastitis,1,"('mastitis', 'mastitisa-3_jpeg_jpg.rf.Nzi50C16eJXc7g6ly8su.jpg')",train
/content/drive/MyDrive/NewCattleSense/dataset/images/mastitis/cgvhbjn_jpeg.rf.3UDHlmd735g0Y8Ac10w7.jpeg,cgvhbjn_jpeg.rf.3UDHlmd735g0Y8Ac10w7.jpeg,mastitis,1,"('mastitis', 'cgvhbjn_jpeg.rf.3UDHlmd735g0Y8Ac10w7.jpeg')",train
/content/drive/MyDrive/NewCattleSense/dataset/images/mastitis/sds_jpeg.rf.krGLBVhJKI6VtkhdZXmr.jpeg,sds_jpeg.rf.krGLBVhJKI6VtkhdZXmr.jpeg,mastitis,1,"('mastitis', 'sds_jpeg.rf.krGLBVhJKI6VtkhdZXmr.jpeg')",train
/content/drive/MyDrive/NewCattleSense/dataset/images/mastitis/wrvw_jpg.rf.To3gJGD3MEbWv8smn4hh.jpg,wrvw_jpg.rf.To3gJGD3MEbWv8smn4hh.jpg,mastitis,1,"('mastitis', 'wrvw_jpg.rf.To3gJGD3MEbWv8smn4hh.jpg')",train
/content/drive/MyDrive/NewCattleSense/dataset/images/mastitis/4_jpg.rf.UkRL4dP3YePtcXAqlqri.jpg,4_jpg.rf.UkRL4dP3YePtcXAqlqri.jpg,mastitis,1,"('mastitis', '4_jpg.rf.UkRL4dP3YePtcXAqlqri.jpg')",train
/content/drive/MyDrive/NewCattleSense/dataset/images/mastitis/dxxtcfvgbhnj_jpeg.rf.PLCgrIdRSaZOGK1Suzkz.jpeg,dxxtcfvgbhnj_jpeg.rf.PLCgrIdRSaZOGK1Suzkz.jpeg,mastitis,1,"('mastitis', 'dxxtcfvgbhnj_jpeg.rf.PLCgrIdRSaZOGK1Suzkz.jpeg')",train
/content/drive/MyDrive/NewCattleSense/dataset/images/mastitis/mastitis-in-dairy-cattle-causes-and-treatment-44-638_webp_jpg.rf.eN0h4wf4LPp9ciZdXzlY.jpg,mastitis-in-dairy-cattle-causes-and-treatment-44-638_webp_jpg.rf.eN0h4wf4LPp9ciZdXzlY.jpg,mastitis,1,"('mastitis', 'mastitis-in-dairy-cattle-causes-and-treatment-44-638_webp_jpg.rf.eN0h4wf4LPp9ciZdXzlY.jpg')",train
/content/drive/MyDrive/NewCattleSense/dataset/images/mastitis/23dwqe_jpeg.rf.hfKQ1bNNKluvm25jluCC.jpeg,23dwqe_jpeg.rf.hfKQ1bNNKluvm25jluCC.jpeg,mastitis,1,"('mastitis', '23dwqe_jpeg.rf.hfKQ1bNNKluvm25jluCC.jpeg')",train
/content/drive/MyDrive/NewCattleSense/dataset/images/mastitis/vhbjn_jpeg.rf.KcR1Klp8rdKuH94JJovI.jpeg,vhbjn_jpeg.rf.KcR1Klp8rdKuH94JJovI.jpeg,mastitis,1,"('mastitis', 'vhbjn_jpeg.rf.KcR1Klp8rdKuH94JJovI.jpeg')",train
/content/drive/MyDrive/NewCattleSense/dataset/images/mastitis/efveve_jpeg.rf.sbofLYT58rZ1PODd0Blw.jpeg,efveve_jpeg.rf.sbofLYT58rZ1PODd0Blw.jpeg,mastitis,1,"('mastitis', 'efveve_jpeg.rf.sbofLYT58rZ1PODd0Blw.jpeg')",train
/content/drive/MyDrive/NewCattleSense/dataset/images/mastitis/ftcyvgubhnj_jpeg.rf.dY7ki3NlK3nU91oWLbuu.jpeg,ftcyvgubhnj_jpeg.rf.dY7ki3NlK3nU91oWLbuu.jpeg,mastitis,1,"('mastitis', 'ftcyvgubhnj_jpeg.rf.dY7ki3NlK3nU91oWLbuu.jpeg')",train
/content/drive/MyDrive/NewCattleSense/dataset/images/mastitis/45g_jpg.rf.ZtSKECMNJ3aYL0WDjSRv.jpg,45g_jpg.rf.ZtSKECMNJ3aYL0WDjSRv.jpg,mastitis,1,"('mastitis', '45g_jpg.rf.ZtSKECMNJ3aYL0WDjSRv.jpg')",train
"/content/drive/MyDrive/NewCattleSense/dataset/images/mastitis/vhbjhnkml,-_jpeg.rf.1sq8ttIzprvXgUdjKGJk.jpeg","vhbjhnkml,-_jpeg.rf.1sq8ttIzprvXgUdjKGJk.jpeg",mastitis,1,"('mastitis', 'vhbjhnkml,-_jpeg.rf.1sq8ttIzprvXgUdjKGJk.jpeg')",train
/content/drive/MyDrive/NewCattleSense/dataset/images/mastitis/2_jpg.rf.pSkOUtOkHq9c5Rz7wjcM.jpg,2_jpg.rf.pSkOUtOkHq9c5Rz7wjcM.jpg,mastitis,1,"('mastitis', '2_jpg.rf.pSkOUtOkHq9c5Rz7wjcM.jpg')",train
/content/drive/MyDrive/NewCattleSense/dataset/images/mastitis/eve_jpg.rf.7StbCAxn62dXfpPrETkZ.jpg,eve_jpg.rf.7StbCAxn62dXfpPrETkZ.jpg,mastitis,1,"('mastitis', 'eve_jpg.rf.7StbCAxn62dXfpPrETkZ.jpg')",train
/content/drive/MyDrive/NewCattleSense/dataset/images/mastitis/dxrcfvgbhjk_jpeg.rf.8AWX3Bm7ijwbIVhFYnav.jpeg,dxrcfvgbhjk_jpeg.rf.8AWX3Bm7ijwbIVhFYnav.jpeg,mastitis,1,"('mastitis', 'dxrcfvgbhjk_jpeg.rf.8AWX3Bm7ijwbIVhFYnav.jpeg')",train
/content/drive/MyDrive/NewCattleSense/dataset/images/mastitis/14_jpg.rf.YQZB2BhaB3L5XltVreRj.jpg,14_jpg.rf.YQZB2BhaB3L5XltVreRj.jpg,mastitis,1,"('mastitis', '14_jpg.rf.YQZB2BhaB3L5XltVreRj.jpg')",train
/content/drive/MyDrive/NewCattleSense/dataset/images/normal/normal14-e1515369702798-400x284.jpg,normal14-e1515369702798-400x284.jpg,normal,0,"('normal', 'normal14-e1515369702798-400x284_jpg.rf.JXob4OIL7FxRXhu1SU40.jpg')",train
/content/drive/MyDrive/NewCattleSense/dataset/images/normal/normal16-e1515369863835-400x284.jpg,normal16-e1515369863835-400x284.jpg,normal,0,"('normal', 'normal16-e1515369863835-400x284_jpg.rf.9obUqFZLjS76g6snmlhn.jpg')",train
/content/drive/MyDrive/NewCattleSense/dataset/images/normal/normal1-e1515368903681-400x284.jpg,normal1-e1515368903681-400x284.jpg,normal,0,"('normal', 'normal1-e1515368903681-400x284_jpg.rf.SPSMDvH38BtWorkbrzYy.jpg')",train
/content/drive/MyDrive/NewCattleSense/dataset/images/normal/normal4-e1515369489318-400x284.jpg,normal4-e1515369489318-400x284.jpg,normal,0,"('normal', 'normal4-e1515369489318-400x284_jpg.rf.XE6M7tb5nVuYrwvvoyTL.jpg')",train
/content/drive/MyDrive/NewCattleSense/dataset/images/normal/normal17-400x284.jpg,normal17-400x284.jpg,normal,0,"('normal', 'normal17-400x284_jpg.rf.UYRGX18EtP2HHMBGXxW9.jpg')",train
/content/drive/MyDrive/NewCattleSense/dataset/images/normal/normal15-e1515369788421-400x284.jpg,normal15-e1515369788421-400x284.jpg,normal,0,"('normal', 'normal15-e1515369788421-400x284_jpg.rf.bxVEZsrZ99J1PJEgHwfq.jpg')",train
/content/drive/MyDrive/NewCattleSense/dataset/images/normal/normal12-e1515369630614-400x284.jpg,normal12-e1515369630614-400x284.jpg,normal,0,"('normal', 'normal12-e1515369630614-400x284_jpg.rf.wqMpldhcHn8gCu4ENuwS.jpg')",train
/content/drive/MyDrive/NewCattleSense/dataset/images/normal/normal2-e1515369386480-400x284.jpg,normal2-e1515369386480-400x284.jpg,normal,0,"('normal', 'normal2-e1515369386480-400x284_jpg.rf.UkIcYjuTQXbSlhPZaTYF.jpg')",train
/content/drive/MyDrive/NewCattleSense/dataset/images/normal/normal5-e1515369559545-400x284.jpg,normal5-e1515369559545-400x284.jpg,normal,0,"('normal', 'normal5-e1515369559545-400x284_jpg.rf.YOEYxoKQjDNCpsaa9ISA.jpg')",train
/content/drive/MyDrive/NewCattleSense/dataset/images/normal/normal18-e1515370070827-400x284.jpg,normal18-e1515370070827-400x284.jpg,normal,0,"('normal', 'normal18-e1515370070827-400x284_jpg.rf.kCljs9VzJZUyvVNujL4z.jpg')",train
/content/drive/MyDrive/NewCattleSense/dataset/images/normal/AdobeStock_556562712_Video_HD_Preview_mov-0002_jpg.rf.wpQOtnM4rcbGi8EBVyBF.jpg,AdobeStock_556562712_Video_HD_Preview_mov-0002_jpg.rf.wpQOtnM4rcbGi8EBVyBF.jpg,normal,0,"('normal', 'AdobeStock_556562712_Video_HD_Preview_mov-0002_jpg.rf.wpQOtnM4rcbGi8EBVyBF.jpg')",train
/content/drive/MyDrive/NewCattleSense/dataset/images/normal/AdobeStock_57701541_Preview_jpeg.rf.6TvaUsFuWKLT3LB42FBd.jpeg,AdobeStock_57701541_Preview_jpeg.rf.6TvaUsFuWKLT3LB42FBd.jpeg,normal,0,"('normal', 'udder 7_jpg.rf.HpJysrtd1bPSc3wbVWoO.jpg')",train
/content/drive/MyDrive/NewCattleSense/dataset/images/normal/normal2-e1515369386480-400x284_jpg.rf.UkIcYjuTQXbSlhPZaTYF.jpg,normal2-e1515369386480-400x284_jpg.rf.UkIcYjuTQXbSlhPZaTYF.jpg,normal,0,"('normal', 'normal2-e1515369386480-400x284_jpg.rf.UkIcYjuTQXbSlhPZaTYF.jpg')",train
/content/drive/MyDrive/NewCattleSense/dataset/images/normal/Screenshot-2024-09-14-170818_png.rf.y28VliilGmjkbC4AVnFy.jpg,Screenshot-2024-09-14-170818_png.rf.y28VliilGmjkbC4AVnFy.jpg,normal,0,"('normal', 'Screenshot-2024-09-14-170818_png.rf.y28VliilGmjkbC4AVnFy.jpg')",train
/content/drive/MyDrive/NewCattleSense/dataset/images/normal/Screenshot-2024-09-14-165915_png.rf.RlRvMq4N5422nqP26QtK.jpg,Screenshot-2024-09-14-165915_png.rf.RlRvMq4N5422nqP26QtK.jpg,normal,0,"('normal', 'Screenshot-2024-09-14-165915_png.rf.RlRvMq4N5422nqP26QtK.jpg')",train
/content/drive/MyDrive/NewCattleSense/dataset/images/normal/AdobeStock_394830772_Preview_jpeg.rf.I9KspVLqYIlleVCNsDem.jpeg,AdobeStock_394830772_Preview_jpeg.rf.I9KspVLqYIlleVCNsDem.jpeg,normal,0,"('normal', 'AdobeStock_394830772_Preview_jpeg.rf.I9KspVLqYIlleVCNsDem.jpeg')",train
/content/drive/MyDrive/NewCattleSense/dataset/images/normal/AdobeStock_218672600_Preview_jpeg.rf.2trL7fkc0vRCsGWK6is4.jpeg,AdobeStock_218672600_Preview_jpeg.rf.2trL7fkc0vRCsGWK6is4.jpeg,normal,0,"('normal', 'AdobeStock_218672600_Preview_jpeg.rf.2trL7fkc0vRCsGWK6is4.jpeg')",train
/content/drive/MyDrive/NewCattleSense/dataset/images/normal/AdobeStock_356713349_Preview_jpeg.rf.JpJSj77ln4YF8gbxe8Hy.jpeg,AdobeStock_356713349_Preview_jpeg.rf.JpJSj77ln4YF8gbxe8Hy.jpeg,normal,0,"('normal', 'AdobeStock_356713349_Preview_jpeg.rf.JpJSj77ln4YF8gbxe8Hy.jpeg')",train
/content/drive/MyDrive/NewCattleSense/dataset/images/normal/Screenshot-2024-09-14-161810_png.rf.hgn8V9g2hSMuPVGgWw4P.jpg,Screenshot-2024-09-14-161810_png.rf.hgn8V9g2hSMuPVGgWw4P.jpg,normal,0,"('normal', 'Screenshot-2024-09-14-161810_png.rf.hgn8V9g2hSMuPVGgWw4P.jpg')",train
/content/drive/MyDrive/NewCattleSense/dataset/images/normal/AdobeStock_391273292_Preview_jpeg.rf.4puOyZMzzsWsbCD4LPFb.jpeg,AdobeStock_391273292_Preview_jpeg.rf.4puOyZMzzsWsbCD4LPFb.jpeg,normal,0,"('normal', 'AdobeStock_391273292_Preview_jpeg.rf.4puOyZMzzsWsbCD4LPFb.jpeg')",train
/content/drive/MyDrive/NewCattleSense/dataset/images/normal/IMG_20250118_144505_jpg.rf.2wrAYWnDmUOb34EZDjY9.jpg,IMG_20250118_144505_jpg.rf.2wrAYWnDmUOb34EZDjY9.jpg,normal,0,"('normal', 'IMG_20250118_144505_jpg.rf.2wrAYWnDmUOb34EZDjY9.jpg')",train
/content/drive/MyDrive/NewCattleSense/dataset/images/normal/AdobeStock_171446027_Preview_jpeg.rf.5zSk8u46gHQLunMko11x.jpeg,AdobeStock_171446027_Preview_jpeg.rf.5zSk8u46gHQLunMko11x.jpeg,normal,0,"('normal', 'AdobeStock_171446027_Preview_jpeg.rf.5zSk8u46gHQLunMko11x.jpeg')",train
/content/drive/MyDrive/NewCattleSense/dataset/images/normal/AdobeStock_171446256_Preview_jpeg.rf.Uzqx3y95LSOP61bPM6UI.jpeg,AdobeStock_171446256_Preview_jpeg.rf.Uzqx3y95LSOP61bPM6UI.jpeg,normal,0,"('normal', 'istockphoto-846579774-612x612_jpg.rf.b55WOcCjCMDUMGzr1Xnn.jpg')",train
/content/drive/MyDrive/NewCattleSense/dataset/images/normal/normal4-e1515369489318-400x284_jpg.rf.XE6M7tb5nVuYrwvvoyTL.jpg,normal4-e1515369489318-400x284_jpg.rf.XE6M7tb5nVuYrwvvoyTL.jpg,normal,0,"('normal', 'normal4-e1515369489318-400x284_jpg.rf.XE6M7tb5nVuYrwvvoyTL.jpg')",train
/content/drive/MyDrive/NewCattleSense/dataset/images/normal/normal16-e1515369863835-400x284_jpg.rf.9obUqFZLjS76g6snmlhn.jpg,normal16-e1515369863835-400x284_jpg.rf.9obUqFZLjS76g6snmlhn.jpg,normal,0,"('normal', 'normal16-e1515369863835-400x284_jpg.rf.9obUqFZLjS76g6snmlhn.jpg')",train
/content/drive/MyDrive/NewCattleSense/dataset/images/normal/Screenshot-2024-09-14-170918_png.rf.vEXs4rnnNwIQTZbpDQRw.jpg,Screenshot-2024-09-14-170918_png.rf.vEXs4rnnNwIQTZbpDQRw.jpg,normal,0,"('normal', 'Screenshot-2024-09-14-170918_png.rf.vEXs4rnnNwIQTZbpDQRw.jpg')",train
/content/drive/MyDrive/NewCattleSense/dataset/images/normal/IMG_20250118_143855_jpg.rf.zGGH4S1mqr9GOSwZHs95.jpg,IMG_20250118_143855_jpg.rf.zGGH4S1mqr9GOSwZHs95.jpg,normal,0,"('normal', 'IMG_20250118_143855_jpg.rf.zGGH4S1mqr9GOSwZHs95.jpg')",train
/content/drive/MyDrive/NewCattleSense/dataset/images/normal/Screenshot-2024-09-14-161810_png.rf.jGeCeaUwuhJR3Sh0BN4y.jpg,Screenshot-2024-09-14-161810_png.rf.jGeCeaUwuhJR3Sh0BN4y.jpg,normal,0,"('normal', 'Screenshot-2024-09-14-161810_png.rf.jGeCeaUwuhJR3Sh0BN4y.jpg')",train
/content/drive/MyDrive/NewCattleSense/dataset/images/normal/AdobeStock_8294503_Preview_jpeg.rf.I7Gbd1TdYuMT9mPI5a9k.jpeg,AdobeStock_8294503_Preview_jpeg.rf.I7Gbd1TdYuMT9mPI5a9k.jpeg,normal,0,"('normal', 'AdobeStock_8294503_Preview_jpeg.rf.I7Gbd1TdYuMT9mPI5a9k.jpeg')",train
/content/drive/MyDrive/NewCattleSense/dataset/images/normal/normal17-400x284_jpg.rf.UYRGX18EtP2HHMBGXxW9.jpg,normal17-400x284_jpg.rf.UYRGX18EtP2HHMBGXxW9.jpg,normal,0,"('normal', 'normal17-400x284_jpg.rf.UYRGX18EtP2HHMBGXxW9.jpg')",train
/content/drive/MyDrive/NewCattleSense/dataset/images/normal/normal12-e1515369630614-400x284_jpg.rf.wqMpldhcHn8gCu4ENuwS.jpg,normal12-e1515369630614-400x284_jpg.rf.wqMpldhcHn8gCu4ENuwS.jpg,normal,0,"('normal', 'normal12-e1515369630614-400x284_jpg.rf.wqMpldhcHn8gCu4ENuwS.jpg')",train
/content/drive/MyDrive/NewCattleSense/dataset/images/normal/AdobeStock_556562712_Video_HD_Preview_mov-0003_jpg.rf.dGTH62UmuIgKwVBJU4Cs.jpg,AdobeStock_556562712_Video_HD_Preview_mov-0003_jpg.rf.dGTH62UmuIgKwVBJU4Cs.jpg,normal,0,"('normal', 'AdobeStock_556562712_Video_HD_Preview_mov-0003_jpg.rf.dGTH62UmuIgKwVBJU4Cs.jpg')",train
/content/drive/MyDrive/NewCattleSense/dataset/images/normal/Screenshot-2024-09-14-170818_png.rf.QbRmCJpyUhyBiQb2ejhK.jpg,Screenshot-2024-09-14-170818_png.rf.QbRmCJpyUhyBiQb2ejhK.jpg,normal,0,"('normal', 'Screenshot-2024-09-14-170818_png.rf.QbRmCJpyUhyBiQb2ejhK.jpg')",train
/content/drive/MyDrive/NewCattleSense/dataset/images/normal/IMG_20250118_144203_jpg.rf.c1PdXqAXGoWyR1TJzLxY.jpg,IMG_20250118_144203_jpg.rf.c1PdXqAXGoWyR1TJzLxY.jpg,normal,0,"('normal', 'IMG_20250118_144203_jpg.rf.c1PdXqAXGoWyR1TJzLxY.jpg')",train
/content/drive/MyDrive/NewCattleSense/dataset/images/normal/IMG_20250118_143818_jpg.rf.byUM4EoJIJRSIhmrHtGk.jpg,IMG_20250118_143818_jpg.rf.byUM4EoJIJRSIhmrHtGk.jpg,normal,0,"('normal', 'IMG_20250118_143818_jpg.rf.byUM4EoJIJRSIhmrHtGk.jpg')",train
/content/drive/MyDrive/NewCattleSense/dataset/images/normal/AdobeStock_556562712_Video_HD_Preview_mov-0006_jpg.rf.Mu0LitYIjcahkfTnunYD.jpg,AdobeStock_556562712_Video_HD_Preview_mov-0006_jpg.rf.Mu0LitYIjcahkfTnunYD.jpg,normal,0,"('normal', 'AdobeStock_556562712_Video_HD_Preview_mov-0006_jpg.rf.Mu0LitYIjcahkfTnunYD.jpg')",train
/content/drive/MyDrive/NewCattleSense/dataset/images/normal/normal14-e1515369702798-400x284_jpg.rf.JXob4OIL7FxRXhu1SU40.jpg,normal14-e1515369702798-400x284_jpg.rf.JXob4OIL7FxRXhu1SU40.jpg,normal,0,"('normal', 'normal14-e1515369702798-400x284_jpg.rf.JXob4OIL7FxRXhu1SU40.jpg')",train
/content/drive/MyDrive/NewCattleSense/dataset/images/normal/IMG_20250118_144220_jpg.rf.qokwHDuawXT2jVKSiO20.jpg,IMG_20250118_144220_jpg.rf.qokwHDuawXT2jVKSiO20.jpg,normal,0,"('normal', 'IMG_20250118_144220_jpg.rf.qokwHDuawXT2jVKSiO20.jpg')",train
/content/drive/MyDrive/NewCattleSense/dataset/images/normal/IMG_20250118_144453_jpg.rf.WrFYS8EYxmPJ04SEm4Wb.jpg,IMG_20250118_144453_jpg.rf.WrFYS8EYxmPJ04SEm4Wb.jpg,normal,0,"('normal', 'IMG_20250118_144453_jpg.rf.WrFYS8EYxmPJ04SEm4Wb.jpg')",train
/content/drive/MyDrive/NewCattleSense/dataset/images/normal/udder 7_jpg.rf.HpJysrtd1bPSc3wbVWoO.jpg,udder 7_jpg.rf.HpJysrtd1bPSc3wbVWoO.jpg,normal,0,"('normal', 'udder 7_jpg.rf.HpJysrtd1bPSc3wbVWoO.jpg')",train
/content/drive/MyDrive/NewCattleSense/dataset/images/normal/udder 6_jpg.rf.lIkNQkFvPI5iTB5c0eKC.jpg,udder 6_jpg.rf.lIkNQkFvPI5iTB5c0eKC.jpg,normal,0,"('normal', 'udder 6_jpg.rf.lIkNQkFvPI5iTB5c0eKC.jpg')",train
/content/drive/MyDrive/NewCattleSense/dataset/images/normal/normal1-e1515368903681-400x284_jpg.rf.SPSMDvH38BtWorkbrzYy.jpg,normal1-e1515368903681-400x284_jpg.rf.SPSMDvH38BtWorkbrzYy.jpg,normal,0,"('normal', 'normal1-e1515368903681-400x284_jpg.rf.SPSMDvH38BtWorkbrzYy.jpg')",train
/content/drive/MyDrive/NewCattleSense/dataset/images/normal/normal5-e1515369559545-400x284_jpg.rf.YOEYxoKQjDNCpsaa9ISA.jpg,normal5-e1515369559545-400x284_jpg.rf.YOEYxoKQjDNCpsaa9ISA.jpg,normal,0,"('normal', 'normal5-e1515369559545-400x284_jpg.rf.YOEYxoKQjDNCpsaa9ISA.jpg')",train
/content/drive/MyDrive/NewCattleSense/dataset/images/normal/AdobeStock_493193259_Preview_jpeg.rf.ScbjjHSzpdtjgb1gQlgI.jpeg,AdobeStock_493193259_Preview_jpeg.rf.ScbjjHSzpdtjgb1gQlgI.jpeg,normal,0,"('normal', 'istockphoto-1367123319-612x612_jpg.rf.aqH3huzpgzFYwdQLrBI8.jpg')",train
/content/drive/MyDrive/NewCattleSense/dataset/images/normal/udder 8_jpg.rf.3l5Fmfi6FRdHzctUPMCb.jpg,udder 8_jpg.rf.3l5Fmfi6FRdHzctUPMCb.jpg,normal,0,"('normal', 'udder 8_jpg.rf.3l5Fmfi6FRdHzctUPMCb.jpg')",train
/content/drive/MyDrive/NewCattleSense/dataset/images/normal/Screenshot-2024-09-14-170639_png.rf.0p12HL5NcdXTO2P1LBJd.jpg,Screenshot-2024-09-14-170639_png.rf.0p12HL5NcdXTO2P1LBJd.jpg,normal,0,"('normal', 'Screenshot-2024-09-14-170639_png.rf.0p12HL5NcdXTO2P1LBJd.jpg')",train
/content/drive/MyDrive/NewCattleSense/dataset/images/normal/AdobeStock_360140155_Preview_jpeg.rf.MGDNRRyJH3sJM9Cz3Enj.jpeg,AdobeStock_360140155_Preview_jpeg.rf.MGDNRRyJH3sJM9Cz3Enj.jpeg,normal,0,"('normal', 'istockphoto-1174059724-612x612_jpg.rf.tf6KtZxiobWOEW0JkfUU.jpg')",train
/content/drive/MyDrive/NewCattleSense/dataset/images/normal/AdobeStock_408874034_Preview_jpeg.rf.UpP8Em10HvYCdnvmn7r6.jpeg,AdobeStock_408874034_Preview_jpeg.rf.UpP8Em10HvYCdnvmn7r6.jpeg,normal,0,"('normal', 'AdobeStock_408874034_Preview_jpeg.rf.UpP8Em10HvYCdnvmn7r6.jpeg')",train
/content/drive/MyDrive/NewCattleSense/dataset/images/normal/6CE7DCE3-29E0-4676-A195-52B608305354.jpeg,6CE7DCE3-29E0-4676-A195-52B608305354.jpeg,normal,0,"('normal', '6CE7DCE3-29E0-4676-A195-52B608305354.jpeg')",train
/content/drive/MyDrive/NewCattleSense/dataset/images/normal/AdobeStock_556562712_Video_HD_Preview_mov-0004_jpg.rf.PCHo0EJfQQDxTg6EfzHX.jpg,AdobeStock_556562712_Video_HD_Preview_mov-0004_jpg.rf.PCHo0EJfQQDxTg6EfzHX.jpg,normal,0,"('normal', 'AdobeStock_556562712_Video_HD_Preview_mov-0006_jpg.rf.Mu0LitYIjcahkfTnunYD.jpg')",train
/content/drive/MyDrive/NewCattleSense/dataset/images/normal/normal18-e1515370070827-400x284_jpg.rf.kCljs9VzJZUyvVNujL4z.jpg,normal18-e1515370070827-400x284_jpg.rf.kCljs9VzJZUyvVNujL4z.jpg,normal,0,"('normal', 'normal18-e1515370070827-400x284_jpg.rf.kCljs9VzJZUyvVNujL4z.jpg')",train
/content/drive/MyDrive/NewCattleSense/dataset/images/normal/Screenshot-2024-09-14-180013_png.rf.7RmRYoBKOAM4V10QJo1T.jpg,Screenshot-2024-09-14-180013_png.rf.7RmRYoBKOAM4V10QJo1T.jpg,normal,0,"('normal', 'Screenshot-2024-09-14-180013_png.rf.7RmRYoBKOAM4V10QJo1T.jpg')",train
/content/drive/MyDrive/NewCattleSense/dataset/images/normal/IMG_20250118_144345_jpg.rf.pVsOUAwULBnNvauifQvH.jpg,IMG_20250118_144345_jpg.rf.pVsOUAwULBnNvauifQvH.jpg,normal,0,"('normal', 'IMG_20250118_144345_jpg.rf.pVsOUAwULBnNvauifQvH.jpg')",train
/content/drive/MyDrive/NewCattleSense/dataset/images/normal/IMG_20250118_144130_jpg.rf.5myQfjawuYux39XB03oG.jpg,IMG_20250118_144130_jpg.rf.5myQfjawuYux39XB03oG.jpg,normal,0,"('normal', 'IMG_20250118_144130_jpg.rf.5myQfjawuYux39XB03oG.jpg')",train
/content/drive/MyDrive/NewCattleSense/dataset/images/normal/img-51-_jpg.rf.CJIqQMqJY9ldpw3IobUy.jpg,img-51-_jpg.rf.CJIqQMqJY9ldpw3IobUy.jpg,normal,0,"('normal', 'img-51-_jpg.rf.CJIqQMqJY9ldpw3IobUy.jpg')",train
/content/drive/MyDrive/NewCattleSense/dataset/images/normal/normal15-e1515369788421-400x284_jpg.rf.bxVEZsrZ99J1PJEgHwfq.jpg,normal15-e1515369788421-400x284_jpg.rf.bxVEZsrZ99J1PJEgHwfq.jpg,normal,0,"('normal', 'normal15-e1515369788421-400x284_jpg.rf.bxVEZsrZ99J1PJEgHwfq.jpg')",train
/content/drive/MyDrive/NewCattleSense/dataset/images/normal/udder 4_jpg.rf.5BaJQZ9wMtGakzJzfm83.jpg,udder 4_jpg.rf.5BaJQZ9wMtGakzJzfm83.jpg,normal,0,"('normal', 'udder 4_jpg.rf.5BaJQZ9wMtGakzJzfm83.jpg')",train
/content/drive/MyDrive/NewCattleSense/dataset/images/normal/IMG_20250118_144441_jpg.rf.2gwDun72LtaOBqyA5MLr.jpg,IMG_20250118_144441_jpg.rf.2gwDun72LtaOBqyA5MLr.jpg,normal,0,"('normal', 'IMG_20250118_144441_jpg.rf.2gwDun72LtaOBqyA5MLr.jpg')",train
/content/drive/MyDrive/NewCattleSense/dataset/images/normal/AdobeStock_217884496_Preview_jpeg.rf.V16ssu67jmm4c1zjEHSq.jpeg,AdobeStock_217884496_Preview_jpeg.rf.V16ssu67jmm4c1zjEHSq.jpeg,normal,0,"('normal', 'istockphoto-1018826444-612x612_jpg.rf.pHexl3A0SjKaoCqEGwW2.jpg')",train
/content/drive/MyDrive/NewCattleSense/dataset/images/normal/AdobeStock_506289098_Preview_jpeg.rf.hcBAHtBTkwXduJ86RzhH.jpeg,AdobeStock_506289098_Preview_jpeg.rf.hcBAHtBTkwXduJ86RzhH.jpeg,normal,0,"('normal', 'istockphoto-2170922657-612x612_jpg.rf.M0XdtEmJjyUscPyBNpFX.jpg')",train
/content/drive/MyDrive/NewCattleSense/dataset/images/normal/h_jpeg.rf.ErCeyTEsUfhFERQp1tfQ.jpeg,h_jpeg.rf.ErCeyTEsUfhFERQp1tfQ.jpeg,normal,0,"('normal', 'h_jpeg.rf.ErCeyTEsUfhFERQp1tfQ.jpeg')",train
/content/drive/MyDrive/NewCattleSense/dataset/images/normal/istockphoto-846579744-612x612_jpg.rf.22r1shHrLTpjR3XmuFMV.jpg,istockphoto-846579744-612x612_jpg.rf.22r1shHrLTpjR3XmuFMV.jpg,normal,0,"('normal', 'istockphoto-846579744-612x612_jpg.rf.22r1shHrLTpjR3XmuFMV.jpg')",train
/content/drive/MyDrive/NewCattleSense/dataset/images/normal/istockphoto-1174059724-612x612_jpg.rf.tf6KtZxiobWOEW0JkfUU.jpg,istockphoto-1174059724-612x612_jpg.rf.tf6KtZxiobWOEW0JkfUU.jpg,normal,0,"('normal', 'istockphoto-1174059724-612x612_jpg.rf.tf6KtZxiobWOEW0JkfUU.jpg')",train
/content/drive/MyDrive/NewCattleSense/dataset/images/normal/istockphoto-1277262542-612x612_jpg.rf.PawV37kWVdc6CxBF7KLJ.jpg,istockphoto-1277262542-612x612_jpg.rf.PawV37kWVdc6CxBF7KLJ.jpg,normal,0,"('normal', 'istockphoto-1277262542-612x612_jpg.rf.PawV37kWVdc6CxBF7KLJ.jpg')",train
/content/drive/MyDrive/NewCattleSense/dataset/images/normal/s_jpeg.rf.vdMp9kgpw2Ayr0qjdlq9.jpeg,s_jpeg.rf.vdMp9kgpw2Ayr0qjdlq9.jpeg,normal,0,"('normal', 's_jpeg.rf.vdMp9kgpw2Ayr0qjdlq9.jpeg')",train
/content/drive/MyDrive/NewCattleSense/dataset/images/normal/dvsdvs_jpeg.rf.tiLjAwQVdrSioCyMv7WF.jpeg,dvsdvs_jpeg.rf.tiLjAwQVdrSioCyMv7WF.jpeg,normal,0,"('normal', 'dvsdvs_jpeg.rf.tiLjAwQVdrSioCyMv7WF.jpeg')",train
/content/drive/MyDrive/NewCattleSense/dataset/images/normal/istockphoto-846579774-612x612_jpg.rf.b55WOcCjCMDUMGzr1Xnn.jpg,istockphoto-846579774-612x612_jpg.rf.b55WOcCjCMDUMGzr1Xnn.jpg,normal,0,"('normal', 'istockphoto-846579774-612x612_jpg.rf.b55WOcCjCMDUMGzr1Xnn.jpg')",train
/content/drive/MyDrive/NewCattleSense/dataset/images/normal/Screenshot From 2026-07-16 15-19-20_png.rf.bRL18zmkXKUPGs4BX7ez.png,Screenshot From 2026-07-16 15-19-20_png.rf.bRL18zmkXKUPGs4BX7ez.png,normal,0,"('normal', 'Screenshot From 2026-07-16 15-19-20_png.rf.bRL18zmkXKUPGs4BX7ez.png')",train
/content/drive/MyDrive/NewCattleSense/dataset/images/normal/44_jpg.rf.9YyuIQMvhj9GCtyPbUf7.jpg,44_jpg.rf.9YyuIQMvhj9GCtyPbUf7.jpg,normal,0,"('normal', '44_jpg.rf.9YyuIQMvhj9GCtyPbUf7.jpg')",train
/content/drive/MyDrive/NewCattleSense/dataset/images/normal/Screenshot From 2026-07-16 13-44-15_png.rf.4fVoLNXgbsuOds1snXek.png,Screenshot From 2026-07-16 13-44-15_png.rf.4fVoLNXgbsuOds1snXek.png,normal,0,"('normal', 'Screenshot From 2026-07-16 13-44-15_png.rf.4fVoLNXgbsuOds1snXek.png')",train
/content/drive/MyDrive/NewCattleSense/dataset/images/normal/ca_jpeg.rf.lDIhaCfVulwQ0S285DiI.jpeg,ca_jpeg.rf.lDIhaCfVulwQ0S285DiI.jpeg,normal,0,"('normal', 'ca_jpeg.rf.lDIhaCfVulwQ0S285DiI.jpeg')",train
/content/drive/MyDrive/NewCattleSense/dataset/images/normal/istockphoto-1036850942-612x612_jpg.rf.NrDSphX2EuL1JMFY4f78.jpg,istockphoto-1036850942-612x612_jpg.rf.NrDSphX2EuL1JMFY4f78.jpg,normal,0,"('normal', 'istockphoto-1036850942-612x612_jpg.rf.NrDSphX2EuL1JMFY4f78.jpg')",train
/content/drive/MyDrive/NewCattleSense/dataset/images/normal/istockphoto-466130246-612x612_jpg.rf.nZfCPvb4TEGDmZVALVLL.jpg,istockphoto-466130246-612x612_jpg.rf.nZfCPvb4TEGDmZVALVLL.jpg,normal,0,"('normal', 'istockphoto-466130246-612x612_jpg.rf.nZfCPvb4TEGDmZVALVLL.jpg')",train
/content/drive/MyDrive/NewCattleSense/dataset/images/normal/istockphoto-1367123319-612x612_jpg.rf.aqH3huzpgzFYwdQLrBI8.jpg,istockphoto-1367123319-612x612_jpg.rf.aqH3huzpgzFYwdQLrBI8.jpg,normal,0,"('normal', 'istockphoto-1367123319-612x612_jpg.rf.aqH3huzpgzFYwdQLrBI8.jpg')",train
/content/drive/MyDrive/NewCattleSense/dataset/images/normal/qd_jpeg.rf.E4zj4JgKPyEm1Pv5NpMZ.jpeg,qd_jpeg.rf.E4zj4JgKPyEm1Pv5NpMZ.jpeg,normal,0,"('normal', 'qd_jpeg.rf.E4zj4JgKPyEm1Pv5NpMZ.jpeg')",train
/content/drive/MyDrive/NewCattleSense/dataset/images/normal/dvv_jpeg.rf.yE3OmIOJK98lI6CPibgj.jpeg,dvv_jpeg.rf.yE3OmIOJK98lI6CPibgj.jpeg,normal,0,"('normal', 'dvv_jpeg.rf.yE3OmIOJK98lI6CPibgj.jpeg')",train
/content/drive/MyDrive/NewCattleSense/dataset/images/normal/istockphoto-179364490-612x612_jpg.rf.e0t3imn2THIqaVNhP2PP.jpg,istockphoto-179364490-612x612_jpg.rf.e0t3imn2THIqaVNhP2PP.jpg,normal,0,"('normal', 'istockphoto-179364490-612x612_jpg.rf.e0t3imn2THIqaVNhP2PP.jpg')",train
/content/drive/MyDrive/NewCattleSense/dataset/images/normal/istockphoto-674417020-612x612_jpg.rf.Rngtfw8RHL7ccQG9Y04F.jpg,istockphoto-674417020-612x612_jpg.rf.Rngtfw8RHL7ccQG9Y04F.jpg,normal,0,"('normal', 'istockphoto-674417020-612x612_jpg.rf.Rngtfw8RHL7ccQG9Y04F.jpg')",train
/content/drive/MyDrive/NewCattleSense/dataset/images/normal/ee_jpeg.rf.n2UtdfSP9c3HbMikoPWV.jpeg,ee_jpeg.rf.n2UtdfSP9c3HbMikoPWV.jpeg,normal,0,"('normal', 'ee_jpeg.rf.n2UtdfSP9c3HbMikoPWV.jpeg')",train
/content/drive/MyDrive/NewCattleSense/dataset/images/normal/ac_jpeg.rf.XHT2gZSe26Ybc23bGJT9.jpeg,ac_jpeg.rf.XHT2gZSe26Ybc23bGJT9.jpeg,normal,0,"('normal', 'ac_jpeg.rf.XHT2gZSe26Ybc23bGJT9.jpeg')",train
/content/drive/MyDrive/NewCattleSense/dataset/images/normal/Screenshot From 2026-07-16 13-47-37_png.rf.9k2ub5yaaY4V97R1ojl6.png,Screenshot From 2026-07-16 13-47-37_png.rf.9k2ub5yaaY4V97R1ojl6.png,normal,0,"('normal', 'Screenshot From 2026-07-16 13-47-37_png.rf.9k2ub5yaaY4V97R1ojl6.png')",train
/content/drive/MyDrive/NewCattleSense/dataset/images/normal/Screenshot From 2026-07-16 13-41-42_png.rf.CKJmWJp3GrJyfiwjbIaR.png,Screenshot From 2026-07-16 13-41-42_png.rf.CKJmWJp3GrJyfiwjbIaR.png,normal,0,"('normal', 'Screenshot From 2026-07-16 13-41-42_png.rf.CKJmWJp3GrJyfiwjbIaR.png')",train
/content/drive/MyDrive/NewCattleSense/dataset/images/normal/Screenshot From 2026-07-16 13-40-11_png.rf.dD67WKhrcW1jxJ6B9Qnh.png,Screenshot From 2026-07-16 13-40-11_png.rf.dD67WKhrcW1jxJ6B9Qnh.png,normal,0,"('normal', 'Screenshot From 2026-07-16 13-40-11_png.rf.dD67WKhrcW1jxJ6B9Qnh.png')",train
/content/drive/MyDrive/NewCattleSense/dataset/images/normal/Screenshot From 2026-07-16 13-49-38_png.rf.tw2sdfZOF65lUQ87WvgI.png,Screenshot From 2026-07-16 13-49-38_png.rf.tw2sdfZOF65lUQ87WvgI.png,normal,0,"('normal', 'Screenshot From 2026-07-16 13-49-38_png.rf.tw2sdfZOF65lUQ87WvgI.png')",train
/content/drive/MyDrive/NewCattleSense/dataset/images/normal/65_jpg.rf.IPle868kifGW8gjlxbFZ.jpg,65_jpg.rf.IPle868kifGW8gjlxbFZ.jpg,normal,0,"('normal', '65_jpg.rf.IPle868kifGW8gjlxbFZ.jpg')",train
/content/drive/MyDrive/NewCattleSense/dataset/images/normal/istockphoto-506977395-612x612_jpg.rf.jCn89dcKZ8oehiPqp5ab.jpg,istockphoto-506977395-612x612_jpg.rf.jCn89dcKZ8oehiPqp5ab.jpg,normal,0,"('normal', 'istockphoto-506977395-612x612_jpg.rf.jCn89dcKZ8oehiPqp5ab.jpg')",train
/content/drive/MyDrive/NewCattleSense/dataset/images/normal/Screenshot From 2026-07-16 13-47-03_png.rf.biLWzXJf5zglB3tcRadR.png,Screenshot From 2026-07-16 13-47-03_png.rf.biLWzXJf5zglB3tcRadR.png,normal,0,"('normal', 'Screenshot From 2026-07-16 13-47-03_png.rf.biLWzXJf5zglB3tcRadR.png')",train
/content/drive/MyDrive/NewCattleSense/dataset/images/normal/istockphoto-2170922657-612x612_jpg.rf.M0XdtEmJjyUscPyBNpFX.jpg,istockphoto-2170922657-612x612_jpg.rf.M0XdtEmJjyUscPyBNpFX.jpg,normal,0,"('normal', 'istockphoto-2170922657-612x612_jpg.rf.M0XdtEmJjyUscPyBNpFX.jpg')",train
/content/drive/MyDrive/NewCattleSense/dataset/images/normal/dw_jpeg.rf.SIBtaIlx2RExd7UOc84f.jpeg,dw_jpeg.rf.SIBtaIlx2RExd7UOc84f.jpeg,normal,0,"('normal', 'dw_jpeg.rf.SIBtaIlx2RExd7UOc84f.jpeg')",train
/content/drive/MyDrive/NewCattleSense/dataset/images/normal/Screenshot From 2026-07-16 13-44-37_png.rf.CscjzdTfmegyN8fibCmN.png,Screenshot From 2026-07-16 13-44-37_png.rf.CscjzdTfmegyN8fibCmN.png,normal,0,"('normal', 'Screenshot From 2026-07-16 13-44-37_png.rf.CscjzdTfmegyN8fibCmN.png')",train
/content/drive/MyDrive/NewCattleSense/dataset/images/normal/acc_jpeg.rf.34oQPwcfKRT5eoi9Etiu.jpeg,acc_jpeg.rf.34oQPwcfKRT5eoi9Etiu.jpeg,normal,0,"('normal', 'acc_jpeg.rf.34oQPwcfKRT5eoi9Etiu.jpeg')",train
/content/drive/MyDrive/NewCattleSense/dataset/images/normal/istockphoto-1018826444-612x612_jpg.rf.pHexl3A0SjKaoCqEGwW2.jpg,istockphoto-1018826444-612x612_jpg.rf.pHexl3A0SjKaoCqEGwW2.jpg,normal,0,"('normal', 'istockphoto-1018826444-612x612_jpg.rf.pHexl3A0SjKaoCqEGwW2.jpg')",train
/content/drive/MyDrive/NewCattleSense/dataset/images/normal/Screenshot From 2026-07-16 13-42-48_png.rf.E4dVwIqP5zfzh7oRfTVK.png,Screenshot From 2026-07-16 13-42-48_png.rf.E4dVwIqP5zfzh7oRfTVK.png,normal,0,"('normal', 'Screenshot From 2026-07-16 13-42-48_png.rf.E4dVwIqP5zfzh7oRfTVK.png')",train
/content/drive/MyDrive/NewCattleSense/dataset/images/normal/istockphoto-678181704-612x612_jpg.rf.k7YS1PtEcAD0egb9biKB.jpg,istockphoto-678181704-612x612_jpg.rf.k7YS1PtEcAD0egb9biKB.jpg,normal,0,"('normal', 'istockphoto-678181704-612x612_jpg.rf.k7YS1PtEcAD0egb9biKB.jpg')",train
/content/drive/MyDrive/NewCattleSense/dataset/images/normal/Screenshot From 2026-07-16 13-44-23_png.rf.GrkwW0e9ibscm8HOQhR5.png,Screenshot From 2026-07-16 13-44-23_png.rf.GrkwW0e9ibscm8HOQhR5.png,normal,0,"('normal', 'Screenshot From 2026-07-16 13-44-23_png.rf.GrkwW0e9ibscm8HOQhR5.png')",train
/content/drive/MyDrive/NewCattleSense/dataset/images/normal/4a236a29bad70b14800852d21a379464_jpg.rf.U35UnLLdQTMUS8JsVNST.jpg,4a236a29bad70b14800852d21a379464_jpg.rf.U35UnLLdQTMUS8JsVNST.jpg,normal,0,"('normal', '4a236a29bad70b14800852d21a379464_jpg.rf.U35UnLLdQTMUS8JsVNST.jpg')",train
/content/drive/MyDrive/NewCattleSense/dataset/images/normal/AdobeStock_85535242_Preview_jpeg.rf.1sXHynb1Vz3K1hp96c7a.jpeg,AdobeStock_85535242_Preview_jpeg.rf.1sXHynb1Vz3K1hp96c7a.jpeg,normal,0,"('normal', 'AdobeStock_85535242_Preview_jpeg.rf.1sXHynb1Vz3K1hp96c7a.jpeg')",train
/content/drive/MyDrive/NewCattleSense/dataset/images/normal/AdobeStock_93804337_Video_HD_Preview_mov-0011_jpg.rf.ox1rPvqjdTATWkLFvs9I.jpg,AdobeStock_93804337_Video_HD_Preview_mov-0011_jpg.rf.ox1rPvqjdTATWkLFvs9I.jpg,normal,0,"('normal', 'AdobeStock_93804337_Video_HD_Preview_mov-0011_jpg.rf.ox1rPvqjdTATWkLFvs9I.jpg')",train
/content/drive/MyDrive/NewCattleSense/dataset/images/normal/AdobeStock_159261631_Preview_jpeg.rf.izqvaEedCtpC81FeYKFq.jpeg,AdobeStock_159261631_Preview_jpeg.rf.izqvaEedCtpC81FeYKFq.jpeg,normal,0,"('normal', 'AdobeStock_159261631_Preview_jpeg.rf.izqvaEedCtpC81FeYKFq.jpeg')",train
/content/drive/MyDrive/NewCattleSense/dataset/images/normal/AdobeStock_281905547_Preview_jpeg.rf.DN9UgKxmScOy5kDewqY6.jpeg,AdobeStock_281905547_Preview_jpeg.rf.DN9UgKxmScOy5kDewqY6.jpeg,normal,0,"('normal', 'AdobeStock_281905547_Preview_jpeg.rf.DN9UgKxmScOy5kDewqY6.jpeg')",train
/content/drive/MyDrive/NewCattleSense/dataset/images/normal/AdobeStock_93804337_Video_HD_Preview_mov-0026_jpg.rf.x9clC6H3wq1pPblBudd8.jpg,AdobeStock_93804337_Video_HD_Preview_mov-0026_jpg.rf.x9clC6H3wq1pPblBudd8.jpg,normal,0,"('normal', 'AdobeStock_93804337_Video_HD_Preview_mov-0026_jpg.rf.x9clC6H3wq1pPblBudd8.jpg')",train
/content/drive/MyDrive/NewCattleSense/dataset/images/normal/AdobeStock_93804337_Video_HD_Preview_mov-0023_jpg.rf.u3qQ5HjpMWUVhbEY5lXF.jpg,AdobeStock_93804337_Video_HD_Preview_mov-0023_jpg.rf.u3qQ5HjpMWUVhbEY5lXF.jpg,normal,0,"('normal', 'AdobeStock_93804337_Video_HD_Preview_mov-0023_jpg.rf.u3qQ5HjpMWUVhbEY5lXF.jpg')",train
/content/drive/MyDrive/NewCattleSense/dataset/images/normal/udder10_jpg.rf.837BkGWa2fraOQGJdcrS.jpg,udder10_jpg.rf.837BkGWa2fraOQGJdcrS.jpg,normal,0,"('normal', 'udder10_jpg.rf.837BkGWa2fraOQGJdcrS.jpg')",train
/content/drive/MyDrive/NewCattleSense/dataset/images/normal/AdobeStock_16321284_Preview_jpeg.rf.G5pAarRT985MJsCLCqAk.jpeg,AdobeStock_16321284_Preview_jpeg.rf.G5pAarRT985MJsCLCqAk.jpeg,normal,0,"('normal', 'AdobeStock_16321284_Preview_jpeg.rf.G5pAarRT985MJsCLCqAk.jpeg')",train
/content/drive/MyDrive/NewCattleSense/dataset/images/normal/AdobeStock_386516834_Preview_jpeg.rf.6SxC0JVpkfiLCUqzRBQ4.jpeg,AdobeStock_386516834_Preview_jpeg.rf.6SxC0JVpkfiLCUqzRBQ4.jpeg,normal,0,"('normal', 'AdobeStock_386516834_Preview_jpeg.rf.6SxC0JVpkfiLCUqzRBQ4.jpeg')",train
/content/drive/MyDrive/NewCattleSense/dataset/images/normal/IMG_20250118_143753_jpg.rf.HOu7V7K9RamI354cMXeN.jpg,IMG_20250118_143753_jpg.rf.HOu7V7K9RamI354cMXeN.jpg,normal,0,"('normal', 'IMG_20250118_143753_jpg.rf.HOu7V7K9RamI354cMXeN.jpg')",train
/content/drive/MyDrive/NewCattleSense/dataset/images/normal/udder 18_jpg.rf.6fnFccAf9WRWqm5IDJq6.jpg,udder 18_jpg.rf.6fnFccAf9WRWqm5IDJq6.jpg,normal,0,"('normal', 'udder 18_jpg.rf.6fnFccAf9WRWqm5IDJq6.jpg')",train
/content/drive/MyDrive/NewCattleSense/dataset/images/normal/AdobeStock_93804337_Video_HD_Preview_mov-0021_jpg.rf.CrDJtwgxpzXyyZwOx5Jw.jpg,AdobeStock_93804337_Video_HD_Preview_mov-0021_jpg.rf.CrDJtwgxpzXyyZwOx5Jw.jpg,normal,0,"('normal', 'AdobeStock_93804337_Video_HD_Preview_mov-0021_jpg.rf.CrDJtwgxpzXyyZwOx5Jw.jpg')",train
/content/drive/MyDrive/NewCattleSense/dataset/images/normal/AdobeStock_14812751_Preview_jpeg.rf.B29T1Qt1T9Vql8Xrm4ji.jpeg,AdobeStock_14812751_Preview_jpeg.rf.B29T1Qt1T9Vql8Xrm4ji.jpeg,normal,0,"('normal', 'AdobeStock_14812751_Preview_jpeg.rf.B29T1Qt1T9Vql8Xrm4ji.jpeg')",train
/content/drive/MyDrive/NewCattleSense/dataset/images/normal/AdobeStock_43574052_Preview_jpeg.rf.1mu9nc7L2U1G5HJXgxT4.jpeg,AdobeStock_43574052_Preview_jpeg.rf.1mu9nc7L2U1G5HJXgxT4.jpeg,normal,0,"('normal', 'AdobeStock_43574052_Preview_jpeg.rf.1mu9nc7L2U1G5HJXgxT4.jpeg')",train
/content/drive/MyDrive/NewCattleSense/dataset/images/normal/Screenshot-2024-09-14-170918_png.rf.k45TIfhVx0ZmhZNbPSA5.jpg,Screenshot-2024-09-14-170918_png.rf.k45TIfhVx0ZmhZNbPSA5.jpg,normal,0,"('normal', 'Screenshot-2024-09-14-170918_png.rf.k45TIfhVx0ZmhZNbPSA5.jpg')",train
/content/drive/MyDrive/NewCattleSense/dataset/images/normal/AdobeStock_386516807_Preview_jpeg.rf.7wIPIR9yVeilyMQlJn9m.jpeg,AdobeStock_386516807_Preview_jpeg.rf.7wIPIR9yVeilyMQlJn9m.jpeg,normal,0,"('normal', 'AdobeStock_386516807_Preview_jpeg.rf.7wIPIR9yVeilyMQlJn9m.jpeg')",train
/content/drive/MyDrive/NewCattleSense/dataset/images/normal/AdobeStock_715726796_Preview_jpeg.rf.E4aVvG6xSDl0uRSZW2w9.jpeg,AdobeStock_715726796_Preview_jpeg.rf.E4aVvG6xSDl0uRSZW2w9.jpeg,normal,0,"('normal', 'AdobeStock_715726796_Preview_jpeg.rf.E4aVvG6xSDl0uRSZW2w9.jpeg')",train
/content/drive/MyDrive/NewCattleSense/dataset/images/normal/AdobeStock_1222349879_Preview_jpeg.rf.wcsuqsCiTSRYaftSzRuC.jpeg,AdobeStock_1222349879_Preview_jpeg.rf.wcsuqsCiTSRYaftSzRuC.jpeg,normal,0,"('normal', 'AdobeStock_1222349879_Preview_jpeg.rf.wcsuqsCiTSRYaftSzRuC.jpeg')",train
/content/drive/MyDrive/NewCattleSense/dataset/images/normal/AdobeStock_109023981_Preview_jpeg.rf.7TKs06bix8ZK9jK82Idr.jpeg,AdobeStock_109023981_Preview_jpeg.rf.7TKs06bix8ZK9jK82Idr.jpeg,normal,0,"('normal', 'AdobeStock_109023981_Preview_jpeg.rf.7TKs06bix8ZK9jK82Idr.jpeg')",train
/content/drive/MyDrive/NewCattleSense/dataset/images/normal/AdobeStock_24627891_Preview_jpeg.rf.qLrVrEqUFt1MuXNizt32.jpeg,AdobeStock_24627891_Preview_jpeg.rf.qLrVrEqUFt1MuXNizt32.jpeg,normal,0,"('normal', 'AdobeStock_24627891_Preview_jpeg.rf.qLrVrEqUFt1MuXNizt32.jpeg')",train
/content/drive/MyDrive/NewCattleSense/dataset/images/normal/AdobeStock_436258597_Preview_jpeg.rf.dl7tePyUOWM8Yp4ARYNY.jpeg,AdobeStock_436258597_Preview_jpeg.rf.dl7tePyUOWM8Yp4ARYNY.jpeg,normal,0,"('normal', 'AdobeStock_436258597_Preview_jpeg.rf.dl7tePyUOWM8Yp4ARYNY.jpeg')",train
/content/drive/MyDrive/NewCattleSense/dataset/images/normal/AdobeStock_404488501_Preview_jpeg.rf.cJGMtnWGl6U1OxKbftAA.jpeg,AdobeStock_404488501_Preview_jpeg.rf.cJGMtnWGl6U1OxKbftAA.jpeg,normal,0,"('normal', 'AdobeStock_404488501_Preview_jpeg.rf.cJGMtnWGl6U1OxKbftAA.jpeg')",train
/content/drive/MyDrive/NewCattleSense/dataset/images/normal/AdobeStock_43573914_Preview_jpeg.rf.GkFoKsTsy87W2mCLN4EM.jpeg,AdobeStock_43573914_Preview_jpeg.rf.GkFoKsTsy87W2mCLN4EM.jpeg,normal,0,"('normal', 'AdobeStock_43573914_Preview_jpeg.rf.GkFoKsTsy87W2mCLN4EM.jpeg')",train
/content/drive/MyDrive/NewCattleSense/dataset/images/normal/AdobeStock_102751023_Preview_jpeg.rf.V8rJMBRAzry0fozmUCRk.jpeg,AdobeStock_102751023_Preview_jpeg.rf.V8rJMBRAzry0fozmUCRk.jpeg,normal,0,"('normal', 'AdobeStock_102751023_Preview_jpeg.rf.V8rJMBRAzry0fozmUCRk.jpeg')",train
/content/drive/MyDrive/NewCattleSense/dataset/images/normal/AdobeStock_93804337_Video_HD_Preview_mov-0028_jpg.rf.yKKwd5bxoYocMNXfCUza.jpg,AdobeStock_93804337_Video_HD_Preview_mov-0028_jpg.rf.yKKwd5bxoYocMNXfCUza.jpg,normal,0,"('normal', 'AdobeStock_93804337_Video_HD_Preview_mov-0028_jpg.rf.yKKwd5bxoYocMNXfCUza.jpg')",train
/content/drive/MyDrive/NewCattleSense/dataset/images/normal/AdobeStock_93804337_Video_HD_Preview_mov-0006_jpg.rf.09kEO0ZzZ7vUTOpBWiNR.jpg,AdobeStock_93804337_Video_HD_Preview_mov-0006_jpg.rf.09kEO0ZzZ7vUTOpBWiNR.jpg,normal,0,"('normal', 'AdobeStock_93804337_Video_HD_Preview_mov-0006_jpg.rf.09kEO0ZzZ7vUTOpBWiNR.jpg')",train
/content/drive/MyDrive/NewCattleSense/dataset/images/normal/AdobeStock_23574098_Preview_jpeg.rf.6aiM80GCPLVRebmGsd28.jpeg,AdobeStock_23574098_Preview_jpeg.rf.6aiM80GCPLVRebmGsd28.jpeg,normal,0,"('normal', 'AdobeStock_23574098_Preview_jpeg.rf.6aiM80GCPLVRebmGsd28.jpeg')",train
/content/drive/MyDrive/NewCattleSense/dataset/images/normal/AdobeStock_480163976_Preview_jpeg.rf.9wnUncBeYj0iIFGZbY6g.jpeg,AdobeStock_480163976_Preview_jpeg.rf.9wnUncBeYj0iIFGZbY6g.jpeg,normal,0,"('normal', 'AdobeStock_480163976_Preview_jpeg.rf.9wnUncBeYj0iIFGZbY6g.jpeg')",train
/content/drive/MyDrive/NewCattleSense/dataset/images/normal/udder 9_jpg.rf.K7xNWb8L9jIWxYpUErKk.jpg,udder 9_jpg.rf.K7xNWb8L9jIWxYpUErKk.jpg,normal,0,"('normal', 'udder 9_jpg.rf.K7xNWb8L9jIWxYpUErKk.jpg')",train
/content/drive/MyDrive/NewCattleSense/dataset/images/normal/Screenshot-2024-09-14-180252_png.rf.29sQ7brsc0JX1QQeBjue.jpg,Screenshot-2024-09-14-180252_png.rf.29sQ7brsc0JX1QQeBjue.jpg,normal,0,"('normal', 'Screenshot-2024-09-14-180252_png.rf.29sQ7brsc0JX1QQeBjue.jpg')",train
/content/drive/MyDrive/NewCattleSense/dataset/images/normal/AdobeStock_26134944_Preview_jpeg.rf.YUw7wXrKdO2YSHte3tk4.jpeg,AdobeStock_26134944_Preview_jpeg.rf.YUw7wXrKdO2YSHte3tk4.jpeg,normal,0,"('normal', 'AdobeStock_26134944_Preview_jpeg.rf.YUw7wXrKdO2YSHte3tk4.jpeg')",train
/content/drive/MyDrive/NewCattleSense/dataset/images/normal/Screenshot-2024-09-14-180324_png.rf.LSCB89t6BK6XdfpcjOBb.jpg,Screenshot-2024-09-14-180324_png.rf.LSCB89t6BK6XdfpcjOBb.jpg,normal,0,"('normal', 'Screenshot-2024-09-14-180324_png.rf.LSCB89t6BK6XdfpcjOBb.jpg')",train
/content/drive/MyDrive/NewCattleSense/dataset/images/normal/AdobeStock_346074238_Preview_jpeg.rf.6hZFG8zx5spTSZ4zIlOc.jpeg,AdobeStock_346074238_Preview_jpeg.rf.6hZFG8zx5spTSZ4zIlOc.jpeg,normal,0,"('normal', 'AdobeStock_346074238_Preview_jpeg.rf.6hZFG8zx5spTSZ4zIlOc.jpeg')",train
/content/drive/MyDrive/NewCattleSense/dataset/images/normal/IMG_20250118_144245_jpg.rf.VVmaXOZZxYxVjI4JlSu3.jpg,IMG_20250118_144245_jpg.rf.VVmaXOZZxYxVjI4JlSu3.jpg,normal,0,"('normal', 'IMG_20250118_144245_jpg.rf.VVmaXOZZxYxVjI4JlSu3.jpg')",train
/content/drive/MyDrive/NewCattleSense/dataset/images/normal/AdobeStock_93804337_Video_HD_Preview_mov-0020_jpg.rf.RYdant1O4adfGLtAzYwd.jpg,AdobeStock_93804337_Video_HD_Preview_mov-0020_jpg.rf.RYdant1O4adfGLtAzYwd.jpg,normal,0,"('normal', 'AdobeStock_93804337_Video_HD_Preview_mov-0020_jpg.rf.RYdant1O4adfGLtAzYwd.jpg')",train
/content/drive/MyDrive/NewCattleSense/dataset/images/normal/AdobeStock_94590337_Preview_jpeg.rf.SdnEyrHXMnYO8ZBy8rio.jpeg,AdobeStock_94590337_Preview_jpeg.rf.SdnEyrHXMnYO8ZBy8rio.jpeg,normal,0,"('normal', 'AdobeStock_94590337_Preview_jpeg.rf.SdnEyrHXMnYO8ZBy8rio.jpeg')",train
/content/drive/MyDrive/NewCattleSense/dataset/images/normal/AdobeStock_90587795_Preview_jpeg.rf.2MNNcLXO0eTMr0JolYTt.jpeg,AdobeStock_90587795_Preview_jpeg.rf.2MNNcLXO0eTMr0JolYTt.jpeg,normal,0,"('normal', 'AdobeStock_90587795_Preview_jpeg.rf.2MNNcLXO0eTMr0JolYTt.jpeg')",train
/content/drive/MyDrive/NewCattleSense/dataset/images/normal/img-61-Copy-2-Copy-Copy_jpg.rf.QEcWarDVTGi6CQo8uVAe.jpg,img-61-Copy-2-Copy-Copy_jpg.rf.QEcWarDVTGi6CQo8uVAe.jpg,normal,0,"('normal', 'img-61-Copy-2-Copy-Copy_jpg.rf.QEcWarDVTGi6CQo8uVAe.jpg')",train
/content/drive/MyDrive/NewCattleSense/dataset/images/normal/udder 15_jpg.rf.NbbgcIH7scB8UZfKDxTq.jpg,udder 15_jpg.rf.NbbgcIH7scB8UZfKDxTq.jpg,normal,0,"('normal', 'udder 15_jpg.rf.NbbgcIH7scB8UZfKDxTq.jpg')",train
/content/drive/MyDrive/NewCattleSense/dataset/images/normal/AdobeStock_167384364_Preview_jpeg.rf.byRVoj9DhBvvqa7x7kBi.jpeg,AdobeStock_167384364_Preview_jpeg.rf.byRVoj9DhBvvqa7x7kBi.jpeg,normal,0,"('normal', 'AdobeStock_167384364_Preview_jpeg.rf.byRVoj9DhBvvqa7x7kBi.jpeg')",train
/content/drive/MyDrive/NewCattleSense/dataset/images/normal/AdobeStock_94706201_Preview_jpeg.rf.BDFiB21IeeDz1buJCoIb.jpeg,AdobeStock_94706201_Preview_jpeg.rf.BDFiB21IeeDz1buJCoIb.jpeg,normal,0,"('normal', 'AdobeStock_94706201_Preview_jpeg.rf.BDFiB21IeeDz1buJCoIb.jpeg')",train
/content/drive/MyDrive/NewCattleSense/dataset/images/normal/AdobeStock_386516856_Preview_jpeg.rf.hk3tkdZHz36eG4jN67Qd.jpeg,AdobeStock_386516856_Preview_jpeg.rf.hk3tkdZHz36eG4jN67Qd.jpeg,normal,0,"('normal', 'AdobeStock_386516856_Preview_jpeg.rf.hk3tkdZHz36eG4jN67Qd.jpeg')",train
/content/drive/MyDrive/NewCattleSense/dataset/images/normal/AdobeStock_496070081_Video_HD_Preview_mov-0012_jpg.rf.LiXAF7cV4015LyBttWnj.jpg,AdobeStock_496070081_Video_HD_Preview_mov-0012_jpg.rf.LiXAF7cV4015LyBttWnj.jpg,normal,0,"('normal', 'AdobeStock_496070081_Video_HD_Preview_mov-0012_jpg.rf.LiXAF7cV4015LyBttWnj.jpg')",train
/content/drive/MyDrive/NewCattleSense/dataset/images/normal/AdobeStock_93804337_Video_HD_Preview_mov-0019_jpg.rf.rLotLqriB2k9r4BLZE3C.jpg,AdobeStock_93804337_Video_HD_Preview_mov-0019_jpg.rf.rLotLqriB2k9r4BLZE3C.jpg,normal,0,"('normal', 'AdobeStock_93804337_Video_HD_Preview_mov-0019_jpg.rf.rLotLqriB2k9r4BLZE3C.jpg')",train
/content/drive/MyDrive/NewCattleSense/dataset/images/normal/AdobeStock_8645586_Preview_jpeg.rf.NVJxIAl1JqHZIJgSq4sX.jpeg,AdobeStock_8645586_Preview_jpeg.rf.NVJxIAl1JqHZIJgSq4sX.jpeg,normal,0,"('normal', 'AdobeStock_8645586_Preview_jpeg.rf.NVJxIAl1JqHZIJgSq4sX.jpeg')",train
/content/drive/MyDrive/NewCattleSense/dataset/images/normal/AdobeStock_512974432_Preview_jpeg.rf.rSfpCqRNfPV1N1a74Tzu.jpeg,AdobeStock_512974432_Preview_jpeg.rf.rSfpCqRNfPV1N1a74Tzu.jpeg,normal,0,"('normal', 'AdobeStock_512974432_Preview_jpeg.rf.rSfpCqRNfPV1N1a74Tzu.jpeg')",train
/content/drive/MyDrive/NewCattleSense/dataset/images/normal/udder 16_jpg.rf.9MFgUjrOvvuSfXZCnIKw.jpg,udder 16_jpg.rf.9MFgUjrOvvuSfXZCnIKw.jpg,normal,0,"('normal', 'udder 16_jpg.rf.9MFgUjrOvvuSfXZCnIKw.jpg')",train
/content/drive/MyDrive/NewCattleSense/dataset/images/normal/AdobeStock_93804337_Video_HD_Preview_mov-0013_jpg.rf.111KyuQicU0UgGB3QguA.jpg,AdobeStock_93804337_Video_HD_Preview_mov-0013_jpg.rf.111KyuQicU0UgGB3QguA.jpg,normal,0,"('normal', 'AdobeStock_93804337_Video_HD_Preview_mov-0013_jpg.rf.111KyuQicU0UgGB3QguA.jpg')",train
/content/drive/MyDrive/NewCattleSense/dataset/images/normal/Screenshot-2024-09-14-174105_png.rf.Rj9pgPSDNFG5j9Agv0at.jpg,Screenshot-2024-09-14-174105_png.rf.Rj9pgPSDNFG5j9Agv0at.jpg,normal,0,"('normal', 'Screenshot-2024-09-14-174105_png.rf.Rj9pgPSDNFG5j9Agv0at.jpg')",train
/content/drive/MyDrive/NewCattleSense/dataset/images/normal/AdobeStock_430667778_Preview_jpeg.rf.SmMfK4onDDK7gbWiGxUL.jpeg,AdobeStock_430667778_Preview_jpeg.rf.SmMfK4onDDK7gbWiGxUL.jpeg,normal,0,"('normal', 'AdobeStock_430667778_Preview_jpeg.rf.SmMfK4onDDK7gbWiGxUL.jpeg')",train
/content/drive/MyDrive/NewCattleSense/dataset/images/normal/AdobeStock_93804337_Video_HD_Preview_mov-0027_jpg.rf.8JQuVyKMKlonqiQ025X0.jpg,AdobeStock_93804337_Video_HD_Preview_mov-0027_jpg.rf.8JQuVyKMKlonqiQ025X0.jpg,normal,0,"('normal', 'AdobeStock_93804337_Video_HD_Preview_mov-0027_jpg.rf.8JQuVyKMKlonqiQ025X0.jpg')",train
/content/drive/MyDrive/NewCattleSense/dataset/images/normal/AdobeStock_350329238_Preview_jpeg.rf.wE3FXTZwpGF6UaEa358r.jpeg,AdobeStock_350329238_Preview_jpeg.rf.wE3FXTZwpGF6UaEa358r.jpeg,normal,0,"('normal', 'AdobeStock_350329238_Preview_jpeg.rf.wE3FXTZwpGF6UaEa358r.jpeg')",train
/content/drive/MyDrive/NewCattleSense/dataset/images/normal/AdobeStock_154205487_Preview_jpeg.rf.YE2ktG6GBgvgVbJPgWaq.jpeg,AdobeStock_154205487_Preview_jpeg.rf.YE2ktG6GBgvgVbJPgWaq.jpeg,normal,0,"('normal', 'AdobeStock_154205487_Preview_jpeg.rf.YE2ktG6GBgvgVbJPgWaq.jpeg')",train
/content/drive/MyDrive/NewCattleSense/dataset/images/normal/AdobeStock_398098538_Preview_jpeg.rf.J9aKRTFUu9w2d0fc4DDR.jpeg,AdobeStock_398098538_Preview_jpeg.rf.J9aKRTFUu9w2d0fc4DDR.jpeg,normal,0,"('normal', 'AdobeStock_398098538_Preview_jpeg.rf.J9aKRTFUu9w2d0fc4DDR.jpeg')",train
/content/drive/MyDrive/NewCattleSense/dataset/images/normal/AdobeStock_93804337_Video_HD_Preview_mov-0012_jpg.rf.GswzE02MZsPrZar5Y5kr.jpg,AdobeStock_93804337_Video_HD_Preview_mov-0012_jpg.rf.GswzE02MZsPrZar5Y5kr.jpg,normal,0,"('normal', 'AdobeStock_93804337_Video_HD_Preview_mov-0012_jpg.rf.GswzE02MZsPrZar5Y5kr.jpg')",train
/content/drive/MyDrive/NewCattleSense/dataset/images/normal/e6129e365c6aa55142a2d14781a5034e_jpg.rf.MH9DTDtw6K7oZq0yHiOq.jpg,e6129e365c6aa55142a2d14781a5034e_jpg.rf.MH9DTDtw6K7oZq0yHiOq.jpg,normal,0,"('normal', 'e6129e365c6aa55142a2d14781a5034e_jpg.rf.MH9DTDtw6K7oZq0yHiOq.jpg')",train
/content/drive/MyDrive/NewCattleSense/dataset/images/normal/istockphoto-533063066-612x612_jpg.rf.sOO4mdogZcH9p2OPdhD9.jpg,istockphoto-533063066-612x612_jpg.rf.sOO4mdogZcH9p2OPdhD9.jpg,normal,0,"('normal', 'istockphoto-533063066-612x612_jpg.rf.sOO4mdogZcH9p2OPdhD9.jpg')",train
/content/drive/MyDrive/NewCattleSense/dataset/images/normal/istockphoto-1335714140-612x612_jpg.rf.7USPgq1GnkJJM9AM4qLn.jpg,istockphoto-1335714140-612x612_jpg.rf.7USPgq1GnkJJM9AM4qLn.jpg,normal,0,"('normal', 'istockphoto-1335714140-612x612_jpg.rf.7USPgq1GnkJJM9AM4qLn.jpg')",train
/content/drive/MyDrive/NewCattleSense/dataset/images/normal/istockphoto-689654366-612x612_jpg.rf.gyYqSuoOHyLPln7LLR9X.jpg,istockphoto-689654366-612x612_jpg.rf.gyYqSuoOHyLPln7LLR9X.jpg,normal,0,"('normal', 'istockphoto-689654366-612x612_jpg.rf.gyYqSuoOHyLPln7LLR9X.jpg')",train
/content/drive/MyDrive/NewCattleSense/dataset/images/normal/Screenshot-2024-09-14-180324_png.rf.rDfUKGe0epzmf2mL7T8r.jpg,Screenshot-2024-09-14-180324_png.rf.rDfUKGe0epzmf2mL7T8r.jpg,normal,0,"('normal', 'Screenshot-2024-09-14-180324_png.rf.rDfUKGe0epzmf2mL7T8r.jpg')",train
/content/drive/MyDrive/NewCattleSense/dataset/images/normal/Screenshot-2024-09-14-170222_png.rf.SOYCXFxUjea0D8YVao6Q.jpg,Screenshot-2024-09-14-170222_png.rf.SOYCXFxUjea0D8YVao6Q.jpg,normal,0,"('normal', 'Screenshot-2024-09-14-170222_png.rf.SOYCXFxUjea0D8YVao6Q.jpg')",train
/content/drive/MyDrive/NewCattleSense/dataset/images/normal/AdobeStock_54701172_Preview_jpeg.rf.QgWmOZjvzVURirM9gFy4.jpeg,AdobeStock_54701172_Preview_jpeg.rf.QgWmOZjvzVURirM9gFy4.jpeg,normal,0,"('normal', 'AdobeStock_54701172_Preview_jpeg.rf.QgWmOZjvzVURirM9gFy4.jpeg')",train
/content/drive/MyDrive/NewCattleSense/dataset/images/normal/AdobeStock_154225652_Preview_jpeg.rf.Ygc5Qf1y60rOOJtSW3Pv.jpeg,AdobeStock_154225652_Preview_jpeg.rf.Ygc5Qf1y60rOOJtSW3Pv.jpeg,normal,0,"('normal', 'AdobeStock_154225652_Preview_jpeg.rf.Ygc5Qf1y60rOOJtSW3Pv.jpeg')",train
/content/drive/MyDrive/NewCattleSense/dataset/images/normal/AdobeStock_85250161_Preview_jpeg.rf.wwm9xXj5yfAgshilktad.jpeg,AdobeStock_85250161_Preview_jpeg.rf.wwm9xXj5yfAgshilktad.jpeg,normal,0,"('normal', 'AdobeStock_85250161_Preview_jpeg.rf.wwm9xXj5yfAgshilktad.jpeg')",train
/content/drive/MyDrive/NewCattleSense/dataset/images/normal/AdobeStock_111611370_Preview_jpeg.rf.TfFDWs4BD5BofFcJmZdj.jpeg,AdobeStock_111611370_Preview_jpeg.rf.TfFDWs4BD5BofFcJmZdj.jpeg,normal,0,"('normal', 'AdobeStock_111611370_Preview_jpeg.rf.TfFDWs4BD5BofFcJmZdj.jpeg')",train
/content/drive/MyDrive/NewCattleSense/dataset/images/normal/AdobeStock_386516879_Preview_jpeg.rf.mhSr5f8ON4UyWIUFrgJr.jpeg,AdobeStock_386516879_Preview_jpeg.rf.mhSr5f8ON4UyWIUFrgJr.jpeg,normal,0,"('normal', 'AdobeStock_386516879_Preview_jpeg.rf.mhSr5f8ON4UyWIUFrgJr.jpeg')",train
/content/drive/MyDrive/NewCattleSense/dataset/images/normal/1-597-_jpg.rf.2A4wEx3bRJT3kQtgAYtL.jpg,1-597-_jpg.rf.2A4wEx3bRJT3kQtgAYtL.jpg,normal,0,"('normal', '1-597-_jpg.rf.2A4wEx3bRJT3kQtgAYtL.jpg')",train
/content/drive/MyDrive/NewCattleSense/dataset/images/normal/AdobeStock_512779358_Preview_jpeg.rf.6b4jVLSLNj46J6N1MQUS.jpeg,AdobeStock_512779358_Preview_jpeg.rf.6b4jVLSLNj46J6N1MQUS.jpeg,normal,0,"('normal', 'AdobeStock_512779358_Preview_jpeg.rf.6b4jVLSLNj46J6N1MQUS.jpeg')",train
/content/drive/MyDrive/NewCattleSense/dataset/images/normal/AdobeStock_415572885_Preview_jpeg.rf.iNBob4RXBMsSOSVyBH6c.jpeg,AdobeStock_415572885_Preview_jpeg.rf.iNBob4RXBMsSOSVyBH6c.jpeg,normal,0,"('normal', 'AdobeStock_415572885_Preview_jpeg.rf.iNBob4RXBMsSOSVyBH6c.jpeg')",train
/content/drive/MyDrive/NewCattleSense/dataset/images/normal/AdobeStock_209690081_Preview_jpeg.rf.zSNVzAhh7RuYA4RkdLq5.jpeg,AdobeStock_209690081_Preview_jpeg.rf.zSNVzAhh7RuYA4RkdLq5.jpeg,normal,0,"('normal', 'AdobeStock_209690081_Preview_jpeg.rf.zSNVzAhh7RuYA4RkdLq5.jpeg')",train
/content/drive/MyDrive/NewCattleSense/dataset/images/normal/AdobeStock_331856846_Preview_jpeg.rf.7mOMr7aMFZ59uXF2nNc9.jpeg,AdobeStock_331856846_Preview_jpeg.rf.7mOMr7aMFZ59uXF2nNc9.jpeg,normal,0,"('normal', 'AdobeStock_331856846_Preview_jpeg.rf.7mOMr7aMFZ59uXF2nNc9.jpeg')",train
/content/drive/MyDrive/NewCattleSense/dataset/images/normal/AdobeStock_433594270_Preview_jpeg.rf.nFYmloFFqNtctswANnQI.jpeg,AdobeStock_433594270_Preview_jpeg.rf.nFYmloFFqNtctswANnQI.jpeg,normal,0,"('normal', 'AdobeStock_433594270_Preview_jpeg.rf.nFYmloFFqNtctswANnQI.jpeg')",train
/content/drive/MyDrive/NewCattleSense/dataset/images/normal/AdobeStock_450283414_Preview_jpeg.rf.w0n62g4DF73iG5URdCKi.jpeg,AdobeStock_450283414_Preview_jpeg.rf.w0n62g4DF73iG5URdCKi.jpeg,normal,0,"('normal', 'AdobeStock_450283414_Preview_jpeg.rf.w0n62g4DF73iG5URdCKi.jpeg')",train
/content/drive/MyDrive/NewCattleSense/dataset/images/normal/AdobeStock_34851355_Preview_jpeg.rf.kfPCaZF5ZvbIFHa0OrzQ.jpeg,AdobeStock_34851355_Preview_jpeg.rf.kfPCaZF5ZvbIFHa0OrzQ.jpeg,normal,0,"('normal', 'AdobeStock_34851355_Preview_jpeg.rf.kfPCaZF5ZvbIFHa0OrzQ.jpeg')",train
/content/drive/MyDrive/NewCattleSense/dataset/images/normal/AdobeStock_585743886_Preview_jpeg.rf.GZNtOAndHOPKVtn0FH46.jpeg,AdobeStock_585743886_Preview_jpeg.rf.GZNtOAndHOPKVtn0FH46.jpeg,normal,0,"('normal', 'AdobeStock_585743886_Preview_jpeg.rf.GZNtOAndHOPKVtn0FH46.jpeg')",train
/content/drive/MyDrive/NewCattleSense/dataset/images/normal/AdobeStock_493193242_Preview_jpeg.rf.EAzfkQzsruUisOocUF5n.jpeg,AdobeStock_493193242_Preview_jpeg.rf.EAzfkQzsruUisOocUF5n.jpeg,normal,0,"('normal', 'AdobeStock_493193242_Preview_jpeg.rf.EAzfkQzsruUisOocUF5n.jpeg')",train
/content/drive/MyDrive/NewCattleSense/dataset/images/normal/AdobeStock_23529462_Preview_jpeg.rf.qfB6A2MiwIxpQCtOgCNj.jpeg,AdobeStock_23529462_Preview_jpeg.rf.qfB6A2MiwIxpQCtOgCNj.jpeg,normal,0,"('normal', 'AdobeStock_23529462_Preview_jpeg.rf.qfB6A2MiwIxpQCtOgCNj.jpeg')",train
/content/drive/MyDrive/NewCattleSense/dataset/images/normal/AdobeStock_122030327_Preview_jpeg.rf.9cPMCxgsajlsfQ12HrL6.jpeg,AdobeStock_122030327_Preview_jpeg.rf.9cPMCxgsajlsfQ12HrL6.jpeg,normal,0,"('normal', 'AdobeStock_122030327_Preview_jpeg.rf.9cPMCxgsajlsfQ12HrL6.jpeg')",train
/content/drive/MyDrive/NewCattleSense/dataset/images/normal/00000058_jpg.rf.Ni7N5tz8F522qoyc2GUQ.jpg,00000058_jpg.rf.Ni7N5tz8F522qoyc2GUQ.jpg,normal,0,"('normal', '00000058_jpg.rf.Ni7N5tz8F522qoyc2GUQ.jpg')",train
/content/drive/MyDrive/NewCattleSense/dataset/images/normal/AdobeStock_1083172539_Preview_jpeg.rf.sJ04HWEHEq6FbGZtHWgi.jpeg,AdobeStock_1083172539_Preview_jpeg.rf.sJ04HWEHEq6FbGZtHWgi.jpeg,normal,0,"('normal', 'AdobeStock_1083172539_Preview_jpeg.rf.sJ04HWEHEq6FbGZtHWgi.jpeg')",train
/content/drive/MyDrive/NewCattleSense/dataset/images/normal/AdobeStock_247586569_Preview_jpeg.rf.y2zbxnMJm6XfjZHcVLqd.jpeg,AdobeStock_247586569_Preview_jpeg.rf.y2zbxnMJm6XfjZHcVLqd.jpeg,normal,0,"('normal', 'AdobeStock_247586569_Preview_jpeg.rf.y2zbxnMJm6XfjZHcVLqd.jpeg')",train
/content/drive/MyDrive/NewCattleSense/dataset/images/normal/AdobeStock_544941447_Preview_jpeg.rf.nGYwUIzugDg2NLEn7m1s.jpeg,AdobeStock_544941447_Preview_jpeg.rf.nGYwUIzugDg2NLEn7m1s.jpeg,normal,0,"('normal', 'AdobeStock_544941447_Preview_jpeg.rf.nGYwUIzugDg2NLEn7m1s.jpeg')",train
/content/drive/MyDrive/NewCattleSense/dataset/images/normal/AdobeStock_504271685_Preview_jpeg.rf.sGRJ1m3oNlQJjbWriim8.jpeg,AdobeStock_504271685_Preview_jpeg.rf.sGRJ1m3oNlQJjbWriim8.jpeg,normal,0,"('normal', 'AdobeStock_504271685_Preview_jpeg.rf.sGRJ1m3oNlQJjbWriim8.jpeg')",train
/content/drive/MyDrive/NewCattleSense/dataset/images/normal/AdobeStock_72291626_Preview_jpeg.rf.XR8TPJO34EJPSCyJeiI5.jpeg,AdobeStock_72291626_Preview_jpeg.rf.XR8TPJO34EJPSCyJeiI5.jpeg,normal,0,"('normal', 'AdobeStock_72291626_Preview_jpeg.rf.XR8TPJO34EJPSCyJeiI5.jpeg')",train
/content/drive/MyDrive/NewCattleSense/dataset/images/normal/1-10-_jpg.rf.nX8qjk7jkMtX4ILyKd7T.jpg,1-10-_jpg.rf.nX8qjk7jkMtX4ILyKd7T.jpg,normal,0,"('normal', '1-10-_jpg.rf.nX8qjk7jkMtX4ILyKd7T.jpg')",train
/content/drive/MyDrive/NewCattleSense/dataset/images/normal/AdobeStock_81533125_Preview_jpeg.rf.dDaVykzBROeRlhhs8zGA.jpeg,AdobeStock_81533125_Preview_jpeg.rf.dDaVykzBROeRlhhs8zGA.jpeg,normal,0,"('normal', 'AdobeStock_81533125_Preview_jpeg.rf.dDaVykzBROeRlhhs8zGA.jpeg')",train
/content/drive/MyDrive/NewCattleSense/dataset/images/normal/AdobeStock_97991595_Preview_jpeg.rf.jhCQU7dybvKF2yEgVPtt.jpeg,AdobeStock_97991595_Preview_jpeg.rf.jhCQU7dybvKF2yEgVPtt.jpeg,normal,0,"('normal', 'AdobeStock_97991595_Preview_jpeg.rf.jhCQU7dybvKF2yEgVPtt.jpeg')",train
/content/drive/MyDrive/NewCattleSense/dataset/images/normal/AdobeStock_548951617_Preview_jpeg.rf.p2PrcvVFqVcW8kUlIpXv.jpeg,AdobeStock_548951617_Preview_jpeg.rf.p2PrcvVFqVcW8kUlIpXv.jpeg,normal,0,"('normal', 'AdobeStock_548951617_Preview_jpeg.rf.p2PrcvVFqVcW8kUlIpXv.jpeg')",train
/content/drive/MyDrive/NewCattleSense/dataset/images/normal/AdobeStock_49233136_Preview_jpeg.rf.KqyoLaOpkxF4Fhpm4T95.jpeg,AdobeStock_49233136_Preview_jpeg.rf.KqyoLaOpkxF4Fhpm4T95.jpeg,normal,0,"('normal', 'AdobeStock_49233136_Preview_jpeg.rf.KqyoLaOpkxF4Fhpm4T95.jpeg')",train
/content/drive/MyDrive/NewCattleSense/dataset/images/normal/00000166_jpg.rf.51lKIIlk7BImFUKvEtLD.jpg,00000166_jpg.rf.51lKIIlk7BImFUKvEtLD.jpg,normal,0,"('normal', '00000166_jpg.rf.51lKIIlk7BImFUKvEtLD.jpg')",train
/content/drive/MyDrive/NewCattleSense/dataset/images/normal/AdobeStock_65291716_Preview_jpeg.rf.wVaT70BUL0KYGzN5gUIp.jpeg,AdobeStock_65291716_Preview_jpeg.rf.wVaT70BUL0KYGzN5gUIp.jpeg,normal,0,"('normal', 'AdobeStock_65291716_Preview_jpeg.rf.wVaT70BUL0KYGzN5gUIp.jpeg')",train
/content/drive/MyDrive/NewCattleSense/dataset/images/normal/AdobeStock_137141304_Preview (1)_jpeg.rf.cZfEsaMtFisTgEjyDJnF.jpeg,AdobeStock_137141304_Preview (1)_jpeg.rf.cZfEsaMtFisTgEjyDJnF.jpeg,normal,0,"('normal', 'AdobeStock_137141304_Preview (1)_jpeg.rf.cZfEsaMtFisTgEjyDJnF.jpeg')",train
/content/drive/MyDrive/NewCattleSense/dataset/images/normal/AdobeStock_40937622_Preview_jpeg.rf.akFIbWweIISgdEIcwg8c.jpeg,AdobeStock_40937622_Preview_jpeg.rf.akFIbWweIISgdEIcwg8c.jpeg,normal,0,"('normal', 'AdobeStock_40937622_Preview_jpeg.rf.akFIbWweIISgdEIcwg8c.jpeg')",train
/content/drive/MyDrive/NewCattleSense/dataset/images/normal/AdobeStock_346074240_Preview_jpeg.rf.eOg32mwZ7Dx4u0oL9Nmu.jpeg,AdobeStock_346074240_Preview_jpeg.rf.eOg32mwZ7Dx4u0oL9Nmu.jpeg,normal,0,"('normal', 'AdobeStock_346074240_Preview_jpeg.rf.eOg32mwZ7Dx4u0oL9Nmu.jpeg')",train
/content/drive/MyDrive/NewCattleSense/dataset/images/normal/AdobeStock_480163971_Preview_jpeg.rf.6McEh8IfHpEqxq7ggCPw.jpeg,AdobeStock_480163971_Preview_jpeg.rf.6McEh8IfHpEqxq7ggCPw.jpeg,normal,0,"('normal', 'AdobeStock_480163971_Preview_jpeg.rf.6McEh8IfHpEqxq7ggCPw.jpeg')",train
/content/drive/MyDrive/NewCattleSense/dataset/images/normal/AdobeStock_43573999_Preview_jpeg.rf.n2XPcaBd2bUOl7FW4uc8.jpeg,AdobeStock_43573999_Preview_jpeg.rf.n2XPcaBd2bUOl7FW4uc8.jpeg,normal,0,"('normal', 'AdobeStock_43573999_Preview_jpeg.rf.n2XPcaBd2bUOl7FW4uc8.jpeg')",train
/content/drive/MyDrive/NewCattleSense/dataset/images/normal/1-750-_jpg.rf.RLAvq8Ap5aKQ4dFlLLEZ.jpg,1-750-_jpg.rf.RLAvq8Ap5aKQ4dFlLLEZ.jpg,normal,0,"('normal', '1-750-_jpg.rf.RLAvq8Ap5aKQ4dFlLLEZ.jpg')",train
/content/drive/MyDrive/NewCattleSense/dataset/images/normal/AdobeStock_93804337_Video_HD_Preview_mov-0014_jpg.rf.ZIBFiXZHzAqKoQ3QTmRe.jpg,AdobeStock_93804337_Video_HD_Preview_mov-0014_jpg.rf.ZIBFiXZHzAqKoQ3QTmRe.jpg,normal,0,"('normal', 'AdobeStock_93804337_Video_HD_Preview_mov-0014_jpg.rf.ZIBFiXZHzAqKoQ3QTmRe.jpg')",train
/content/drive/MyDrive/NewCattleSense/dataset/images/normal/AdobeStock_480163973_Preview_jpeg.rf.YlPtk4YCFXwnPJ3h8gtA.jpeg,AdobeStock_480163973_Preview_jpeg.rf.YlPtk4YCFXwnPJ3h8gtA.jpeg,normal,0,"('normal', 'AdobeStock_480163973_Preview_jpeg.rf.YlPtk4YCFXwnPJ3h8gtA.jpeg')",train
/content/drive/MyDrive/NewCattleSense/dataset/images/normal/AdobeStock_93804337_Video_HD_Preview_mov-0029_jpg.rf.Nph0aPHtHMvPWtxNX4Ct.jpg,AdobeStock_93804337_Video_HD_Preview_mov-0029_jpg.rf.Nph0aPHtHMvPWtxNX4Ct.jpg,normal,0,"('normal', 'AdobeStock_93804337_Video_HD_Preview_mov-0029_jpg.rf.Nph0aPHtHMvPWtxNX4Ct.jpg')",train
/content/drive/MyDrive/NewCattleSense/dataset/images/normal/udder 5_jpg.rf.D7DvcxtjQoKpMyBnpSgN.jpg,udder 5_jpg.rf.D7DvcxtjQoKpMyBnpSgN.jpg,normal,0,"('normal', 'udder 5_jpg.rf.D7DvcxtjQoKpMyBnpSgN.jpg')",train
/content/drive/MyDrive/NewCattleSense/dataset/images/normal/AdobeStock_237417432_Preview_jpeg.rf.RylWNG0Ym6cp45s8PD27.jpeg,AdobeStock_237417432_Preview_jpeg.rf.RylWNG0Ym6cp45s8PD27.jpeg,normal,0,"('normal', 'AdobeStock_237417432_Preview_jpeg.rf.RylWNG0Ym6cp45s8PD27.jpeg')",train
/content/drive/MyDrive/NewCattleSense/dataset/images/normal/AdobeStock_336719294_Preview_jpeg.rf.X5puG03ClaCULSQ8t3E2.jpeg,AdobeStock_336719294_Preview_jpeg.rf.X5puG03ClaCULSQ8t3E2.jpeg,normal,0,"('normal', 'AdobeStock_336719294_Preview_jpeg.rf.X5puG03ClaCULSQ8t3E2.jpeg')",train
/content/drive/MyDrive/NewCattleSense/dataset/images/normal/AdobeStock_306172255_Preview_jpeg.rf.wAYRGhFLYZBGKpH9yZiS.jpeg,AdobeStock_306172255_Preview_jpeg.rf.wAYRGhFLYZBGKpH9yZiS.jpeg,normal,0,"('normal', 'AdobeStock_306172255_Preview_jpeg.rf.wAYRGhFLYZBGKpH9yZiS.jpeg')",train
/content/drive/MyDrive/NewCattleSense/dataset/images/normal/udder 19_jpg.rf.xDhn6Gf2UqMiVBD61fLJ.jpg,udder 19_jpg.rf.xDhn6Gf2UqMiVBD61fLJ.jpg,normal,0,"('normal', 'udder 19_jpg.rf.xDhn6Gf2UqMiVBD61fLJ.jpg')",train
/content/drive/MyDrive/NewCattleSense/dataset/images/normal/AdobeStock_359133234_Preview_jpeg.rf.RZepAwBC3V1cS48yWRTw.jpeg,AdobeStock_359133234_Preview_jpeg.rf.RZepAwBC3V1cS48yWRTw.jpeg,normal,0,"('normal', 'AdobeStock_359133234_Preview_jpeg.rf.RZepAwBC3V1cS48yWRTw.jpeg')",train
/content/drive/MyDrive/NewCattleSense/dataset/images/normal/00000211_jpg.rf.QkDxoh0PpVLgpUVR6jFP.jpg,00000211_jpg.rf.QkDxoh0PpVLgpUVR6jFP.jpg,normal,0,"('normal', '00000211_jpg.rf.QkDxoh0PpVLgpUVR6jFP.jpg')",train
/content/drive/MyDrive/NewCattleSense/dataset/images/normal/AdobeStock_93804337_Video_HD_Preview_mov-0015_jpg.rf.NmHgARL3yVZGjbvnKmDw.jpg,AdobeStock_93804337_Video_HD_Preview_mov-0015_jpg.rf.NmHgARL3yVZGjbvnKmDw.jpg,normal,0,"('normal', 'AdobeStock_93804337_Video_HD_Preview_mov-0015_jpg.rf.NmHgARL3yVZGjbvnKmDw.jpg')",train
/content/drive/MyDrive/NewCattleSense/dataset/images/normal/AdobeStock_81533120_Preview_jpeg.rf.QtFXPa6nUCtnKYv2cxFc.jpeg,AdobeStock_81533120_Preview_jpeg.rf.QtFXPa6nUCtnKYv2cxFc.jpeg,normal,0,"('normal', 'AdobeStock_81533120_Preview_jpeg.rf.QtFXPa6nUCtnKYv2cxFc.jpeg')",train
/content/drive/MyDrive/NewCattleSense/dataset/images/normal/AdobeStock_52578000_Preview_jpeg.rf.1MbygZ12gBouDozTKxip.jpeg,AdobeStock_52578000_Preview_jpeg.rf.1MbygZ12gBouDozTKxip.jpeg,normal,0,"('normal', 'AdobeStock_52578000_Preview_jpeg.rf.1MbygZ12gBouDozTKxip.jpeg')",train
/content/drive/MyDrive/NewCattleSense/dataset/images/normal/AdobeStock_624861897_Preview_jpeg.rf.2xrbrcUqYWCkufuXrsbf.jpeg,AdobeStock_624861897_Preview_jpeg.rf.2xrbrcUqYWCkufuXrsbf.jpeg,normal,0,"('normal', 'AdobeStock_624861897_Preview_jpeg.rf.2xrbrcUqYWCkufuXrsbf.jpeg')",train
/content/drive/MyDrive/NewCattleSense/dataset/images/normal/AdobeStock_838454755_Preview_jpeg.rf.2Vg5pfRSFXKTpNyDh64c.jpeg,AdobeStock_838454755_Preview_jpeg.rf.2Vg5pfRSFXKTpNyDh64c.jpeg,normal,0,"('normal', 'AdobeStock_838454755_Preview_jpeg.rf.2Vg5pfRSFXKTpNyDh64c.jpeg')",train
/content/drive/MyDrive/NewCattleSense/dataset/images/normal/AdobeStock_449891027_Preview_jpeg.rf.doahpU9y44zohoaa9VXv.jpeg,AdobeStock_449891027_Preview_jpeg.rf.doahpU9y44zohoaa9VXv.jpeg,normal,0,"('normal', 'AdobeStock_449891027_Preview_jpeg.rf.doahpU9y44zohoaa9VXv.jpeg')",train
/content/drive/MyDrive/NewCattleSense/dataset/images/normal/AdobeStock_222240436_Preview_jpeg.rf.QI2CWhDjWb9YIlaUkenr.jpeg,AdobeStock_222240436_Preview_jpeg.rf.QI2CWhDjWb9YIlaUkenr.jpeg,normal,0,"('normal', 'AdobeStock_222240436_Preview_jpeg.rf.QI2CWhDjWb9YIlaUkenr.jpeg')",train
/content/drive/MyDrive/NewCattleSense/dataset/images/normal/AdobeStock_807377973_Preview_jpeg.rf.VohrE5jptWm80i7MtuQF.jpeg,AdobeStock_807377973_Preview_jpeg.rf.VohrE5jptWm80i7MtuQF.jpeg,normal,0,"('normal', 'AdobeStock_807377973_Preview_jpeg.rf.VohrE5jptWm80i7MtuQF.jpeg')",train
/content/drive/MyDrive/NewCattleSense/dataset/images/normal/AdobeStock_433594014_Preview_jpeg.rf.T0ayYOFlR0dTjD23Chnv.jpeg,AdobeStock_433594014_Preview_jpeg.rf.T0ayYOFlR0dTjD23Chnv.jpeg,normal,0,"('normal', 'AdobeStock_433594014_Preview_jpeg.rf.T0ayYOFlR0dTjD23Chnv.jpeg')",train
/content/drive/MyDrive/NewCattleSense/dataset/images/normal/AdobeStock_1093453375_Preview_jpeg.rf.E5kjO4nxIu1vLVDYFkqP.jpeg,AdobeStock_1093453375_Preview_jpeg.rf.E5kjO4nxIu1vLVDYFkqP.jpeg,normal,0,"('normal', 'AdobeStock_1093453375_Preview_jpeg.rf.E5kjO4nxIu1vLVDYFkqP.jpeg')",train
/content/drive/MyDrive/NewCattleSense/dataset/images/normal/AdobeStock_516460339_Preview_jpeg.rf.Da8IJRdLTyvuvAye8J0D.jpeg,AdobeStock_516460339_Preview_jpeg.rf.Da8IJRdLTyvuvAye8J0D.jpeg,normal,0,"('normal', 'AdobeStock_516460339_Preview_jpeg.rf.Da8IJRdLTyvuvAye8J0D.jpeg')",train
/content/drive/MyDrive/NewCattleSense/dataset/images/normal/AdobeStock_993708920_Preview_jpeg.rf.xurwm8g6txrw2jsBiMru.jpeg,AdobeStock_993708920_Preview_jpeg.rf.xurwm8g6txrw2jsBiMru.jpeg,normal,0,"('normal', 'AdobeStock_993708920_Preview_jpeg.rf.xurwm8g6txrw2jsBiMru.jpeg')",train
/content/drive/MyDrive/NewCattleSense/dataset/images/normal/AdobeStock_23529541_Preview_jpeg.rf.HDQH88Tg8IVX6jQ6o0oT.jpeg,AdobeStock_23529541_Preview_jpeg.rf.HDQH88Tg8IVX6jQ6o0oT.jpeg,normal,0,"('normal', 'AdobeStock_23529541_Preview_jpeg.rf.HDQH88Tg8IVX6jQ6o0oT.jpeg')",train
/content/drive/MyDrive/NewCattleSense/dataset/images/normal/AdobeStock_111798658_Preview_jpeg.rf.E3oSaws25ZbCNoolbSw2.jpeg,AdobeStock_111798658_Preview_jpeg.rf.E3oSaws25ZbCNoolbSw2.jpeg,normal,0,"('normal', 'AdobeStock_111798658_Preview_jpeg.rf.E3oSaws25ZbCNoolbSw2.jpeg')",train
/content/drive/MyDrive/NewCattleSense/dataset/images/normal/AdobeStock_496070081_Video_HD_Preview_mov-0011_jpg.rf.3KGzIMOqOtHO3iqUFEmW.jpg,AdobeStock_496070081_Video_HD_Preview_mov-0011_jpg.rf.3KGzIMOqOtHO3iqUFEmW.jpg,normal,0,"('normal', 'AdobeStock_496070081_Video_HD_Preview_mov-0011_jpg.rf.3KGzIMOqOtHO3iqUFEmW.jpg')",train
/content/drive/MyDrive/NewCattleSense/dataset/images/normal/AdobeStock_310686148_Preview_jpeg.rf.c7yTT8l701rXIrmXmLtd.jpeg,AdobeStock_310686148_Preview_jpeg.rf.c7yTT8l701rXIrmXmLtd.jpeg,normal,0,"('normal', 'AdobeStock_310686148_Preview_jpeg.rf.c7yTT8l701rXIrmXmLtd.jpeg')",train
/content/drive/MyDrive/NewCattleSense/dataset/images/normal/AdobeStock_93804337_Video_HD_Preview_mov-0010_jpg.rf.9IPwrDdnaW4MySVpbwHe.jpg,AdobeStock_93804337_Video_HD_Preview_mov-0010_jpg.rf.9IPwrDdnaW4MySVpbwHe.jpg,normal,0,"('normal', 'AdobeStock_93804337_Video_HD_Preview_mov-0010_jpg.rf.9IPwrDdnaW4MySVpbwHe.jpg')",train
/content/drive/MyDrive/NewCattleSense/dataset/images/normal/AdobeStock_662661422_Preview_jpeg.rf.RIZ35kSdGFpkqqLjYzVc.jpeg,AdobeStock_662661422_Preview_jpeg.rf.RIZ35kSdGFpkqqLjYzVc.jpeg,normal,0,"('normal', 'AdobeStock_662661422_Preview_jpeg.rf.RIZ35kSdGFpkqqLjYzVc.jpeg')",train
/content/drive/MyDrive/NewCattleSense/dataset/images/normal/AdobeStock_533255326_Preview_jpeg.rf.FOkimeP146WsQc1JkpWX.jpeg,AdobeStock_533255326_Preview_jpeg.rf.FOkimeP146WsQc1JkpWX.jpeg,normal,0,"('normal', 'AdobeStock_533255326_Preview_jpeg.rf.FOkimeP146WsQc1JkpWX.jpeg')",train
/content/drive/MyDrive/NewCattleSense/dataset/images/normal/AdobeStock_113101054_Preview_jpeg.rf.ZlBGwrgmwhWPCdyyB2Zo.jpeg,AdobeStock_113101054_Preview_jpeg.rf.ZlBGwrgmwhWPCdyyB2Zo.jpeg,normal,0,"('normal', 'AdobeStock_113101054_Preview_jpeg.rf.ZlBGwrgmwhWPCdyyB2Zo.jpeg')",train
/content/drive/MyDrive/NewCattleSense/dataset/images/normal/00000056_jpg.rf.Mr1kO9v2HLGkw9V7ATlC.jpg,00000056_jpg.rf.Mr1kO9v2HLGkw9V7ATlC.jpg,normal,0,"('normal', '00000056_jpg.rf.Mr1kO9v2HLGkw9V7ATlC.jpg')",train
/content/drive/MyDrive/NewCattleSense/dataset/images/normal/28_jpg.rf.K0IaV2p6lIAyk17jW7Uj.jpg,28_jpg.rf.K0IaV2p6lIAyk17jW7Uj.jpg,normal,0,"('normal', '28_jpg.rf.K0IaV2p6lIAyk17jW7Uj.jpg')",train
/content/drive/MyDrive/NewCattleSense/dataset/images/normal/35_jpg.rf.f7GvLvPCzbXr6qUEMyr3.jpg,35_jpg.rf.f7GvLvPCzbXr6qUEMyr3.jpg,normal,0,"('normal', '35_jpg.rf.f7GvLvPCzbXr6qUEMyr3.jpg')",train
/content/drive/MyDrive/NewCattleSense/dataset/images/normal/istockphoto-2179946140-612x612_jpg.rf.oIvhZ9WdDv19f06sz0LU.jpg,istockphoto-2179946140-612x612_jpg.rf.oIvhZ9WdDv19f06sz0LU.jpg,normal,0,"('normal', 'istockphoto-2179946140-612x612_jpg.rf.oIvhZ9WdDv19f06sz0LU.jpg')",train
/content/drive/MyDrive/NewCattleSense/dataset/images/normal/sdcadc_webp.rf.H31jXX3fVSB9IMBwgL7y.jpeg,sdcadc_webp.rf.H31jXX3fVSB9IMBwgL7y.jpeg,normal,0,"('normal', 'sdcadc_webp.rf.H31jXX3fVSB9IMBwgL7y.jpeg')",train
/content/drive/MyDrive/NewCattleSense/dataset/images/normal/dcas_jpeg.rf.ru3EaDkXPHOZiirdq5jF.jpeg,dcas_jpeg.rf.ru3EaDkXPHOZiirdq5jF.jpeg,normal,0,"('normal', 'dcas_jpeg.rf.ru3EaDkXPHOZiirdq5jF.jpeg')",train
/content/drive/MyDrive/NewCattleSense/dataset/images/normal/istockphoto-91820087-612x612_jpg.rf.LDpX8JWW0QWruHL90lhc.jpg,istockphoto-91820087-612x612_jpg.rf.LDpX8JWW0QWruHL90lhc.jpg,normal,0,"('normal', 'istockphoto-91820087-612x612_jpg.rf.LDpX8JWW0QWruHL90lhc.jpg')",train
/content/drive/MyDrive/NewCattleSense/dataset/images/normal/111_jpg.rf.VF8ZLElruJjYRfUWhWAp.jpg,111_jpg.rf.VF8ZLElruJjYRfUWhWAp.jpg,normal,0,"('normal', '111_jpg.rf.VF8ZLElruJjYRfUWhWAp.jpg')",train
/content/drive/MyDrive/NewCattleSense/dataset/images/normal/18_jpg.rf.cG4GRAXgPkGoXP9X6dMv.jpg,18_jpg.rf.cG4GRAXgPkGoXP9X6dMv.jpg,normal,0,"('normal', '18_jpg.rf.cG4GRAXgPkGoXP9X6dMv.jpg')",train
/content/drive/MyDrive/NewCattleSense/dataset/images/normal/3_jpg.rf.4bHGvPw2WBHYsjXQ4xi9.jpg,3_jpg.rf.4bHGvPw2WBHYsjXQ4xi9.jpg,normal,0,"('normal', '3_jpg.rf.4bHGvPw2WBHYsjXQ4xi9.jpg')",train
/content/drive/MyDrive/NewCattleSense/dataset/images/normal/istockphoto-1142415184-612x612_jpg.rf.MM6SlT6ZOCE6Sycj6p0v.jpg,istockphoto-1142415184-612x612_jpg.rf.MM6SlT6ZOCE6Sycj6p0v.jpg,normal,0,"('normal', 'istockphoto-1142415184-612x612_jpg.rf.MM6SlT6ZOCE6Sycj6p0v.jpg')",train
/content/drive/MyDrive/NewCattleSense/dataset/images/normal/33a214d1510e1ba862a80ccfdad1e572_jpg.rf.HtJhLtSwtBKg2dmFj5XR.jpg,33a214d1510e1ba862a80ccfdad1e572_jpg.rf.HtJhLtSwtBKg2dmFj5XR.jpg,normal,0,"('normal', '33a214d1510e1ba862a80ccfdad1e572_jpg.rf.HtJhLtSwtBKg2dmFj5XR.jpg')",train
/content/drive/MyDrive/NewCattleSense/dataset/images/normal/19_jpg.rf.ysGzmUPIZRHn1kZZwetu.jpg,19_jpg.rf.ysGzmUPIZRHn1kZZwetu.jpg,normal,0,"('normal', '19_jpg.rf.ysGzmUPIZRHn1kZZwetu.jpg')",train
/content/drive/MyDrive/NewCattleSense/dataset/images/normal/21_jpg.rf.02fpQBdtX5jbb3h8BrTE.jpg,21_jpg.rf.02fpQBdtX5jbb3h8BrTE.jpg,normal,0,"('normal', '21_jpg.rf.02fpQBdtX5jbb3h8BrTE.jpg')",train
/content/drive/MyDrive/NewCattleSense/dataset/images/normal/istockphoto-1363750066-612x612_jpg.rf.TOxx2zzZHLupVu1FRMWM.jpg,istockphoto-1363750066-612x612_jpg.rf.TOxx2zzZHLupVu1FRMWM.jpg,normal,0,"('normal', 'istockphoto-1363750066-612x612_jpg.rf.TOxx2zzZHLupVu1FRMWM.jpg')",train
/content/drive/MyDrive/NewCattleSense/dataset/images/normal/e_jpg.rf.q21Ytp1qS5UqXdackt6L.jpg,e_jpg.rf.q21Ytp1qS5UqXdackt6L.jpg,normal,0,"('normal', 'e_jpg.rf.q21Ytp1qS5UqXdackt6L.jpg')",train
/content/drive/MyDrive/NewCattleSense/dataset/images/normal/istockphoto-497412390-612x612_jpg.rf.RY4ZVfO0ojSasrllFBvB.jpg,istockphoto-497412390-612x612_jpg.rf.RY4ZVfO0ojSasrllFBvB.jpg,normal,0,"('normal', 'istockphoto-497412390-612x612_jpg.rf.RY4ZVfO0ojSasrllFBvB.jpg')",train
/content/drive/MyDrive/NewCattleSense/dataset/images/normal/istockphoto-1359766373-612x612_jpg.rf.JltoBwpUVgP7r6s33VFf.jpg,istockphoto-1359766373-612x612_jpg.rf.JltoBwpUVgP7r6s33VFf.jpg,normal,0,"('normal', 'istockphoto-1359766373-612x612_jpg.rf.JltoBwpUVgP7r6s33VFf.jpg')",train
/content/drive/MyDrive/NewCattleSense/dataset/images/normal/xcax_jpeg.rf.AIbRV4KdLALLdNEwMMPj.jpeg,xcax_jpeg.rf.AIbRV4KdLALLdNEwMMPj.jpeg,normal,0,"('normal', 'xcax_jpeg.rf.AIbRV4KdLALLdNEwMMPj.jpeg')",train
/content/drive/MyDrive/NewCattleSense/dataset/images/normal/Screenshot From 2026-07-16 13-42-59_png.rf.k5oMyCuifGuuyJCxWzwy.jpeg,Screenshot From 2026-07-16 13-42-59_png.rf.k5oMyCuifGuuyJCxWzwy.jpeg,normal,0,"('normal', 'Screenshot From 2026-07-16 13-42-59_png.rf.k5oMyCuifGuuyJCxWzwy.jpeg')",train
/content/drive/MyDrive/NewCattleSense/dataset/images/normal/istockphoto-465230013-612x612_jpg.rf.mOXxmmORqPhvwYVHDb8g.jpg,istockphoto-465230013-612x612_jpg.rf.mOXxmmORqPhvwYVHDb8g.jpg,normal,0,"('normal', 'istockphoto-465230013-612x612_jpg.rf.mOXxmmORqPhvwYVHDb8g.jpg')",train
/content/drive/MyDrive/NewCattleSense/dataset/images/normal/Screenshot From 2026-07-16 13-44-07_png.rf.JNhT7bwPAf2e3xoEtlWF.jpeg,Screenshot From 2026-07-16 13-44-07_png.rf.JNhT7bwPAf2e3xoEtlWF.jpeg,normal,0,"('normal', 'Screenshot From 2026-07-16 13-44-07_png.rf.JNhT7bwPAf2e3xoEtlWF.jpeg')",train
/content/drive/MyDrive/NewCattleSense/dataset/images/normal/g_jpeg.rf.GmKUeeO53WQJVQOpWBS0.jpeg,g_jpeg.rf.GmKUeeO53WQJVQOpWBS0.jpeg,normal,0,"('normal', 'g_jpeg.rf.GmKUeeO53WQJVQOpWBS0.jpeg')",train
/content/drive/MyDrive/NewCattleSense/dataset/images/normal/istockphoto-579238968-612x612_jpg.rf.GFWfFGXwZtvtLmFtprnr.jpg,istockphoto-579238968-612x612_jpg.rf.GFWfFGXwZtvtLmFtprnr.jpg,normal,0,"('normal', 'istockphoto-579238968-612x612_jpg.rf.GFWfFGXwZtvtLmFtprnr.jpg')",train
/content/drive/MyDrive/NewCattleSense/dataset/images/normal/32_jpg.rf.EVof3yt4h6POjQZJoJAt.jpg,32_jpg.rf.EVof3yt4h6POjQZJoJAt.jpg,normal,0,"('normal', '32_jpg.rf.EVof3yt4h6POjQZJoJAt.jpg')",train
/content/drive/MyDrive/NewCattleSense/dataset/images/normal/istockphoto-1246031138-612x612_jpg.rf.jVG7IFdhC7MaDakxIE8G.jpg,istockphoto-1246031138-612x612_jpg.rf.jVG7IFdhC7MaDakxIE8G.jpg,normal,0,"('normal', 'istockphoto-1246031138-612x612_jpg.rf.jVG7IFdhC7MaDakxIE8G.jpg')",train
/content/drive/MyDrive/NewCattleSense/dataset/images/normal/34_jpg.rf.tvRAmsIBvANQK3OylQAc.jpg,34_jpg.rf.tvRAmsIBvANQK3OylQAc.jpg,normal,0,"('normal', '34_jpg.rf.tvRAmsIBvANQK3OylQAc.jpg')",train
/content/drive/MyDrive/NewCattleSense/dataset/images/normal/xz_jpeg.rf.MilEFy3vsUWVxPZqpIb3.jpeg,xz_jpeg.rf.MilEFy3vsUWVxPZqpIb3.jpeg,normal,0,"('normal', 'xz_jpeg.rf.MilEFy3vsUWVxPZqpIb3.jpeg')",train
/content/drive/MyDrive/NewCattleSense/dataset/images/normal/30_jpg.rf.f3FDs0VMQ8CskSqkQ3V5.jpg,30_jpg.rf.f3FDs0VMQ8CskSqkQ3V5.jpg,normal,0,"('normal', '30_jpg.rf.f3FDs0VMQ8CskSqkQ3V5.jpg')",train
/content/drive/MyDrive/NewCattleSense/dataset/images/normal/Screenshot From 2026-07-16 13-43-20_png.rf.Se6eoHsRnhcCdzSOu9vG.jpeg,Screenshot From 2026-07-16 13-43-20_png.rf.Se6eoHsRnhcCdzSOu9vG.jpeg,normal,0,"('normal', 'Screenshot From 2026-07-16 13-43-20_png.rf.Se6eoHsRnhcCdzSOu9vG.jpeg')",train
/content/drive/MyDrive/NewCattleSense/dataset/images/normal/istockphoto-498102881-640x640_jpg.rf.HakUizLxAaG51IkG3JdX.jpg,istockphoto-498102881-640x640_jpg.rf.HakUizLxAaG51IkG3JdX.jpg,normal,0,"('normal', 'istockphoto-498102881-640x640_jpg.rf.HakUizLxAaG51IkG3JdX.jpg')",train
/content/drive/MyDrive/NewCattleSense/dataset/images/normal/9_jpg.rf.Fjf0iQyssBazH2FV5x1o.jpg,9_jpg.rf.Fjf0iQyssBazH2FV5x1o.jpg,normal,0,"('normal', '9_jpg.rf.Fjf0iQyssBazH2FV5x1o.jpg')",train
/content/drive/MyDrive/NewCattleSense/dataset/images/normal/7_jpg.rf.t5LU4VLMu1haD0gtk8E4.jpg,7_jpg.rf.t5LU4VLMu1haD0gtk8E4.jpg,normal,0,"('normal', '7_jpg.rf.t5LU4VLMu1haD0gtk8E4.jpg')",train
/content/drive/MyDrive/NewCattleSense/dataset/images/normal/43af4b8cdfe2b30051f2fdbfabe94504_jpg.rf.ErMPJWhK1xyY6iSSSd74.jpg,43af4b8cdfe2b30051f2fdbfabe94504_jpg.rf.ErMPJWhK1xyY6iSSSd74.jpg,normal,0,"('normal', '43af4b8cdfe2b30051f2fdbfabe94504_jpg.rf.ErMPJWhK1xyY6iSSSd74.jpg')",train
/content/drive/MyDrive/NewCattleSense/dataset/images/normal/Screenshot From 2026-07-16 13-44-31_png.rf.Aixq8fs2xV97y8ZW4jSA.jpeg,Screenshot From 2026-07-16 13-44-31_png.rf.Aixq8fs2xV97y8ZW4jSA.jpeg,normal,0,"('normal', 'Screenshot From 2026-07-16 13-44-31_png.rf.Aixq8fs2xV97y8ZW4jSA.jpeg')",train
/content/drive/MyDrive/NewCattleSense/dataset/images/normal/10_jpg.rf.txgcKo25NdMLo5MycHbU.jpg,10_jpg.rf.txgcKo25NdMLo5MycHbU.jpg,normal,0,"('normal', '10_jpg.rf.txgcKo25NdMLo5MycHbU.jpg')",train
/content/drive/MyDrive/NewCattleSense/dataset/images/normal/adcADC_jpeg.rf.vHrlGWRjHTuXk79GW385.jpeg,adcADC_jpeg.rf.vHrlGWRjHTuXk79GW385.jpeg,normal,0,"('normal', 'adcADC_jpeg.rf.vHrlGWRjHTuXk79GW385.jpeg')",train
/content/drive/MyDrive/NewCattleSense/dataset/images/normal/43_jpg.rf.w9u2pkyEchHQWXEIoxsp.jpg,43_jpg.rf.w9u2pkyEchHQWXEIoxsp.jpg,normal,0,"('normal', '43_jpg.rf.w9u2pkyEchHQWXEIoxsp.jpg')",train
/content/drive/MyDrive/NewCattleSense/dataset/images/normal/istockphoto-871719206-612x612_jpg.rf.eWBRXISqPXdlPzjXXDu7.jpg,istockphoto-871719206-612x612_jpg.rf.eWBRXISqPXdlPzjXXDu7.jpg,normal,0,"('normal', 'istockphoto-871719206-612x612_jpg.rf.eWBRXISqPXdlPzjXXDu7.jpg')",train
/content/drive/MyDrive/NewCattleSense/dataset/images/normal/istockphoto-1752389576-612x612_jpg.rf.I5dwQZ9hjVhgZWz8v4KE.jpg,istockphoto-1752389576-612x612_jpg.rf.I5dwQZ9hjVhgZWz8v4KE.jpg,normal,0,"('normal', 'istockphoto-1752389576-612x612_jpg.rf.I5dwQZ9hjVhgZWz8v4KE.jpg')",train
/content/drive/MyDrive/NewCattleSense/dataset/images/normal/geg_jpg.rf.gWDdQx3a9gP7HHHc8aJi.jpg,geg_jpg.rf.gWDdQx3a9gP7HHHc8aJi.jpg,normal,0,"('normal', 'geg_jpg.rf.gWDdQx3a9gP7HHHc8aJi.jpg')",train
/content/drive/MyDrive/NewCattleSense/dataset/images/normal/Screenshot From 2026-07-16 13-43-35_png.rf.bNf7MqPKBso1OWzh96Lu.jpeg,Screenshot From 2026-07-16 13-43-35_png.rf.bNf7MqPKBso1OWzh96Lu.jpeg,normal,0,"('normal', 'Screenshot From 2026-07-16 13-43-35_png.rf.bNf7MqPKBso1OWzh96Lu.jpeg')",train
/content/drive/MyDrive/NewCattleSense/dataset/images/normal/31_jpg.rf.vRJx33MU82UHobHKV5Np.jpg,31_jpg.rf.vRJx33MU82UHobHKV5Np.jpg,normal,0,"('normal', '31_jpg.rf.vRJx33MU82UHobHKV5Np.jpg')",train
/content/drive/MyDrive/NewCattleSense/dataset/images/normal/istockphoto-474091896-612x612_jpg.rf.uFKX2rdCRksU4siiN5Zb.jpg,istockphoto-474091896-612x612_jpg.rf.uFKX2rdCRksU4siiN5Zb.jpg,normal,0,"('normal', 'istockphoto-474091896-612x612_jpg.rf.uFKX2rdCRksU4siiN5Zb.jpg')",train
/content/drive/MyDrive/NewCattleSense/dataset/images/normal/acaca_jpeg.rf.NNWn7tFCvjJy1ay7icjO.jpeg,acaca_jpeg.rf.NNWn7tFCvjJy1ay7icjO.jpeg,normal,0,"('normal', 'acaca_jpeg.rf.NNWn7tFCvjJy1ay7icjO.jpeg')",train
/content/drive/MyDrive/NewCattleSense/dataset/images/normal/istockphoto-509670568-612x612_jpg.rf.KsbVbwujBepTxAoiTwl3.jpg,istockphoto-509670568-612x612_jpg.rf.KsbVbwujBepTxAoiTwl3.jpg,normal,0,"('normal', 'istockphoto-509670568-612x612_jpg.rf.KsbVbwujBepTxAoiTwl3.jpg')",train
/content/drive/MyDrive/NewCattleSense/dataset/images/normal/istockphoto-1289021133-612x612_jpg.rf.vtPD1QcwHCuiC2jopteH.jpg,istockphoto-1289021133-612x612_jpg.rf.vtPD1QcwHCuiC2jopteH.jpg,normal,0,"('normal', 'istockphoto-1289021133-612x612_jpg.rf.vtPD1QcwHCuiC2jopteH.jpg')",train
/content/drive/MyDrive/NewCattleSense/dataset/images/normal/f_jpeg.rf.KgZWCqxy8GIdLuRd4zDc.jpeg,f_jpeg.rf.KgZWCqxy8GIdLuRd4zDc.jpeg,normal,0,"('normal', 'f_jpeg.rf.KgZWCqxy8GIdLuRd4zDc.jpeg')",train
/content/drive/MyDrive/NewCattleSense/dataset/images/normal/w_jpeg.rf.FCvXd4Xour8VF5zndfui.jpeg,w_jpeg.rf.FCvXd4Xour8VF5zndfui.jpeg,normal,0,"('normal', 'w_jpeg.rf.FCvXd4Xour8VF5zndfui.jpeg')",train
/content/drive/MyDrive/NewCattleSense/dataset/images/normal/455_jpg.rf.t7Ygat9JTjR2Je1IPVTq.jpg,455_jpg.rf.t7Ygat9JTjR2Je1IPVTq.jpg,normal,0,"('normal', '455_jpg.rf.t7Ygat9JTjR2Je1IPVTq.jpg')",train
/content/drive/MyDrive/NewCattleSense/dataset/images/normal/hh_jpeg.rf.UKXcPCIn1Gl2W3yKzXbI.jpeg,hh_jpeg.rf.UKXcPCIn1Gl2W3yKzXbI.jpeg,normal,0,"('normal', 'hh_jpeg.rf.UKXcPCIn1Gl2W3yKzXbI.jpeg')",train
/content/drive/MyDrive/NewCattleSense/dataset/images/normal/nkj_jpg.rf.MfcsadQpr5DdPp9PUOD7.jpg,nkj_jpg.rf.MfcsadQpr5DdPp9PUOD7.jpg,normal,0,"('normal', 'nkj_jpg.rf.MfcsadQpr5DdPp9PUOD7.jpg')",train
/content/drive/MyDrive/NewCattleSense/dataset/images/normal/953c1ea0c72bf2b6c9b49e14aae29944_jpg.rf.QqsxvSqCAn6AdeDKdDIW.jpg,953c1ea0c72bf2b6c9b49e14aae29944_jpg.rf.QqsxvSqCAn6AdeDKdDIW.jpg,normal,0,"('normal', '953c1ea0c72bf2b6c9b49e14aae29944_jpg.rf.QqsxvSqCAn6AdeDKdDIW.jpg')",train
/content/drive/MyDrive/NewCattleSense/dataset/images/normal/13_jpg.rf.QR1aVEZDON7XcGLCzNup.jpg,13_jpg.rf.QR1aVEZDON7XcGLCzNup.jpg,normal,0,"('normal', '13_jpg.rf.QR1aVEZDON7XcGLCzNup.jpg')",train
/content/drive/MyDrive/NewCattleSense/dataset/images/normal/istockphoto-846579354-612x612_jpg.rf.7011CvNAPgG4icZa0e8h.jpg,istockphoto-846579354-612x612_jpg.rf.7011CvNAPgG4icZa0e8h.jpg,normal,0,"('normal', 'istockphoto-846579354-612x612_jpg.rf.7011CvNAPgG4icZa0e8h.jpg')",train
/content/drive/MyDrive/NewCattleSense/dataset/images/normal/29_jpg.rf.OKoq5Vc46QS1Z3W1zBEH.jpg,29_jpg.rf.OKoq5Vc46QS1Z3W1zBEH.jpg,normal,0,"('normal', '29_jpg.rf.OKoq5Vc46QS1Z3W1zBEH.jpg')",train
/content/drive/MyDrive/NewCattleSense/dataset/images/normal/365857df4bd4797730e18194eaf3307c_jpg.rf.WWnX2HVOTLiSqiCJPdes.jpg,365857df4bd4797730e18194eaf3307c_jpg.rf.WWnX2HVOTLiSqiCJPdes.jpg,normal,0,"('normal', '365857df4bd4797730e18194eaf3307c_jpg.rf.WWnX2HVOTLiSqiCJPdes.jpg')",train
/content/drive/MyDrive/NewCattleSense/dataset/images/normal/istockphoto-1338787436-612x612_jpg.rf.XHRp82N9Kgu5U5qNeHeH.jpg,istockphoto-1338787436-612x612_jpg.rf.XHRp82N9Kgu5U5qNeHeH.jpg,normal,0,"('normal', 'istockphoto-1338787436-612x612_jpg.rf.XHRp82N9Kgu5U5qNeHeH.jpg')",train
/content/drive/MyDrive/NewCattleSense/dataset/images/normal/38_jpg.rf.4JOXltwiFzocfI9OXnLJ.jpg,38_jpg.rf.4JOXltwiFzocfI9OXnLJ.jpg,normal,0,"('normal', '38_jpg.rf.4JOXltwiFzocfI9OXnLJ.jpg')",train
/content/drive/MyDrive/NewCattleSense/dataset/images/normal/acs_jpeg.rf.uEJ7EtNyiypxsTJ6AIMi.jpeg,acs_jpeg.rf.uEJ7EtNyiypxsTJ6AIMi.jpeg,normal,0,"('normal', 'istockphoto-2205647120-612x612_jpg.rf.LX9R0k5irJT3uNiwXJ7J.jpg')",train
/content/drive/MyDrive/NewCattleSense/dataset/images/normal/istockphoto-1027045036-612x612_jpg.rf.IGsyAOo0ePG8VxsynN5i.jpg,istockphoto-1027045036-612x612_jpg.rf.IGsyAOo0ePG8VxsynN5i.jpg,normal,0,"('normal', 'istockphoto-1027045036-612x612_jpg.rf.IGsyAOo0ePG8VxsynN5i.jpg')",train
/content/drive/MyDrive/NewCattleSense/dataset/images/normal/istockphoto-2156017723-612x612_jpg.rf.ZBnu045P22BtDoypgyCP.jpg,istockphoto-2156017723-612x612_jpg.rf.ZBnu045P22BtDoypgyCP.jpg,normal,0,"('normal', 'istockphoto-2156017723-612x612_jpg.rf.ZBnu045P22BtDoypgyCP.jpg')",train
/content/drive/MyDrive/NewCattleSense/dataset/images/normal/17_jpg.rf.QP2cVDoxj74Tsy0hv0FB.jpg,17_jpg.rf.QP2cVDoxj74Tsy0hv0FB.jpg,normal,0,"('normal', '17_jpg.rf.QP2cVDoxj74Tsy0hv0FB.jpg')",train
/content/drive/MyDrive/NewCattleSense/dataset/images/normal/istockphoto-1363750114-612x612_jpg.rf.wCnWHGPv9FPDt9ETjjGg.jpg,istockphoto-1363750114-612x612_jpg.rf.wCnWHGPv9FPDt9ETjjGg.jpg,normal,0,"('normal', 'istockphoto-1363750114-612x612_jpg.rf.wCnWHGPv9FPDt9ETjjGg.jpg')",train
/content/drive/MyDrive/NewCattleSense/dataset/images/normal/istockphoto-1132178334-612x612_jpg.rf.dvwHobUl5ZfyeEleTUjW.jpg,istockphoto-1132178334-612x612_jpg.rf.dvwHobUl5ZfyeEleTUjW.jpg,normal,0,"('normal', 'istockphoto-1132178334-612x612_jpg.rf.dvwHobUl5ZfyeEleTUjW.jpg')",train
/content/drive/MyDrive/NewCattleSense/dataset/images/normal/333_jpg.rf.VGnMCpJQviftjlkY5ctf.jpg,333_jpg.rf.VGnMCpJQviftjlkY5ctf.jpg,normal,0,"('normal', '333_jpg.rf.VGnMCpJQviftjlkY5ctf.jpg')",train
/content/drive/MyDrive/NewCattleSense/dataset/images/normal/6_jpg.rf.KvFi4PhmOFlKgzTEjdnM.jpg,6_jpg.rf.KvFi4PhmOFlKgzTEjdnM.jpg,normal,0,"('normal', '6_jpg.rf.KvFi4PhmOFlKgzTEjdnM.jpg')",train
/content/drive/MyDrive/NewCattleSense/dataset/images/normal/Screenshot From 2026-07-16 13-40-25_png.rf.Hori1fC9tM72DbO65uK9.jpeg,Screenshot From 2026-07-16 13-40-25_png.rf.Hori1fC9tM72DbO65uK9.jpeg,normal,0,"('normal', 'Screenshot From 2026-07-16 13-40-25_png.rf.Hori1fC9tM72DbO65uK9.jpeg')",train
/content/drive/MyDrive/NewCattleSense/dataset/images/normal/istockphoto-2275097941-612x612_jpg.rf.vWYSCi51i30Nd6dP6GeM.jpg,istockphoto-2275097941-612x612_jpg.rf.vWYSCi51i30Nd6dP6GeM.jpg,normal,0,"('normal', 'istockphoto-2275097941-612x612_jpg.rf.vWYSCi51i30Nd6dP6GeM.jpg')",train
/content/drive/MyDrive/NewCattleSense/dataset/images/normal/istockphoto-2205647120-612x612_jpg.rf.LX9R0k5irJT3uNiwXJ7J.jpg,istockphoto-2205647120-612x612_jpg.rf.LX9R0k5irJT3uNiwXJ7J.jpg,normal,0,"('normal', 'istockphoto-2205647120-612x612_jpg.rf.LX9R0k5irJT3uNiwXJ7J.jpg')",train
/content/drive/MyDrive/NewCattleSense/dataset/images/normal/istockphoto-2024994902-612x612_jpg.rf.zql3mD7ZS2ayMC5dvvdZ.jpg,istockphoto-2024994902-612x612_jpg.rf.zql3mD7ZS2ayMC5dvvdZ.jpg,normal,0,"('normal', 'istockphoto-2024994902-612x612_jpg.rf.zql3mD7ZS2ayMC5dvvdZ.jpg')",train
/content/drive/MyDrive/NewCattleSense/dataset/images/normal/27_jpg.rf.3V5jsXCxfuUxjoN4A70R.jpg,27_jpg.rf.3V5jsXCxfuUxjoN4A70R.jpg,normal,0,"('normal', '27_jpg.rf.3V5jsXCxfuUxjoN4A70R.jpg')",train
/content/drive/MyDrive/NewCattleSense/dataset/images/normal/istockphoto-465230085-612x612_jpg.rf.8E4DaOn0tSHb5z3ZOMtx.jpg,istockphoto-465230085-612x612_jpg.rf.8E4DaOn0tSHb5z3ZOMtx.jpg,normal,0,"('normal', 'istockphoto-465230085-612x612_jpg.rf.8E4DaOn0tSHb5z3ZOMtx.jpg')",train
/content/drive/MyDrive/NewCattleSense/dataset/images/normal/Screenshot From 2026-07-16 13-41-11_png.rf.p0JDUCztNkOu155KQBOn.jpeg,Screenshot From 2026-07-16 13-41-11_png.rf.p0JDUCztNkOu155KQBOn.jpeg,normal,0,"('normal', 'Screenshot From 2026-07-16 13-41-11_png.rf.p0JDUCztNkOu155KQBOn.jpeg')",train
/content/drive/MyDrive/NewCattleSense/dataset/images/normal/istockphoto-911015244-612x612_jpg.rf.FwQTntF4XgwbcXNdnIL0.jpg,istockphoto-911015244-612x612_jpg.rf.FwQTntF4XgwbcXNdnIL0.jpg,normal,0,"('normal', 'istockphoto-911015244-612x612_jpg.rf.FwQTntF4XgwbcXNdnIL0.jpg')",train
/content/drive/MyDrive/NewCattleSense/dataset/images/normal/istockphoto-905087548-612x612_jpg.rf.xWiffsXvS9StWH4cSczp.jpg,istockphoto-905087548-612x612_jpg.rf.xWiffsXvS9StWH4cSczp.jpg,normal,0,"('normal', 'istockphoto-905087548-612x612_jpg.rf.xWiffsXvS9StWH4cSczp.jpg')",train
/content/drive/MyDrive/NewCattleSense/dataset/images/normal/istockphoto-494828296-612x612_jpg.rf.E2TlPOzCpFj8iY6gRFjW.jpg,istockphoto-494828296-612x612_jpg.rf.E2TlPOzCpFj8iY6gRFjW.jpg,normal,0,"('normal', 'istockphoto-494828296-612x612_jpg.rf.E2TlPOzCpFj8iY6gRFjW.jpg')",train
/content/drive/MyDrive/NewCattleSense/dataset/images/normal/istockphoto-1467964673-612x612_jpg.rf.bGRcDKLRMlLIfwterzAL.jpg,istockphoto-1467964673-612x612_jpg.rf.bGRcDKLRMlLIfwterzAL.jpg,normal,0,"('normal', 'udder10_jpg.rf.837BkGWa2fraOQGJdcrS.jpg')",train
/content/drive/MyDrive/NewCattleSense/dataset/images/normal/istockphoto-492404107-640x640_jpg.rf.DjIROWPRGBiyTNOhDv1c.jpg,istockphoto-492404107-640x640_jpg.rf.DjIROWPRGBiyTNOhDv1c.jpg,normal,0,"('normal', 'istockphoto-492404107-640x640_jpg.rf.DjIROWPRGBiyTNOhDv1c.jpg')",train
/content/drive/MyDrive/NewCattleSense/dataset/images/normal/istockphoto-1323867344-612x612_jpg.rf.OkgWnp50BFsKZD799Bgr.jpg,istockphoto-1323867344-612x612_jpg.rf.OkgWnp50BFsKZD799Bgr.jpg,normal,0,"('normal', 'istockphoto-1323867344-612x612_jpg.rf.OkgWnp50BFsKZD799Bgr.jpg')",train
/content/drive/MyDrive/NewCattleSense/dataset/images/normal/istockphoto-527541082-612x612_jpg.rf.X3Ci0zggZVNijEN6fLnU.jpg,istockphoto-527541082-612x612_jpg.rf.X3Ci0zggZVNijEN6fLnU.jpg,normal,0,"('normal', 'istockphoto-527541082-612x612_jpg.rf.X3Ci0zggZVNijEN6fLnU.jpg')",train
/content/drive/MyDrive/NewCattleSense/dataset/images/normal/acac_jpeg.rf.n1fl67Ab4NpQJXxRbJTS.jpeg,acac_jpeg.rf.n1fl67Ab4NpQJXxRbJTS.jpeg,normal,0,"('normal', 'acac_jpeg.rf.n1fl67Ab4NpQJXxRbJTS.jpeg')",train
/content/drive/MyDrive/NewCattleSense/dataset/images/normal/Screenshot From 2026-07-16 13-46-16_png.rf.wGddcMqs0c1Z01Am3Ulm.jpeg,Screenshot From 2026-07-16 13-46-16_png.rf.wGddcMqs0c1Z01Am3Ulm.jpeg,normal,0,"('normal', 'Screenshot From 2026-07-16 13-46-16_png.rf.wGddcMqs0c1Z01Am3Ulm.jpeg')",train
/content/drive/MyDrive/NewCattleSense/dataset/images/normal/istockphoto-152159097-612x612_jpg.rf.JltZnkAkZrH6gqLPuaIX.jpg,istockphoto-152159097-612x612_jpg.rf.JltZnkAkZrH6gqLPuaIX.jpg,normal,0,"('normal', 'istockphoto-152159097-612x612_jpg.rf.JltZnkAkZrH6gqLPuaIX.jpg')",train
/content/drive/MyDrive/NewCattleSense/dataset/images/normal/16_jpg.rf.VgYvloybQzlo4pj9c8jj.jpg,16_jpg.rf.VgYvloybQzlo4pj9c8jj.jpg,normal,0,"('normal', '16_jpg.rf.VgYvloybQzlo4pj9c8jj.jpg')",train
/content/drive/MyDrive/NewCattleSense/dataset/images/normal/istockphoto-1178189811-640x640_jpg.rf.JFHoPkzMGpBw5Vadgybz.jpg,istockphoto-1178189811-640x640_jpg.rf.JFHoPkzMGpBw5Vadgybz.jpg,normal,0,"('normal', 'istockphoto-1178189811-640x640_jpg.rf.JFHoPkzMGpBw5Vadgybz.jpg')",train
/content/drive/MyDrive/NewCattleSense/dataset/images/normal/12_jpg.rf.JDINc97fa32a2oLSuBIr.jpg,12_jpg.rf.JDINc97fa32a2oLSuBIr.jpg,normal,0,"('normal', '12_jpg.rf.JDINc97fa32a2oLSuBIr.jpg')",train
/content/drive/MyDrive/NewCattleSense/dataset/images/normal/istockphoto-2274374459-612x612_jpg.rf.OxZlEvwFIPDFQKx3Rdxq.jpg,istockphoto-2274374459-612x612_jpg.rf.OxZlEvwFIPDFQKx3Rdxq.jpg,normal,0,"('normal', 'istockphoto-2274374459-612x612_jpg.rf.OxZlEvwFIPDFQKx3Rdxq.jpg')",train
/content/drive/MyDrive/NewCattleSense/dataset/images/normal/d_jpg.rf.DjVo7TaGQxNUjm0OxLzJ.jpg,d_jpg.rf.DjVo7TaGQxNUjm0OxLzJ.jpg,normal,0,"('normal', 'd_jpg.rf.DjVo7TaGQxNUjm0OxLzJ.jpg')",train
/content/drive/MyDrive/NewCattleSense/dataset/images/normal/asc_jpeg.rf.addlE0jzguNGHdiz9gQP.jpeg,asc_jpeg.rf.addlE0jzguNGHdiz9gQP.jpeg,normal,0,"('normal', 'asc_jpeg.rf.addlE0jzguNGHdiz9gQP.jpeg')",train
/content/drive/MyDrive/NewCattleSense/dataset/images/normal/456_jpg.rf.YSP5p08ugxBjKVRSucF2.jpg,456_jpg.rf.YSP5p08ugxBjKVRSucF2.jpg,normal,0,"('normal', '456_jpg.rf.YSP5p08ugxBjKVRSucF2.jpg')",train
/content/drive/MyDrive/NewCattleSense/dataset/images/normal/Screenshot From 2026-07-16 13-50-13_png.rf.qWztBHv5KkIFaFx43w7f.jpeg,Screenshot From 2026-07-16 13-50-13_png.rf.qWztBHv5KkIFaFx43w7f.jpeg,normal,0,"('normal', 'Screenshot From 2026-07-16 13-50-13_png.rf.qWztBHv5KkIFaFx43w7f.jpeg')",train
/content/drive/MyDrive/NewCattleSense/dataset/images/normal/2_jpg.rf.zPjHvuPQoQ2AGBIafBPZ.jpg,2_jpg.rf.zPjHvuPQoQ2AGBIafBPZ.jpg,normal,0,"('normal', '2_jpg.rf.zPjHvuPQoQ2AGBIafBPZ.jpg')",train
/content/drive/MyDrive/NewCattleSense/dataset/images/normal/ghj_jpeg.rf.YBnTQsxmQHnljCT7wc5w.jpeg,ghj_jpeg.rf.YBnTQsxmQHnljCT7wc5w.jpeg,normal,0,"('normal', 'ghj_jpeg.rf.YBnTQsxmQHnljCT7wc5w.jpeg')",train
/content/drive/MyDrive/NewCattleSense/dataset/images/mastitis/Large-Ring-2-2-e1515371633565-400x284.jpg,Large-Ring-2-2-e1515371633565-400x284.jpg,mastitis,1,"('mastitis', 'Large-Ring-2-2-e1515371633565-400x284_jpg.rf.s2PiaSbjaMeNUJpkN7me.jpg')",val
/content/drive/MyDrive/NewCattleSense/dataset/images/mastitis/dry-skin7-400x284.jpg,dry-skin7-400x284.jpg,mastitis,1,"('mastitis', 'dry-skin7-400x284_jpg.rf.d41SP9JVB3Dh2CU6XfLD.jpg')",val
/content/drive/MyDrive/NewCattleSense/dataset/images/mastitis/ring11-400x284.jpg,ring11-400x284.jpg,mastitis,1,"('mastitis', 'ring11-400x284_jpg.rf.raSL7C2za0MTdkQDCOUr.jpg')",val
/content/drive/MyDrive/NewCattleSense/dataset/images/mastitis/Picture49-1-400x284.jpg,Picture49-1-400x284.jpg,mastitis,1,"('mastitis', 'Picture49-1-400x284_jpg.rf.VUKB3lBt0lxWWmceb5s2.jpg')",val
/content/drive/MyDrive/NewCattleSense/dataset/images/mastitis/Picture46-400x284.jpg,Picture46-400x284.jpg,mastitis,1,"('mastitis', 'Picture46-400x284_jpg.rf.oKPGIYt2gxlXMpBf740k.jpg')",val
/content/drive/MyDrive/NewCattleSense/dataset/images/mastitis/Chemical-damage-e1515285856612-356x284.jpg,Chemical-damage-e1515285856612-356x284.jpg,mastitis,1,"('mastitis', 'Chemical-damage-e1515285856612-356x284_jpg.rf.u65ELS77WcZdnxOv65cG.jpg')",val
/content/drive/MyDrive/NewCattleSense/dataset/images/mastitis/Picture9-400x284.jpg,Picture9-400x284.jpg,mastitis,1,"('mastitis', 'Picture9-400x284_jpg.rf.KrYzDFdLplFoQT5VT1ZN.jpg')",val
/content/drive/MyDrive/NewCattleSense/dataset/images/mastitis/pox2-e1515354088188-400x284.jpg,pox2-e1515354088188-400x284.jpg,mastitis,1,"('mastitis', 'pox2-e1515354088188-400x284_jpg.rf.KEqluRWztmZAel0QGYL5.jpg')",val
/content/drive/MyDrive/NewCattleSense/dataset/images/mastitis/Picture12-400x284.jpg,Picture12-400x284.jpg,mastitis,1,"('mastitis', 'Picture12-400x284_jpg.rf.odOFjhWZFBRXWHtVulVL.jpg')",val
/content/drive/MyDrive/NewCattleSense/dataset/images/mastitis/chaps-5.1.orifice-400x284.png,chaps-5.1.orifice-400x284.png,mastitis,1,"('mastitis', 'chaps-5_1_orifice-400x284_png.rf.RwStCSG9udx7GvAbiFUU.png')",val
/content/drive/MyDrive/NewCattleSense/dataset/images/mastitis/hyp8-e1515373705810-1024x765-1-400x284.jpg,hyp8-e1515373705810-1024x765-1-400x284.jpg,mastitis,1,"('mastitis', 'hyp8-e1515373705810-1024x765-1-400x284_jpg.rf.0kt4qRNWQHnX7p0ikM61.jpg')",val
/content/drive/MyDrive/NewCattleSense/dataset/images/mastitis/dry-skin-crack2-400x284.jpg,dry-skin-crack2-400x284.jpg,mastitis,1,"('mastitis', 'dry-skin-crack2-400x284_jpg.rf.mLl4A7O5QfN45osNh4oS.jpg')",val
/content/drive/MyDrive/NewCattleSense/dataset/images/mastitis/hyp10-e1515373757796-1024x902-1-400x284.jpg,hyp10-e1515373757796-1024x902-1-400x284.jpg,mastitis,1,"('mastitis', 'hyp10-e1515373757796-1024x902-1-400x284_jpg.rf.qRhKs9NZFQuL0iJwWCj1.jpg')",val
/content/drive/MyDrive/NewCattleSense/dataset/images/mastitis/Creased-blue-teats-low-rest-phase-high-vacuumKE-400x284.jpg,Creased-blue-teats-low-rest-phase-high-vacuumKE-400x284.jpg,mastitis,1,"('mastitis', 'Creased-blue-teats-low-rest-phase-high-vacuumKE-400x284_jpg.rf.EHlgJU0xqWKQ2uJy4mtn.jpg')",val
/content/drive/MyDrive/NewCattleSense/dataset/images/mastitis/Picture26-400x284.jpg,Picture26-400x284.jpg,mastitis,1,"('mastitis', 'Picture26-400x284_jpg.rf.UfDjXKTFh1Tl88K71tgJ.jpg')",val
/content/drive/MyDrive/NewCattleSense/dataset/images/mastitis/Large-Ring-1-2-e1515371563841-400x284.jpg,Large-Ring-1-2-e1515371563841-400x284.jpg,mastitis,1,"('mastitis', 'Large-Ring-1-2-e1515371563841-400x284_jpg.rf.d46N8QWWrk0AQ2S7oK66.jpg')",val
/content/drive/MyDrive/NewCattleSense/dataset/images/mastitis/Smooth-2-2-e1515372371349-400x284.jpg,Smooth-2-2-e1515372371349-400x284.jpg,mastitis,1,"('mastitis', 'Smooth-2-2-e1515372371349-400x284_jpg.rf.96NPqJMfNea7RInLvAWX.jpg')",val
/content/drive/MyDrive/NewCattleSense/dataset/images/mastitis/Picture42-400x284.jpg,Picture42-400x284.jpg,mastitis,1,"('mastitis', 'Picture42-400x284_jpg.rf.uQGfiFgkeg2jQ5vyzIYc.jpg')",val
/content/drive/MyDrive/NewCattleSense/dataset/images/mastitis/Very-Rough-2-1-e1515371869119-400x284.jpg,Very-Rough-2-1-e1515371869119-400x284.jpg,mastitis,1,"('mastitis', 'Very-Rough-2-1-e1515371869119-400x284_jpg.rf.3Ifbnx67gpEgx9gDJzjQ.jpg')",val
/content/drive/MyDrive/NewCattleSense/dataset/images/mastitis/dry-skin-1-400x284.jpg,dry-skin-1-400x284.jpg,mastitis,1,"('mastitis', 'dry-skin-1-400x284_jpg.rf.HHZmwqsLVxakE0W78ZCU.jpg')",val
/content/drive/MyDrive/NewCattleSense/dataset/images/mastitis/Chemical-burn-6-400x284.jpg,Chemical-burn-6-400x284.jpg,mastitis,1,"('mastitis', 'Chemical-burn-6-400x284_jpg.rf.18AvsNJlhn6xDkfsdber.jpg')",val
/content/drive/MyDrive/NewCattleSense/dataset/images/mastitis/Large-Rough-Ring-1-2-e1515372034493-400x284.jpg,Large-Rough-Ring-1-2-e1515372034493-400x284.jpg,mastitis,1,"('mastitis', 'Large-Rough-Ring-1-2-e1515372034493-400x284_jpg.rf.VmUysB2LZyJYae49hMVo.jpg')",val
/content/drive/MyDrive/NewCattleSense/dataset/images/mastitis/hyp20-e1515373975164-1024x749-1-400x284.jpg,hyp20-e1515373975164-1024x749-1-400x284.jpg,mastitis,1,"('mastitis', 'hyp20-e1515373975164-1024x749-1-400x284_jpg.rf.USEuQB4WM3EpZSKjy6oz.jpg')",val
/content/drive/MyDrive/NewCattleSense/dataset/images/mastitis/red13-e1515365056736-735x1024-1-400x284.jpg,red13-e1515365056736-735x1024-1-400x284.jpg,mastitis,1,"('mastitis', 'red13-e1515365056736-735x1024-1-400x284_jpg.rf.AATYDP5rOguc8h88Rclo.jpg')",val
/content/drive/MyDrive/NewCattleSense/dataset/images/mastitis/red8-e1515364929848-1024x997-1-400x284.jpg,red8-e1515364929848-1024x997-1-400x284.jpg,mastitis,1,"('mastitis', 'red8-e1515364929848-1024x997-1-400x284_jpg.rf.1eGDaPaDqcEocVR5rGhb.jpg')",val
/content/drive/MyDrive/NewCattleSense/dataset/images/mastitis/hyp3-e1515373586855-1024x864-1-400x284.jpg,hyp3-e1515373586855-1024x864-1-400x284.jpg,mastitis,1,"('mastitis', 'hyp3-e1515373586855-1024x864-1-400x284_jpg.rf.qozt7S6r8z5oEu4NEFgY.jpg')",val
/content/drive/MyDrive/NewCattleSense/dataset/images/mastitis/Picture29-1-400x284.jpg,Picture29-1-400x284.jpg,mastitis,1,"('mastitis', 'Picture29-1-400x284_jpg.rf.M9xKPR8mB1PlxUqhMFb3.jpg')",val
/content/drive/MyDrive/NewCattleSense/dataset/images/mastitis/20_jpg.rf.bH10p1qb1rX9DOyIC59d.jpg,20_jpg.rf.bH10p1qb1rX9DOyIC59d.jpg,mastitis,1,"('mastitis', '20_jpg.rf.bH10p1qb1rX9DOyIC59d.jpg')",val
/content/drive/MyDrive/NewCattleSense/dataset/images/mastitis/16_jpg.rf.VWm3BOX7C0LdwxHv0IUs.jpg,16_jpg.rf.VWm3BOX7C0LdwxHv0IUs.jpg,mastitis,1,"('mastitis', 'ew_jpg.rf.YifHORAoEr6RqhO6yjiP.jpg')",val
/content/drive/MyDrive/NewCattleSense/dataset/images/mastitis/Mastitis-36-_jpg.rf.LBSufD6wHPSc13a2KyjK.jpg,Mastitis-36-_jpg.rf.LBSufD6wHPSc13a2KyjK.jpg,mastitis,1,"('mastitis', 'Mastitis-36-_jpg.rf.Uki1KmjmFjgEH0XoqGgP.jpg')",val
/content/drive/MyDrive/NewCattleSense/dataset/images/mastitis/hyp10-e1515373757796-1024x902-1-400x284_jpg.rf.qRhKs9NZFQuL0iJwWCj1.jpg,hyp10-e1515373757796-1024x902-1-400x284_jpg.rf.qRhKs9NZFQuL0iJwWCj1.jpg,mastitis,1,"('mastitis', 'hyp10-e1515373757796-1024x902-1-400x284_jpg.rf.qRhKs9NZFQuL0iJwWCj1.jpg')",val
/content/drive/MyDrive/NewCattleSense/dataset/images/mastitis/Picture12-400x284_jpg.rf.odOFjhWZFBRXWHtVulVL.jpg,Picture12-400x284_jpg.rf.odOFjhWZFBRXWHtVulVL.jpg,mastitis,1,"('mastitis', 'Picture12-400x284_jpg.rf.odOFjhWZFBRXWHtVulVL.jpg')",val
/content/drive/MyDrive/NewCattleSense/dataset/images/mastitis/chaps-5_1_orifice-400x284_png.rf.RwStCSG9udx7GvAbiFUU.png,chaps-5_1_orifice-400x284_png.rf.RwStCSG9udx7GvAbiFUU.png,mastitis,1,"('mastitis', 'chaps-5_1_orifice-400x284_png.rf.RwStCSG9udx7GvAbiFUU.png')",val
/content/drive/MyDrive/NewCattleSense/dataset/images/mastitis/Picture9-400x284_jpg.rf.KrYzDFdLplFoQT5VT1ZN.jpg,Picture9-400x284_jpg.rf.KrYzDFdLplFoQT5VT1ZN.jpg,mastitis,1,"('mastitis', 'Picture9-400x284_jpg.rf.KrYzDFdLplFoQT5VT1ZN.jpg')",val
/content/drive/MyDrive/NewCattleSense/dataset/images/mastitis/Screenshot-2024-09-14-171200_png.rf.U4mjp2lh5a19cmTtESkR.jpg,Screenshot-2024-09-14-171200_png.rf.U4mjp2lh5a19cmTtESkR.jpg,mastitis,1,"('mastitis', 'qcqwr_jpg.rf.ErI1Cp9aluqgrXGTzmr8.jpg')",val
/content/drive/MyDrive/NewCattleSense/dataset/images/mastitis/red8-e1515364929848-1024x997-1-400x284_jpg.rf.1eGDaPaDqcEocVR5rGhb.jpg,red8-e1515364929848-1024x997-1-400x284_jpg.rf.1eGDaPaDqcEocVR5rGhb.jpg,mastitis,1,"('mastitis', 'red8-e1515364929848-1024x997-1-400x284_jpg.rf.1eGDaPaDqcEocVR5rGhb.jpg')",val
/content/drive/MyDrive/NewCattleSense/dataset/images/mastitis/Creased-blue-teats-low-rest-phase-high-vacuumKE-400x284_jpg.rf.EHlgJU0xqWKQ2uJy4mtn.jpg,Creased-blue-teats-low-rest-phase-high-vacuumKE-400x284_jpg.rf.EHlgJU0xqWKQ2uJy4mtn.jpg,mastitis,1,"('mastitis', 'Creased-blue-teats-low-rest-phase-high-vacuumKE-400x284_jpg.rf.EHlgJU0xqWKQ2uJy4mtn.jpg')",val
/content/drive/MyDrive/NewCattleSense/dataset/images/mastitis/Smooth-2-2-e1515372371349-400x284_jpg.rf.96NPqJMfNea7RInLvAWX.jpg,Smooth-2-2-e1515372371349-400x284_jpg.rf.96NPqJMfNea7RInLvAWX.jpg,mastitis,1,"('mastitis', 'Smooth-2-2-e1515372371349-400x284_jpg.rf.96NPqJMfNea7RInLvAWX.jpg')",val
/content/drive/MyDrive/NewCattleSense/dataset/images/mastitis/Large-Rough-Ring-1-2-e1515372034493-400x284_jpg.rf.VmUysB2LZyJYae49hMVo.jpg,Large-Rough-Ring-1-2-e1515372034493-400x284_jpg.rf.VmUysB2LZyJYae49hMVo.jpg,mastitis,1,"('mastitis', 'Large-Rough-Ring-1-2-e1515372034493-400x284_jpg.rf.VmUysB2LZyJYae49hMVo.jpg')",val
/content/drive/MyDrive/NewCattleSense/dataset/images/mastitis/Mastitis-36-_jpg.rf.qNEsy4ZOOtKWkkC78lNC.jpg,Mastitis-36-_jpg.rf.qNEsy4ZOOtKWkkC78lNC.jpg,mastitis,1,"('mastitis', 'Mastitis-36-_jpg.rf.qNEsy4ZOOtKWkkC78lNC.jpg')",val
/content/drive/MyDrive/NewCattleSense/dataset/images/mastitis/Large-Ring-2-2-e1515371633565-400x284_jpg.rf.s2PiaSbjaMeNUJpkN7me.jpg,Large-Ring-2-2-e1515371633565-400x284_jpg.rf.s2PiaSbjaMeNUJpkN7me.jpg,mastitis,1,"('mastitis', 'Large-Ring-2-2-e1515371633565-400x284_jpg.rf.s2PiaSbjaMeNUJpkN7me.jpg')",val
/content/drive/MyDrive/NewCattleSense/dataset/images/mastitis/Picture46-400x284_jpg.rf.oKPGIYt2gxlXMpBf740k.jpg,Picture46-400x284_jpg.rf.oKPGIYt2gxlXMpBf740k.jpg,mastitis,1,"('mastitis', 'Picture46-400x284_jpg.rf.oKPGIYt2gxlXMpBf740k.jpg')",val
/content/drive/MyDrive/NewCattleSense/dataset/images/mastitis/Picture29-1-400x284_jpg.rf.M9xKPR8mB1PlxUqhMFb3.jpg,Picture29-1-400x284_jpg.rf.M9xKPR8mB1PlxUqhMFb3.jpg,mastitis,1,"('mastitis', 'Picture29-1-400x284_jpg.rf.M9xKPR8mB1PlxUqhMFb3.jpg')",val
/content/drive/MyDrive/NewCattleSense/dataset/images/mastitis/Picture49-1-400x284_jpg.rf.VUKB3lBt0lxWWmceb5s2.jpg,Picture49-1-400x284_jpg.rf.VUKB3lBt0lxWWmceb5s2.jpg,mastitis,1,"('mastitis', 'Picture49-1-400x284_jpg.rf.VUKB3lBt0lxWWmceb5s2.jpg')",val
/content/drive/MyDrive/NewCattleSense/dataset/images/mastitis/ring11-400x284_jpg.rf.raSL7C2za0MTdkQDCOUr.jpg,ring11-400x284_jpg.rf.raSL7C2za0MTdkQDCOUr.jpg,mastitis,1,"('mastitis', 'ring11-400x284_jpg.rf.raSL7C2za0MTdkQDCOUr.jpg')",val
/content/drive/MyDrive/NewCattleSense/dataset/images/mastitis/16_jpg.rf.KxoEQ7LOpZeugLVW3E7u.jpg,16_jpg.rf.KxoEQ7LOpZeugLVW3E7u.jpg,mastitis,1,"('mastitis', 'ew_jpg.rf.YifHORAoEr6RqhO6yjiP.jpg')",val
/content/drive/MyDrive/NewCattleSense/dataset/images/mastitis/4e412dd5-13b4-40ee-b5b5-18fea377f490_Jpg_jpg.rf.8Bs25CcB8C8PDgPhmkIm.jpg,4e412dd5-13b4-40ee-b5b5-18fea377f490_Jpg_jpg.rf.8Bs25CcB8C8PDgPhmkIm.jpg,mastitis,1,"('mastitis', '4e412dd5-13b4-40ee-b5b5-18fea377f490_Jpg_jpg.rf.8Bs25CcB8C8PDgPhmkIm.jpg')",val
/content/drive/MyDrive/NewCattleSense/dataset/images/mastitis/Large-Ring-1-2-e1515371563841-400x284_jpg.rf.d46N8QWWrk0AQ2S7oK66.jpg,Large-Ring-1-2-e1515371563841-400x284_jpg.rf.d46N8QWWrk0AQ2S7oK66.jpg,mastitis,1,"('mastitis', 'Large-Ring-1-2-e1515371563841-400x284_jpg.rf.d46N8QWWrk0AQ2S7oK66.jpg')",val
/content/drive/MyDrive/NewCattleSense/dataset/images/mastitis/Picture42-400x284_jpg.rf.uQGfiFgkeg2jQ5vyzIYc.jpg,Picture42-400x284_jpg.rf.uQGfiFgkeg2jQ5vyzIYc.jpg,mastitis,1,"('mastitis', 'Picture42-400x284_jpg.rf.uQGfiFgkeg2jQ5vyzIYc.jpg')",val
/content/drive/MyDrive/NewCattleSense/dataset/images/mastitis/Mastitis-9-_jpg.rf.odjAtftMXqCSbaVVzMqj.jpg,Mastitis-9-_jpg.rf.odjAtftMXqCSbaVVzMqj.jpg,mastitis,1,"('mastitis', 'Mastitis-9-_jpg.rf.odjAtftMXqCSbaVVzMqj.jpg')",val
/content/drive/MyDrive/NewCattleSense/dataset/images/mastitis/red13-e1515365056736-735x1024-1-400x284_jpg.rf.AATYDP5rOguc8h88Rclo.jpg,red13-e1515365056736-735x1024-1-400x284_jpg.rf.AATYDP5rOguc8h88Rclo.jpg,mastitis,1,"('mastitis', 'red13-e1515365056736-735x1024-1-400x284_jpg.rf.AATYDP5rOguc8h88Rclo.jpg')",val
/content/drive/MyDrive/NewCattleSense/dataset/images/mastitis/Picture26-400x284_jpg.rf.UfDjXKTFh1Tl88K71tgJ.jpg,Picture26-400x284_jpg.rf.UfDjXKTFh1Tl88K71tgJ.jpg,mastitis,1,"('mastitis', 'Picture26-400x284_jpg.rf.UfDjXKTFh1Tl88K71tgJ.jpg')",val
/content/drive/MyDrive/NewCattleSense/dataset/images/mastitis/27_jpg.rf.9L7pSe7yxx14RvsbZ4Fw.jpg,27_jpg.rf.9L7pSe7yxx14RvsbZ4Fw.jpg,mastitis,1,"('mastitis', 'erverve_jpg.rf.nZeqayziNQ8lmwb2KRTv.jpg')",val
/content/drive/MyDrive/NewCattleSense/dataset/images/mastitis/Mastitis-66-_jpg.rf.AmpUhPm1bOxJsWAnKao9.jpg,Mastitis-66-_jpg.rf.AmpUhPm1bOxJsWAnKao9.jpg,mastitis,1,"('mastitis', 'Mastitis-66-_jpg.rf.AmpUhPm1bOxJsWAnKao9.jpg')",val
/content/drive/MyDrive/NewCattleSense/dataset/images/mastitis/pox2-e1515354088188-400x284_jpg.rf.KEqluRWztmZAel0QGYL5.jpg,pox2-e1515354088188-400x284_jpg.rf.KEqluRWztmZAel0QGYL5.jpg,mastitis,1,"('mastitis', 'pox2-e1515354088188-400x284_jpg.rf.KEqluRWztmZAel0QGYL5.jpg')",val
/content/drive/MyDrive/NewCattleSense/dataset/images/mastitis/Chemical-damage-e1515285856612-356x284_jpg.rf.u65ELS77WcZdnxOv65cG.jpg,Chemical-damage-e1515285856612-356x284_jpg.rf.u65ELS77WcZdnxOv65cG.jpg,mastitis,1,"('mastitis', 'Chemical-damage-e1515285856612-356x284_jpg.rf.u65ELS77WcZdnxOv65cG.jpg')",val
/content/drive/MyDrive/NewCattleSense/dataset/images/mastitis/IMG_20250118_143951_jpg.rf.jQvMe2QpxVAhNXWub8Jg.jpg,IMG_20250118_143951_jpg.rf.jQvMe2QpxVAhNXWub8Jg.jpg,mastitis,1,"('mastitis', 'IMG_20250118_143951_jpg.rf.jQvMe2QpxVAhNXWub8Jg.jpg')",val
/content/drive/MyDrive/NewCattleSense/dataset/images/mastitis/dry-skin7-400x284_jpg.rf.d41SP9JVB3Dh2CU6XfLD.jpg,dry-skin7-400x284_jpg.rf.d41SP9JVB3Dh2CU6XfLD.jpg,mastitis,1,"('mastitis', 'dry-skin7-400x284_jpg.rf.d41SP9JVB3Dh2CU6XfLD.jpg')",val
/content/drive/MyDrive/NewCattleSense/dataset/images/mastitis/hyp3-e1515373586855-1024x864-1-400x284_jpg.rf.qozt7S6r8z5oEu4NEFgY.jpg,hyp3-e1515373586855-1024x864-1-400x284_jpg.rf.qozt7S6r8z5oEu4NEFgY.jpg,mastitis,1,"('mastitis', 'hyp3-e1515373586855-1024x864-1-400x284_jpg.rf.qozt7S6r8z5oEu4NEFgY.jpg')",val
/content/drive/MyDrive/NewCattleSense/dataset/images/mastitis/hyp8-e1515373705810-1024x765-1-400x284_jpg.rf.0kt4qRNWQHnX7p0ikM61.jpg,hyp8-e1515373705810-1024x765-1-400x284_jpg.rf.0kt4qRNWQHnX7p0ikM61.jpg,mastitis,1,"('mastitis', 'hyp8-e1515373705810-1024x765-1-400x284_jpg.rf.0kt4qRNWQHnX7p0ikM61.jpg')",val
/content/drive/MyDrive/NewCattleSense/dataset/images/mastitis/Mastitis-54-_jpg.rf.Wup68JG47Jt0Mk4onIUC.jpg,Mastitis-54-_jpg.rf.Wup68JG47Jt0Mk4onIUC.jpg,mastitis,1,"('mastitis', 'Mastitis-54-_jpg.rf.Wup68JG47Jt0Mk4onIUC.jpg')",val
/content/drive/MyDrive/NewCattleSense/dataset/images/mastitis/Mastitis-16-_jpg.rf.hHiYziHon7EhxitKRLNV.jpg,Mastitis-16-_jpg.rf.hHiYziHon7EhxitKRLNV.jpg,mastitis,1,"('mastitis', 'Mastitis-16-_jpg.rf.hHiYziHon7EhxitKRLNV.jpg')",val
/content/drive/MyDrive/NewCattleSense/dataset/images/mastitis/Mastitis-1-_jpg.rf.wkd3MnSVya3qVLgayMQc.jpg,Mastitis-1-_jpg.rf.wkd3MnSVya3qVLgayMQc.jpg,mastitis,1,"('mastitis', 'Mastitis-1-_jpg.rf.wkd3MnSVya3qVLgayMQc.jpg')",val
/content/drive/MyDrive/NewCattleSense/dataset/images/mastitis/hyp20-e1515373975164-1024x749-1-400x284_jpg.rf.USEuQB4WM3EpZSKjy6oz.jpg,hyp20-e1515373975164-1024x749-1-400x284_jpg.rf.USEuQB4WM3EpZSKjy6oz.jpg,mastitis,1,"('mastitis', 'hyp20-e1515373975164-1024x749-1-400x284_jpg.rf.USEuQB4WM3EpZSKjy6oz.jpg')",val
/content/drive/MyDrive/NewCattleSense/dataset/images/mastitis/Very-Rough-2-1-e1515371869119-400x284_jpg.rf.3Ifbnx67gpEgx9gDJzjQ.jpg,Very-Rough-2-1-e1515371869119-400x284_jpg.rf.3Ifbnx67gpEgx9gDJzjQ.jpg,mastitis,1,"('mastitis', 'Very-Rough-2-1-e1515371869119-400x284_jpg.rf.3Ifbnx67gpEgx9gDJzjQ.jpg')",val
/content/drive/MyDrive/NewCattleSense/dataset/images/mastitis/dry-skin-1-400x284_jpg.rf.HHZmwqsLVxakE0W78ZCU.jpg,dry-skin-1-400x284_jpg.rf.HHZmwqsLVxakE0W78ZCU.jpg,mastitis,1,"('mastitis', 'dry-skin-1-400x284_jpg.rf.HHZmwqsLVxakE0W78ZCU.jpg')",val
/content/drive/MyDrive/NewCattleSense/dataset/images/mastitis/Mastitis-26-_jpg.rf.oYUPRsXkJjlla51vF1dB.jpg,Mastitis-26-_jpg.rf.oYUPRsXkJjlla51vF1dB.jpg,mastitis,1,"('mastitis', 'Mastitis-26-_jpg.rf.oYUPRsXkJjlla51vF1dB.jpg')",val
/content/drive/MyDrive/NewCattleSense/dataset/images/mastitis/Chemical-burn-6-400x284_jpg.rf.18AvsNJlhn6xDkfsdber.jpg,Chemical-burn-6-400x284_jpg.rf.18AvsNJlhn6xDkfsdber.jpg,mastitis,1,"('mastitis', 'Chemical-burn-6-400x284_jpg.rf.18AvsNJlhn6xDkfsdber.jpg')",val
/content/drive/MyDrive/NewCattleSense/dataset/images/mastitis/Mastitis-27-_jpg.rf.210Rh1MKW4IknROE6cqu.jpg,Mastitis-27-_jpg.rf.210Rh1MKW4IknROE6cqu.jpg,mastitis,1,"('mastitis', 'Mastitis-27-_jpg.rf.210Rh1MKW4IknROE6cqu.jpg')",val
/content/drive/MyDrive/NewCattleSense/dataset/images/mastitis/dry-skin-crack2-400x284_jpg.rf.mLl4A7O5QfN45osNh4oS.jpg,dry-skin-crack2-400x284_jpg.rf.mLl4A7O5QfN45osNh4oS.jpg,mastitis,1,"('mastitis', 'dry-skin-crack2-400x284_jpg.rf.mLl4A7O5QfN45osNh4oS.jpg')",val
/content/drive/MyDrive/NewCattleSense/dataset/images/mastitis/wgt_jpeg.rf.8lU5FEzI55x2j2b0JwY1.jpeg,wgt_jpeg.rf.8lU5FEzI55x2j2b0JwY1.jpeg,mastitis,1,"('mastitis', 'wgt_jpeg.rf.8lU5FEzI55x2j2b0JwY1.jpeg')",val
/content/drive/MyDrive/NewCattleSense/dataset/images/mastitis/images_jpeg.rf.ibYPdtoz9OQD5XlAsz0L.jpeg,images_jpeg.rf.ibYPdtoz9OQD5XlAsz0L.jpeg,mastitis,1,"('mastitis', 'images_jpeg.rf.ibYPdtoz9OQD5XlAsz0L.jpeg')",val
/content/drive/MyDrive/NewCattleSense/dataset/images/mastitis/ew_jpg.rf.YifHORAoEr6RqhO6yjiP.jpg,ew_jpg.rf.YifHORAoEr6RqhO6yjiP.jpg,mastitis,1,"('mastitis', 'ew_jpg.rf.YifHORAoEr6RqhO6yjiP.jpg')",val
/content/drive/MyDrive/NewCattleSense/dataset/images/mastitis/qwef wfw_jpg.rf.wIjeTI1rhG8ovcxxbXHT.jpg,qwef wfw_jpg.rf.wIjeTI1rhG8ovcxxbXHT.jpg,mastitis,1,"('mastitis', 'qwef wfw_jpg.rf.wIjeTI1rhG8ovcxxbXHT.jpg')",val
/content/drive/MyDrive/NewCattleSense/dataset/images/mastitis/vrr_jpg.rf.cLrP6lzg74VXfTwa5TpF.jpg,vrr_jpg.rf.cLrP6lzg74VXfTwa5TpF.jpg,mastitis,1,"('mastitis', 'vrr_jpg.rf.cLrP6lzg74VXfTwa5TpF.jpg')",val
"/content/drive/MyDrive/NewCattleSense/dataset/images/mastitis/cgvhbjhnmkl,-;_jpeg.rf.rG7VqbvSIgCXZHEMOH0F.jpeg","cgvhbjhnmkl,-;_jpeg.rf.rG7VqbvSIgCXZHEMOH0F.jpeg",mastitis,1,"('mastitis', 'cgvhbjhnmkl,-;_jpeg.rf.rG7VqbvSIgCXZHEMOH0F.jpeg')",val
/content/drive/MyDrive/NewCattleSense/dataset/images/mastitis/qcqwr_jpg.rf.ErI1Cp9aluqgrXGTzmr8.jpg,qcqwr_jpg.rf.ErI1Cp9aluqgrXGTzmr8.jpg,mastitis,1,"('mastitis', 'qcqwr_jpg.rf.ErI1Cp9aluqgrXGTzmr8.jpg')",val
/content/drive/MyDrive/NewCattleSense/dataset/images/mastitis/erverve_jpg.rf.nZeqayziNQ8lmwb2KRTv.jpg,erverve_jpg.rf.nZeqayziNQ8lmwb2KRTv.jpg,mastitis,1,"('mastitis', 'erverve_jpg.rf.nZeqayziNQ8lmwb2KRTv.jpg')",val
/content/drive/MyDrive/NewCattleSense/dataset/images/mastitis/Picture29-1-400x284_jpg.rf.8dfxeTQPPjcyzN0U86yW.jpg,Picture29-1-400x284_jpg.rf.8dfxeTQPPjcyzN0U86yW.jpg,mastitis,1,"('mastitis', 'Picture29-1-400x284_jpg.rf.M9xKPR8mB1PlxUqhMFb3.jpg')",val
/content/drive/MyDrive/NewCattleSense/dataset/images/mastitis/ererg_jpeg.rf.YUea6YZBxxdpKxpDHmfv.jpeg,ererg_jpeg.rf.YUea6YZBxxdpKxpDHmfv.jpeg,mastitis,1,"('mastitis', 'ererg_jpeg.rf.YUea6YZBxxdpKxpDHmfv.jpeg')",val
/content/drive/MyDrive/NewCattleSense/dataset/images/mastitis/istockphoto-1668608018-612x612_jpg.rf.RDrnnVKRkpTIveHD3IMP.jpg,istockphoto-1668608018-612x612_jpg.rf.RDrnnVKRkpTIveHD3IMP.jpg,mastitis,1,"('mastitis', 'istockphoto-1668608018-612x612_jpg.rf.RDrnnVKRkpTIveHD3IMP.jpg')",val
/content/drive/MyDrive/NewCattleSense/dataset/images/mastitis/wcwdcw_jpeg.rf.2r62ihnZEkj54gqhkyxM.jpeg,wcwdcw_jpeg.rf.2r62ihnZEkj54gqhkyxM.jpeg,mastitis,1,"('mastitis', 'wcwdcw_jpeg.rf.2r62ihnZEkj54gqhkyxM.jpeg')",val
/content/drive/MyDrive/NewCattleSense/dataset/images/mastitis/images (7)_jpg.rf.WEgqwIRajH4mAW1muWYE.jpg,images (7)_jpg.rf.WEgqwIRajH4mAW1muWYE.jpg,mastitis,1,"('mastitis', 'images (7)_jpg.rf.WEgqwIRajH4mAW1muWYE.jpg')",val
/content/drive/MyDrive/NewCattleSense/dataset/images/mastitis/Mastitis-36-_jpg.rf.Uki1KmjmFjgEH0XoqGgP.jpg,Mastitis-36-_jpg.rf.Uki1KmjmFjgEH0XoqGgP.jpg,mastitis,1,"('mastitis', 'Mastitis-36-_jpg.rf.Uki1KmjmFjgEH0XoqGgP.jpg')",val
/content/drive/MyDrive/NewCattleSense/dataset/images/mastitis/dxcfvgbhj_jpeg.rf.9wGICEYxf9L2vAQSU6no.jpeg,dxcfvgbhj_jpeg.rf.9wGICEYxf9L2vAQSU6no.jpeg,mastitis,1,"('mastitis', 'wcwdcw_jpeg.rf.2r62ihnZEkj54gqhkyxM.jpeg')",val
/content/drive/MyDrive/NewCattleSense/dataset/images/mastitis/hvgjkl_jpeg.rf.kZeeK8kd2Y27Aj2NOlEo.jpeg,hvgjkl_jpeg.rf.kZeeK8kd2Y27Aj2NOlEo.jpeg,mastitis,1,"('mastitis', 'wgt_jpeg.rf.8lU5FEzI55x2j2b0JwY1.jpeg')",val
/content/drive/MyDrive/NewCattleSense/dataset/images/mastitis/rxdtcfvgbhnj_jpg.rf.IAAJYzMOfW7RyBIXK81M.jpg,rxdtcfvgbhnj_jpg.rf.IAAJYzMOfW7RyBIXK81M.jpg,mastitis,1,"('mastitis', 'wcwdcw_jpeg.rf.2r62ihnZEkj54gqhkyxM.jpeg')",val
/content/drive/MyDrive/NewCattleSense/dataset/images/mastitis/Cow_Gangrenous_mastitis_jpg.rf.HUezVltW6ygEDblNxHRT.jpg,Cow_Gangrenous_mastitis_jpg.rf.HUezVltW6ygEDblNxHRT.jpg,mastitis,1,"('mastitis', 'Cow_Gangrenous_mastitis_jpg.rf.HUezVltW6ygEDblNxHRT.jpg')",val
/content/drive/MyDrive/NewCattleSense/dataset/images/mastitis/dsfdve_jpeg.rf.ExlK78LTleaLyks1MHyT.jpeg,dsfdve_jpeg.rf.ExlK78LTleaLyks1MHyT.jpeg,mastitis,1,"('mastitis', 'dsfdve_jpeg.rf.ExlK78LTleaLyks1MHyT.jpeg')",val
/content/drive/MyDrive/NewCattleSense/dataset/images/mastitis/wf_jpeg.rf.Bwvu4KGUEMYkhktozcDa.jpeg,wf_jpeg.rf.Bwvu4KGUEMYkhktozcDa.jpeg,mastitis,1,"('mastitis', 'wgt_jpeg.rf.8lU5FEzI55x2j2b0JwY1.jpeg')",val
/content/drive/MyDrive/NewCattleSense/dataset/images/mastitis/Mastitis-3-_jpg.rf.ZGbZ8Blh8QPT9gHeMmJK.jpg,Mastitis-3-_jpg.rf.ZGbZ8Blh8QPT9gHeMmJK.jpg,mastitis,1,"('mastitis', 'Mastitis-3-_jpg.rf.ZGbZ8Blh8QPT9gHeMmJK.jpg')",val
/content/drive/MyDrive/NewCattleSense/dataset/images/mastitis/28_jpg.rf.qkZzD1tuOTeySeTtqOUc.jpg,28_jpg.rf.qkZzD1tuOTeySeTtqOUc.jpg,mastitis,1,"('mastitis', '28_jpg.rf.qkZzD1tuOTeySeTtqOUc.jpg')",val
/content/drive/MyDrive/NewCattleSense/dataset/images/mastitis/2_jpg.rf.Mopq6DnmsvCgKgEwS2G5.jpg,2_jpg.rf.Mopq6DnmsvCgKgEwS2G5.jpg,mastitis,1,"('mastitis', '2_jpg.rf.Mopq6DnmsvCgKgEwS2G5.jpg')",val
/content/drive/MyDrive/NewCattleSense/dataset/images/mastitis/Mastitis-63-_jpg.rf.WWTKHb1oYPqvFKWBWSGf.jpg,Mastitis-63-_jpg.rf.WWTKHb1oYPqvFKWBWSGf.jpg,mastitis,1,"('mastitis', 'Mastitis-63-_jpg.rf.WWTKHb1oYPqvFKWBWSGf.jpg')",val
/content/drive/MyDrive/NewCattleSense/dataset/images/mastitis/Mastitis-7-_jpg.rf.vAL209qKFJ210DxHjXMZ.jpg,Mastitis-7-_jpg.rf.vAL209qKFJ210DxHjXMZ.jpg,mastitis,1,"('mastitis', 'Mastitis-7-_jpg.rf.vAL209qKFJ210DxHjXMZ.jpg')",val
/content/drive/MyDrive/NewCattleSense/dataset/images/mastitis/Mastitis-17-_jpg.rf.01NFva7o5LIwO0L6swut.jpg,Mastitis-17-_jpg.rf.01NFva7o5LIwO0L6swut.jpg,mastitis,1,"('mastitis', 'Mastitis-17-_jpg.rf.01NFva7o5LIwO0L6swut.jpg')",val
/content/drive/MyDrive/NewCattleSense/dataset/images/mastitis/Mastitis-68-_jpg.rf.ReQIC990P0mFC6BpZJhc.jpg,Mastitis-68-_jpg.rf.ReQIC990P0mFC6BpZJhc.jpg,mastitis,1,"('mastitis', 'Mastitis-68-_jpg.rf.ReQIC990P0mFC6BpZJhc.jpg')",val
/content/drive/MyDrive/NewCattleSense/dataset/images/mastitis/Mastitis-29-_jpg.rf.KVPc6CSGCHvuOPyzz0Df.jpg,Mastitis-29-_jpg.rf.KVPc6CSGCHvuOPyzz0Df.jpg,mastitis,1,"('mastitis', 'Mastitis-29-_jpg.rf.KVPc6CSGCHvuOPyzz0Df.jpg')",val
/content/drive/MyDrive/NewCattleSense/dataset/images/mastitis/Mastitis-9-_jpg.rf.dbGrJPCDqf01yyn9GwBq.jpg,Mastitis-9-_jpg.rf.dbGrJPCDqf01yyn9GwBq.jpg,mastitis,1,"('mastitis', 'Mastitis-9-_jpg.rf.dbGrJPCDqf01yyn9GwBq.jpg')",val
/content/drive/MyDrive/NewCattleSense/dataset/images/mastitis/29_jpg.rf.eW6ipUvrCZPtwTQlOjr3.jpg,29_jpg.rf.eW6ipUvrCZPtwTQlOjr3.jpg,mastitis,1,"('mastitis', '29_jpg.rf.eW6ipUvrCZPtwTQlOjr3.jpg')",val
/content/drive/MyDrive/NewCattleSense/dataset/images/mastitis/Mastitis-12-_jpg.rf.DBpcuNw86UhFoIsEmLXF.jpg,Mastitis-12-_jpg.rf.DBpcuNw86UhFoIsEmLXF.jpg,mastitis,1,"('mastitis', 'Mastitis-12-_jpg.rf.DBpcuNw86UhFoIsEmLXF.jpg')",val
/content/drive/MyDrive/NewCattleSense/dataset/images/mastitis/img-49-Copy-2-Copy-Copy_jpg.rf.06qKebPIlnkIUkudzllb.jpg,img-49-Copy-2-Copy-Copy_jpg.rf.06qKebPIlnkIUkudzllb.jpg,mastitis,1,"('mastitis', 'img-49-Copy-2-Copy-Copy_jpg.rf.06qKebPIlnkIUkudzllb.jpg')",val
/content/drive/MyDrive/NewCattleSense/dataset/images/mastitis/Mastitis-44-_jpg.rf.Q0qO8v6JvT76gUtp2Yyy.jpg,Mastitis-44-_jpg.rf.Q0qO8v6JvT76gUtp2Yyy.jpg,mastitis,1,"('mastitis', 'Mastitis-44-_jpg.rf.Q0qO8v6JvT76gUtp2Yyy.jpg')",val
/content/drive/MyDrive/NewCattleSense/dataset/images/mastitis/Mastitis-51-_jpg.rf.J9Wh47dY6KBKgpqrMb4P.jpg,Mastitis-51-_jpg.rf.J9Wh47dY6KBKgpqrMb4P.jpg,mastitis,1,"('mastitis', 'Mastitis-51-_jpg.rf.J9Wh47dY6KBKgpqrMb4P.jpg')",val
/content/drive/MyDrive/NewCattleSense/dataset/images/mastitis/27_jpg.rf.PfPznatXTIk0gDNjJZ3G.jpg,27_jpg.rf.PfPznatXTIk0gDNjJZ3G.jpg,mastitis,1,"('mastitis', '27_jpg.rf.PfPznatXTIk0gDNjJZ3G.jpg')",val
/content/drive/MyDrive/NewCattleSense/dataset/images/mastitis/Mastitis-12-_jpg.rf.WTVG2NZuu2zs0U9Msfmb.jpg,Mastitis-12-_jpg.rf.WTVG2NZuu2zs0U9Msfmb.jpg,mastitis,1,"('mastitis', 'Mastitis-12-_jpg.rf.WTVG2NZuu2zs0U9Msfmb.jpg')",val
/content/drive/MyDrive/NewCattleSense/dataset/images/mastitis/Mastitis-67-_jpg.rf.ReudLqiHn8pcsogGGA5b.jpg,Mastitis-67-_jpg.rf.ReudLqiHn8pcsogGGA5b.jpg,mastitis,1,"('mastitis', 'Mastitis-67-_jpg.rf.ReudLqiHn8pcsogGGA5b.jpg')",val
/content/drive/MyDrive/NewCattleSense/dataset/images/mastitis/Mastitis-9-_jpg.rf.j1SbIGfPebADJIyRFLxI.jpg,Mastitis-9-_jpg.rf.j1SbIGfPebADJIyRFLxI.jpg,mastitis,1,"('mastitis', 'Mastitis-9-_jpg.rf.j1SbIGfPebADJIyRFLxI.jpg')",val
/content/drive/MyDrive/NewCattleSense/dataset/images/mastitis/31_jpg.rf.GKPhR72zrKEGfJvrtDTr.jpg,31_jpg.rf.GKPhR72zrKEGfJvrtDTr.jpg,mastitis,1,"('mastitis', '31_jpg.rf.GKPhR72zrKEGfJvrtDTr.jpg')",val
/content/drive/MyDrive/NewCattleSense/dataset/images/mastitis/wegw_jpeg.rf.uGERs9g7Sg5Zq5e32g61.jpeg,wegw_jpeg.rf.uGERs9g7Sg5Zq5e32g61.jpeg,mastitis,1,"('mastitis', 'wegw_jpeg.rf.uGERs9g7Sg5Zq5e32g61.jpeg')",val
/content/drive/MyDrive/NewCattleSense/dataset/images/mastitis/aac_jpg.rf.HcCIAr12vjMqg0jhzPH2.jpg,aac_jpg.rf.HcCIAr12vjMqg0jhzPH2.jpg,mastitis,1,"('mastitis', 'aac_jpg.rf.HcCIAr12vjMqg0jhzPH2.jpg')",val
/content/drive/MyDrive/NewCattleSense/dataset/images/mastitis/ghj_jpeg.rf.Teg4lcn5picFqMDgxsFr.jpeg,ghj_jpeg.rf.Teg4lcn5picFqMDgxsFr.jpeg,mastitis,1,"('mastitis', 'ghj_jpeg.rf.Teg4lcn5picFqMDgxsFr.jpeg')",val
/content/drive/MyDrive/NewCattleSense/dataset/images/mastitis/f_jpg.rf.NNW9qYSf2egze1NS1QI8.jpg,f_jpg.rf.NNW9qYSf2egze1NS1QI8.jpg,mastitis,1,"('mastitis', 'f_jpg.rf.NNW9qYSf2egze1NS1QI8.jpg')",val
/content/drive/MyDrive/NewCattleSense/dataset/images/mastitis/444_jpg.rf.bSyzNl1aZuf53I8RmAQM.jpg,444_jpg.rf.bSyzNl1aZuf53I8RmAQM.jpg,mastitis,1,"('mastitis', '444_jpg.rf.bSyzNl1aZuf53I8RmAQM.jpg')",val
/content/drive/MyDrive/NewCattleSense/dataset/images/mastitis/istockphoto-1347620190-612x612_jpg.rf.187oJrXOvrnX9B0FsnB7.jpg,istockphoto-1347620190-612x612_jpg.rf.187oJrXOvrnX9B0FsnB7.jpg,mastitis,1,"('mastitis', 'istockphoto-1347620190-612x612_jpg.rf.187oJrXOvrnX9B0FsnB7.jpg')",val
/content/drive/MyDrive/NewCattleSense/dataset/images/mastitis/sdf_jpeg.rf.ao2dUZMSeHZMrrDFIThI.jpeg,sdf_jpeg.rf.ao2dUZMSeHZMrrDFIThI.jpeg,mastitis,1,"('mastitis', 'sdf_jpeg.rf.ao2dUZMSeHZMrrDFIThI.jpeg')",val
/content/drive/MyDrive/NewCattleSense/dataset/images/mastitis/1_jpg.rf.iODpeHrxYCKPBYvAbTNa.jpg,1_jpg.rf.iODpeHrxYCKPBYvAbTNa.jpg,mastitis,1,"('mastitis', '1_jpg.rf.iODpeHrxYCKPBYvAbTNa.jpg')",val
/content/drive/MyDrive/NewCattleSense/dataset/images/mastitis/vrw_jpg.rf.uKQ1jEfLzCstVnZyePlr.jpg,vrw_jpg.rf.uKQ1jEfLzCstVnZyePlr.jpg,mastitis,1,"('mastitis', 'vrw_jpg.rf.uKQ1jEfLzCstVnZyePlr.jpg')",val
/content/drive/MyDrive/NewCattleSense/dataset/images/mastitis/2ef_jpg.rf.8MAIJax1NtovbSeyQQBn.jpg,2ef_jpg.rf.8MAIJax1NtovbSeyQQBn.jpg,mastitis,1,"('mastitis', 'vrw_jpg.rf.uKQ1jEfLzCstVnZyePlr.jpg')",val
/content/drive/MyDrive/NewCattleSense/dataset/images/normal/Screenshot-2024-09-14-170728_png.rf.mvWBRrcfhvfph25zDiBw.jpg,Screenshot-2024-09-14-170728_png.rf.mvWBRrcfhvfph25zDiBw.jpg,normal,0,"('normal', 'Screenshot-2024-09-14-170728_png.rf.mvWBRrcfhvfph25zDiBw.jpg')",val
/content/drive/MyDrive/NewCattleSense/dataset/images/normal/IMG_20250118_143826_jpg.rf.KPtZuTnOozeZsxwCcgPM.jpg,IMG_20250118_143826_jpg.rf.KPtZuTnOozeZsxwCcgPM.jpg,normal,0,"('normal', 'IMG_20250118_143826_jpg.rf.KPtZuTnOozeZsxwCcgPM.jpg')",val
/content/drive/MyDrive/NewCattleSense/dataset/images/normal/Screenshot-2024-09-14-180013_png.rf.bDrTgKttppKzzDt12Oxe.jpg,Screenshot-2024-09-14-180013_png.rf.bDrTgKttppKzzDt12Oxe.jpg,normal,0,"('normal', 'Screenshot-2024-09-14-180013_png.rf.bDrTgKttppKzzDt12Oxe.jpg')",val
/content/drive/MyDrive/NewCattleSense/dataset/images/normal/IMG_20250118_143848_jpg.rf.apiP8RARpH0r9xHfevFL.jpg,IMG_20250118_143848_jpg.rf.apiP8RARpH0r9xHfevFL.jpg,normal,0,"('normal', 'IMG_20250118_143848_jpg.rf.apiP8RARpH0r9xHfevFL.jpg')",val
/content/drive/MyDrive/NewCattleSense/dataset/images/normal/IMG_20250118_144303_jpg.rf.nA8SVbxJ9AECa9ps8obS.jpg,IMG_20250118_144303_jpg.rf.nA8SVbxJ9AECa9ps8obS.jpg,normal,0,"('normal', 'IMG_20250118_144303_jpg.rf.nA8SVbxJ9AECa9ps8obS.jpg')",val
/content/drive/MyDrive/NewCattleSense/dataset/images/normal/istockphoto-1339214292-612x612_jpg.rf.BjIvbqHrxJ4OMcv1KTPQ.jpg,istockphoto-1339214292-612x612_jpg.rf.BjIvbqHrxJ4OMcv1KTPQ.jpg,normal,0,"('normal', 'istockphoto-1339214292-612x612_jpg.rf.BjIvbqHrxJ4OMcv1KTPQ.jpg')",val
/content/drive/MyDrive/NewCattleSense/dataset/images/normal/istockphoto-502256874-612x612_jpg.rf.MYnUzhz3GRZEDlLAoPLq.jpg,istockphoto-502256874-612x612_jpg.rf.MYnUzhz3GRZEDlLAoPLq.jpg,normal,0,"('normal', 'istockphoto-502256874-612x612_jpg.rf.MYnUzhz3GRZEDlLAoPLq.jpg')",val
/content/drive/MyDrive/NewCattleSense/dataset/images/normal/istockphoto-623955604-612x612_jpg.rf.tH74X5enltxNRcfoeVqS.jpg,istockphoto-623955604-612x612_jpg.rf.tH74X5enltxNRcfoeVqS.jpg,normal,0,"('normal', 'istockphoto-623955604-612x612_jpg.rf.tH74X5enltxNRcfoeVqS.jpg')",val
/content/drive/MyDrive/NewCattleSense/dataset/images/normal/istockphoto-1356183001-612x612_jpg.rf.YF2jWDzQQvafoGzJ5cXp.jpg,istockphoto-1356183001-612x612_jpg.rf.YF2jWDzQQvafoGzJ5cXp.jpg,normal,0,"('normal', 'istockphoto-1356183001-612x612_jpg.rf.YF2jWDzQQvafoGzJ5cXp.jpg')",val
/content/drive/MyDrive/NewCattleSense/dataset/images/normal/Screenshot From 2026-07-16 13-49-51_png.rf.E299GvKBbPNbIjVpKODp.png,Screenshot From 2026-07-16 13-49-51_png.rf.E299GvKBbPNbIjVpKODp.png,normal,0,"('normal', 'Screenshot From 2026-07-16 13-49-51_png.rf.E299GvKBbPNbIjVpKODp.png')",val
/content/drive/MyDrive/NewCattleSense/dataset/images/normal/istockphoto-488276844-612x612_jpg.rf.8DhGWFpH32VEpkQFWUYA.jpg,istockphoto-488276844-612x612_jpg.rf.8DhGWFpH32VEpkQFWUYA.jpg,normal,0,"('normal', 'istockphoto-488276844-612x612_jpg.rf.8DhGWFpH32VEpkQFWUYA.jpg')",val
/content/drive/MyDrive/NewCattleSense/dataset/images/normal/20_jpg.rf.P6JI9aJlUzNhXfOR0uh2.jpg,20_jpg.rf.P6JI9aJlUzNhXfOR0uh2.jpg,normal,0,"('normal', '20_jpg.rf.P6JI9aJlUzNhXfOR0uh2.jpg')",val
/content/drive/MyDrive/NewCattleSense/dataset/images/normal/istockphoto-914935676-612x612_jpg.rf.xt72SxcaR3mPHwPn4mxX.jpg,istockphoto-914935676-612x612_jpg.rf.xt72SxcaR3mPHwPn4mxX.jpg,normal,0,"('normal', 'istockphoto-914935676-612x612_jpg.rf.xt72SxcaR3mPHwPn4mxX.jpg')",val
/content/drive/MyDrive/NewCattleSense/dataset/images/normal/AdobeStock_543199813_Preview_jpeg.rf.H6nSK8XP7Yw2Mw8fNEq9.jpeg,AdobeStock_543199813_Preview_jpeg.rf.H6nSK8XP7Yw2Mw8fNEq9.jpeg,normal,0,"('normal', 'AdobeStock_543199813_Preview_jpeg.rf.H6nSK8XP7Yw2Mw8fNEq9.jpeg')",val
/content/drive/MyDrive/NewCattleSense/dataset/images/normal/AdobeStock_411229317_Preview_jpeg.rf.B9YQTdCn3OZFWEOC3dvs.jpeg,AdobeStock_411229317_Preview_jpeg.rf.B9YQTdCn3OZFWEOC3dvs.jpeg,normal,0,"('normal', 'AdobeStock_411229317_Preview_jpeg.rf.B9YQTdCn3OZFWEOC3dvs.jpeg')",val
/content/drive/MyDrive/NewCattleSense/dataset/images/normal/AdobeStock_442732426_Preview_jpeg.rf.zlUKBF1PjPglKB12f4oD.jpeg,AdobeStock_442732426_Preview_jpeg.rf.zlUKBF1PjPglKB12f4oD.jpeg,normal,0,"('normal', 'istockphoto-1338924650-612x612_jpg.rf.gPQ1sLnGFHWcF80PWVeI.jpg')",val
/content/drive/MyDrive/NewCattleSense/dataset/images/normal/udder 3_jpg.rf.2Sl3NxuVFcAtF5SZZTOe.jpg,udder 3_jpg.rf.2Sl3NxuVFcAtF5SZZTOe.jpg,normal,0,"('normal', 'udder 3_jpg.rf.2Sl3NxuVFcAtF5SZZTOe.jpg')",val
/content/drive/MyDrive/NewCattleSense/dataset/images/normal/AdobeStock_93804337_Video_HD_Preview_mov-0022_jpg.rf.pv7YoSBFxzIYIwYSNxNz.jpg,AdobeStock_93804337_Video_HD_Preview_mov-0022_jpg.rf.pv7YoSBFxzIYIwYSNxNz.jpg,normal,0,"('normal', 'AdobeStock_93804337_Video_HD_Preview_mov-0022_jpg.rf.pv7YoSBFxzIYIwYSNxNz.jpg')",val
/content/drive/MyDrive/NewCattleSense/dataset/images/normal/Screenshot-2024-09-14-170222_png.rf.QSRABI9y3QmmOyMwVhTy.jpg,Screenshot-2024-09-14-170222_png.rf.QSRABI9y3QmmOyMwVhTy.jpg,normal,0,"('normal', 'Screenshot-2024-09-14-170222_png.rf.QSRABI9y3QmmOyMwVhTy.jpg')",val
/content/drive/MyDrive/NewCattleSense/dataset/images/normal/AdobeStock_53027441_Preview_jpeg.rf.FSE5S0zeLnbumFQW4Vcq.jpeg,AdobeStock_53027441_Preview_jpeg.rf.FSE5S0zeLnbumFQW4Vcq.jpeg,normal,0,"('normal', 'AdobeStock_53027441_Preview_jpeg.rf.FSE5S0zeLnbumFQW4Vcq.jpeg')",val
/content/drive/MyDrive/NewCattleSense/dataset/images/normal/AdobeStock_346113562_Preview_jpeg.rf.iaUAm9hEC5b1Ovya4IGK.jpeg,AdobeStock_346113562_Preview_jpeg.rf.iaUAm9hEC5b1Ovya4IGK.jpeg,normal,0,"('normal', 'AdobeStock_346113562_Preview_jpeg.rf.iaUAm9hEC5b1Ovya4IGK.jpeg')",val
/content/drive/MyDrive/NewCattleSense/dataset/images/normal/AdobeStock_93804337_Video_HD_Preview_mov-0004_jpg.rf.lWZOnbDGvQJKR4B4f6j3.jpg,AdobeStock_93804337_Video_HD_Preview_mov-0004_jpg.rf.lWZOnbDGvQJKR4B4f6j3.jpg,normal,0,"('normal', 'AdobeStock_93804337_Video_HD_Preview_mov-0004_jpg.rf.lWZOnbDGvQJKR4B4f6j3.jpg')",val
/content/drive/MyDrive/NewCattleSense/dataset/images/normal/AdobeStock_362406172_Preview_jpeg.rf.w94rfsio1IeC8opOB9c2.jpeg,AdobeStock_362406172_Preview_jpeg.rf.w94rfsio1IeC8opOB9c2.jpeg,normal,0,"('normal', 'AdobeStock_362406172_Preview_jpeg.rf.w94rfsio1IeC8opOB9c2.jpeg')",val
/content/drive/MyDrive/NewCattleSense/dataset/images/normal/udder11_jpg.rf.WvO03rxBnMSlZkmfeNwk.jpg,udder11_jpg.rf.WvO03rxBnMSlZkmfeNwk.jpg,normal,0,"('normal', 'udder11_jpg.rf.WvO03rxBnMSlZkmfeNwk.jpg')",val
/content/drive/MyDrive/NewCattleSense/dataset/images/normal/AdobeStock_251420633_Preview_jpeg.rf.N3OQwTR8HJA5Cirs8jT8.jpeg,AdobeStock_251420633_Preview_jpeg.rf.N3OQwTR8HJA5Cirs8jT8.jpeg,normal,0,"('normal', 'AdobeStock_251420633_Preview_jpeg.rf.N3OQwTR8HJA5Cirs8jT8.jpeg')",val
/content/drive/MyDrive/NewCattleSense/dataset/images/normal/AdobeStock_382914829_Preview_jpeg.rf.ipdIxFRrcYNWeIfQ3eX4.jpeg,AdobeStock_382914829_Preview_jpeg.rf.ipdIxFRrcYNWeIfQ3eX4.jpeg,normal,0,"('normal', 'AdobeStock_382914829_Preview_jpeg.rf.ipdIxFRrcYNWeIfQ3eX4.jpeg')",val
/content/drive/MyDrive/NewCattleSense/dataset/images/normal/AdobeStock_93804337_Video_HD_Preview_mov-0017_jpg.rf.O6uuIvxl84oo9z7nvfCY.jpg,AdobeStock_93804337_Video_HD_Preview_mov-0017_jpg.rf.O6uuIvxl84oo9z7nvfCY.jpg,normal,0,"('normal', 'AdobeStock_93804337_Video_HD_Preview_mov-0017_jpg.rf.O6uuIvxl84oo9z7nvfCY.jpg')",val
/content/drive/MyDrive/NewCattleSense/dataset/images/normal/AdobeStock_93804337_Video_HD_Preview_mov-0001_jpg.rf.YFxYNIJOajNgMfHQ3OBx.jpg,AdobeStock_93804337_Video_HD_Preview_mov-0001_jpg.rf.YFxYNIJOajNgMfHQ3OBx.jpg,normal,0,"('normal', 'AdobeStock_93804337_Video_HD_Preview_mov-0001_jpg.rf.YFxYNIJOajNgMfHQ3OBx.jpg')",val
/content/drive/MyDrive/NewCattleSense/dataset/images/normal/p_jpeg.rf.sf60TvqgS9wA2D2PRaoi.jpeg,p_jpeg.rf.sf60TvqgS9wA2D2PRaoi.jpeg,normal,0,"('normal', 'p_jpeg.rf.sf60TvqgS9wA2D2PRaoi.jpeg')",val
/content/drive/MyDrive/NewCattleSense/dataset/images/normal/Screenshot-2024-09-14-170728_png.rf.nDrQIb6HTBcsJnD1CPif.jpg,Screenshot-2024-09-14-170728_png.rf.nDrQIb6HTBcsJnD1CPif.jpg,normal,0,"('normal', 'Screenshot-2024-09-14-170728_png.rf.nDrQIb6HTBcsJnD1CPif.jpg')",val
/content/drive/MyDrive/NewCattleSense/dataset/images/normal/AdobeStock_221110453_Preview_jpeg.rf.NVv0iRWfno38VAUOxN5u.jpeg,AdobeStock_221110453_Preview_jpeg.rf.NVv0iRWfno38VAUOxN5u.jpeg,normal,0,"('normal', 'AdobeStock_221110453_Preview_jpeg.rf.NVv0iRWfno38VAUOxN5u.jpeg')",val
/content/drive/MyDrive/NewCattleSense/dataset/images/normal/AdobeStock_359234136_Preview_jpeg.rf.yKMresIN31k7QVhE1By1.jpeg,AdobeStock_359234136_Preview_jpeg.rf.yKMresIN31k7QVhE1By1.jpeg,normal,0,"('normal', 'AdobeStock_359234136_Preview_jpeg.rf.yKMresIN31k7QVhE1By1.jpeg')",val
/content/drive/MyDrive/NewCattleSense/dataset/images/normal/AdobeStock_331856859_Preview_jpeg.rf.WMH1Ev73CX0a9NPXRARW.jpeg,AdobeStock_331856859_Preview_jpeg.rf.WMH1Ev73CX0a9NPXRARW.jpeg,normal,0,"('normal', 'AdobeStock_331856859_Preview_jpeg.rf.WMH1Ev73CX0a9NPXRARW.jpeg')",val
/content/drive/MyDrive/NewCattleSense/dataset/images/normal/udder 1_webp.rf.9NuiF2Q91qrhNhg9TPLw.jpeg,udder 1_webp.rf.9NuiF2Q91qrhNhg9TPLw.jpeg,normal,0,"('normal', 'udder 1_webp.rf.9NuiF2Q91qrhNhg9TPLw.jpeg')",val
/content/drive/MyDrive/NewCattleSense/dataset/images/normal/AdobeStock_1095288071_Preview_jpeg.rf.bsUtxDqU5zatnRwYUkFY.jpeg,AdobeStock_1095288071_Preview_jpeg.rf.bsUtxDqU5zatnRwYUkFY.jpeg,normal,0,"('normal', 'AdobeStock_1095288071_Preview_jpeg.rf.bsUtxDqU5zatnRwYUkFY.jpeg')",val
/content/drive/MyDrive/NewCattleSense/dataset/images/normal/AdobeStock_93804337_Video_HD_Preview_mov-0003_jpg.rf.BCanww4Snpz0GwGdotHd.jpg,AdobeStock_93804337_Video_HD_Preview_mov-0003_jpg.rf.BCanww4Snpz0GwGdotHd.jpg,normal,0,"('normal', 'AdobeStock_93804337_Video_HD_Preview_mov-0003_jpg.rf.BCanww4Snpz0GwGdotHd.jpg')",val
/content/drive/MyDrive/NewCattleSense/dataset/images/normal/AdobeStock_34772523_Preview_jpeg.rf.q2AzR4eSosIDmpI9PGgp.jpeg,AdobeStock_34772523_Preview_jpeg.rf.q2AzR4eSosIDmpI9PGgp.jpeg,normal,0,"('normal', 'AdobeStock_34772523_Preview_jpeg.rf.q2AzR4eSosIDmpI9PGgp.jpeg')",val
/content/drive/MyDrive/NewCattleSense/dataset/images/normal/AdobeStock_35487004_Preview (1)_jpeg.rf.11wGxm43t2qF3djBGlFL.jpeg,AdobeStock_35487004_Preview (1)_jpeg.rf.11wGxm43t2qF3djBGlFL.jpeg,normal,0,"('normal', 'AdobeStock_35487004_Preview (1)_jpeg.rf.11wGxm43t2qF3djBGlFL.jpeg')",val
/content/drive/MyDrive/NewCattleSense/dataset/images/normal/AdobeStock_237691723_Preview_jpeg.rf.DALJDNM50we1xHE6GTBS.jpeg,AdobeStock_237691723_Preview_jpeg.rf.DALJDNM50we1xHE6GTBS.jpeg,normal,0,"('normal', 'AdobeStock_237691723_Preview_jpeg.rf.DALJDNM50we1xHE6GTBS.jpeg')",val
/content/drive/MyDrive/NewCattleSense/dataset/images/normal/AdobeStock_1079359064_Preview_jpeg.rf.km564tkYdSICnSjssElb.jpeg,AdobeStock_1079359064_Preview_jpeg.rf.km564tkYdSICnSjssElb.jpeg,normal,0,"('normal', 'AdobeStock_1079359064_Preview_jpeg.rf.km564tkYdSICnSjssElb.jpeg')",val
/content/drive/MyDrive/NewCattleSense/dataset/images/normal/1-639-_jpg.rf.QIdUoAPInVyZO4n71E4t.jpg,1-639-_jpg.rf.QIdUoAPInVyZO4n71E4t.jpg,normal,0,"('normal', '1-639-_jpg.rf.QIdUoAPInVyZO4n71E4t.jpg')",val
/content/drive/MyDrive/NewCattleSense/dataset/images/normal/AdobeStock_60156316_Preview_jpeg.rf.MXl13icMB7jZjbHERggY.jpeg,AdobeStock_60156316_Preview_jpeg.rf.MXl13icMB7jZjbHERggY.jpeg,normal,0,"('normal', 'AdobeStock_60156316_Preview_jpeg.rf.MXl13icMB7jZjbHERggY.jpeg')",val
/content/drive/MyDrive/NewCattleSense/dataset/images/normal/AdobeStock_86346259_Preview_jpeg.rf.0VGYczqbVNRxWFebGMUE.jpeg,AdobeStock_86346259_Preview_jpeg.rf.0VGYczqbVNRxWFebGMUE.jpeg,normal,0,"('normal', 'AdobeStock_86346259_Preview_jpeg.rf.0VGYczqbVNRxWFebGMUE.jpeg')",val
/content/drive/MyDrive/NewCattleSense/dataset/images/normal/AdobeStock_93804337_Video_HD_Preview_mov-0025_jpg.rf.Wq8J9smrft8iWL49eFw5.jpg,AdobeStock_93804337_Video_HD_Preview_mov-0025_jpg.rf.Wq8J9smrft8iWL49eFw5.jpg,normal,0,"('normal', 'AdobeStock_93804337_Video_HD_Preview_mov-0025_jpg.rf.Wq8J9smrft8iWL49eFw5.jpg')",val
/content/drive/MyDrive/NewCattleSense/dataset/images/normal/istockphoto-527544784-612x612_jpg.rf.cYJgazginq1iJdpmcLfQ.jpg,istockphoto-527544784-612x612_jpg.rf.cYJgazginq1iJdpmcLfQ.jpg,normal,0,"('normal', 'istockphoto-527544784-612x612_jpg.rf.cYJgazginq1iJdpmcLfQ.jpg')",val
/content/drive/MyDrive/NewCattleSense/dataset/images/normal/Screenshot From 2026-07-16 13-43-48_png.rf.moH82tDpSGPH1YlDdv2U.jpeg,Screenshot From 2026-07-16 13-43-48_png.rf.moH82tDpSGPH1YlDdv2U.jpeg,normal,0,"('normal', 'Screenshot From 2026-07-16 13-43-48_png.rf.moH82tDpSGPH1YlDdv2U.jpeg')",val
/content/drive/MyDrive/NewCattleSense/dataset/images/normal/Screenshot From 2026-07-16 13-48-10_png.rf.zCBVT4QgONfgjWOLF9Y4.jpeg,Screenshot From 2026-07-16 13-48-10_png.rf.zCBVT4QgONfgjWOLF9Y4.jpeg,normal,0,"('normal', 'Screenshot From 2026-07-16 13-48-10_png.rf.zCBVT4QgONfgjWOLF9Y4.jpeg')",val
/content/drive/MyDrive/NewCattleSense/dataset/images/normal/istockphoto-1323867310-612x612_jpg.rf.p2mlZRxEISEiECjqHzri.jpg,istockphoto-1323867310-612x612_jpg.rf.p2mlZRxEISEiECjqHzri.jpg,normal,0,"('normal', 'istockphoto-1323867310-612x612_jpg.rf.p2mlZRxEISEiECjqHzri.jpg')",val
/content/drive/MyDrive/NewCattleSense/dataset/images/normal/Screenshot From 2026-07-16 13-41-28_png.rf.2lB5wEV9MXxWM3I1r5Jp.jpeg,Screenshot From 2026-07-16 13-41-28_png.rf.2lB5wEV9MXxWM3I1r5Jp.jpeg,normal,0,"('normal', 'Screenshot From 2026-07-16 13-41-28_png.rf.2lB5wEV9MXxWM3I1r5Jp.jpeg')",val
/content/drive/MyDrive/NewCattleSense/dataset/images/normal/Screenshot From 2026-07-16 13-41-01_png.rf.muXFTDuD0tl3Rdbr4yOP.jpeg,Screenshot From 2026-07-16 13-41-01_png.rf.muXFTDuD0tl3Rdbr4yOP.jpeg,normal,0,"('normal', 'Screenshot From 2026-07-16 13-41-01_png.rf.muXFTDuD0tl3Rdbr4yOP.jpeg')",val
/content/drive/MyDrive/NewCattleSense/dataset/images/normal/Screenshot From 2026-07-16 15-18-46_png.rf.TreEhKUYvwGPkqxsMqff.jpeg,Screenshot From 2026-07-16 15-18-46_png.rf.TreEhKUYvwGPkqxsMqff.jpeg,normal,0,"('normal', 'Screenshot From 2026-07-16 15-18-46_png.rf.TreEhKUYvwGPkqxsMqff.jpeg')",val
/content/drive/MyDrive/NewCattleSense/dataset/images/normal/tgg_jpg.rf.9pY15el2ey8CRXSmpWAL.jpg,tgg_jpg.rf.9pY15el2ey8CRXSmpWAL.jpg,normal,0,"('normal', 'tgg_jpg.rf.9pY15el2ey8CRXSmpWAL.jpg')",val
/content/drive/MyDrive/NewCattleSense/dataset/images/normal/76_jpg.rf.mNC2jBUS9FZEhOPE6RgD.jpg,76_jpg.rf.mNC2jBUS9FZEhOPE6RgD.jpg,normal,0,"('normal', '76_jpg.rf.mNC2jBUS9FZEhOPE6RgD.jpg')",val
/content/drive/MyDrive/NewCattleSense/dataset/images/normal/dsd_jpeg.rf.B0CYtbQTNiKohPLgCQev.jpeg,dsd_jpeg.rf.B0CYtbQTNiKohPLgCQev.jpeg,normal,0,"('normal', 'dsd_jpeg.rf.B0CYtbQTNiKohPLgCQev.jpeg')",val
/content/drive/MyDrive/NewCattleSense/dataset/images/normal/istockphoto-1359766417-612x612_jpg.rf.gv58ytaEzf3X0WC19GWj.jpg,istockphoto-1359766417-612x612_jpg.rf.gv58ytaEzf3X0WC19GWj.jpg,normal,0,"('normal', 'istockphoto-1359766417-612x612_jpg.rf.gv58ytaEzf3X0WC19GWj.jpg')",val
/content/drive/MyDrive/NewCattleSense/dataset/images/normal/Screenshot From 2026-07-16 13-43-14_png.rf.rqPlT2muWfCYhZAaifAn.jpeg,Screenshot From 2026-07-16 13-43-14_png.rf.rqPlT2muWfCYhZAaifAn.jpeg,normal,0,"('normal', 'Screenshot From 2026-07-16 13-43-14_png.rf.rqPlT2muWfCYhZAaifAn.jpeg')",val
/content/drive/MyDrive/NewCattleSense/dataset/images/normal/istockphoto-1026390860-612x612_jpg.rf.5yDDjVC7NHj2UNd0qQkj.jpg,istockphoto-1026390860-612x612_jpg.rf.5yDDjVC7NHj2UNd0qQkj.jpg,normal,0,"('normal', 'istockphoto-1026390860-612x612_jpg.rf.5yDDjVC7NHj2UNd0qQkj.jpg')",val
/content/drive/MyDrive/NewCattleSense/dataset/images/normal/vdsvsd_jpeg.rf.cIfQ0WOBSICUnhph9w51.jpeg,vdsvsd_jpeg.rf.cIfQ0WOBSICUnhph9w51.jpeg,normal,0,"('normal', 'vdsvsd_jpeg.rf.cIfQ0WOBSICUnhph9w51.jpeg')",val
/content/drive/MyDrive/NewCattleSense/dataset/images/normal/da_webp.rf.WnamjBxax8PXYbkvgTK1.jpeg,da_webp.rf.WnamjBxax8PXYbkvgTK1.jpeg,normal,0,"('normal', 'da_webp.rf.WnamjBxax8PXYbkvgTK1.jpeg')",val
/content/drive/MyDrive/NewCattleSense/dataset/images/normal/istockphoto-527542192-612x612_jpg.rf.5Zrh33RA3yYoreMmTsAR.jpg,istockphoto-527542192-612x612_jpg.rf.5Zrh33RA3yYoreMmTsAR.jpg,normal,0,"('normal', 'istockphoto-527542192-612x612_jpg.rf.5Zrh33RA3yYoreMmTsAR.jpg')",val
/content/drive/MyDrive/NewCattleSense/dataset/images/normal/istockphoto-1338924650-612x612_jpg.rf.gPQ1sLnGFHWcF80PWVeI.jpg,istockphoto-1338924650-612x612_jpg.rf.gPQ1sLnGFHWcF80PWVeI.jpg,normal,0,"('normal', 'istockphoto-1338924650-612x612_jpg.rf.gPQ1sLnGFHWcF80PWVeI.jpg')",val
/content/drive/MyDrive/NewCattleSense/dataset/images/normal/f_jpg.rf.8EdgLG7c3GEpCyCZvH9X.jpg,f_jpg.rf.8EdgLG7c3GEpCyCZvH9X.jpg,normal,0,"('normal', 'f_jpg.rf.8EdgLG7c3GEpCyCZvH9X.jpg')",val
/content/drive/MyDrive/NewCattleSense/dataset/images/mastitis/dry-skin-2-400x284.jpg,dry-skin-2-400x284.jpg,mastitis,1,"('mastitis', 'dry-skin-2-400x284_jpg.rf.MeBjiYatgqZLMYW2VDcO.jpg')",test
/content/drive/MyDrive/NewCattleSense/dataset/images/mastitis/Picture21-400x284.jpg,Picture21-400x284.jpg,mastitis,1,"('mastitis', 'Picture21-400x284_jpg.rf.XPAi3kZ4U6pUHE3QEzLm.jpg')",test
/content/drive/MyDrive/NewCattleSense/dataset/images/mastitis/Picture34-1-400x284.jpg,Picture34-1-400x284.jpg,mastitis,1,"('mastitis', 'Picture34-1-400x284_jpg.rf.piFJnHyyJsXsMJM9S223.jpg')",test
/content/drive/MyDrive/NewCattleSense/dataset/images/mastitis/pseudo-pox1-e1515356634396-400x284.jpg,pseudo-pox1-e1515356634396-400x284.jpg,mastitis,1,"('mastitis', 'pseudo-pox1-e1515356634396-400x284_jpg.rf.w9WfzupAGRzrkWaTx8Jg.jpg')",test
/content/drive/MyDrive/NewCattleSense/dataset/images/mastitis/Very-Rough-2-2-e1515372540883-400x284.jpg,Very-Rough-2-2-e1515372540883-400x284.jpg,mastitis,1,"('mastitis', 'Very-Rough-2-2-e1515372540883-400x284_jpg.rf.NWvJ8AjFw1MmkFSAIIpb.jpg')",test
/content/drive/MyDrive/NewCattleSense/dataset/images/mastitis/Picture46-1-400x284.jpg,Picture46-1-400x284.jpg,mastitis,1,"('mastitis', 'Picture46-1-400x284_jpg.rf.eYuckZ4kKxnJzHCOXjaG.jpg')",test
/content/drive/MyDrive/NewCattleSense/dataset/images/mastitis/red10-e1515364965265-652x1024-1-400x284.jpg,red10-e1515364965265-652x1024-1-400x284.jpg,mastitis,1,"('mastitis', 'red10-e1515364965265-652x1024-1-400x284_jpg.rf.FLLGw3Ha5Oi4rfSE0fm9.jpg')",test
/content/drive/MyDrive/NewCattleSense/dataset/images/mastitis/hyp15-e1515373864506-1024x765-1-400x284.jpg,hyp15-e1515373864506-1024x765-1-400x284.jpg,mastitis,1,"('mastitis', 'hyp15-e1515373864506-1024x765-1-400x284_jpg.rf.W5WX36WtB8X05NYUkIyV.jpg')",test
/content/drive/MyDrive/NewCattleSense/dataset/images/mastitis/pet-hem3-e1515364562702-400x284.jpg,pet-hem3-e1515364562702-400x284.jpg,mastitis,1,"('mastitis', 'pet-hem3-e1515364562702-400x284_jpg.rf.1gSPsuPLJtUyIQS2Bmio.jpg')",test
/content/drive/MyDrive/NewCattleSense/dataset/images/mastitis/Picture25-400x284.jpg,Picture25-400x284.jpg,mastitis,1,"('mastitis', 'Picture25-400x284_jpg.rf.A44ewn34otauMcHTDpwV.jpg')",test
/content/drive/MyDrive/NewCattleSense/dataset/images/mastitis/Picture47-1-400x284.jpg,Picture47-1-400x284.jpg,mastitis,1,"('mastitis', 'Picture47-1-400x284_jpg.rf.n0l0aLWfezjTU1SqFsEO.jpg')",test
/content/drive/MyDrive/NewCattleSense/dataset/images/mastitis/red14-e1515365078912-1024x756-1-400x284.jpg,red14-e1515365078912-1024x756-1-400x284.jpg,mastitis,1,"('mastitis', 'red14-e1515365078912-1024x756-1-400x284_jpg.rf.sAERbt1hZH6rbHiZoNbG.jpg')",test
/content/drive/MyDrive/NewCattleSense/dataset/images/mastitis/Papilloma-400x284.jpg,Papilloma-400x284.jpg,mastitis,1,"('mastitis', 'Papilloma-400x284_jpg.rf.S6cYzHYO2IhnisvucvWP.jpg')",test
/content/drive/MyDrive/NewCattleSense/dataset/images/mastitis/red7-e1515364900556-1024x843-1-400x284.jpg,red7-e1515364900556-1024x843-1-400x284.jpg,mastitis,1,"('mastitis', 'red7-e1515364900556-1024x843-1-400x284_jpg.rf.oFg3r6RA5Jr0Xq9ZbTCA.jpg')",test
/content/drive/MyDrive/NewCattleSense/dataset/images/mastitis/Picture11-400x284.jpg,Picture11-400x284.jpg,mastitis,1,"('mastitis', 'Picture11-400x284_jpg.rf.VrIweFPqQyYY58Zbpb17.jpg')",test
/content/drive/MyDrive/NewCattleSense/dataset/images/mastitis/Picture53-400x284.jpg,Picture53-400x284.jpg,mastitis,1,"('mastitis', 'Picture53-400x284_jpg.rf.lCMWdd3gsswwG1XbegRB.jpg')",test
/content/drive/MyDrive/NewCattleSense/dataset/images/mastitis/Picture19-400x284.jpg,Picture19-400x284.jpg,mastitis,1,"('mastitis', 'Picture19-400x284_jpg.rf.7vmFPnP2ARJbw152E2TN.jpg')",test
/content/drive/MyDrive/NewCattleSense/dataset/images/mastitis/Smooth-1-1-e1515372118683-400x284.jpg,Smooth-1-1-e1515372118683-400x284.jpg,mastitis,1,"('mastitis', 'Smooth-1-1-e1515372118683-400x284_jpg.rf.tpkxU7GKB06sEwSbaf74.jpg')",test
/content/drive/MyDrive/NewCattleSense/dataset/images/mastitis/wet-teat6-1-e1515287995479-400x284.jpg,wet-teat6-1-e1515287995479-400x284.jpg,mastitis,1,"('mastitis', 'wet-teat6-1-e1515287995479-400x284.jpg')",test
/content/drive/MyDrive/NewCattleSense/dataset/images/mastitis/Picture15-400x284.jpg,Picture15-400x284.jpg,mastitis,1,"('mastitis', 'Picture15-400x284_jpg.rf.Lql2IU1Rt4PaXy0Preb7.jpg')",test
/content/drive/MyDrive/NewCattleSense/dataset/images/mastitis/Chemcial-burn4-e1515283733588-400x284.jpg,Chemcial-burn4-e1515283733588-400x284.jpg,mastitis,1,"('mastitis', 'Chemcial-burn4-e1515283733588-400x284_jpg.rf.0aDoBIHgYtavsNqffv1e.jpg')",test
/content/drive/MyDrive/NewCattleSense/dataset/images/mastitis/Picture41-400x284.jpg,Picture41-400x284.jpg,mastitis,1,"('mastitis', 'Picture41-400x284_jpg.rf.GrnnUlBilC1u5yTBxUGY.jpg')",test
/content/drive/MyDrive/NewCattleSense/dataset/images/mastitis/wet-teat6-400x284.jpg,wet-teat6-400x284.jpg,mastitis,1,"('mastitis', 'wet-teat6-400x284.jpg')",test
/content/drive/MyDrive/NewCattleSense/dataset/images/mastitis/Chemcial-burn-e1515283477137-400x284.jpg,Chemcial-burn-e1515283477137-400x284.jpg,mastitis,1,"('mastitis', 'Chemcial-burn-e1515283477137-400x284_jpg.rf.gAcltGrMq4lm6n98Y1rU.jpg')",test
/content/drive/MyDrive/NewCattleSense/dataset/images/mastitis/Picture44-1-400x284.jpg,Picture44-1-400x284.jpg,mastitis,1,"('mastitis', 'Picture44-1-400x284_jpg.rf.AmD3f4y46IDMxlnWDo9g.jpg')",test
/content/drive/MyDrive/NewCattleSense/dataset/images/mastitis/Chlorine-pre-dip-used-at-4-parts-chlorine-1-part-waters-manure-solids-bedding-e1515285965121-400x284.jpg,Chlorine-pre-dip-used-at-4-parts-chlorine-1-part-waters-manure-solids-bedding-e1515285965121-400x284.jpg,mastitis,1,"('mastitis', 'Chlorine-pre-dip-used-at-4-parts-chlorine-1-part-waters-manure-solids-bedding-e1515285965121-400x284_jpg.rf.nxbAcrSoefE3uGI1peR4.jpg')",test
/content/drive/MyDrive/NewCattleSense/dataset/images/mastitis/Picture50-400x284.jpg,Picture50-400x284.jpg,mastitis,1,"('mastitis', 'Picture50-400x284_jpg.rf.b0yrxpo4Q2A4XXgjqXgV.jpg')",test
/content/drive/MyDrive/NewCattleSense/dataset/images/mastitis/severe-hemm3-e1515364758805-400x284.jpg,severe-hemm3-e1515364758805-400x284.jpg,mastitis,1,"('mastitis', 'severe-hemm3-e1515364758805-400x284_jpg.rf.2mbnRFN6iydPBYJEj5pk.jpg')",test
/content/drive/MyDrive/NewCattleSense/dataset/images/mastitis/dry-skin-crack3-400x284.jpg,dry-skin-crack3-400x284.jpg,mastitis,1,"('mastitis', 'dry-skin-crack3-400x284_jpg.rf.2Ql4WnA75WbkzWR6m2d8.jpg')",test
/content/drive/MyDrive/NewCattleSense/dataset/images/mastitis/blue12-e1515364823675-1024x790-1-400x284.jpg,blue12-e1515364823675-1024x790-1-400x284.jpg,mastitis,1,"('mastitis', 'blue12-e1515364823675-1024x790-1-400x284_jpg.rf.gDsjsFNjuGOz0QuuIsH4.jpg')",test
/content/drive/MyDrive/NewCattleSense/dataset/images/mastitis/severe-ringing-blue-teats-congestionKE-e1515291895686-400x284.jpg,severe-ringing-blue-teats-congestionKE-e1515291895686-400x284.jpg,mastitis,1,"('mastitis', 'severe-ringing-blue-teats-congestionKE-e1515291895686-400x284_jpg.rf.dNhIATFxLQxGpyasBPX4.jpg')",test
/content/drive/MyDrive/NewCattleSense/dataset/images/mastitis/Isolated-keratin-1-1-e1515371116259-400x284.jpg,Isolated-keratin-1-1-e1515371116259-400x284.jpg,mastitis,1,"('mastitis', 'Isolated-keratin-1-1-e1515371116259-400x284_jpg.rf.0WCSezycvLy3JLp3osfX.jpg')",test
/content/drive/MyDrive/NewCattleSense/dataset/images/mastitis/red7-e1515364900556-1024x843-1-400x284_jpg.rf.oFg3r6RA5Jr0Xq9ZbTCA.jpg,red7-e1515364900556-1024x843-1-400x284_jpg.rf.oFg3r6RA5Jr0Xq9ZbTCA.jpg,mastitis,1,"('mastitis', 'red7-e1515364900556-1024x843-1-400x284_jpg.rf.oFg3r6RA5Jr0Xq9ZbTCA.jpg')",test
/content/drive/MyDrive/NewCattleSense/dataset/images/mastitis/Mastitis-53-_jpg.rf.pwzDoNXcR5Ws2fG3CYuA.jpg,Mastitis-53-_jpg.rf.pwzDoNXcR5Ws2fG3CYuA.jpg,mastitis,1,"('mastitis', 'Mastitis-53-_jpg.rf.pwzDoNXcR5Ws2fG3CYuA.jpg')",test
/content/drive/MyDrive/NewCattleSense/dataset/images/mastitis/Mastitis-45-_jpg.rf.l5Ehml6D6oiIdOy2rH6d.jpg,Mastitis-45-_jpg.rf.l5Ehml6D6oiIdOy2rH6d.jpg,mastitis,1,"('mastitis', 'Screenshot-2024-09-14-174625_png.rf.ixxLnO12yiSc8NdJDC2Y.jpg')",test
/content/drive/MyDrive/NewCattleSense/dataset/images/mastitis/Mastitis-58-_jpg.rf.LnQzIPnLtKZuZj9lpIHr.jpg,Mastitis-58-_jpg.rf.LnQzIPnLtKZuZj9lpIHr.jpg,mastitis,1,"('mastitis', 'Mastitis-58-_jpg.rf.Q9jmitdisziwxXlvHKNE.jpg')",test
/content/drive/MyDrive/NewCattleSense/dataset/images/mastitis/Picture47-1-400x284_jpg.rf.n0l0aLWfezjTU1SqFsEO.jpg,Picture47-1-400x284_jpg.rf.n0l0aLWfezjTU1SqFsEO.jpg,mastitis,1,"('mastitis', 'Picture47-1-400x284_jpg.rf.n0l0aLWfezjTU1SqFsEO.jpg')",test
/content/drive/MyDrive/NewCattleSense/dataset/images/mastitis/Picture50-400x284_jpg.rf.b0yrxpo4Q2A4XXgjqXgV.jpg,Picture50-400x284_jpg.rf.b0yrxpo4Q2A4XXgjqXgV.jpg,mastitis,1,"('mastitis', 'Picture50-400x284_jpg.rf.b0yrxpo4Q2A4XXgjqXgV.jpg')",test
/content/drive/MyDrive/NewCattleSense/dataset/images/mastitis/001_30_IMG_gro174291-009-848x565_jpg.rf.iCbM2Watr9rPiNmKFsSO.jpg,001_30_IMG_gro174291-009-848x565_jpg.rf.iCbM2Watr9rPiNmKFsSO.jpg,mastitis,1,"('mastitis', '26_jpeg.rf.XvG7D1yBNz2JBehaZJ9B.jpeg')",test
/content/drive/MyDrive/NewCattleSense/dataset/images/mastitis/Picture46-1-400x284_jpg.rf.eYuckZ4kKxnJzHCOXjaG.jpg,Picture46-1-400x284_jpg.rf.eYuckZ4kKxnJzHCOXjaG.jpg,mastitis,1,"('mastitis', 'Picture46-1-400x284_jpg.rf.eYuckZ4kKxnJzHCOXjaG.jpg')",test
/content/drive/MyDrive/NewCattleSense/dataset/images/mastitis/Picture15-400x284_jpg.rf.Lql2IU1Rt4PaXy0Preb7.jpg,Picture15-400x284_jpg.rf.Lql2IU1Rt4PaXy0Preb7.jpg,mastitis,1,"('mastitis', 'Picture15-400x284_jpg.rf.Lql2IU1Rt4PaXy0Preb7.jpg')",test
/content/drive/MyDrive/NewCattleSense/dataset/images/mastitis/Mastitis-9-_jpg.rf.ScqYeTjMhnrZltXxdHRt.jpg,Mastitis-9-_jpg.rf.ScqYeTjMhnrZltXxdHRt.jpg,mastitis,1,"('mastitis', 'Mastitis-9-_jpg.rf.ScqYeTjMhnrZltXxdHRt.jpg')",test
/content/drive/MyDrive/NewCattleSense/dataset/images/mastitis/pet-hem3-e1515364562702-400x284_jpg.rf.1gSPsuPLJtUyIQS2Bmio.jpg,pet-hem3-e1515364562702-400x284_jpg.rf.1gSPsuPLJtUyIQS2Bmio.jpg,mastitis,1,"('mastitis', 'pet-hem3-e1515364562702-400x284_jpg.rf.1gSPsuPLJtUyIQS2Bmio.jpg')",test
/content/drive/MyDrive/NewCattleSense/dataset/images/mastitis/Picture53-400x284_jpg.rf.lCMWdd3gsswwG1XbegRB.jpg,Picture53-400x284_jpg.rf.lCMWdd3gsswwG1XbegRB.jpg,mastitis,1,"('mastitis', 'Picture53-400x284_jpg.rf.lCMWdd3gsswwG1XbegRB.jpg')",test
/content/drive/MyDrive/NewCattleSense/dataset/images/mastitis/dry-skin-crack3-400x284_jpg.rf.2Ql4WnA75WbkzWR6m2d8.jpg,dry-skin-crack3-400x284_jpg.rf.2Ql4WnA75WbkzWR6m2d8.jpg,mastitis,1,"('mastitis', 'dry-skin-crack3-400x284_jpg.rf.2Ql4WnA75WbkzWR6m2d8.jpg')",test
/content/drive/MyDrive/NewCattleSense/dataset/images/mastitis/Picture25-400x284_jpg.rf.A44ewn34otauMcHTDpwV.jpg,Picture25-400x284_jpg.rf.A44ewn34otauMcHTDpwV.jpg,mastitis,1,"('mastitis', 'Picture25-400x284_jpg.rf.A44ewn34otauMcHTDpwV.jpg')",test
/content/drive/MyDrive/NewCattleSense/dataset/images/mastitis/Papilloma-400x284_jpg.rf.S6cYzHYO2IhnisvucvWP.jpg,Papilloma-400x284_jpg.rf.S6cYzHYO2IhnisvucvWP.jpg,mastitis,1,"('mastitis', 'Papilloma-400x284_jpg.rf.S6cYzHYO2IhnisvucvWP.jpg')",test
/content/drive/MyDrive/NewCattleSense/dataset/images/mastitis/severe-ringing-blue-teats-congestionKE-e1515291895686-400x284_jpg.rf.dNhIATFxLQxGpyasBPX4.jpg,severe-ringing-blue-teats-congestionKE-e1515291895686-400x284_jpg.rf.dNhIATFxLQxGpyasBPX4.jpg,mastitis,1,"('mastitis', 'severe-ringing-blue-teats-congestionKE-e1515291895686-400x284_jpg.rf.dNhIATFxLQxGpyasBPX4.jpg')",test
/content/drive/MyDrive/NewCattleSense/dataset/images/mastitis/Chemcial-burn-e1515283477137-400x284_jpg.rf.gAcltGrMq4lm6n98Y1rU.jpg,Chemcial-burn-e1515283477137-400x284_jpg.rf.gAcltGrMq4lm6n98Y1rU.jpg,mastitis,1,"('mastitis', 'Chemcial-burn-e1515283477137-400x284_jpg.rf.gAcltGrMq4lm6n98Y1rU.jpg')",test
/content/drive/MyDrive/NewCattleSense/dataset/images/mastitis/blue12-e1515364823675-1024x790-1-400x284_jpg.rf.gDsjsFNjuGOz0QuuIsH4.jpg,blue12-e1515364823675-1024x790-1-400x284_jpg.rf.gDsjsFNjuGOz0QuuIsH4.jpg,mastitis,1,"('mastitis', 'blue12-e1515364823675-1024x790-1-400x284_jpg.rf.gDsjsFNjuGOz0QuuIsH4.jpg')",test
/content/drive/MyDrive/NewCattleSense/dataset/images/mastitis/Mastitis-10-_jpg.rf.lv0adkmxihQX1EYnJdDd.jpg,Mastitis-10-_jpg.rf.lv0adkmxihQX1EYnJdDd.jpg,mastitis,1,"('mastitis', 'Mastitis-10-_jpg.rf.lv0adkmxihQX1EYnJdDd.jpg')",test
/content/drive/MyDrive/NewCattleSense/dataset/images/mastitis/pseudo-pox1-e1515356634396-400x284_jpg.rf.w9WfzupAGRzrkWaTx8Jg.jpg,pseudo-pox1-e1515356634396-400x284_jpg.rf.w9WfzupAGRzrkWaTx8Jg.jpg,mastitis,1,"('mastitis', 'pseudo-pox1-e1515356634396-400x284_jpg.rf.w9WfzupAGRzrkWaTx8Jg.jpg')",test
/content/drive/MyDrive/NewCattleSense/dataset/images/mastitis/Mastitis-53-_jpg.rf.jGRI5jvuAFtafHJWXw4m.jpg,Mastitis-53-_jpg.rf.jGRI5jvuAFtafHJWXw4m.jpg,mastitis,1,"('mastitis', 'Mastitis-53-_jpg.rf.jGRI5jvuAFtafHJWXw4m.jpg')",test
/content/drive/MyDrive/NewCattleSense/dataset/images/mastitis/severe-hemm3-e1515364758805-400x284_jpg.rf.2mbnRFN6iydPBYJEj5pk.jpg,severe-hemm3-e1515364758805-400x284_jpg.rf.2mbnRFN6iydPBYJEj5pk.jpg,mastitis,1,"('mastitis', 'severe-hemm3-e1515364758805-400x284_jpg.rf.2mbnRFN6iydPBYJEj5pk.jpg')",test
/content/drive/MyDrive/NewCattleSense/dataset/images/mastitis/Picture21-400x284_jpg.rf.XPAi3kZ4U6pUHE3QEzLm.jpg,Picture21-400x284_jpg.rf.XPAi3kZ4U6pUHE3QEzLm.jpg,mastitis,1,"('mastitis', 'Picture21-400x284_jpg.rf.XPAi3kZ4U6pUHE3QEzLm.jpg')",test
/content/drive/MyDrive/NewCattleSense/dataset/images/mastitis/Picture44-1-400x284_jpg.rf.AmD3f4y46IDMxlnWDo9g.jpg,Picture44-1-400x284_jpg.rf.AmD3f4y46IDMxlnWDo9g.jpg,mastitis,1,"('mastitis', 'Picture44-1-400x284_jpg.rf.AmD3f4y46IDMxlnWDo9g.jpg')",test
/content/drive/MyDrive/NewCattleSense/dataset/images/mastitis/hyp15-e1515373864506-1024x765-1-400x284_jpg.rf.W5WX36WtB8X05NYUkIyV.jpg,hyp15-e1515373864506-1024x765-1-400x284_jpg.rf.W5WX36WtB8X05NYUkIyV.jpg,mastitis,1,"('mastitis', 'hyp15-e1515373864506-1024x765-1-400x284_jpg.rf.W5WX36WtB8X05NYUkIyV.jpg')",test
/content/drive/MyDrive/NewCattleSense/dataset/images/mastitis/2edf9a21-dac2-4bfa-a866-4978e2d1862c_Jpg_jpg.rf.wbcWN5WgC0pID0xG28N4.jpg,2edf9a21-dac2-4bfa-a866-4978e2d1862c_Jpg_jpg.rf.wbcWN5WgC0pID0xG28N4.jpg,mastitis,1,"('mastitis', '2edf9a21-dac2-4bfa-a866-4978e2d1862c_Jpg_jpg.rf.wbcWN5WgC0pID0xG28N4.jpg')",test
/content/drive/MyDrive/NewCattleSense/dataset/images/mastitis/26_jpeg.rf.XvG7D1yBNz2JBehaZJ9B.jpeg,26_jpeg.rf.XvG7D1yBNz2JBehaZJ9B.jpeg,mastitis,1,"('mastitis', '26_jpeg.rf.XvG7D1yBNz2JBehaZJ9B.jpeg')",test
/content/drive/MyDrive/NewCattleSense/dataset/images/mastitis/6b3cf849-c22f-4bd3-807e-290f0b6da2c4_Jpg_jpg.rf.OxPcSfit7IZ3bIoEuvsH.jpg,6b3cf849-c22f-4bd3-807e-290f0b6da2c4_Jpg_jpg.rf.OxPcSfit7IZ3bIoEuvsH.jpg,mastitis,1,"('mastitis', '6b3cf849-c22f-4bd3-807e-290f0b6da2c4_Jpg_jpg.rf.OxPcSfit7IZ3bIoEuvsH.jpg')",test
/content/drive/MyDrive/NewCattleSense/dataset/images/mastitis/Mastitis-7-_jpg.rf.SjOlSLPUNT3bkqJdU9C3.jpg,Mastitis-7-_jpg.rf.SjOlSLPUNT3bkqJdU9C3.jpg,mastitis,1,"('mastitis', 'Mastitis-7-_jpg.rf.SjOlSLPUNT3bkqJdU9C3.jpg')",test
/content/drive/MyDrive/NewCattleSense/dataset/images/mastitis/1f9929ef-6cd5-40e3-835c-cde2eff44dd8_Jpg_jpg.rf.9XXMmNGbLkErz2Af1zFa.jpg,1f9929ef-6cd5-40e3-835c-cde2eff44dd8_Jpg_jpg.rf.9XXMmNGbLkErz2Af1zFa.jpg,mastitis,1,"('mastitis', '1f9929ef-6cd5-40e3-835c-cde2eff44dd8_Jpg_jpg.rf.9XXMmNGbLkErz2Af1zFa.jpg')",test
/content/drive/MyDrive/NewCattleSense/dataset/images/mastitis/red10-e1515364965265-652x1024-1-400x284_jpg.rf.FLLGw3Ha5Oi4rfSE0fm9.jpg,red10-e1515364965265-652x1024-1-400x284_jpg.rf.FLLGw3Ha5Oi4rfSE0fm9.jpg,mastitis,1,"('mastitis', 'red10-e1515364965265-652x1024-1-400x284_jpg.rf.FLLGw3Ha5Oi4rfSE0fm9.jpg')",test
/content/drive/MyDrive/NewCattleSense/dataset/images/mastitis/Screenshot-2024-09-14-174625_png.rf.ixxLnO12yiSc8NdJDC2Y.jpg,Screenshot-2024-09-14-174625_png.rf.ixxLnO12yiSc8NdJDC2Y.jpg,mastitis,1,"('mastitis', 'Screenshot-2024-09-14-174625_png.rf.ixxLnO12yiSc8NdJDC2Y.jpg')",test
/content/drive/MyDrive/NewCattleSense/dataset/images/mastitis/Smooth-1-1-e1515372118683-400x284_jpg.rf.tpkxU7GKB06sEwSbaf74.jpg,Smooth-1-1-e1515372118683-400x284_jpg.rf.tpkxU7GKB06sEwSbaf74.jpg,mastitis,1,"('mastitis', 'Smooth-1-1-e1515372118683-400x284_jpg.rf.tpkxU7GKB06sEwSbaf74.jpg')",test
/content/drive/MyDrive/NewCattleSense/dataset/images/mastitis/red14-e1515365078912-1024x756-1-400x284_jpg.rf.sAERbt1hZH6rbHiZoNbG.jpg,red14-e1515365078912-1024x756-1-400x284_jpg.rf.sAERbt1hZH6rbHiZoNbG.jpg,mastitis,1,"('mastitis', 'red14-e1515365078912-1024x756-1-400x284_jpg.rf.sAERbt1hZH6rbHiZoNbG.jpg')",test
/content/drive/MyDrive/NewCattleSense/dataset/images/mastitis/8_jpeg.rf.h0cuhzdhJ2mJiyYvQJ9F.jpeg,8_jpeg.rf.h0cuhzdhJ2mJiyYvQJ9F.jpeg,mastitis,1,"('mastitis', '8_jpeg.rf.h0cuhzdhJ2mJiyYvQJ9F.jpeg')",test
/content/drive/MyDrive/NewCattleSense/dataset/images/mastitis/Mastitis-36-_jpg.rf.h2xDuxDnjfIwnJWoJvxM.jpg,Mastitis-36-_jpg.rf.h2xDuxDnjfIwnJWoJvxM.jpg,mastitis,1,"('mastitis', 'Mastitis-36-_jpg.rf.h2xDuxDnjfIwnJWoJvxM.jpg')",test
/content/drive/MyDrive/NewCattleSense/dataset/images/mastitis/Mastitis-16-_jpg.rf.WKimU4bMn8zEtK3cFGBE.jpg,Mastitis-16-_jpg.rf.WKimU4bMn8zEtK3cFGBE.jpg,mastitis,1,"('mastitis', 'Mastitis-16-_jpg.rf.XANyf678MDUwErrhfu2F.jpg')",test
/content/drive/MyDrive/NewCattleSense/dataset/images/mastitis/Picture19-400x284_jpg.rf.7vmFPnP2ARJbw152E2TN.jpg,Picture19-400x284_jpg.rf.7vmFPnP2ARJbw152E2TN.jpg,mastitis,1,"('mastitis', 'Picture19-400x284_jpg.rf.7vmFPnP2ARJbw152E2TN.jpg')",test
/content/drive/MyDrive/NewCattleSense/dataset/images/mastitis/Chemcial-burn4-e1515283733588-400x284_jpg.rf.0aDoBIHgYtavsNqffv1e.jpg,Chemcial-burn4-e1515283733588-400x284_jpg.rf.0aDoBIHgYtavsNqffv1e.jpg,mastitis,1,"('mastitis', 'Chemcial-burn4-e1515283733588-400x284_jpg.rf.0aDoBIHgYtavsNqffv1e.jpg')",test
/content/drive/MyDrive/NewCattleSense/dataset/images/mastitis/Picture11-400x284_jpg.rf.VrIweFPqQyYY58Zbpb17.jpg,Picture11-400x284_jpg.rf.VrIweFPqQyYY58Zbpb17.jpg,mastitis,1,"('mastitis', 'Picture11-400x284_jpg.rf.VrIweFPqQyYY58Zbpb17.jpg')",test
/content/drive/MyDrive/NewCattleSense/dataset/images/mastitis/Picture41-400x284_jpg.rf.GrnnUlBilC1u5yTBxUGY.jpg,Picture41-400x284_jpg.rf.GrnnUlBilC1u5yTBxUGY.jpg,mastitis,1,"('mastitis', 'Picture41-400x284_jpg.rf.GrnnUlBilC1u5yTBxUGY.jpg')",test
/content/drive/MyDrive/NewCattleSense/dataset/images/mastitis/Chlorine-pre-dip-used-at-4-parts-chlorine-1-part-waters-manure-solids-bedding-e1515285965121-400x284_jpg.rf.nxbAcrSoefE3uGI1peR4.jpg,Chlorine-pre-dip-used-at-4-parts-chlorine-1-part-waters-manure-solids-bedding-e1515285965121-400x284_jpg.rf.nxbAcrSoefE3uGI1peR4.jpg,mastitis,1,"('mastitis', 'Chlorine-pre-dip-used-at-4-parts-chlorine-1-part-waters-manure-solids-bedding-e1515285965121-400x284_jpg.rf.nxbAcrSoefE3uGI1peR4.jpg')",test
/content/drive/MyDrive/NewCattleSense/dataset/images/mastitis/Picture34-1-400x284_jpg.rf.piFJnHyyJsXsMJM9S223.jpg,Picture34-1-400x284_jpg.rf.piFJnHyyJsXsMJM9S223.jpg,mastitis,1,"('mastitis', 'Picture34-1-400x284_jpg.rf.piFJnHyyJsXsMJM9S223.jpg')",test
/content/drive/MyDrive/NewCattleSense/dataset/images/mastitis/dry-skin-2-400x284_jpg.rf.MeBjiYatgqZLMYW2VDcO.jpg,dry-skin-2-400x284_jpg.rf.MeBjiYatgqZLMYW2VDcO.jpg,mastitis,1,"('mastitis', 'dry-skin-2-400x284_jpg.rf.MeBjiYatgqZLMYW2VDcO.jpg')",test
/content/drive/MyDrive/NewCattleSense/dataset/images/mastitis/Very-Rough-2-2-e1515372540883-400x284_jpg.rf.NWvJ8AjFw1MmkFSAIIpb.jpg,Very-Rough-2-2-e1515372540883-400x284_jpg.rf.NWvJ8AjFw1MmkFSAIIpb.jpg,mastitis,1,"('mastitis', 'Very-Rough-2-2-e1515372540883-400x284_jpg.rf.NWvJ8AjFw1MmkFSAIIpb.jpg')",test
/content/drive/MyDrive/NewCattleSense/dataset/images/mastitis/Isolated-keratin-1-1-e1515371116259-400x284_jpg.rf.0WCSezycvLy3JLp3osfX.jpg,Isolated-keratin-1-1-e1515371116259-400x284_jpg.rf.0WCSezycvLy3JLp3osfX.jpg,mastitis,1,"('mastitis', 'Isolated-keratin-1-1-e1515371116259-400x284_jpg.rf.0WCSezycvLy3JLp3osfX.jpg')",test
/content/drive/MyDrive/NewCattleSense/dataset/images/mastitis/27_jpeg.rf.r3dNv3o0TDPeWpvE8w4S.jpeg,27_jpeg.rf.r3dNv3o0TDPeWpvE8w4S.jpeg,mastitis,1,"('mastitis', 'images (1)_jpg.rf.UTJc8Vf0NutoyHSAGfSP.jpg')",test
/content/drive/MyDrive/NewCattleSense/dataset/images/mastitis/Mastitis-58-_jpg.rf.PYRge1wUUdAHq5H0mte7.jpg,Mastitis-58-_jpg.rf.PYRge1wUUdAHq5H0mte7.jpg,mastitis,1,"('mastitis', 'Mastitis-58-_jpg.rf.PYRge1wUUdAHq5H0mte7.jpg')",test
/content/drive/MyDrive/NewCattleSense/dataset/images/mastitis/Mastitis-20-_jpg.rf.vWIPlhNeFkkNazGIMvMI.jpg,Mastitis-20-_jpg.rf.vWIPlhNeFkkNazGIMvMI.jpg,mastitis,1,"('mastitis', 'Mastitis-20-_jpg.rf.vWIPlhNeFkkNazGIMvMI.jpg')",test
/content/drive/MyDrive/NewCattleSense/dataset/images/mastitis/asdffsd_jpeg.rf.64btWpGawI0zs6nLw0jr.jpeg,asdffsd_jpeg.rf.64btWpGawI0zs6nLw0jr.jpeg,mastitis,1,"('mastitis', 'asdffsd_jpeg.rf.64btWpGawI0zs6nLw0jr.jpeg')",test
/content/drive/MyDrive/NewCattleSense/dataset/images/mastitis/Mastitis-16-_jpg.rf.XANyf678MDUwErrhfu2F.jpg,Mastitis-16-_jpg.rf.XANyf678MDUwErrhfu2F.jpg,mastitis,1,"('mastitis', 'Mastitis-16-_jpg.rf.XANyf678MDUwErrhfu2F.jpg')",test
/content/drive/MyDrive/NewCattleSense/dataset/images/mastitis/images (1)_jpg.rf.UTJc8Vf0NutoyHSAGfSP.jpg,images (1)_jpg.rf.UTJc8Vf0NutoyHSAGfSP.jpg,mastitis,1,"('mastitis', 'images (1)_jpg.rf.UTJc8Vf0NutoyHSAGfSP.jpg')",test
/content/drive/MyDrive/NewCattleSense/dataset/images/mastitis/erver_jpg.rf.lXnNltVdLWcDQfTezj3e.jpg,erver_jpg.rf.lXnNltVdLWcDQfTezj3e.jpg,mastitis,1,"('mastitis', 'erver_jpg.rf.lXnNltVdLWcDQfTezj3e.jpg')",test
/content/drive/MyDrive/NewCattleSense/dataset/images/mastitis/evefv_jpeg.rf.AIRsB06H2gV0Hz90eqji.jpeg,evefv_jpeg.rf.AIRsB06H2gV0Hz90eqji.jpeg,mastitis,1,"('mastitis', 'evefv_jpeg.rf.AIRsB06H2gV0Hz90eqji.jpeg')",test
/content/drive/MyDrive/NewCattleSense/dataset/images/mastitis/Mastitis-58-_jpg.rf.Q9jmitdisziwxXlvHKNE.jpg,Mastitis-58-_jpg.rf.Q9jmitdisziwxXlvHKNE.jpg,mastitis,1,"('mastitis', 'Mastitis-58-_jpg.rf.Q9jmitdisziwxXlvHKNE.jpg')",test
/content/drive/MyDrive/NewCattleSense/dataset/images/mastitis/WhatsApp Image 2025-11-18 at 10-40-53 PM (1)_jpeg.rf.VHSjOoI5rKTU1UYzXc0g.jpeg,WhatsApp Image 2025-11-18 at 10-40-53 PM (1)_jpeg.rf.VHSjOoI5rKTU1UYzXc0g.jpeg,mastitis,1,"('mastitis', 'WhatsApp Image 2025-11-18 at 10-40-53 PM (1)_jpeg.rf.VHSjOoI5rKTU1UYzXc0g.jpeg')",test
/content/drive/MyDrive/NewCattleSense/dataset/images/mastitis/tvgbh_jpeg.rf.O4TvjscPpjlSxkMP3CdA.jpeg,tvgbh_jpeg.rf.O4TvjscPpjlSxkMP3CdA.jpeg,mastitis,1,"('mastitis', 'tvgbh_jpeg.rf.O4TvjscPpjlSxkMP3CdA.jpeg')",test
/content/drive/MyDrive/NewCattleSense/dataset/images/mastitis/swdcsdf_jpeg.rf.jvRUokauJIe13sPJ5TuA.jpeg,swdcsdf_jpeg.rf.jvRUokauJIe13sPJ5TuA.jpeg,mastitis,1,"('mastitis', 'swdcsdf_jpeg.rf.jvRUokauJIe13sPJ5TuA.jpeg')",test
/content/drive/MyDrive/NewCattleSense/dataset/images/mastitis/cd_jpeg.rf.VI8bRPmqfl7uidxR5sgL.jpeg,cd_jpeg.rf.VI8bRPmqfl7uidxR5sgL.jpeg,mastitis,1,"('mastitis', 'cd_jpeg.rf.VI8bRPmqfl7uidxR5sgL.jpeg')",test
/content/drive/MyDrive/NewCattleSense/dataset/images/mastitis/WhatsApp Image 2025-11-18 at 10-42-33 PM_jpeg.rf.zSEVrEgvUCAyjYbq1e2r.jpeg,WhatsApp Image 2025-11-18 at 10-42-33 PM_jpeg.rf.zSEVrEgvUCAyjYbq1e2r.jpeg,mastitis,1,"('mastitis', 'WhatsApp Image 2025-11-18 at 10-42-33 PM_jpeg.rf.zSEVrEgvUCAyjYbq1e2r.jpeg')",test
/content/drive/MyDrive/NewCattleSense/dataset/images/mastitis/images (8)_jpg.rf.VyCGW55DtqvEIRbtKhCN.jpg,images (8)_jpg.rf.VyCGW55DtqvEIRbtKhCN.jpg,mastitis,1,"('mastitis', 'images (8)_jpg.rf.VyCGW55DtqvEIRbtKhCN.jpg')",test
/content/drive/MyDrive/NewCattleSense/dataset/images/mastitis/cfgvghbj_jpeg.rf.oB7Xj6zeypMcfVYppf0Q.jpeg,cfgvghbj_jpeg.rf.oB7Xj6zeypMcfVYppf0Q.jpeg,mastitis,1,"('mastitis', 'cfgvghbj_jpeg.rf.oB7Xj6zeypMcfVYppf0Q.jpeg')",test
/content/drive/MyDrive/NewCattleSense/dataset/images/mastitis/32_jpg.rf.HxpGqHIZfUQcxh1yxmiy.jpg,32_jpg.rf.HxpGqHIZfUQcxh1yxmiy.jpg,mastitis,1,"('mastitis', '32_jpg.rf.HxpGqHIZfUQcxh1yxmiy.jpg')",test
/content/drive/MyDrive/NewCattleSense/dataset/images/mastitis/Mastitis-57-_jpg.rf.zKs7KHy4OBTm48nRbrFe.jpg,Mastitis-57-_jpg.rf.zKs7KHy4OBTm48nRbrFe.jpg,mastitis,1,"('mastitis', 'Mastitis-57-_jpg.rf.zKs7KHy4OBTm48nRbrFe.jpg')",test
/content/drive/MyDrive/NewCattleSense/dataset/images/mastitis/Mastitis-51-_jpg.rf.s2FlUaDuygqr8zzfEIbt.jpg,Mastitis-51-_jpg.rf.s2FlUaDuygqr8zzfEIbt.jpg,mastitis,1,"('mastitis', 'Mastitis-51-_jpg.rf.s2FlUaDuygqr8zzfEIbt.jpg')",test
/content/drive/MyDrive/NewCattleSense/dataset/images/mastitis/Mastitis-3-_jpg.rf.b8wa28gyenNie2MAmYLE.jpg,Mastitis-3-_jpg.rf.b8wa28gyenNie2MAmYLE.jpg,mastitis,1,"('mastitis', 'Mastitis-3-_jpg.rf.b8wa28gyenNie2MAmYLE.jpg')",test
/content/drive/MyDrive/NewCattleSense/dataset/images/mastitis/Mastitis-43-_jpg.rf.SraPY0T9QfTrD8RmZHyr.jpg,Mastitis-43-_jpg.rf.SraPY0T9QfTrD8RmZHyr.jpg,mastitis,1,"('mastitis', 'Mastitis-43-_jpg.rf.SraPY0T9QfTrD8RmZHyr.jpg')",test
/content/drive/MyDrive/NewCattleSense/dataset/images/mastitis/Mastitis-3-_jpg.rf.BgosepsGP6PSeSuv3Qb6.jpg,Mastitis-3-_jpg.rf.BgosepsGP6PSeSuv3Qb6.jpg,mastitis,1,"('mastitis', 'Mastitis-3-_jpg.rf.BgosepsGP6PSeSuv3Qb6.jpg')",test
/content/drive/MyDrive/NewCattleSense/dataset/images/mastitis/Mastitis-14-_jpg.rf.CjUAHq5GJ0wIJmMF5QyZ.jpg,Mastitis-14-_jpg.rf.CjUAHq5GJ0wIJmMF5QyZ.jpg,mastitis,1,"('mastitis', 'Mastitis-14-_jpg.rf.CjUAHq5GJ0wIJmMF5QyZ.jpg')",test
/content/drive/MyDrive/NewCattleSense/dataset/images/mastitis/Mastitis-41-_jpg.rf.Oyhchly65hAvzWVmipxj.jpg,Mastitis-41-_jpg.rf.Oyhchly65hAvzWVmipxj.jpg,mastitis,1,"('mastitis', 'Mastitis-41-_jpg.rf.Oyhchly65hAvzWVmipxj.jpg')",test
/content/drive/MyDrive/NewCattleSense/dataset/images/mastitis/AdobeStock_894010741_Preview_jpeg.rf.891dlBUwm1mxYb9XQhTy.jpeg,AdobeStock_894010741_Preview_jpeg.rf.891dlBUwm1mxYb9XQhTy.jpeg,mastitis,1,"('mastitis', 'AdobeStock_894010741_Preview_jpeg.rf.891dlBUwm1mxYb9XQhTy.jpeg')",test
/content/drive/MyDrive/NewCattleSense/dataset/images/mastitis/Screenshot-2024-09-14-162317_png.rf.OeRX4ItABvF5viVLhduo.jpg,Screenshot-2024-09-14-162317_png.rf.OeRX4ItABvF5viVLhduo.jpg,mastitis,1,"('mastitis', 'Screenshot-2024-09-14-162317_png.rf.OeRX4ItABvF5viVLhduo.jpg')",test
/content/drive/MyDrive/NewCattleSense/dataset/images/mastitis/Mastitis-3-_jpg.rf.99N20I3ptKojdYFMCfke.jpg,Mastitis-3-_jpg.rf.99N20I3ptKojdYFMCfke.jpg,mastitis,1,"('mastitis', 'Mastitis-3-_jpg.rf.99N20I3ptKojdYFMCfke.jpg')",test
/content/drive/MyDrive/NewCattleSense/dataset/images/mastitis/wsda_jpeg.rf.dRpvv7GQsMCNdvytpFaC.jpeg,wsda_jpeg.rf.dRpvv7GQsMCNdvytpFaC.jpeg,mastitis,1,"('mastitis', 'wsda_jpeg.rf.dRpvv7GQsMCNdvytpFaC.jpeg')",test
/content/drive/MyDrive/NewCattleSense/dataset/images/mastitis/mastitis_jpeg_jpg.rf.dy73pVsNpMmkVex3MEip.jpg,mastitis_jpeg_jpg.rf.dy73pVsNpMmkVex3MEip.jpg,mastitis,1,"('mastitis', 'mastitis_jpeg_jpg.rf.dy73pVsNpMmkVex3MEip.jpg')",test
/content/drive/MyDrive/NewCattleSense/dataset/images/mastitis/Mastitis-4-_jpg.rf.uzBdIxJR30WbyCRaTmJw.jpg,Mastitis-4-_jpg.rf.uzBdIxJR30WbyCRaTmJw.jpg,mastitis,1,"('mastitis', 'Mastitis-4-_jpg.rf.uzBdIxJR30WbyCRaTmJw.jpg')",test
/content/drive/MyDrive/NewCattleSense/dataset/images/mastitis/56h5_jpg.rf.zCkC9W12e9T4oTMTPwEw.jpg,56h5_jpg.rf.zCkC9W12e9T4oTMTPwEw.jpg,mastitis,1,"('mastitis', '56h5_jpg.rf.zCkC9W12e9T4oTMTPwEw.jpg')",test
/content/drive/MyDrive/NewCattleSense/dataset/images/mastitis/mastitis 2_jpeg.rf.lWW11Dn39ouIZ8gVRfzn.jpeg,mastitis 2_jpeg.rf.lWW11Dn39ouIZ8gVRfzn.jpeg,mastitis,1,"('mastitis', 'mastitis 2_jpeg.rf.lWW11Dn39ouIZ8gVRfzn.jpeg')",test
"/content/drive/MyDrive/NewCattleSense/dataset/images/mastitis/xdcfgvhbjnkml,_jpeg.rf.4xrY3A0XEFIun0laKtqW.jpeg","xdcfgvhbjnkml,_jpeg.rf.4xrY3A0XEFIun0laKtqW.jpeg",mastitis,1,"('mastitis', 'xdcfgvhbjnkml,_jpeg.rf.4xrY3A0XEFIun0laKtqW.jpeg')",test
"/content/drive/MyDrive/NewCattleSense/dataset/images/mastitis/dxcfvgbhnjmkl,_jpeg.rf.eW2I8BV33AMYEwOTRREO.jpeg","dxcfvgbhnjmkl,_jpeg.rf.eW2I8BV33AMYEwOTRREO.jpeg",mastitis,1,"('mastitis', 'dxcfvgbhnjmkl,_jpeg.rf.eW2I8BV33AMYEwOTRREO.jpeg')",test
/content/drive/MyDrive/NewCattleSense/dataset/images/mastitis/ssdc_jpg.rf.4L0bGD27ZsrXk5aCDfjA.jpg,ssdc_jpg.rf.4L0bGD27ZsrXk5aCDfjA.jpg,mastitis,1,"('mastitis', 'ssdc_jpg.rf.4L0bGD27ZsrXk5aCDfjA.jpg')",test
/content/drive/MyDrive/NewCattleSense/dataset/images/mastitis/asdva_jpeg.rf.vCI18fChXp5uSDDcFF6a.jpeg,asdva_jpeg.rf.vCI18fChXp5uSDDcFF6a.jpeg,mastitis,1,"('mastitis', 'asdva_jpeg.rf.vCI18fChXp5uSDDcFF6a.jpeg')",test
"/content/drive/MyDrive/NewCattleSense/dataset/images/mastitis/vgbhjnmkl,_jpeg.rf.BSdXe066UCoKQ4Sr1UAa.jpeg","vgbhjnmkl,_jpeg.rf.BSdXe066UCoKQ4Sr1UAa.jpeg",mastitis,1,"('mastitis', 'vgbhjnmkl,_jpeg.rf.BSdXe066UCoKQ4Sr1UAa.jpeg')",test
/content/drive/MyDrive/NewCattleSense/dataset/images/mastitis/ed_jpeg.rf.FgSY5MuUSbNehN8OC9YD.jpeg,ed_jpeg.rf.FgSY5MuUSbNehN8OC9YD.jpeg,mastitis,1,"('mastitis', 'ed_jpeg.rf.FgSY5MuUSbNehN8OC9YD.jpeg')",test
/content/drive/MyDrive/NewCattleSense/dataset/images/mastitis/drtfyguhijokl_jpeg.rf.WcaAQSBB9cENUuAu9Xlt.jpeg,drtfyguhijokl_jpeg.rf.WcaAQSBB9cENUuAu9Xlt.jpeg,mastitis,1,"('mastitis', 'drtfyguhijokl_jpeg.rf.WcaAQSBB9cENUuAu9Xlt.jpeg')",test
/content/drive/MyDrive/NewCattleSense/dataset/images/mastitis/asdf_jpeg.rf.I6Wm1ZffinLWP2jeBvdO.jpeg,asdf_jpeg.rf.I6Wm1ZffinLWP2jeBvdO.jpeg,mastitis,1,"('mastitis', 'asdf_jpeg.rf.I6Wm1ZffinLWP2jeBvdO.jpeg')",test
/content/drive/MyDrive/NewCattleSense/dataset/images/mastitis/sa_jpg.rf.OhhhIFiUDpFt1NrDmpWk.jpg,sa_jpg.rf.OhhhIFiUDpFt1NrDmpWk.jpg,mastitis,1,"('mastitis', 'sa_jpg.rf.OhhhIFiUDpFt1NrDmpWk.jpg')",test
/content/drive/MyDrive/NewCattleSense/dataset/images/mastitis/rth_jpeg.rf.x8qCETZSFJgojWdgqvqp.jpeg,rth_jpeg.rf.x8qCETZSFJgojWdgqvqp.jpeg,mastitis,1,"('mastitis', 'rth_jpeg.rf.x8qCETZSFJgojWdgqvqp.jpeg')",test
/content/drive/MyDrive/NewCattleSense/dataset/images/normal/udder12_jpg.rf.th71eh8oeVEO8NexakcY.jpg,udder12_jpg.rf.th71eh8oeVEO8NexakcY.jpg,normal,0,"('normal', 'udder12_jpg.rf.th71eh8oeVEO8NexakcY.jpg')",test
/content/drive/MyDrive/NewCattleSense/dataset/images/normal/AdobeStock_23228077_Preview_jpeg.rf.SHkniZXjnUup1TIUOpz2.jpeg,AdobeStock_23228077_Preview_jpeg.rf.SHkniZXjnUup1TIUOpz2.jpeg,normal,0,"('normal', 'AdobeStock_23228077_Preview_jpeg.rf.SHkniZXjnUup1TIUOpz2.jpeg')",test
/content/drive/MyDrive/NewCattleSense/dataset/images/normal/AdobeStock_686808903_Preview_jpeg.rf.leoR4e2wfXYVBdCoTbhl.jpeg,AdobeStock_686808903_Preview_jpeg.rf.leoR4e2wfXYVBdCoTbhl.jpeg,normal,0,"('normal', 'AdobeStock_686808903_Preview_jpeg.rf.leoR4e2wfXYVBdCoTbhl.jpeg')",test
/content/drive/MyDrive/NewCattleSense/dataset/images/normal/AdobeStock_209933484_Preview_jpeg.rf.HzPAuT3PVFDuX2HQ5kdY.jpeg,AdobeStock_209933484_Preview_jpeg.rf.HzPAuT3PVFDuX2HQ5kdY.jpeg,normal,0,"('normal', 'AdobeStock_209933484_Preview_jpeg.rf.HzPAuT3PVFDuX2HQ5kdY.jpeg')",test
/content/drive/MyDrive/NewCattleSense/dataset/images/normal/AdobeStock_433592959_Preview_jpeg.rf.3TVWHmLbwoH4x0LYhb10.jpeg,AdobeStock_433592959_Preview_jpeg.rf.3TVWHmLbwoH4x0LYhb10.jpeg,normal,0,"('normal', 'AdobeStock_433592959_Preview_jpeg.rf.3TVWHmLbwoH4x0LYhb10.jpeg')",test
/content/drive/MyDrive/NewCattleSense/dataset/images/normal/IMG_20250118_144310_jpg.rf.9PQLdc7Hzwtg0O4XbfNi.jpg,IMG_20250118_144310_jpg.rf.9PQLdc7Hzwtg0O4XbfNi.jpg,normal,0,"('normal', 'IMG_20250118_144310_jpg.rf.9PQLdc7Hzwtg0O4XbfNi.jpg')",test
/content/drive/MyDrive/NewCattleSense/dataset/images/normal/IMG_20250118_143808_jpg.rf.ELXIcpt6PnXnSbrz7OFE.jpg,IMG_20250118_143808_jpg.rf.ELXIcpt6PnXnSbrz7OFE.jpg,normal,0,"('normal', 'IMG_20250118_143808_jpg.rf.ELXIcpt6PnXnSbrz7OFE.jpg')",test
/content/drive/MyDrive/NewCattleSense/dataset/images/normal/udder 2_jpg.rf.TIHq05RYFDVS6CYxoPfW.jpg,udder 2_jpg.rf.TIHq05RYFDVS6CYxoPfW.jpg,normal,0,"('normal', 'udder 2_jpg.rf.TIHq05RYFDVS6CYxoPfW.jpg')",test
/content/drive/MyDrive/NewCattleSense/dataset/images/normal/d_jpeg.rf.nQrpIrmB46gSBb2wGjrB.jpeg,d_jpeg.rf.nQrpIrmB46gSBb2wGjrB.jpeg,normal,0,"('normal', 'd_jpeg.rf.nQrpIrmB46gSBb2wGjrB.jpeg')",test
/content/drive/MyDrive/NewCattleSense/dataset/images/normal/istockphoto-1316606503-612x612_jpg.rf.opTZv64nWWdnnN9gQBak.jpg,istockphoto-1316606503-612x612_jpg.rf.opTZv64nWWdnnN9gQBak.jpg,normal,0,"('normal', 'istockphoto-1316606503-612x612_jpg.rf.opTZv64nWWdnnN9gQBak.jpg')",test
/content/drive/MyDrive/NewCattleSense/dataset/images/normal/6_jpeg.rf.7HhNLUmVC2yQ3RE5Z9FF.jpeg,6_jpeg.rf.7HhNLUmVC2yQ3RE5Z9FF.jpeg,normal,0,"('normal', 'udder 2_jpg.rf.TIHq05RYFDVS6CYxoPfW.jpg')",test
/content/drive/MyDrive/NewCattleSense/dataset/images/normal/istockphoto-482630259-640x640_jpg.rf.t3TLAMe41YUQONpWPeZe.jpg,istockphoto-482630259-640x640_jpg.rf.t3TLAMe41YUQONpWPeZe.jpg,normal,0,"('normal', 'istockphoto-482630259-640x640_jpg.rf.t3TLAMe41YUQONpWPeZe.jpg')",test
/content/drive/MyDrive/NewCattleSense/dataset/images/normal/AdobeStock_377978682_Preview_jpeg.rf.67yc7dX7Q20Pz8VCVmuZ.jpeg,AdobeStock_377978682_Preview_jpeg.rf.67yc7dX7Q20Pz8VCVmuZ.jpeg,normal,0,"('normal', 'AdobeStock_377978682_Preview_jpeg.rf.67yc7dX7Q20Pz8VCVmuZ.jpeg')",test
/content/drive/MyDrive/NewCattleSense/dataset/images/normal/AdobeStock_567462906_Preview_jpeg.rf.OXqto78UHHSgEltaZUfl.jpeg,AdobeStock_567462906_Preview_jpeg.rf.OXqto78UHHSgEltaZUfl.jpeg,normal,0,"('normal', 'AdobeStock_567462906_Preview_jpeg.rf.OXqto78UHHSgEltaZUfl.jpeg')",test
/content/drive/MyDrive/NewCattleSense/dataset/images/normal/AdobeStock_537623578_Preview_jpeg.rf.wTl9mXFTjHOaD5ehS3kR.jpeg,AdobeStock_537623578_Preview_jpeg.rf.wTl9mXFTjHOaD5ehS3kR.jpeg,normal,0,"('normal', 'AdobeStock_537623578_Preview_jpeg.rf.wTl9mXFTjHOaD5ehS3kR.jpeg')",test
/content/drive/MyDrive/NewCattleSense/dataset/images/normal/udder 13_jpg.rf.Hv3TGXZkOgXg3Nv59Wh9.jpg,udder 13_jpg.rf.Hv3TGXZkOgXg3Nv59Wh9.jpg,normal,0,"('normal', 'udder 13_jpg.rf.Hv3TGXZkOgXg3Nv59Wh9.jpg')",test
/content/drive/MyDrive/NewCattleSense/dataset/images/normal/AdobeStock_131559137_Preview_jpeg.rf.HTAdSiwzlSytPyHtPCub.jpeg,AdobeStock_131559137_Preview_jpeg.rf.HTAdSiwzlSytPyHtPCub.jpeg,normal,0,"('normal', 'AdobeStock_131559137_Preview_jpeg.rf.HTAdSiwzlSytPyHtPCub.jpeg')",test
/content/drive/MyDrive/NewCattleSense/dataset/images/normal/AdobeStock_512779360_Preview_jpeg.rf.3V9MhVBcAvwo7ZiIQ0FH.jpeg,AdobeStock_512779360_Preview_jpeg.rf.3V9MhVBcAvwo7ZiIQ0FH.jpeg,normal,0,"('normal', 'AdobeStock_512779360_Preview_jpeg.rf.3V9MhVBcAvwo7ZiIQ0FH.jpeg')",test
/content/drive/MyDrive/NewCattleSense/dataset/images/normal/AdobeStock_144842083_Preview_jpeg.rf.9qdxiMdr44fDAa24UDQo.jpeg,AdobeStock_144842083_Preview_jpeg.rf.9qdxiMdr44fDAa24UDQo.jpeg,normal,0,"('normal', 'AdobeStock_144842083_Preview_jpeg.rf.9qdxiMdr44fDAa24UDQo.jpeg')",test
/content/drive/MyDrive/NewCattleSense/dataset/images/normal/AdobeStock_122113485_Preview_jpeg.rf.2qzyxCMfDZQBfBfxyOB9.jpeg,AdobeStock_122113485_Preview_jpeg.rf.2qzyxCMfDZQBfBfxyOB9.jpeg,normal,0,"('normal', 'AdobeStock_122113485_Preview_jpeg.rf.2qzyxCMfDZQBfBfxyOB9.jpeg')",test
/content/drive/MyDrive/NewCattleSense/dataset/images/normal/AdobeStock_3781749_Preview_jpeg.rf.3Ef55IuogHe96o5Q3ayr.jpeg,AdobeStock_3781749_Preview_jpeg.rf.3Ef55IuogHe96o5Q3ayr.jpeg,normal,0,"('normal', 'AdobeStock_3781749_Preview_jpeg.rf.3Ef55IuogHe96o5Q3ayr.jpeg')",test
/content/drive/MyDrive/NewCattleSense/dataset/images/normal/AdobeStock_93804337_Video_HD_Preview_mov-0018_jpg.rf.Rmj65G98azpuUW1I1Aee.jpg,AdobeStock_93804337_Video_HD_Preview_mov-0018_jpg.rf.Rmj65G98azpuUW1I1Aee.jpg,normal,0,"('normal', 'AdobeStock_93804337_Video_HD_Preview_mov-0018_jpg.rf.Rmj65G98azpuUW1I1Aee.jpg')",test
/content/drive/MyDrive/NewCattleSense/dataset/images/normal/AdobeStock_432132541_Preview_jpeg.rf.sH50wfANusMs3mNVrqh2.jpeg,AdobeStock_432132541_Preview_jpeg.rf.sH50wfANusMs3mNVrqh2.jpeg,normal,0,"('normal', 'AdobeStock_432132541_Preview_jpeg.rf.sH50wfANusMs3mNVrqh2.jpeg')",test
/content/drive/MyDrive/NewCattleSense/dataset/images/normal/AdobeStock_650846322_Preview_jpeg.rf.feZPgzO7u23oXCM0Esqt.jpeg,AdobeStock_650846322_Preview_jpeg.rf.feZPgzO7u23oXCM0Esqt.jpeg,normal,0,"('normal', 'AdobeStock_650846322_Preview_jpeg.rf.feZPgzO7u23oXCM0Esqt.jpeg')",test
/content/drive/MyDrive/NewCattleSense/dataset/images/normal/AdobeStock_93804337_Video_HD_Preview_mov-0008_jpg.rf.smS1aXGvlH398C85La5N.jpg,AdobeStock_93804337_Video_HD_Preview_mov-0008_jpg.rf.smS1aXGvlH398C85La5N.jpg,normal,0,"('normal', 'AdobeStock_93804337_Video_HD_Preview_mov-0008_jpg.rf.smS1aXGvlH398C85La5N.jpg')",test
/content/drive/MyDrive/NewCattleSense/dataset/images/normal/AdobeStock_556562712_Video_HD_Preview_mov-0005_jpg.rf.UxkDWVCE1Dnd6V2EjqUw.jpg,AdobeStock_556562712_Video_HD_Preview_mov-0005_jpg.rf.UxkDWVCE1Dnd6V2EjqUw.jpg,normal,0,"('normal', 'AdobeStock_556562712_Video_HD_Preview_mov-0005_jpg.rf.UxkDWVCE1Dnd6V2EjqUw.jpg')",test
/content/drive/MyDrive/NewCattleSense/dataset/images/normal/AdobeStock_93804337_Video_HD_Preview_mov-0002_jpg.rf.lUbbnZGsdfVnNKwbf3ww.jpg,AdobeStock_93804337_Video_HD_Preview_mov-0002_jpg.rf.lUbbnZGsdfVnNKwbf3ww.jpg,normal,0,"('normal', 'AdobeStock_93804337_Video_HD_Preview_mov-0002_jpg.rf.lUbbnZGsdfVnNKwbf3ww.jpg')",test
/content/drive/MyDrive/NewCattleSense/dataset/images/normal/IMG_20250118_144427_jpg.rf.gICVN8t8F0ZZPZ98xGBd.jpg,IMG_20250118_144427_jpg.rf.gICVN8t8F0ZZPZ98xGBd.jpg,normal,0,"('normal', 'IMG_20250118_144427_jpg.rf.gICVN8t8F0ZZPZ98xGBd.jpg')",test
/content/drive/MyDrive/NewCattleSense/dataset/images/normal/AdobeStock_122288568_Preview_jpeg.rf.rTm4hmP90SJmy8F5hrhw.jpeg,AdobeStock_122288568_Preview_jpeg.rf.rTm4hmP90SJmy8F5hrhw.jpeg,normal,0,"('normal', 'AdobeStock_122288568_Preview_jpeg.rf.rTm4hmP90SJmy8F5hrhw.jpeg')",test
/content/drive/MyDrive/NewCattleSense/dataset/images/normal/AdobeStock_333517445_Preview_jpeg.rf.lmbMMyPj3GDyGd62HdXx.jpeg,AdobeStock_333517445_Preview_jpeg.rf.lmbMMyPj3GDyGd62HdXx.jpeg,normal,0,"('normal', 'AdobeStock_333517445_Preview_jpeg.rf.lmbMMyPj3GDyGd62HdXx.jpeg')",test
/content/drive/MyDrive/NewCattleSense/dataset/images/normal/AdobeStock_224670354_Preview_jpeg.rf.l4vYoqBlEbx2T7xLJI4m.jpeg,AdobeStock_224670354_Preview_jpeg.rf.l4vYoqBlEbx2T7xLJI4m.jpeg,normal,0,"('normal', 'AdobeStock_224670354_Preview_jpeg.rf.l4vYoqBlEbx2T7xLJI4m.jpeg')",test
/content/drive/MyDrive/NewCattleSense/dataset/images/normal/AdobeStock_23529438_Preview_jpeg.rf.TnHwlEnFW4oBayjaUaii.jpeg,AdobeStock_23529438_Preview_jpeg.rf.TnHwlEnFW4oBayjaUaii.jpeg,normal,0,"('normal', 'AdobeStock_23529438_Preview_jpeg.rf.TnHwlEnFW4oBayjaUaii.jpeg')",test
/content/drive/MyDrive/NewCattleSense/dataset/images/normal/AdobeStock_585744276_Preview_jpeg.rf.ReuWcU3FYLbIEMa7ZXH2.jpeg,AdobeStock_585744276_Preview_jpeg.rf.ReuWcU3FYLbIEMa7ZXH2.jpeg,normal,0,"('normal', 'AdobeStock_585744276_Preview_jpeg.rf.ReuWcU3FYLbIEMa7ZXH2.jpeg')",test
/content/drive/MyDrive/NewCattleSense/dataset/images/normal/AdobeStock_24382966_Preview_jpeg.rf.2P7j2iWipE1f7THZGIrI.jpeg,AdobeStock_24382966_Preview_jpeg.rf.2P7j2iWipE1f7THZGIrI.jpeg,normal,0,"('normal', 'AdobeStock_24382966_Preview_jpeg.rf.2P7j2iWipE1f7THZGIrI.jpeg')",test
/content/drive/MyDrive/NewCattleSense/dataset/images/normal/AdobeStock_215856632_Preview_jpeg.rf.2lA1WWNMwXZ77m25iVdi.jpeg,AdobeStock_215856632_Preview_jpeg.rf.2lA1WWNMwXZ77m25iVdi.jpeg,normal,0,"('normal', 'AdobeStock_215856632_Preview_jpeg.rf.2lA1WWNMwXZ77m25iVdi.jpeg')",test
/content/drive/MyDrive/NewCattleSense/dataset/images/normal/AdobeStock_93804337_Video_HD_Preview_mov-0024_jpg.rf.ZrYXRwVMqBQJz15BPLif.jpg,AdobeStock_93804337_Video_HD_Preview_mov-0024_jpg.rf.ZrYXRwVMqBQJz15BPLif.jpg,normal,0,"('normal', 'AdobeStock_93804337_Video_HD_Preview_mov-0024_jpg.rf.ZrYXRwVMqBQJz15BPLif.jpg')",test
/content/drive/MyDrive/NewCattleSense/dataset/images/normal/istockphoto-154066966-612x612_jpg.rf.HQnv5AoZ0fLk9qIOei4V.jpg,istockphoto-154066966-612x612_jpg.rf.HQnv5AoZ0fLk9qIOei4V.jpg,normal,0,"('normal', 'istockphoto-154066966-612x612_jpg.rf.HQnv5AoZ0fLk9qIOei4V.jpg')",test
/content/drive/MyDrive/NewCattleSense/dataset/images/normal/AdobeStock_506289256_Preview_jpeg.rf.FCmKKZv69x6ujrvQUGQz.jpeg,AdobeStock_506289256_Preview_jpeg.rf.FCmKKZv69x6ujrvQUGQz.jpeg,normal,0,"('normal', 'AdobeStock_506289256_Preview_jpeg.rf.FCmKKZv69x6ujrvQUGQz.jpeg')",test
/content/drive/MyDrive/NewCattleSense/dataset/images/normal/AdobeStock_154225591_Preview_jpeg.rf.fpEpdySxiiQd2hhLSogC.jpeg,AdobeStock_154225591_Preview_jpeg.rf.fpEpdySxiiQd2hhLSogC.jpeg,normal,0,"('normal', 'AdobeStock_154225591_Preview_jpeg.rf.fpEpdySxiiQd2hhLSogC.jpeg')",test
/content/drive/MyDrive/NewCattleSense/dataset/images/normal/AdobeStock_69320056_Preview_jpeg.rf.WG8FdZPUDE5Vis4dB2xw.jpeg,AdobeStock_69320056_Preview_jpeg.rf.WG8FdZPUDE5Vis4dB2xw.jpeg,normal,0,"('normal', 'AdobeStock_69320056_Preview_jpeg.rf.WG8FdZPUDE5Vis4dB2xw.jpeg')",test
/content/drive/MyDrive/NewCattleSense/dataset/images/normal/AdobeStock_169901628_Preview_jpeg.rf.T7jCQmWTomxSEUWkTqm0.jpeg,AdobeStock_169901628_Preview_jpeg.rf.T7jCQmWTomxSEUWkTqm0.jpeg,normal,0,"('normal', 'AdobeStock_169901628_Preview_jpeg.rf.T7jCQmWTomxSEUWkTqm0.jpeg')",test
/content/drive/MyDrive/NewCattleSense/dataset/images/normal/AdobeStock_359132654_Preview_jpeg.rf.2cwpWj7I5LrH2nCNOp5g.jpeg,AdobeStock_359132654_Preview_jpeg.rf.2cwpWj7I5LrH2nCNOp5g.jpeg,normal,0,"('normal', 'AdobeStock_359132654_Preview_jpeg.rf.2cwpWj7I5LrH2nCNOp5g.jpeg')",test
/content/drive/MyDrive/NewCattleSense/dataset/images/normal/AdobeStock_48575730_Preview_jpeg.rf.SIKF2YJzOj5KNg3wUlxF.jpeg,AdobeStock_48575730_Preview_jpeg.rf.SIKF2YJzOj5KNg3wUlxF.jpeg,normal,0,"('normal', 'AdobeStock_48575730_Preview_jpeg.rf.SIKF2YJzOj5KNg3wUlxF.jpeg')",test
/content/drive/MyDrive/NewCattleSense/dataset/images/normal/thumb_jpg.rf.lU6wOJcpcZXduVnooe4A.jpg,thumb_jpg.rf.lU6wOJcpcZXduVnooe4A.jpg,normal,0,"('normal', 'thumb_jpg.rf.lU6wOJcpcZXduVnooe4A.jpg')",test
/content/drive/MyDrive/NewCattleSense/dataset/images/normal/istockphoto-510679768-612x612_jpg.rf.xbUbkUwUowdQkMyADtUx.jpg,istockphoto-510679768-612x612_jpg.rf.xbUbkUwUowdQkMyADtUx.jpg,normal,0,"('normal', 'istockphoto-510679768-612x612_jpg.rf.xbUbkUwUowdQkMyADtUx.jpg')",test
/content/drive/MyDrive/NewCattleSense/dataset/images/normal/Screenshot From 2026-07-16 13-42-20_png.rf.MUxmMB8oLQeYpwI7CgzW.jpeg,Screenshot From 2026-07-16 13-42-20_png.rf.MUxmMB8oLQeYpwI7CgzW.jpeg,normal,0,"('normal', 'Screenshot From 2026-07-16 13-42-20_png.rf.MUxmMB8oLQeYpwI7CgzW.jpeg')",test
/content/drive/MyDrive/NewCattleSense/dataset/images/normal/dscv_jpeg.rf.cKgtxg5ibi6iEN41Rdrj.jpeg,dscv_jpeg.rf.cKgtxg5ibi6iEN41Rdrj.jpeg,normal,0,"('normal', 'dscv_jpeg.rf.cKgtxg5ibi6iEN41Rdrj.jpeg')",test
/content/drive/MyDrive/NewCattleSense/dataset/images/normal/8_jpg.rf.b07FljLE1M72UZAxN8Ub.jpg,8_jpg.rf.b07FljLE1M72UZAxN8Ub.jpg,normal,0,"('normal', '8_jpg.rf.b07FljLE1M72UZAxN8Ub.jpg')",test
/content/drive/MyDrive/NewCattleSense/dataset/images/normal/Screenshot From 2026-07-16 13-46-39_png.rf.1RcIiQWAkBwqkSSCdTk6.jpeg,Screenshot From 2026-07-16 13-46-39_png.rf.1RcIiQWAkBwqkSSCdTk6.jpeg,normal,0,"('normal', 'Screenshot From 2026-07-16 13-46-39_png.rf.1RcIiQWAkBwqkSSCdTk6.jpeg')",test
/content/drive/MyDrive/NewCattleSense/dataset/images/normal/istockphoto-1072963422-612x612_jpg.rf.1E7fXeqUzNEkYV0iPPVJ.jpg,istockphoto-1072963422-612x612_jpg.rf.1E7fXeqUzNEkYV0iPPVJ.jpg,normal,0,"('normal', 'istockphoto-1072963422-612x612_jpg.rf.1E7fXeqUzNEkYV0iPPVJ.jpg')",test
/content/drive/MyDrive/NewCattleSense/dataset/images/normal/11_jpg.rf.Kgy7yUWze2pQDQMytAgN.jpg,11_jpg.rf.Kgy7yUWze2pQDQMytAgN.jpg,normal,0,"('normal', '11_jpg.rf.Kgy7yUWze2pQDQMytAgN.jpg')",test
/content/drive/MyDrive/NewCattleSense/dataset/images/normal/istockphoto-513100941-612x612_jpg.rf.uizokYih0gYkrSnPPJYK.jpg,istockphoto-513100941-612x612_jpg.rf.uizokYih0gYkrSnPPJYK.jpg,normal,0,"('normal', 'istockphoto-513100941-612x612_jpg.rf.uizokYih0gYkrSnPPJYK.jpg')",test
/content/drive/MyDrive/NewCattleSense/dataset/images/normal/dcs_jpeg.rf.sJVgqu0o6rYZ6Qsa0PKV.jpeg,dcs_jpeg.rf.sJVgqu0o6rYZ6Qsa0PKV.jpeg,normal,0,"('normal', 'dcs_jpeg.rf.sJVgqu0o6rYZ6Qsa0PKV.jpeg')",test
/content/drive/MyDrive/NewCattleSense/dataset/images/normal/istockphoto-453804671-612x612_jpg.rf.DwAVX0JXlJrLKT8h13fp.jpg,istockphoto-453804671-612x612_jpg.rf.DwAVX0JXlJrLKT8h13fp.jpg,normal,0,"('normal', 'istockphoto-453804671-612x612_jpg.rf.DwAVX0JXlJrLKT8h13fp.jpg')",test
/content/drive/MyDrive/NewCattleSense/dataset/images/normal/be_jpg.rf.1t8tOHJC5ZpwiK7Ups99.jpg,be_jpg.rf.1t8tOHJC5ZpwiK7Ups99.jpg,normal,0,"('normal', 'be_jpg.rf.1t8tOHJC5ZpwiK7Ups99.jpg')",test
/content/drive/MyDrive/NewCattleSense/dataset/images/normal/istockphoto-610841552-612x612_jpg.rf.uHqg9vZp3jh7L1Q9XIaH.jpg,istockphoto-610841552-612x612_jpg.rf.uHqg9vZp3jh7L1Q9XIaH.jpg,normal,0,"('normal', 'istockphoto-610841552-612x612_jpg.rf.uHqg9vZp3jh7L1Q9XIaH.jpg')",test
/content/drive/MyDrive/NewCattleSense/dataset/images/normal/istockphoto-2179946207-612x612_jpg.rf.xWtVivVIxn0mzLzYVVa8.jpg,istockphoto-2179946207-612x612_jpg.rf.xWtVivVIxn0mzLzYVVa8.jpg,normal,0,"('normal', 'istockphoto-2179946207-612x612_jpg.rf.xWtVivVIxn0mzLzYVVa8.jpg')",test
